nombre_original,nombre_recorte,conjunto,x,y,ancho,alto,ruta_original,ruta_recorte
taxi_amarillo_train_0001.jpg,taxi_recorte_train_0001.jpg,train,112,842,1882,778,dataset/positivos/train/taxi_amarillo_train_0001.jpg,dataset/positivos/recortes/train/taxi_recorte_train_0001.jpg
taxi_amarillo_train_0002.jpg,taxi_recorte_train_0002.jpg,train,448,389,896,554,dataset/positivos/train/taxi_amarillo_train_0002.jpg,dataset/positivos/recortes/train/taxi_recorte_train_0002.jpg
taxi_amarillo_train_0003.jpg,taxi_recorte_train_0003.jpg,train,0,837,2245,1109,dataset/positivos/train/taxi_amarillo_train_0003.jpg,dataset/positivos/recortes/train/taxi_recorte_train_0003.jpg
taxi_amarillo_train_0004.jpg,taxi_recorte_train_0004.jpg,train,1258,1333,730,368,dataset/positivos/train/taxi_amarillo_train_0004.jpg,dataset/positivos/recortes/train/taxi_recorte_train_0004.jpg
taxi_amarillo_train_0005.jpg,taxi_recorte_train_0005.jpg,train,197,666,1957,778,dataset/positivos/train/taxi_amarillo_train_0005.jpg,dataset/positivos/recortes/train/taxi_recorte_train_0005.jpg
taxi_amarillo_train_0006.jpg,taxi_recorte_train_0006.jpg,train,533,1242,480,410,dataset/positivos/train/taxi_amarillo_train_0006.jpg,dataset/positivos/recortes/train/taxi_recorte_train_0006.jpg
taxi_amarillo_train_0007.jpg,taxi_recorte_train_0007.jpg,train,138,1536,1429,640,dataset/positivos/train/taxi_amarillo_train_0007.jpg,dataset/positivos/recortes/train/taxi_recorte_train_0007.jpg
taxi_amarillo_train_0008.jpg,taxi_recorte_train_0008.jpg,train,122,1328,1589,704,dataset/positivos/train/taxi_amarillo_train_0008.jpg,dataset/positivos/recortes/train/taxi_recorte_train_0008.jpg
taxi_amarillo_train_0009.jpg,taxi_recorte_train_0009.jpg,train,906,1514,544,341,dataset/positivos/train/taxi_amarillo_train_0009.jpg,dataset/positivos/recortes/train/taxi_recorte_train_0009.jpg
taxi_amarillo_train_0010.jpg,taxi_recorte_train_0010.jpg,train,698,1146,453,480,dataset/positivos/train/taxi_amarillo_train_0010.jpg,dataset/positivos/recortes/train/taxi_recorte_train_0010.jpg
taxi_amarillo_train_0011.jpg,taxi_recorte_train_0011.jpg,train,117,1397,725,362,dataset/positivos/train/taxi_amarillo_train_0011.jpg,dataset/positivos/recortes/train/taxi_recorte_train_0011.jpg
taxi_amarillo_train_0012.jpg,taxi_recorte_train_0012.jpg,train,858,1397,1114,490,dataset/positivos/train/taxi_amarillo_train_0012.jpg,dataset/positivos/recortes/train/taxi_recorte_train_0012.jpg
taxi_amarillo_train_0013.jpg,taxi_recorte_train_0013.jpg,train,421,976,1216,480,dataset/positivos/train/taxi_amarillo_train_0013.jpg,dataset/positivos/recortes/train/taxi_recorte_train_0013.jpg
taxi_amarillo_train_0014.jpg,taxi_recorte_train_0014.jpg,train,885,1157,890,586,dataset/positivos/train/taxi_amarillo_train_0014.jpg,dataset/positivos/recortes/train/taxi_recorte_train_0014.jpg
taxi_amarillo_train_0015.jpg,taxi_recorte_train_0015.jpg,train,1141,1258,485,309,dataset/positivos/train/taxi_amarillo_train_0015.jpg,dataset/positivos/recortes/train/taxi_recorte_train_0015.jpg
taxi_amarillo_train_0016.jpg,taxi_recorte_train_0016.jpg,train,208,1493,1338,704,dataset/positivos/train/taxi_amarillo_train_0016.jpg,dataset/positivos/recortes/train/taxi_recorte_train_0016.jpg
taxi_amarillo_train_0017.jpg,taxi_recorte_train_0017.jpg,train,682,1258,837,522,dataset/positivos/train/taxi_amarillo_train_0017.jpg,dataset/positivos/recortes/train/taxi_recorte_train_0017.jpg
taxi_amarillo_train_0018.jpg,taxi_recorte_train_0018.jpg,train,304,1610,1141,576,dataset/positivos/train/taxi_amarillo_train_0018.jpg,dataset/positivos/recortes/train/taxi_recorte_train_0018.jpg
taxi_amarillo_train_0019.jpg,taxi_recorte_train_0019.jpg,train,645,1557,1536,800,dataset/positivos/train/taxi_amarillo_train_0019.jpg,dataset/positivos/recortes/train/taxi_recorte_train_0019.jpg
taxi_amarillo_train_0020.jpg,taxi_recorte_train_0020.jpg,train,304,1664,938,496,dataset/positivos/train/taxi_amarillo_train_0020.jpg,dataset/positivos/recortes/train/taxi_recorte_train_0020.jpg
taxi_amarillo_train_0021.jpg,taxi_recorte_train_0021.jpg,train,554,1402,453,256,dataset/positivos/train/taxi_amarillo_train_0021.jpg,dataset/positivos/recortes/train/taxi_recorte_train_0021.jpg
taxi_amarillo_train_0022.jpg,taxi_recorte_train_0022.jpg,train,576,1306,848,426,dataset/positivos/train/taxi_amarillo_train_0022.jpg,dataset/positivos/recortes/train/taxi_recorte_train_0022.jpg
taxi_amarillo_train_0023.jpg,taxi_recorte_train_0023.jpg,train,384,1482,1168,480,dataset/positivos/train/taxi_amarillo_train_0023.jpg,dataset/positivos/recortes/train/taxi_recorte_train_0023.jpg
taxi_amarillo_train_0024.jpg,taxi_recorte_train_0024.jpg,train,501,917,1738,986,dataset/positivos/train/taxi_amarillo_train_0024.jpg,dataset/positivos/recortes/train/taxi_recorte_train_0024.jpg
taxi_amarillo_train_0025.jpg,taxi_recorte_train_0025.jpg,train,96,1530,1280,544,dataset/positivos/train/taxi_amarillo_train_0025.jpg,dataset/positivos/recortes/train/taxi_recorte_train_0025.jpg
taxi_amarillo_train_0026.jpg,taxi_recorte_train_0026.jpg,train,288,1317,1066,554,dataset/positivos/train/taxi_amarillo_train_0026.jpg,dataset/positivos/recortes/train/taxi_recorte_train_0026.jpg
taxi_amarillo_train_0027.jpg,taxi_recorte_train_0027.jpg,train,688,501,736,549,dataset/positivos/train/taxi_amarillo_train_0027.jpg,dataset/positivos/recortes/train/taxi_recorte_train_0027.jpg
taxi_amarillo_train_0028.jpg,taxi_recorte_train_0028.jpg,train,586,1040,1066,720,dataset/positivos/train/taxi_amarillo_train_0028.jpg,dataset/positivos/recortes/train/taxi_recorte_train_0028.jpg
taxi_amarillo_train_0029.jpg,taxi_recorte_train_0029.jpg,train,682,1221,464,320,dataset/positivos/train/taxi_amarillo_train_0029.jpg,dataset/positivos/recortes/train/taxi_recorte_train_0029.jpg
taxi_amarillo_train_0030.jpg,taxi_recorte_train_0030.jpg,train,549,992,981,682,dataset/positivos/train/taxi_amarillo_train_0030.jpg,dataset/positivos/recortes/train/taxi_recorte_train_0030.jpg
taxi_amarillo_train_0031.jpg,taxi_recorte_train_0031.jpg,train,794,1237,1018,613,dataset/positivos/train/taxi_amarillo_train_0031.jpg,dataset/positivos/recortes/train/taxi_recorte_train_0031.jpg
taxi_amarillo_train_0032.jpg,taxi_recorte_train_0032.jpg,train,832,1354,1146,522,dataset/positivos/train/taxi_amarillo_train_0032.jpg,dataset/positivos/recortes/train/taxi_recorte_train_0032.jpg
taxi_amarillo_train_0033.jpg,taxi_recorte_train_0033.jpg,train,10,1568,1962,890,dataset/positivos/train/taxi_amarillo_train_0033.jpg,dataset/positivos/recortes/train/taxi_recorte_train_0033.jpg
taxi_amarillo_train_0034.jpg,taxi_recorte_train_0034.jpg,train,741,1797,608,309,dataset/positivos/train/taxi_amarillo_train_0034.jpg,dataset/positivos/recortes/train/taxi_recorte_train_0034.jpg
taxi_amarillo_train_0035.jpg,taxi_recorte_train_0035.jpg,train,0,725,2117,885,dataset/positivos/train/taxi_amarillo_train_0035.jpg,dataset/positivos/recortes/train/taxi_recorte_train_0035.jpg
taxi_amarillo_train_0036.jpg,taxi_recorte_train_0036.jpg,train,208,1045,1002,501,dataset/positivos/train/taxi_amarillo_train_0036.jpg,dataset/positivos/recortes/train/taxi_recorte_train_0036.jpg
taxi_amarillo_train_0037.jpg,taxi_recorte_train_0037.jpg,train,608,1424,677,442,dataset/positivos/train/taxi_amarillo_train_0037.jpg,dataset/positivos/recortes/train/taxi_recorte_train_0037.jpg
taxi_amarillo_train_0038.jpg,taxi_recorte_train_0038.jpg,train,266,1029,1706,949,dataset/positivos/train/taxi_amarillo_train_0038.jpg,dataset/positivos/recortes/train/taxi_recorte_train_0038.jpg
taxi_amarillo_train_0039.jpg,taxi_recorte_train_0039.jpg,train,304,1440,736,416,dataset/positivos/train/taxi_amarillo_train_0039.jpg,dataset/positivos/recortes/train/taxi_recorte_train_0039.jpg
taxi_amarillo_train_0040.jpg,taxi_recorte_train_0040.jpg,train,181,1338,1546,778,dataset/positivos/train/taxi_amarillo_train_0040.jpg,dataset/positivos/recortes/train/taxi_recorte_train_0040.jpg
taxi_amarillo_train_0041.jpg,taxi_recorte_train_0041.jpg,train,208,1082,533,517,dataset/positivos/train/taxi_amarillo_train_0041.jpg,dataset/positivos/recortes/train/taxi_recorte_train_0041.jpg
taxi_amarillo_train_0042.jpg,taxi_recorte_train_0042.jpg,train,10,938,2080,1018,dataset/positivos/train/taxi_amarillo_train_0042.jpg,dataset/positivos/recortes/train/taxi_recorte_train_0042.jpg
taxi_amarillo_train_0043.jpg,taxi_recorte_train_0043.jpg,train,1088,1552,549,346,dataset/positivos/train/taxi_amarillo_train_0043.jpg,dataset/positivos/recortes/train/taxi_recorte_train_0043.jpg
taxi_amarillo_train_0044.jpg,taxi_recorte_train_0044.jpg,train,730,1514,458,272,dataset/positivos/train/taxi_amarillo_train_0044.jpg,dataset/positivos/recortes/train/taxi_recorte_train_0044.jpg
taxi_amarillo_train_0045.jpg,taxi_recorte_train_0045.jpg,train,10,1130,1360,768,dataset/positivos/train/taxi_amarillo_train_0045.jpg,dataset/positivos/recortes/train/taxi_recorte_train_0045.jpg
taxi_amarillo_train_0046.jpg,taxi_recorte_train_0046.jpg,train,506,1472,826,352,dataset/positivos/train/taxi_amarillo_train_0046.jpg,dataset/positivos/recortes/train/taxi_recorte_train_0046.jpg
taxi_amarillo_train_0047.jpg,taxi_recorte_train_0047.jpg,train,266,1317,704,341,dataset/positivos/train/taxi_amarillo_train_0047.jpg,dataset/positivos/recortes/train/taxi_recorte_train_0047.jpg
taxi_amarillo_train_0048.jpg,taxi_recorte_train_0048.jpg,train,1093,1013,426,512,dataset/positivos/train/taxi_amarillo_train_0048.jpg,dataset/positivos/recortes/train/taxi_recorte_train_0048.jpg
taxi_amarillo_train_0049.jpg,taxi_recorte_train_0049.jpg,train,592,1365,282,133,dataset/positivos/train/taxi_amarillo_train_0049.jpg,dataset/positivos/recortes/train/taxi_recorte_train_0049.jpg
taxi_amarillo_train_0050.jpg,taxi_recorte_train_0050.jpg,train,533,1493,1712,1477,dataset/positivos/train/taxi_amarillo_train_0050.jpg,dataset/positivos/recortes/train/taxi_recorte_train_0050.jpg
taxi_amarillo_train_0051.jpg,taxi_recorte_train_0051.jpg,train,336,1354,1285,720,dataset/positivos/train/taxi_amarillo_train_0051.jpg,dataset/positivos/recortes/train/taxi_recorte_train_0051.jpg
taxi_amarillo_train_0052.jpg,taxi_recorte_train_0052.jpg,train,480,1338,997,421,dataset/positivos/train/taxi_amarillo_train_0052.jpg,dataset/positivos/recortes/train/taxi_recorte_train_0052.jpg
taxi_amarillo_train_0053.jpg,taxi_recorte_train_0053.jpg,train,490,1258,650,288,dataset/positivos/train/taxi_amarillo_train_0053.jpg,dataset/positivos/recortes/train/taxi_recorte_train_0053.jpg
taxi_amarillo_train_0054.jpg,taxi_recorte_train_0054.jpg,train,314,1456,1514,656,dataset/positivos/train/taxi_amarillo_train_0054.jpg,dataset/positivos/recortes/train/taxi_recorte_train_0054.jpg
taxi_amarillo_train_0055.jpg,taxi_recorte_train_0055.jpg,train,1205,1578,256,218,dataset/positivos/train/taxi_amarillo_train_0055.jpg,dataset/positivos/recortes/train/taxi_recorte_train_0055.jpg
taxi_amarillo_train_0056.jpg,taxi_recorte_train_0056.jpg,train,789,1749,544,261,dataset/positivos/train/taxi_amarillo_train_0056.jpg,dataset/positivos/recortes/train/taxi_recorte_train_0056.jpg
taxi_amarillo_train_0057.jpg,taxi_recorte_train_0057.jpg,train,10,1765,1392,560,dataset/positivos/train/taxi_amarillo_train_0057.jpg,dataset/positivos/recortes/train/taxi_recorte_train_0057.jpg
taxi_amarillo_train_0058.jpg,taxi_recorte_train_0058.jpg,train,736,1093,864,389,dataset/positivos/train/taxi_amarillo_train_0058.jpg,dataset/positivos/recortes/train/taxi_recorte_train_0058.jpg
taxi_amarillo_train_0059.jpg,taxi_recorte_train_0059.jpg,train,485,1221,1760,730,dataset/positivos/train/taxi_amarillo_train_0059.jpg,dataset/positivos/recortes/train/taxi_recorte_train_0059.jpg
taxi_amarillo_train_0060.jpg,taxi_recorte_train_0060.jpg,train,112,1370,1776,682,dataset/positivos/train/taxi_amarillo_train_0060.jpg,dataset/positivos/recortes/train/taxi_recorte_train_0060.jpg
taxi_amarillo_train_0061.jpg,taxi_recorte_train_0061.jpg,train,154,1514,842,373,dataset/positivos/train/taxi_amarillo_train_0061.jpg,dataset/positivos/recortes/train/taxi_recorte_train_0061.jpg
taxi_amarillo_train_0062.jpg,taxi_recorte_train_0062.jpg,train,741,1552,784,288,dataset/positivos/train/taxi_amarillo_train_0062.jpg,dataset/positivos/recortes/train/taxi_recorte_train_0062.jpg
taxi_amarillo_train_0063.jpg,taxi_recorte_train_0063.jpg,train,506,1109,789,570,dataset/positivos/train/taxi_amarillo_train_0063.jpg,dataset/positivos/recortes/train/taxi_recorte_train_0063.jpg
taxi_amarillo_train_0064.jpg,taxi_recorte_train_0064.jpg,train,954,1200,1210,682,dataset/positivos/train/taxi_amarillo_train_0064.jpg,dataset/positivos/recortes/train/taxi_recorte_train_0064.jpg
taxi_amarillo_train_0065.jpg,taxi_recorte_train_0065.jpg,train,1696,1541,501,325,dataset/positivos/train/taxi_amarillo_train_0065.jpg,dataset/positivos/recortes/train/taxi_recorte_train_0065.jpg
taxi_amarillo_train_0066.jpg,taxi_recorte_train_0066.jpg,train,469,981,1776,1130,dataset/positivos/train/taxi_amarillo_train_0066.jpg,dataset/positivos/recortes/train/taxi_recorte_train_0066.jpg
taxi_amarillo_train_0067.jpg,taxi_recorte_train_0067.jpg,train,5,1589,592,309,dataset/positivos/train/taxi_amarillo_train_0067.jpg,dataset/positivos/recortes/train/taxi_recorte_train_0067.jpg
taxi_amarillo_train_0068.jpg,taxi_recorte_train_0068.jpg,train,826,1290,826,384,dataset/positivos/train/taxi_amarillo_train_0068.jpg,dataset/positivos/recortes/train/taxi_recorte_train_0068.jpg
taxi_amarillo_train_0069.jpg,taxi_recorte_train_0069.jpg,train,1040,1552,570,250,dataset/positivos/train/taxi_amarillo_train_0069.jpg,dataset/positivos/recortes/train/taxi_recorte_train_0069.jpg
taxi_amarillo_train_0070.jpg,taxi_recorte_train_0070.jpg,train,170,826,1957,1029,dataset/positivos/train/taxi_amarillo_train_0070.jpg,dataset/positivos/recortes/train/taxi_recorte_train_0070.jpg
taxi_amarillo_train_0071.jpg,taxi_recorte_train_0071.jpg,train,613,885,869,410,dataset/positivos/train/taxi_amarillo_train_0071.jpg,dataset/positivos/recortes/train/taxi_recorte_train_0071.jpg
taxi_amarillo_train_0072.jpg,taxi_recorte_train_0072.jpg,train,704,1952,656,373,dataset/positivos/train/taxi_amarillo_train_0072.jpg,dataset/positivos/recortes/train/taxi_recorte_train_0072.jpg
taxi_amarillo_train_0073.jpg,taxi_recorte_train_0073.jpg,train,741,1504,789,480,dataset/positivos/train/taxi_amarillo_train_0073.jpg,dataset/positivos/recortes/train/taxi_recorte_train_0073.jpg
taxi_amarillo_train_0074.jpg,taxi_recorte_train_0074.jpg,train,325,752,1920,746,dataset/positivos/train/taxi_amarillo_train_0074.jpg,dataset/positivos/recortes/train/taxi_recorte_train_0074.jpg
taxi_amarillo_train_0075.jpg,taxi_recorte_train_0075.jpg,train,1557,1770,682,688,dataset/positivos/train/taxi_amarillo_train_0075.jpg,dataset/positivos/recortes/train/taxi_recorte_train_0075.jpg
taxi_amarillo_train_0076.jpg,taxi_recorte_train_0076.jpg,train,672,1290,554,298,dataset/positivos/train/taxi_amarillo_train_0076.jpg,dataset/positivos/recortes/train/taxi_recorte_train_0076.jpg
taxi_amarillo_train_0077.jpg,taxi_recorte_train_0077.jpg,train,426,1386,1306,752,dataset/positivos/train/taxi_amarillo_train_0077.jpg,dataset/positivos/recortes/train/taxi_recorte_train_0077.jpg
taxi_amarillo_train_0078.jpg,taxi_recorte_train_0078.jpg,train,666,1258,885,410,dataset/positivos/train/taxi_amarillo_train_0078.jpg,dataset/positivos/recortes/train/taxi_recorte_train_0078.jpg
taxi_amarillo_train_0079.jpg,taxi_recorte_train_0079.jpg,train,512,853,1152,464,dataset/positivos/train/taxi_amarillo_train_0079.jpg,dataset/positivos/recortes/train/taxi_recorte_train_0079.jpg
taxi_amarillo_train_0080.jpg,taxi_recorte_train_0080.jpg,train,853,1461,245,181,dataset/positivos/train/taxi_amarillo_train_0080.jpg,dataset/positivos/recortes/train/taxi_recorte_train_0080.jpg
taxi_amarillo_train_0081.jpg,taxi_recorte_train_0081.jpg,train,416,1520,965,442,dataset/positivos/train/taxi_amarillo_train_0081.jpg,dataset/positivos/recortes/train/taxi_recorte_train_0081.jpg
taxi_amarillo_train_0082.jpg,taxi_recorte_train_0082.jpg,train,1157,1408,917,405,dataset/positivos/train/taxi_amarillo_train_0082.jpg,dataset/positivos/recortes/train/taxi_recorte_train_0082.jpg
taxi_amarillo_train_0083.jpg,taxi_recorte_train_0083.jpg,train,21,1237,2133,832,dataset/positivos/train/taxi_amarillo_train_0083.jpg,dataset/positivos/recortes/train/taxi_recorte_train_0083.jpg
taxi_amarillo_train_0084.jpg,taxi_recorte_train_0084.jpg,train,186,1749,970,522,dataset/positivos/train/taxi_amarillo_train_0084.jpg,dataset/positivos/recortes/train/taxi_recorte_train_0084.jpg
taxi_amarillo_train_0085.jpg,taxi_recorte_train_0085.jpg,train,325,1253,810,464,dataset/positivos/train/taxi_amarillo_train_0085.jpg,dataset/positivos/recortes/train/taxi_recorte_train_0085.jpg
taxi_amarillo_train_0086.jpg,taxi_recorte_train_0086.jpg,train,746,1658,682,330,dataset/positivos/train/taxi_amarillo_train_0086.jpg,dataset/positivos/recortes/train/taxi_recorte_train_0086.jpg
taxi_amarillo_train_0087.jpg,taxi_recorte_train_0087.jpg,train,917,901,656,538,dataset/positivos/train/taxi_amarillo_train_0087.jpg,dataset/positivos/recortes/train/taxi_recorte_train_0087.jpg
taxi_amarillo_train_0088.jpg,taxi_recorte_train_0088.jpg,train,592,1338,848,634,dataset/positivos/train/taxi_amarillo_train_0088.jpg,dataset/positivos/recortes/train/taxi_recorte_train_0088.jpg
taxi_amarillo_train_0089.jpg,taxi_recorte_train_0089.jpg,train,709,1600,384,384,dataset/positivos/train/taxi_amarillo_train_0089.jpg,dataset/positivos/recortes/train/taxi_recorte_train_0089.jpg
taxi_amarillo_train_0090.jpg,taxi_recorte_train_0090.jpg,train,101,1472,1360,693,dataset/positivos/train/taxi_amarillo_train_0090.jpg,dataset/positivos/recortes/train/taxi_recorte_train_0090.jpg
taxi_amarillo_train_0091.jpg,taxi_recorte_train_0091.jpg,train,389,1248,1093,517,dataset/positivos/train/taxi_amarillo_train_0091.jpg,dataset/positivos/recortes/train/taxi_recorte_train_0091.jpg
taxi_amarillo_train_0092.jpg,taxi_recorte_train_0092.jpg,train,490,1408,1173,645,dataset/positivos/train/taxi_amarillo_train_0092.jpg,dataset/positivos/recortes/train/taxi_recorte_train_0092.jpg
taxi_amarillo_train_0093.jpg,taxi_recorte_train_0093.jpg,train,224,1285,1717,794,dataset/positivos/train/taxi_amarillo_train_0093.jpg,dataset/positivos/recortes/train/taxi_recorte_train_0093.jpg
taxi_amarillo_train_0094.jpg,taxi_recorte_train_0094.jpg,train,1018,1109,629,629,dataset/positivos/train/taxi_amarillo_train_0094.jpg,dataset/positivos/recortes/train/taxi_recorte_train_0094.jpg
taxi_amarillo_train_0095.jpg,taxi_recorte_train_0095.jpg,train,16,1226,1632,848,dataset/positivos/train/taxi_amarillo_train_0095.jpg,dataset/positivos/recortes/train/taxi_recorte_train_0095.jpg
taxi_amarillo_train_0096.jpg,taxi_recorte_train_0096.jpg,train,224,1050,1029,693,dataset/positivos/train/taxi_amarillo_train_0096.jpg,dataset/positivos/recortes/train/taxi_recorte_train_0096.jpg
taxi_amarillo_train_0097.jpg,taxi_recorte_train_0097.jpg,train,272,816,1285,570,dataset/positivos/train/taxi_amarillo_train_0097.jpg,dataset/positivos/recortes/train/taxi_recorte_train_0097.jpg
taxi_amarillo_train_0098.jpg,taxi_recorte_train_0098.jpg,train,5,821,1936,864,dataset/positivos/train/taxi_amarillo_train_0098.jpg,dataset/positivos/recortes/train/taxi_recorte_train_0098.jpg
taxi_amarillo_train_0099.jpg,taxi_recorte_train_0099.jpg,train,981,1552,416,325,dataset/positivos/train/taxi_amarillo_train_0099.jpg,dataset/positivos/recortes/train/taxi_recorte_train_0099.jpg
taxi_amarillo_train_0100.jpg,taxi_recorte_train_0100.jpg,train,789,1498,1125,650,dataset/positivos/train/taxi_amarillo_train_0100.jpg,dataset/positivos/recortes/train/taxi_recorte_train_0100.jpg
taxi_amarillo_train_0101.jpg,taxi_recorte_train_0101.jpg,train,464,1205,1088,474,dataset/positivos/train/taxi_amarillo_train_0101.jpg,dataset/positivos/recortes/train/taxi_recorte_train_0101.jpg
taxi_amarillo_train_0102.jpg,taxi_recorte_train_0102.jpg,train,890,1445,661,709,dataset/positivos/train/taxi_amarillo_train_0102.jpg,dataset/positivos/recortes/train/taxi_recorte_train_0102.jpg
taxi_amarillo_train_0103.jpg,taxi_recorte_train_0103.jpg,train,576,1498,768,405,dataset/positivos/train/taxi_amarillo_train_0103.jpg,dataset/positivos/recortes/train/taxi_recorte_train_0103.jpg
taxi_amarillo_train_0104.jpg,taxi_recorte_train_0104.jpg,train,352,1237,1248,821,dataset/positivos/train/taxi_amarillo_train_0104.jpg,dataset/positivos/recortes/train/taxi_recorte_train_0104.jpg
taxi_amarillo_train_0105.jpg,taxi_recorte_train_0105.jpg,train,5,1200,1514,714,dataset/positivos/train/taxi_amarillo_train_0105.jpg,dataset/positivos/recortes/train/taxi_recorte_train_0105.jpg
taxi_amarillo_train_0106.jpg,taxi_recorte_train_0106.jpg,train,378,1552,362,256,dataset/positivos/train/taxi_amarillo_train_0106.jpg,dataset/positivos/recortes/train/taxi_recorte_train_0106.jpg
taxi_amarillo_train_0107.jpg,taxi_recorte_train_0107.jpg,train,1168,746,592,496,dataset/positivos/train/taxi_amarillo_train_0107.jpg,dataset/positivos/recortes/train/taxi_recorte_train_0107.jpg
taxi_amarillo_train_0108.jpg,taxi_recorte_train_0108.jpg,train,506,1525,1205,725,dataset/positivos/train/taxi_amarillo_train_0108.jpg,dataset/positivos/recortes/train/taxi_recorte_train_0108.jpg
taxi_amarillo_train_0109.jpg,taxi_recorte_train_0109.jpg,train,944,1162,378,325,dataset/positivos/train/taxi_amarillo_train_0109.jpg,dataset/positivos/recortes/train/taxi_recorte_train_0109.jpg
taxi_amarillo_train_0110.jpg,taxi_recorte_train_0110.jpg,train,650,1322,858,378,dataset/positivos/train/taxi_amarillo_train_0110.jpg,dataset/positivos/recortes/train/taxi_recorte_train_0110.jpg
taxi_amarillo_train_0111.jpg,taxi_recorte_train_0111.jpg,train,922,1552,613,266,dataset/positivos/train/taxi_amarillo_train_0111.jpg,dataset/positivos/recortes/train/taxi_recorte_train_0111.jpg
taxi_amarillo_train_0112.jpg,taxi_recorte_train_0112.jpg,train,576,1328,1109,458,dataset/positivos/train/taxi_amarillo_train_0112.jpg,dataset/positivos/recortes/train/taxi_recorte_train_0112.jpg
taxi_amarillo_train_0113.jpg,taxi_recorte_train_0113.jpg,train,613,1456,741,378,dataset/positivos/train/taxi_amarillo_train_0113.jpg,dataset/positivos/recortes/train/taxi_recorte_train_0113.jpg
taxi_amarillo_train_0114.jpg,taxi_recorte_train_0114.jpg,train,1061,1888,725,352,dataset/positivos/train/taxi_amarillo_train_0114.jpg,dataset/positivos/recortes/train/taxi_recorte_train_0114.jpg
taxi_amarillo_train_0115.jpg,taxi_recorte_train_0115.jpg,train,485,1461,1226,693,dataset/positivos/train/taxi_amarillo_train_0115.jpg,dataset/positivos/recortes/train/taxi_recorte_train_0115.jpg
taxi_amarillo_train_0116.jpg,taxi_recorte_train_0116.jpg,train,224,901,570,240,dataset/positivos/train/taxi_amarillo_train_0116.jpg,dataset/positivos/recortes/train/taxi_recorte_train_0116.jpg
taxi_amarillo_train_0117.jpg,taxi_recorte_train_0117.jpg,train,421,1328,565,522,dataset/positivos/train/taxi_amarillo_train_0117.jpg,dataset/positivos/recortes/train/taxi_recorte_train_0117.jpg
taxi_amarillo_train_0118.jpg,taxi_recorte_train_0118.jpg,train,26,1066,1914,1600,dataset/positivos/train/taxi_amarillo_train_0118.jpg,dataset/positivos/recortes/train/taxi_recorte_train_0118.jpg
taxi_amarillo_train_0119.jpg,taxi_recorte_train_0119.jpg,train,330,1322,1328,586,dataset/positivos/train/taxi_amarillo_train_0119.jpg,dataset/positivos/recortes/train/taxi_recorte_train_0119.jpg
taxi_amarillo_train_0120.jpg,taxi_recorte_train_0120.jpg,train,16,1178,1056,522,dataset/positivos/train/taxi_amarillo_train_0120.jpg,dataset/positivos/recortes/train/taxi_recorte_train_0120.jpg
taxi_amarillo_train_0121.jpg,taxi_recorte_train_0121.jpg,train,448,1568,1365,693,dataset/positivos/train/taxi_amarillo_train_0121.jpg,dataset/positivos/recortes/train/taxi_recorte_train_0121.jpg
taxi_amarillo_train_0122.jpg,taxi_recorte_train_0122.jpg,train,0,1152,1056,640,dataset/positivos/train/taxi_amarillo_train_0122.jpg,dataset/positivos/recortes/train/taxi_recorte_train_0122.jpg
taxi_amarillo_train_0123.jpg,taxi_recorte_train_0123.jpg,train,80,1130,2165,1216,dataset/positivos/train/taxi_amarillo_train_0123.jpg,dataset/positivos/recortes/train/taxi_recorte_train_0123.jpg
taxi_amarillo_train_0124.jpg,taxi_recorte_train_0124.jpg,train,10,1162,1221,725,dataset/positivos/train/taxi_amarillo_train_0124.jpg,dataset/positivos/recortes/train/taxi_recorte_train_0124.jpg
taxi_amarillo_train_0125.jpg,taxi_recorte_train_0125.jpg,train,293,1376,1040,544,dataset/positivos/train/taxi_amarillo_train_0125.jpg,dataset/positivos/recortes/train/taxi_recorte_train_0125.jpg
taxi_amarillo_train_0126.jpg,taxi_recorte_train_0126.jpg,train,170,1525,960,517,dataset/positivos/train/taxi_amarillo_train_0126.jpg,dataset/positivos/recortes/train/taxi_recorte_train_0126.jpg
taxi_amarillo_train_0127.jpg,taxi_recorte_train_0127.jpg,train,229,1280,1237,576,dataset/positivos/train/taxi_amarillo_train_0127.jpg,dataset/positivos/recortes/train/taxi_recorte_train_0127.jpg
taxi_amarillo_train_0128.jpg,taxi_recorte_train_0128.jpg,train,634,1818,656,794,dataset/positivos/train/taxi_amarillo_train_0128.jpg,dataset/positivos/recortes/train/taxi_recorte_train_0128.jpg
taxi_amarillo_train_0129.jpg,taxi_recorte_train_0129.jpg,train,378,1365,1178,512,dataset/positivos/train/taxi_amarillo_train_0129.jpg,dataset/positivos/recortes/train/taxi_recorte_train_0129.jpg
taxi_amarillo_train_0130.jpg,taxi_recorte_train_0130.jpg,train,170,1088,1626,693,dataset/positivos/train/taxi_amarillo_train_0130.jpg,dataset/positivos/recortes/train/taxi_recorte_train_0130.jpg
taxi_amarillo_train_0131.jpg,taxi_recorte_train_0131.jpg,train,848,1701,314,282,dataset/positivos/train/taxi_amarillo_train_0131.jpg,dataset/positivos/recortes/train/taxi_recorte_train_0131.jpg
taxi_amarillo_train_0132.jpg,taxi_recorte_train_0132.jpg,train,608,1120,373,309,dataset/positivos/train/taxi_amarillo_train_0132.jpg,dataset/positivos/recortes/train/taxi_recorte_train_0132.jpg
taxi_amarillo_train_0133.jpg,taxi_recorte_train_0133.jpg,train,896,1370,1120,533,dataset/positivos/train/taxi_amarillo_train_0133.jpg,dataset/positivos/recortes/train/taxi_recorte_train_0133.jpg
taxi_amarillo_train_0134.jpg,taxi_recorte_train_0134.jpg,train,837,1440,949,400,dataset/positivos/train/taxi_amarillo_train_0134.jpg,dataset/positivos/recortes/train/taxi_recorte_train_0134.jpg
taxi_amarillo_train_0135.jpg,taxi_recorte_train_0135.jpg,train,378,1456,1194,517,dataset/positivos/train/taxi_amarillo_train_0135.jpg,dataset/positivos/recortes/train/taxi_recorte_train_0135.jpg
taxi_amarillo_train_0136.jpg,taxi_recorte_train_0136.jpg,train,538,1200,1594,629,dataset/positivos/train/taxi_amarillo_train_0136.jpg,dataset/positivos/recortes/train/taxi_recorte_train_0136.jpg
taxi_amarillo_train_0137.jpg,taxi_recorte_train_0137.jpg,train,352,1541,810,362,dataset/positivos/train/taxi_amarillo_train_0137.jpg,dataset/positivos/recortes/train/taxi_recorte_train_0137.jpg
taxi_amarillo_train_0138.jpg,taxi_recorte_train_0138.jpg,train,490,1354,933,560,dataset/positivos/train/taxi_amarillo_train_0138.jpg,dataset/positivos/recortes/train/taxi_recorte_train_0138.jpg
taxi_amarillo_train_0139.jpg,taxi_recorte_train_0139.jpg,train,528,1152,522,352,dataset/positivos/train/taxi_amarillo_train_0139.jpg,dataset/positivos/recortes/train/taxi_recorte_train_0139.jpg
taxi_amarillo_train_0140.jpg,taxi_recorte_train_0140.jpg,train,816,1077,522,400,dataset/positivos/train/taxi_amarillo_train_0140.jpg,dataset/positivos/recortes/train/taxi_recorte_train_0140.jpg
taxi_amarillo_train_0141.jpg,taxi_recorte_train_0141.jpg,train,858,1498,506,394,dataset/positivos/train/taxi_amarillo_train_0141.jpg,dataset/positivos/recortes/train/taxi_recorte_train_0141.jpg
taxi_amarillo_train_0142.jpg,taxi_recorte_train_0142.jpg,train,522,1082,1018,704,dataset/positivos/train/taxi_amarillo_train_0142.jpg,dataset/positivos/recortes/train/taxi_recorte_train_0142.jpg
taxi_amarillo_train_0143.jpg,taxi_recorte_train_0143.jpg,train,485,1749,618,469,dataset/positivos/train/taxi_amarillo_train_0143.jpg,dataset/positivos/recortes/train/taxi_recorte_train_0143.jpg
taxi_amarillo_train_0144.jpg,taxi_recorte_train_0144.jpg,train,218,1146,1717,954,dataset/positivos/train/taxi_amarillo_train_0144.jpg,dataset/positivos/recortes/train/taxi_recorte_train_0144.jpg
taxi_amarillo_train_0145.jpg,taxi_recorte_train_0145.jpg,train,181,1072,1082,501,dataset/positivos/train/taxi_amarillo_train_0145.jpg,dataset/positivos/recortes/train/taxi_recorte_train_0145.jpg
taxi_amarillo_train_0146.jpg,taxi_recorte_train_0146.jpg,train,576,1472,570,602,dataset/positivos/train/taxi_amarillo_train_0146.jpg,dataset/positivos/recortes/train/taxi_recorte_train_0146.jpg
taxi_amarillo_train_0147.jpg,taxi_recorte_train_0147.jpg,train,538,997,1216,730,dataset/positivos/train/taxi_amarillo_train_0147.jpg,dataset/positivos/recortes/train/taxi_recorte_train_0147.jpg
taxi_amarillo_train_0148.jpg,taxi_recorte_train_0148.jpg,train,533,1536,842,373,dataset/positivos/train/taxi_amarillo_train_0148.jpg,dataset/positivos/recortes/train/taxi_recorte_train_0148.jpg
taxi_amarillo_train_0149.jpg,taxi_recorte_train_0149.jpg,train,160,1418,1482,752,dataset/positivos/train/taxi_amarillo_train_0149.jpg,dataset/positivos/recortes/train/taxi_recorte_train_0149.jpg
taxi_amarillo_train_0150.jpg,taxi_recorte_train_0150.jpg,train,746,1328,522,613,dataset/positivos/train/taxi_amarillo_train_0150.jpg,dataset/positivos/recortes/train/taxi_recorte_train_0150.jpg
taxi_amarillo_train_0151.jpg,taxi_recorte_train_0151.jpg,train,512,1125,1066,736,dataset/positivos/train/taxi_amarillo_train_0151.jpg,dataset/positivos/recortes/train/taxi_recorte_train_0151.jpg
taxi_amarillo_train_0152.jpg,taxi_recorte_train_0152.jpg,train,464,1040,1466,730,dataset/positivos/train/taxi_amarillo_train_0152.jpg,dataset/positivos/recortes/train/taxi_recorte_train_0152.jpg
taxi_amarillo_train_0153.jpg,taxi_recorte_train_0153.jpg,train,314,1050,1098,565,dataset/positivos/train/taxi_amarillo_train_0153.jpg,dataset/positivos/recortes/train/taxi_recorte_train_0153.jpg
taxi_amarillo_train_0154.jpg,taxi_recorte_train_0154.jpg,train,890,1840,570,549,dataset/positivos/train/taxi_amarillo_train_0154.jpg,dataset/positivos/recortes/train/taxi_recorte_train_0154.jpg
taxi_amarillo_train_0155.jpg,taxi_recorte_train_0155.jpg,train,640,1077,1600,773,dataset/positivos/train/taxi_amarillo_train_0155.jpg,dataset/positivos/recortes/train/taxi_recorte_train_0155.jpg
taxi_amarillo_train_0156.jpg,taxi_recorte_train_0156.jpg,train,229,1429,1626,688,dataset/positivos/train/taxi_amarillo_train_0156.jpg,dataset/positivos/recortes/train/taxi_recorte_train_0156.jpg
taxi_amarillo_train_0157.jpg,taxi_recorte_train_0157.jpg,train,5,1125,1370,597,dataset/positivos/train/taxi_amarillo_train_0157.jpg,dataset/positivos/recortes/train/taxi_recorte_train_0157.jpg
taxi_amarillo_train_0158.jpg,taxi_recorte_train_0158.jpg,train,224,1402,1344,501,dataset/positivos/train/taxi_amarillo_train_0158.jpg,dataset/positivos/recortes/train/taxi_recorte_train_0158.jpg
taxi_amarillo_train_0159.jpg,taxi_recorte_train_0159.jpg,train,757,1386,421,202,dataset/positivos/train/taxi_amarillo_train_0159.jpg,dataset/positivos/recortes/train/taxi_recorte_train_0159.jpg
taxi_amarillo_train_0160.jpg,taxi_recorte_train_0160.jpg,train,533,1392,997,682,dataset/positivos/train/taxi_amarillo_train_0160.jpg,dataset/positivos/recortes/train/taxi_recorte_train_0160.jpg
taxi_amarillo_train_0161.jpg,taxi_recorte_train_0161.jpg,train,154,1360,1840,725,dataset/positivos/train/taxi_amarillo_train_0161.jpg,dataset/positivos/recortes/train/taxi_recorte_train_0161.jpg
taxi_amarillo_train_0162.jpg,taxi_recorte_train_0162.jpg,train,730,1162,1077,528,dataset/positivos/train/taxi_amarillo_train_0162.jpg,dataset/positivos/recortes/train/taxi_recorte_train_0162.jpg
taxi_amarillo_train_0163.jpg,taxi_recorte_train_0163.jpg,train,144,1205,602,368,dataset/positivos/train/taxi_amarillo_train_0163.jpg,dataset/positivos/recortes/train/taxi_recorte_train_0163.jpg
taxi_amarillo_train_0164.jpg,taxi_recorte_train_0164.jpg,train,405,1429,1050,458,dataset/positivos/train/taxi_amarillo_train_0164.jpg,dataset/positivos/recortes/train/taxi_recorte_train_0164.jpg
taxi_amarillo_train_0165.jpg,taxi_recorte_train_0165.jpg,train,165,720,1941,805,dataset/positivos/train/taxi_amarillo_train_0165.jpg,dataset/positivos/recortes/train/taxi_recorte_train_0165.jpg
taxi_amarillo_train_0166.jpg,taxi_recorte_train_0166.jpg,train,1189,1386,672,613,dataset/positivos/train/taxi_amarillo_train_0166.jpg,dataset/positivos/recortes/train/taxi_recorte_train_0166.jpg
taxi_amarillo_train_0167.jpg,taxi_recorte_train_0167.jpg,train,800,1354,1237,517,dataset/positivos/train/taxi_amarillo_train_0167.jpg,dataset/positivos/recortes/train/taxi_recorte_train_0167.jpg
taxi_amarillo_train_0168.jpg,taxi_recorte_train_0168.jpg,train,709,1130,1525,1413,dataset/positivos/train/taxi_amarillo_train_0168.jpg,dataset/positivos/recortes/train/taxi_recorte_train_0168.jpg
taxi_amarillo_train_0169.jpg,taxi_recorte_train_0169.jpg,train,144,1109,1205,506,dataset/positivos/train/taxi_amarillo_train_0169.jpg,dataset/positivos/recortes/train/taxi_recorte_train_0169.jpg
taxi_amarillo_train_0170.jpg,taxi_recorte_train_0170.jpg,train,965,1130,869,592,dataset/positivos/train/taxi_amarillo_train_0170.jpg,dataset/positivos/recortes/train/taxi_recorte_train_0170.jpg
taxi_amarillo_train_0171.jpg,taxi_recorte_train_0171.jpg,train,266,906,1813,1045,dataset/positivos/train/taxi_amarillo_train_0171.jpg,dataset/positivos/recortes/train/taxi_recorte_train_0171.jpg
taxi_amarillo_train_0172.jpg,taxi_recorte_train_0172.jpg,train,1317,1637,864,704,dataset/positivos/train/taxi_amarillo_train_0172.jpg,dataset/positivos/recortes/train/taxi_recorte_train_0172.jpg
taxi_amarillo_train_0173.jpg,taxi_recorte_train_0173.jpg,train,570,1578,1184,458,dataset/positivos/train/taxi_amarillo_train_0173.jpg,dataset/positivos/recortes/train/taxi_recorte_train_0173.jpg
taxi_amarillo_train_0174.jpg,taxi_recorte_train_0174.jpg,train,965,901,725,432,dataset/positivos/train/taxi_amarillo_train_0174.jpg,dataset/positivos/recortes/train/taxi_recorte_train_0174.jpg
taxi_amarillo_train_0175.jpg,taxi_recorte_train_0175.jpg,train,341,1434,1077,602,dataset/positivos/train/taxi_amarillo_train_0175.jpg,dataset/positivos/recortes/train/taxi_recorte_train_0175.jpg
taxi_amarillo_train_0176.jpg,taxi_recorte_train_0176.jpg,train,688,1408,746,352,dataset/positivos/train/taxi_amarillo_train_0176.jpg,dataset/positivos/recortes/train/taxi_recorte_train_0176.jpg
taxi_amarillo_train_0177.jpg,taxi_recorte_train_0177.jpg,train,346,736,656,544,dataset/positivos/train/taxi_amarillo_train_0177.jpg,dataset/positivos/recortes/train/taxi_recorte_train_0177.jpg
taxi_amarillo_train_0178.jpg,taxi_recorte_train_0178.jpg,train,480,1354,1381,698,dataset/positivos/train/taxi_amarillo_train_0178.jpg,dataset/positivos/recortes/train/taxi_recorte_train_0178.jpg
taxi_amarillo_train_0179.jpg,taxi_recorte_train_0179.jpg,train,336,1002,1200,533,dataset/positivos/train/taxi_amarillo_train_0179.jpg,dataset/positivos/recortes/train/taxi_recorte_train_0179.jpg
taxi_amarillo_train_0180.jpg,taxi_recorte_train_0180.jpg,train,554,1408,1600,672,dataset/positivos/train/taxi_amarillo_train_0180.jpg,dataset/positivos/recortes/train/taxi_recorte_train_0180.jpg
taxi_amarillo_train_0181.jpg,taxi_recorte_train_0181.jpg,train,597,1402,1034,704,dataset/positivos/train/taxi_amarillo_train_0181.jpg,dataset/positivos/recortes/train/taxi_recorte_train_0181.jpg
taxi_amarillo_train_0182.jpg,taxi_recorte_train_0182.jpg,train,821,1392,1013,410,dataset/positivos/train/taxi_amarillo_train_0182.jpg,dataset/positivos/recortes/train/taxi_recorte_train_0182.jpg
taxi_amarillo_train_0183.jpg,taxi_recorte_train_0183.jpg,train,613,1386,266,240,dataset/positivos/train/taxi_amarillo_train_0183.jpg,dataset/positivos/recortes/train/taxi_recorte_train_0183.jpg
taxi_amarillo_train_0184.jpg,taxi_recorte_train_0184.jpg,train,618,1376,565,373,dataset/positivos/train/taxi_amarillo_train_0184.jpg,dataset/positivos/recortes/train/taxi_recorte_train_0184.jpg
taxi_amarillo_train_0185.jpg,taxi_recorte_train_0185.jpg,train,549,1498,858,373,dataset/positivos/train/taxi_amarillo_train_0185.jpg,dataset/positivos/recortes/train/taxi_recorte_train_0185.jpg
taxi_amarillo_train_0186.jpg,taxi_recorte_train_0186.jpg,train,389,1232,1226,538,dataset/positivos/train/taxi_amarillo_train_0186.jpg,dataset/positivos/recortes/train/taxi_recorte_train_0186.jpg
taxi_amarillo_train_0187.jpg,taxi_recorte_train_0187.jpg,train,730,965,570,389,dataset/positivos/train/taxi_amarillo_train_0187.jpg,dataset/positivos/recortes/train/taxi_recorte_train_0187.jpg
taxi_amarillo_train_0188.jpg,taxi_recorte_train_0188.jpg,train,64,1424,1072,458,dataset/positivos/train/taxi_amarillo_train_0188.jpg,dataset/positivos/recortes/train/taxi_recorte_train_0188.jpg
taxi_amarillo_train_0189.jpg,taxi_recorte_train_0189.jpg,train,133,1466,1493,912,dataset/positivos/train/taxi_amarillo_train_0189.jpg,dataset/positivos/recortes/train/taxi_recorte_train_0189.jpg
taxi_amarillo_train_0190.jpg,taxi_recorte_train_0190.jpg,train,709,954,517,448,dataset/positivos/train/taxi_amarillo_train_0190.jpg,dataset/positivos/recortes/train/taxi_recorte_train_0190.jpg
taxi_amarillo_train_0191.jpg,taxi_recorte_train_0191.jpg,train,10,981,1786,837,dataset/positivos/train/taxi_amarillo_train_0191.jpg,dataset/positivos/recortes/train/taxi_recorte_train_0191.jpg
taxi_amarillo_train_0192.jpg,taxi_recorte_train_0192.jpg,train,10,1066,1621,688,dataset/positivos/train/taxi_amarillo_train_0192.jpg,dataset/positivos/recortes/train/taxi_recorte_train_0192.jpg
taxi_amarillo_train_0193.jpg,taxi_recorte_train_0193.jpg,train,629,1482,1066,421,dataset/positivos/train/taxi_amarillo_train_0193.jpg,dataset/positivos/recortes/train/taxi_recorte_train_0193.jpg
taxi_amarillo_train_0194.jpg,taxi_recorte_train_0194.jpg,train,858,1472,720,378,dataset/positivos/train/taxi_amarillo_train_0194.jpg,dataset/positivos/recortes/train/taxi_recorte_train_0194.jpg
taxi_amarillo_train_0195.jpg,taxi_recorte_train_0195.jpg,train,229,1370,896,442,dataset/positivos/train/taxi_amarillo_train_0195.jpg,dataset/positivos/recortes/train/taxi_recorte_train_0195.jpg
taxi_amarillo_train_0196.jpg,taxi_recorte_train_0196.jpg,train,570,1370,1008,458,dataset/positivos/train/taxi_amarillo_train_0196.jpg,dataset/positivos/recortes/train/taxi_recorte_train_0196.jpg
taxi_amarillo_train_0197.jpg,taxi_recorte_train_0197.jpg,train,773,1248,666,325,dataset/positivos/train/taxi_amarillo_train_0197.jpg,dataset/positivos/recortes/train/taxi_recorte_train_0197.jpg
taxi_amarillo_train_0198.jpg,taxi_recorte_train_0198.jpg,train,928,1472,1296,832,dataset/positivos/train/taxi_amarillo_train_0198.jpg,dataset/positivos/recortes/train/taxi_recorte_train_0198.jpg
taxi_amarillo_train_0199.jpg,taxi_recorte_train_0199.jpg,train,880,1530,533,234,dataset/positivos/train/taxi_amarillo_train_0199.jpg,dataset/positivos/recortes/train/taxi_recorte_train_0199.jpg
taxi_amarillo_train_0200.jpg,taxi_recorte_train_0200.jpg,train,698,890,1082,512,dataset/positivos/train/taxi_amarillo_train_0200.jpg,dataset/positivos/recortes/train/taxi_recorte_train_0200.jpg
taxi_amarillo_train_0201.jpg,taxi_recorte_train_0201.jpg,train,661,752,538,421,dataset/positivos/train/taxi_amarillo_train_0201.jpg,dataset/positivos/recortes/train/taxi_recorte_train_0201.jpg
taxi_amarillo_train_0202.jpg,taxi_recorte_train_0202.jpg,train,789,1562,901,677,dataset/positivos/train/taxi_amarillo_train_0202.jpg,dataset/positivos/recortes/train/taxi_recorte_train_0202.jpg
taxi_amarillo_train_0203.jpg,taxi_recorte_train_0203.jpg,train,117,522,1589,832,dataset/positivos/train/taxi_amarillo_train_0203.jpg,dataset/positivos/recortes/train/taxi_recorte_train_0203.jpg
taxi_amarillo_train_0204.jpg,taxi_recorte_train_0204.jpg,train,1493,1685,698,736,dataset/positivos/train/taxi_amarillo_train_0204.jpg,dataset/positivos/recortes/train/taxi_recorte_train_0204.jpg
taxi_amarillo_train_0205.jpg,taxi_recorte_train_0205.jpg,train,549,1381,666,496,dataset/positivos/train/taxi_amarillo_train_0205.jpg,dataset/positivos/recortes/train/taxi_recorte_train_0205.jpg
taxi_amarillo_train_0206.jpg,taxi_recorte_train_0206.jpg,train,426,1098,1557,661,dataset/positivos/train/taxi_amarillo_train_0206.jpg,dataset/positivos/recortes/train/taxi_recorte_train_0206.jpg
taxi_amarillo_train_0207.jpg,taxi_recorte_train_0207.jpg,train,565,672,330,293,dataset/positivos/train/taxi_amarillo_train_0207.jpg,dataset/positivos/recortes/train/taxi_recorte_train_0207.jpg
taxi_amarillo_train_0208.jpg,taxi_recorte_train_0208.jpg,train,997,1509,538,608,dataset/positivos/train/taxi_amarillo_train_0208.jpg,dataset/positivos/recortes/train/taxi_recorte_train_0208.jpg
taxi_amarillo_train_0209.jpg,taxi_recorte_train_0209.jpg,train,613,1141,1104,549,dataset/positivos/train/taxi_amarillo_train_0209.jpg,dataset/positivos/recortes/train/taxi_recorte_train_0209.jpg
taxi_amarillo_train_0210.jpg,taxi_recorte_train_0210.jpg,train,858,1018,1386,810,dataset/positivos/train/taxi_amarillo_train_0210.jpg,dataset/positivos/recortes/train/taxi_recorte_train_0210.jpg
taxi_amarillo_train_0211.jpg,taxi_recorte_train_0211.jpg,train,576,1914,1456,714,dataset/positivos/train/taxi_amarillo_train_0211.jpg,dataset/positivos/recortes/train/taxi_recorte_train_0211.jpg
taxi_amarillo_train_0212.jpg,taxi_recorte_train_0212.jpg,train,426,1328,1392,677,dataset/positivos/train/taxi_amarillo_train_0212.jpg,dataset/positivos/recortes/train/taxi_recorte_train_0212.jpg
taxi_amarillo_train_0213.jpg,taxi_recorte_train_0213.jpg,train,933,1312,437,592,dataset/positivos/train/taxi_amarillo_train_0213.jpg,dataset/positivos/recortes/train/taxi_recorte_train_0213.jpg
taxi_amarillo_train_0214.jpg,taxi_recorte_train_0214.jpg,train,1184,1237,730,736,dataset/positivos/train/taxi_amarillo_train_0214.jpg,dataset/positivos/recortes/train/taxi_recorte_train_0214.jpg
taxi_amarillo_train_0215.jpg,taxi_recorte_train_0215.jpg,train,0,1189,1770,746,dataset/positivos/train/taxi_amarillo_train_0215.jpg,dataset/positivos/recortes/train/taxi_recorte_train_0215.jpg
taxi_amarillo_train_0216.jpg,taxi_recorte_train_0216.jpg,train,757,1296,1125,656,dataset/positivos/train/taxi_amarillo_train_0216.jpg,dataset/positivos/recortes/train/taxi_recorte_train_0216.jpg
taxi_amarillo_train_0217.jpg,taxi_recorte_train_0217.jpg,train,496,1440,1269,864,dataset/positivos/train/taxi_amarillo_train_0217.jpg,dataset/positivos/recortes/train/taxi_recorte_train_0217.jpg
taxi_amarillo_train_0218.jpg,taxi_recorte_train_0218.jpg,train,426,1344,480,325,dataset/positivos/train/taxi_amarillo_train_0218.jpg,dataset/positivos/recortes/train/taxi_recorte_train_0218.jpg
taxi_amarillo_train_0219.jpg,taxi_recorte_train_0219.jpg,train,144,1109,666,394,dataset/positivos/train/taxi_amarillo_train_0219.jpg,dataset/positivos/recortes/train/taxi_recorte_train_0219.jpg
taxi_amarillo_train_0220.jpg,taxi_recorte_train_0220.jpg,train,426,1541,1205,672,dataset/positivos/train/taxi_amarillo_train_0220.jpg,dataset/positivos/recortes/train/taxi_recorte_train_0220.jpg
taxi_amarillo_train_0221.jpg,taxi_recorte_train_0221.jpg,train,186,1066,1450,629,dataset/positivos/train/taxi_amarillo_train_0221.jpg,dataset/positivos/recortes/train/taxi_recorte_train_0221.jpg
taxi_amarillo_train_0222.jpg,taxi_recorte_train_0222.jpg,train,741,1040,1120,602,dataset/positivos/train/taxi_amarillo_train_0222.jpg,dataset/positivos/recortes/train/taxi_recorte_train_0222.jpg
taxi_amarillo_train_0223.jpg,taxi_recorte_train_0223.jpg,train,522,1530,1456,768,dataset/positivos/train/taxi_amarillo_train_0223.jpg,dataset/positivos/recortes/train/taxi_recorte_train_0223.jpg
taxi_amarillo_train_0224.jpg,taxi_recorte_train_0224.jpg,train,346,1456,954,512,dataset/positivos/train/taxi_amarillo_train_0224.jpg,dataset/positivos/recortes/train/taxi_recorte_train_0224.jpg
taxi_amarillo_train_0225.jpg,taxi_recorte_train_0225.jpg,train,837,1040,1386,512,dataset/positivos/train/taxi_amarillo_train_0225.jpg,dataset/positivos/recortes/train/taxi_recorte_train_0225.jpg
taxi_amarillo_train_0226.jpg,taxi_recorte_train_0226.jpg,train,1045,1333,517,378,dataset/positivos/train/taxi_amarillo_train_0226.jpg,dataset/positivos/recortes/train/taxi_recorte_train_0226.jpg
taxi_amarillo_train_0227.jpg,taxi_recorte_train_0227.jpg,train,426,1845,778,320,dataset/positivos/train/taxi_amarillo_train_0227.jpg,dataset/positivos/recortes/train/taxi_recorte_train_0227.jpg
taxi_amarillo_train_0228.jpg,taxi_recorte_train_0228.jpg,train,672,1317,309,218,dataset/positivos/train/taxi_amarillo_train_0228.jpg,dataset/positivos/recortes/train/taxi_recorte_train_0228.jpg
taxi_amarillo_train_0229.jpg,taxi_recorte_train_0229.jpg,train,608,1285,944,762,dataset/positivos/train/taxi_amarillo_train_0229.jpg,dataset/positivos/recortes/train/taxi_recorte_train_0229.jpg
taxi_amarillo_train_0230.jpg,taxi_recorte_train_0230.jpg,train,944,1413,570,421,dataset/positivos/train/taxi_amarillo_train_0230.jpg,dataset/positivos/recortes/train/taxi_recorte_train_0230.jpg
taxi_amarillo_train_0231.jpg,taxi_recorte_train_0231.jpg,train,0,1274,2213,1029,dataset/positivos/train/taxi_amarillo_train_0231.jpg,dataset/positivos/recortes/train/taxi_recorte_train_0231.jpg
taxi_amarillo_train_0232.jpg,taxi_recorte_train_0232.jpg,train,661,1626,373,266,dataset/positivos/train/taxi_amarillo_train_0232.jpg,dataset/positivos/recortes/train/taxi_recorte_train_0232.jpg
taxi_amarillo_train_0233.jpg,taxi_recorte_train_0233.jpg,train,373,1269,1360,885,dataset/positivos/train/taxi_amarillo_train_0233.jpg,dataset/positivos/recortes/train/taxi_recorte_train_0233.jpg
taxi_amarillo_train_0234.jpg,taxi_recorte_train_0234.jpg,train,645,1322,736,474,dataset/positivos/train/taxi_amarillo_train_0234.jpg,dataset/positivos/recortes/train/taxi_recorte_train_0234.jpg
taxi_amarillo_train_0235.jpg,taxi_recorte_train_0235.jpg,train,474,1178,544,341,dataset/positivos/train/taxi_amarillo_train_0235.jpg,dataset/positivos/recortes/train/taxi_recorte_train_0235.jpg
taxi_amarillo_train_0236.jpg,taxi_recorte_train_0236.jpg,train,288,1418,1285,672,dataset/positivos/train/taxi_amarillo_train_0236.jpg,dataset/positivos/recortes/train/taxi_recorte_train_0236.jpg
taxi_amarillo_train_0237.jpg,taxi_recorte_train_0237.jpg,train,666,805,1578,768,dataset/positivos/train/taxi_amarillo_train_0237.jpg,dataset/positivos/recortes/train/taxi_recorte_train_0237.jpg
taxi_amarillo_train_0238.jpg,taxi_recorte_train_0238.jpg,train,592,1008,661,597,dataset/positivos/train/taxi_amarillo_train_0238.jpg,dataset/positivos/recortes/train/taxi_recorte_train_0238.jpg
taxi_amarillo_train_0239.jpg,taxi_recorte_train_0239.jpg,train,1162,1376,624,389,dataset/positivos/train/taxi_amarillo_train_0239.jpg,dataset/positivos/recortes/train/taxi_recorte_train_0239.jpg
taxi_amarillo_train_0240.jpg,taxi_recorte_train_0240.jpg,train,378,1317,1114,480,dataset/positivos/train/taxi_amarillo_train_0240.jpg,dataset/positivos/recortes/train/taxi_recorte_train_0240.jpg
taxi_amarillo_train_0241.jpg,taxi_recorte_train_0241.jpg,train,794,1434,832,362,dataset/positivos/train/taxi_amarillo_train_0241.jpg,dataset/positivos/recortes/train/taxi_recorte_train_0241.jpg
taxi_amarillo_train_0242.jpg,taxi_recorte_train_0242.jpg,train,373,1301,880,581,dataset/positivos/train/taxi_amarillo_train_0242.jpg,dataset/positivos/recortes/train/taxi_recorte_train_0242.jpg
taxi_amarillo_train_0243.jpg,taxi_recorte_train_0243.jpg,train,944,1178,394,373,dataset/positivos/train/taxi_amarillo_train_0243.jpg,dataset/positivos/recortes/train/taxi_recorte_train_0243.jpg
taxi_amarillo_train_0244.jpg,taxi_recorte_train_0244.jpg,train,677,1493,757,490,dataset/positivos/train/taxi_amarillo_train_0244.jpg,dataset/positivos/recortes/train/taxi_recorte_train_0244.jpg
taxi_amarillo_train_0245.jpg,taxi_recorte_train_0245.jpg,train,330,1397,826,341,dataset/positivos/train/taxi_amarillo_train_0245.jpg,dataset/positivos/recortes/train/taxi_recorte_train_0245.jpg
taxi_amarillo_train_0246.jpg,taxi_recorte_train_0246.jpg,train,186,1525,789,528,dataset/positivos/train/taxi_amarillo_train_0246.jpg,dataset/positivos/recortes/train/taxi_recorte_train_0246.jpg
taxi_amarillo_train_0247.jpg,taxi_recorte_train_0247.jpg,train,208,1333,1584,677,dataset/positivos/train/taxi_amarillo_train_0247.jpg,dataset/positivos/recortes/train/taxi_recorte_train_0247.jpg
taxi_amarillo_train_0248.jpg,taxi_recorte_train_0248.jpg,train,714,1066,1040,698,dataset/positivos/train/taxi_amarillo_train_0248.jpg,dataset/positivos/recortes/train/taxi_recorte_train_0248.jpg
taxi_amarillo_train_0249.jpg,taxi_recorte_train_0249.jpg,train,90,1040,1525,858,dataset/positivos/train/taxi_amarillo_train_0249.jpg,dataset/positivos/recortes/train/taxi_recorte_train_0249.jpg
taxi_amarillo_train_0250.jpg,taxi_recorte_train_0250.jpg,train,917,1296,394,336,dataset/positivos/train/taxi_amarillo_train_0250.jpg,dataset/positivos/recortes/train/taxi_recorte_train_0250.jpg
taxi_amarillo_train_0251.jpg,taxi_recorte_train_0251.jpg,train,1082,1045,1157,885,dataset/positivos/train/taxi_amarillo_train_0251.jpg,dataset/positivos/recortes/train/taxi_recorte_train_0251.jpg
taxi_amarillo_train_0252.jpg,taxi_recorte_train_0252.jpg,train,1125,986,266,277,dataset/positivos/train/taxi_amarillo_train_0252.jpg,dataset/positivos/recortes/train/taxi_recorte_train_0252.jpg
taxi_amarillo_train_0253.jpg,taxi_recorte_train_0253.jpg,train,474,922,1493,661,dataset/positivos/train/taxi_amarillo_train_0253.jpg,dataset/positivos/recortes/train/taxi_recorte_train_0253.jpg
taxi_amarillo_train_0254.jpg,taxi_recorte_train_0254.jpg,train,666,1680,437,608,dataset/positivos/train/taxi_amarillo_train_0254.jpg,dataset/positivos/recortes/train/taxi_recorte_train_0254.jpg
taxi_amarillo_train_0255.jpg,taxi_recorte_train_0255.jpg,train,602,1568,618,426,dataset/positivos/train/taxi_amarillo_train_0255.jpg,dataset/positivos/recortes/train/taxi_recorte_train_0255.jpg
taxi_amarillo_train_0256.jpg,taxi_recorte_train_0256.jpg,train,464,976,597,400,dataset/positivos/train/taxi_amarillo_train_0256.jpg,dataset/positivos/recortes/train/taxi_recorte_train_0256.jpg
taxi_amarillo_train_0257.jpg,taxi_recorte_train_0257.jpg,train,10,458,1226,1029,dataset/positivos/train/taxi_amarillo_train_0257.jpg,dataset/positivos/recortes/train/taxi_recorte_train_0257.jpg
taxi_amarillo_train_0258.jpg,taxi_recorte_train_0258.jpg,train,528,1184,944,597,dataset/positivos/train/taxi_amarillo_train_0258.jpg,dataset/positivos/recortes/train/taxi_recorte_train_0258.jpg
taxi_amarillo_train_0259.jpg,taxi_recorte_train_0259.jpg,train,960,1296,453,373,dataset/positivos/train/taxi_amarillo_train_0259.jpg,dataset/positivos/recortes/train/taxi_recorte_train_0259.jpg
taxi_amarillo_train_0260.jpg,taxi_recorte_train_0260.jpg,train,720,1525,677,581,dataset/positivos/train/taxi_amarillo_train_0260.jpg,dataset/positivos/recortes/train/taxi_recorte_train_0260.jpg
taxi_amarillo_train_0261.jpg,taxi_recorte_train_0261.jpg,train,464,1680,597,277,dataset/positivos/train/taxi_amarillo_train_0261.jpg,dataset/positivos/recortes/train/taxi_recorte_train_0261.jpg
taxi_amarillo_train_0262.jpg,taxi_recorte_train_0262.jpg,train,1104,1200,1114,549,dataset/positivos/train/taxi_amarillo_train_0262.jpg,dataset/positivos/recortes/train/taxi_recorte_train_0262.jpg
taxi_amarillo_train_0263.jpg,taxi_recorte_train_0263.jpg,train,725,890,1008,778,dataset/positivos/train/taxi_amarillo_train_0263.jpg,dataset/positivos/recortes/train/taxi_recorte_train_0263.jpg
taxi_amarillo_train_0264.jpg,taxi_recorte_train_0264.jpg,train,800,1450,789,501,dataset/positivos/train/taxi_amarillo_train_0264.jpg,dataset/positivos/recortes/train/taxi_recorte_train_0264.jpg
taxi_amarillo_train_0265.jpg,taxi_recorte_train_0265.jpg,train,1418,1552,768,416,dataset/positivos/train/taxi_amarillo_train_0265.jpg,dataset/positivos/recortes/train/taxi_recorte_train_0265.jpg
taxi_amarillo_train_0266.jpg,taxi_recorte_train_0266.jpg,train,336,1200,1557,1013,dataset/positivos/train/taxi_amarillo_train_0266.jpg,dataset/positivos/recortes/train/taxi_recorte_train_0266.jpg
taxi_amarillo_train_0267.jpg,taxi_recorte_train_0267.jpg,train,421,1461,1072,576,dataset/positivos/train/taxi_amarillo_train_0267.jpg,dataset/positivos/recortes/train/taxi_recorte_train_0267.jpg
taxi_amarillo_train_0268.jpg,taxi_recorte_train_0268.jpg,train,0,485,2234,2314,dataset/positivos/train/taxi_amarillo_train_0268.jpg,dataset/positivos/recortes/train/taxi_recorte_train_0268.jpg
taxi_amarillo_train_0269.jpg,taxi_recorte_train_0269.jpg,train,762,1386,1221,752,dataset/positivos/train/taxi_amarillo_train_0269.jpg,dataset/positivos/recortes/train/taxi_recorte_train_0269.jpg
taxi_amarillo_train_0270.jpg,taxi_recorte_train_0270.jpg,train,826,1205,496,672,dataset/positivos/train/taxi_amarillo_train_0270.jpg,dataset/positivos/recortes/train/taxi_recorte_train_0270.jpg
taxi_amarillo_train_0271.jpg,taxi_recorte_train_0271.jpg,train,656,1082,400,240,dataset/positivos/train/taxi_amarillo_train_0271.jpg,dataset/positivos/recortes/train/taxi_recorte_train_0271.jpg
taxi_amarillo_train_0272.jpg,taxi_recorte_train_0272.jpg,train,992,709,549,432,dataset/positivos/train/taxi_amarillo_train_0272.jpg,dataset/positivos/recortes/train/taxi_recorte_train_0272.jpg
taxi_amarillo_train_0273.jpg,taxi_recorte_train_0273.jpg,train,0,1168,1877,842,dataset/positivos/train/taxi_amarillo_train_0273.jpg,dataset/positivos/recortes/train/taxi_recorte_train_0273.jpg
taxi_amarillo_train_0274.jpg,taxi_recorte_train_0274.jpg,train,581,1328,1269,789,dataset/positivos/train/taxi_amarillo_train_0274.jpg,dataset/positivos/recortes/train/taxi_recorte_train_0274.jpg
taxi_amarillo_train_0275.jpg,taxi_recorte_train_0275.jpg,train,10,1434,1504,693,dataset/positivos/train/taxi_amarillo_train_0275.jpg,dataset/positivos/recortes/train/taxi_recorte_train_0275.jpg
taxi_amarillo_train_0276.jpg,taxi_recorte_train_0276.jpg,train,394,1440,816,640,dataset/positivos/train/taxi_amarillo_train_0276.jpg,dataset/positivos/recortes/train/taxi_recorte_train_0276.jpg
taxi_amarillo_train_0277.jpg,taxi_recorte_train_0277.jpg,train,1477,1397,437,410,dataset/positivos/train/taxi_amarillo_train_0277.jpg,dataset/positivos/recortes/train/taxi_recorte_train_0277.jpg
taxi_amarillo_train_0278.jpg,taxi_recorte_train_0278.jpg,train,288,1610,1173,501,dataset/positivos/train/taxi_amarillo_train_0278.jpg,dataset/positivos/recortes/train/taxi_recorte_train_0278.jpg
taxi_amarillo_train_0279.jpg,taxi_recorte_train_0279.jpg,train,1045,981,368,501,dataset/positivos/train/taxi_amarillo_train_0279.jpg,dataset/positivos/recortes/train/taxi_recorte_train_0279.jpg
taxi_amarillo_train_0280.jpg,taxi_recorte_train_0280.jpg,train,528,1477,1354,853,dataset/positivos/train/taxi_amarillo_train_0280.jpg,dataset/positivos/recortes/train/taxi_recorte_train_0280.jpg
taxi_amarillo_train_0281.jpg,taxi_recorte_train_0281.jpg,train,389,1370,730,416,dataset/positivos/train/taxi_amarillo_train_0281.jpg,dataset/positivos/recortes/train/taxi_recorte_train_0281.jpg
taxi_amarillo_train_0282.jpg,taxi_recorte_train_0282.jpg,train,928,1354,720,922,dataset/positivos/train/taxi_amarillo_train_0282.jpg,dataset/positivos/recortes/train/taxi_recorte_train_0282.jpg
taxi_amarillo_train_0283.jpg,taxi_recorte_train_0283.jpg,train,0,1349,1861,1109,dataset/positivos/train/taxi_amarillo_train_0283.jpg,dataset/positivos/recortes/train/taxi_recorte_train_0283.jpg
taxi_amarillo_train_0284.jpg,taxi_recorte_train_0284.jpg,train,0,1248,1088,512,dataset/positivos/train/taxi_amarillo_train_0284.jpg,dataset/positivos/recortes/train/taxi_recorte_train_0284.jpg
taxi_amarillo_train_0285.jpg,taxi_recorte_train_0285.jpg,train,202,1461,1152,453,dataset/positivos/train/taxi_amarillo_train_0285.jpg,dataset/positivos/recortes/train/taxi_recorte_train_0285.jpg
taxi_amarillo_train_0286.jpg,taxi_recorte_train_0286.jpg,train,528,890,1712,938,dataset/positivos/train/taxi_amarillo_train_0286.jpg,dataset/positivos/recortes/train/taxi_recorte_train_0286.jpg
taxi_amarillo_train_0287.jpg,taxi_recorte_train_0287.jpg,train,933,1472,709,309,dataset/positivos/train/taxi_amarillo_train_0287.jpg,dataset/positivos/recortes/train/taxi_recorte_train_0287.jpg
taxi_amarillo_train_0288.jpg,taxi_recorte_train_0288.jpg,train,490,880,1728,837,dataset/positivos/train/taxi_amarillo_train_0288.jpg,dataset/positivos/recortes/train/taxi_recorte_train_0288.jpg
taxi_amarillo_train_0289.jpg,taxi_recorte_train_0289.jpg,train,698,1269,837,549,dataset/positivos/train/taxi_amarillo_train_0289.jpg,dataset/positivos/recortes/train/taxi_recorte_train_0289.jpg
taxi_amarillo_train_0290.jpg,taxi_recorte_train_0290.jpg,train,1034,1530,602,464,dataset/positivos/train/taxi_amarillo_train_0290.jpg,dataset/positivos/recortes/train/taxi_recorte_train_0290.jpg
taxi_amarillo_train_0291.jpg,taxi_recorte_train_0291.jpg,train,384,1141,1472,938,dataset/positivos/train/taxi_amarillo_train_0291.jpg,dataset/positivos/recortes/train/taxi_recorte_train_0291.jpg
taxi_amarillo_train_0292.jpg,taxi_recorte_train_0292.jpg,train,208,1317,890,453,dataset/positivos/train/taxi_amarillo_train_0292.jpg,dataset/positivos/recortes/train/taxi_recorte_train_0292.jpg
taxi_amarillo_train_0293.jpg,taxi_recorte_train_0293.jpg,train,618,1584,298,234,dataset/positivos/train/taxi_amarillo_train_0293.jpg,dataset/positivos/recortes/train/taxi_recorte_train_0293.jpg
taxi_amarillo_train_0294.jpg,taxi_recorte_train_0294.jpg,train,176,1285,741,416,dataset/positivos/train/taxi_amarillo_train_0294.jpg,dataset/positivos/recortes/train/taxi_recorte_train_0294.jpg
taxi_amarillo_train_0295.jpg,taxi_recorte_train_0295.jpg,train,576,1472,906,538,dataset/positivos/train/taxi_amarillo_train_0295.jpg,dataset/positivos/recortes/train/taxi_recorte_train_0295.jpg
taxi_amarillo_train_0296.jpg,taxi_recorte_train_0296.jpg,train,421,1434,698,314,dataset/positivos/train/taxi_amarillo_train_0296.jpg,dataset/positivos/recortes/train/taxi_recorte_train_0296.jpg
taxi_amarillo_train_0297.jpg,taxi_recorte_train_0297.jpg,train,864,1466,688,352,dataset/positivos/train/taxi_amarillo_train_0297.jpg,dataset/positivos/recortes/train/taxi_recorte_train_0297.jpg
taxi_amarillo_train_0298.jpg,taxi_recorte_train_0298.jpg,train,944,1200,720,330,dataset/positivos/train/taxi_amarillo_train_0298.jpg,dataset/positivos/recortes/train/taxi_recorte_train_0298.jpg
taxi_amarillo_train_0299.jpg,taxi_recorte_train_0299.jpg,train,1184,1482,256,181,dataset/positivos/train/taxi_amarillo_train_0299.jpg,dataset/positivos/recortes/train/taxi_recorte_train_0299.jpg
taxi_amarillo_train_0300.jpg,taxi_recorte_train_0300.jpg,train,581,1509,794,389,dataset/positivos/train/taxi_amarillo_train_0300.jpg,dataset/positivos/recortes/train/taxi_recorte_train_0300.jpg
taxi_amarillo_train_0301.jpg,taxi_recorte_train_0301.jpg,train,869,1466,1210,565,dataset/positivos/train/taxi_amarillo_train_0301.jpg,dataset/positivos/recortes/train/taxi_recorte_train_0301.jpg
taxi_amarillo_train_0302.jpg,taxi_recorte_train_0302.jpg,train,234,1242,1317,672,dataset/positivos/train/taxi_amarillo_train_0302.jpg,dataset/positivos/recortes/train/taxi_recorte_train_0302.jpg
taxi_amarillo_train_0303.jpg,taxi_recorte_train_0303.jpg,train,1392,1200,432,314,dataset/positivos/train/taxi_amarillo_train_0303.jpg,dataset/positivos/recortes/train/taxi_recorte_train_0303.jpg
taxi_amarillo_train_0304.jpg,taxi_recorte_train_0304.jpg,train,512,1552,442,272,dataset/positivos/train/taxi_amarillo_train_0304.jpg,dataset/positivos/recortes/train/taxi_recorte_train_0304.jpg
taxi_amarillo_train_0305.jpg,taxi_recorte_train_0305.jpg,train,58,1072,960,602,dataset/positivos/train/taxi_amarillo_train_0305.jpg,dataset/positivos/recortes/train/taxi_recorte_train_0305.jpg
taxi_amarillo_train_0306.jpg,taxi_recorte_train_0306.jpg,train,853,1018,576,490,dataset/positivos/train/taxi_amarillo_train_0306.jpg,dataset/positivos/recortes/train/taxi_recorte_train_0306.jpg
taxi_amarillo_train_0307.jpg,taxi_recorte_train_0307.jpg,train,74,880,2154,1520,dataset/positivos/train/taxi_amarillo_train_0307.jpg,dataset/positivos/recortes/train/taxi_recorte_train_0307.jpg
taxi_amarillo_train_0308.jpg,taxi_recorte_train_0308.jpg,train,442,1248,1002,762,dataset/positivos/train/taxi_amarillo_train_0308.jpg,dataset/positivos/recortes/train/taxi_recorte_train_0308.jpg
taxi_amarillo_train_0309.jpg,taxi_recorte_train_0309.jpg,train,288,901,1013,480,dataset/positivos/train/taxi_amarillo_train_0309.jpg,dataset/positivos/recortes/train/taxi_recorte_train_0309.jpg
taxi_amarillo_train_0310.jpg,taxi_recorte_train_0310.jpg,train,224,1488,949,560,dataset/positivos/train/taxi_amarillo_train_0310.jpg,dataset/positivos/recortes/train/taxi_recorte_train_0310.jpg
taxi_amarillo_train_0311.jpg,taxi_recorte_train_0311.jpg,train,714,981,1360,565,dataset/positivos/train/taxi_amarillo_train_0311.jpg,dataset/positivos/recortes/train/taxi_recorte_train_0311.jpg
taxi_amarillo_train_0312.jpg,taxi_recorte_train_0312.jpg,train,250,1472,1216,517,dataset/positivos/train/taxi_amarillo_train_0312.jpg,dataset/positivos/recortes/train/taxi_recorte_train_0312.jpg
taxi_amarillo_train_0313.jpg,taxi_recorte_train_0313.jpg,train,618,1402,496,272,dataset/positivos/train/taxi_amarillo_train_0313.jpg,dataset/positivos/recortes/train/taxi_recorte_train_0313.jpg
taxi_amarillo_train_0314.jpg,taxi_recorte_train_0314.jpg,train,725,1573,1221,517,dataset/positivos/train/taxi_amarillo_train_0314.jpg,dataset/positivos/recortes/train/taxi_recorte_train_0314.jpg
taxi_amarillo_train_0315.jpg,taxi_recorte_train_0315.jpg,train,618,1232,789,426,dataset/positivos/train/taxi_amarillo_train_0315.jpg,dataset/positivos/recortes/train/taxi_recorte_train_0315.jpg
taxi_amarillo_train_0316.jpg,taxi_recorte_train_0316.jpg,train,117,1429,1568,789,dataset/positivos/train/taxi_amarillo_train_0316.jpg,dataset/positivos/recortes/train/taxi_recorte_train_0316.jpg
taxi_amarillo_train_0317.jpg,taxi_recorte_train_0317.jpg,train,800,1210,442,341,dataset/positivos/train/taxi_amarillo_train_0317.jpg,dataset/positivos/recortes/train/taxi_recorte_train_0317.jpg
taxi_amarillo_train_0318.jpg,taxi_recorte_train_0318.jpg,train,800,1429,741,453,dataset/positivos/train/taxi_amarillo_train_0318.jpg,dataset/positivos/recortes/train/taxi_recorte_train_0318.jpg
taxi_amarillo_train_0319.jpg,taxi_recorte_train_0319.jpg,train,229,1077,1562,965,dataset/positivos/train/taxi_amarillo_train_0319.jpg,dataset/positivos/recortes/train/taxi_recorte_train_0319.jpg
taxi_amarillo_train_0320.jpg,taxi_recorte_train_0320.jpg,train,272,1280,1445,730,dataset/positivos/train/taxi_amarillo_train_0320.jpg,dataset/positivos/recortes/train/taxi_recorte_train_0320.jpg
taxi_amarillo_train_0321.jpg,taxi_recorte_train_0321.jpg,train,517,885,1168,608,dataset/positivos/train/taxi_amarillo_train_0321.jpg,dataset/positivos/recortes/train/taxi_recorte_train_0321.jpg
taxi_amarillo_train_0322.jpg,taxi_recorte_train_0322.jpg,train,1200,1365,437,410,dataset/positivos/train/taxi_amarillo_train_0322.jpg,dataset/positivos/recortes/train/taxi_recorte_train_0322.jpg
taxi_amarillo_train_0323.jpg,taxi_recorte_train_0323.jpg,train,266,1114,1418,672,dataset/positivos/train/taxi_amarillo_train_0323.jpg,dataset/positivos/recortes/train/taxi_recorte_train_0323.jpg
taxi_amarillo_train_0324.jpg,taxi_recorte_train_0324.jpg,train,922,981,618,394,dataset/positivos/train/taxi_amarillo_train_0324.jpg,dataset/positivos/recortes/train/taxi_recorte_train_0324.jpg
taxi_amarillo_train_0325.jpg,taxi_recorte_train_0325.jpg,train,1194,1157,186,213,dataset/positivos/train/taxi_amarillo_train_0325.jpg,dataset/positivos/recortes/train/taxi_recorte_train_0325.jpg
taxi_amarillo_train_0326.jpg,taxi_recorte_train_0326.jpg,train,16,677,1888,1136,dataset/positivos/train/taxi_amarillo_train_0326.jpg,dataset/positivos/recortes/train/taxi_recorte_train_0326.jpg
taxi_amarillo_train_0327.jpg,taxi_recorte_train_0327.jpg,train,698,1888,378,197,dataset/positivos/train/taxi_amarillo_train_0327.jpg,dataset/positivos/recortes/train/taxi_recorte_train_0327.jpg
taxi_amarillo_train_0328.jpg,taxi_recorte_train_0328.jpg,train,773,1173,1050,474,dataset/positivos/train/taxi_amarillo_train_0328.jpg,dataset/positivos/recortes/train/taxi_recorte_train_0328.jpg
taxi_amarillo_train_0329.jpg,taxi_recorte_train_0329.jpg,train,1013,453,229,304,dataset/positivos/train/taxi_amarillo_train_0329.jpg,dataset/positivos/recortes/train/taxi_recorte_train_0329.jpg
taxi_amarillo_train_0330.jpg,taxi_recorte_train_0330.jpg,train,21,853,1338,949,dataset/positivos/train/taxi_amarillo_train_0330.jpg,dataset/positivos/recortes/train/taxi_recorte_train_0330.jpg
taxi_amarillo_train_0331.jpg,taxi_recorte_train_0331.jpg,train,1445,1141,762,410,dataset/positivos/train/taxi_amarillo_train_0331.jpg,dataset/positivos/recortes/train/taxi_recorte_train_0331.jpg
taxi_amarillo_train_0332.jpg,taxi_recorte_train_0332.jpg,train,538,1338,677,576,dataset/positivos/train/taxi_amarillo_train_0332.jpg,dataset/positivos/recortes/train/taxi_recorte_train_0332.jpg
taxi_amarillo_train_0333.jpg,taxi_recorte_train_0333.jpg,train,261,1109,1205,538,dataset/positivos/train/taxi_amarillo_train_0333.jpg,dataset/positivos/recortes/train/taxi_recorte_train_0333.jpg
taxi_amarillo_train_0334.jpg,taxi_recorte_train_0334.jpg,train,426,1541,1077,474,dataset/positivos/train/taxi_amarillo_train_0334.jpg,dataset/positivos/recortes/train/taxi_recorte_train_0334.jpg
taxi_amarillo_train_0335.jpg,taxi_recorte_train_0335.jpg,train,288,1232,1397,789,dataset/positivos/train/taxi_amarillo_train_0335.jpg,dataset/positivos/recortes/train/taxi_recorte_train_0335.jpg
taxi_amarillo_train_0336.jpg,taxi_recorte_train_0336.jpg,train,240,1013,629,410,dataset/positivos/train/taxi_amarillo_train_0336.jpg,dataset/positivos/recortes/train/taxi_recorte_train_0336.jpg
taxi_amarillo_train_0337.jpg,taxi_recorte_train_0337.jpg,train,453,682,1205,496,dataset/positivos/train/taxi_amarillo_train_0337.jpg,dataset/positivos/recortes/train/taxi_recorte_train_0337.jpg
taxi_amarillo_train_0338.jpg,taxi_recorte_train_0338.jpg,train,5,837,1605,714,dataset/positivos/train/taxi_amarillo_train_0338.jpg,dataset/positivos/recortes/train/taxi_recorte_train_0338.jpg
taxi_amarillo_train_0339.jpg,taxi_recorte_train_0339.jpg,train,202,1066,1770,736,dataset/positivos/train/taxi_amarillo_train_0339.jpg,dataset/positivos/recortes/train/taxi_recorte_train_0339.jpg
taxi_amarillo_train_0340.jpg,taxi_recorte_train_0340.jpg,train,346,1642,1834,1429,dataset/positivos/train/taxi_amarillo_train_0340.jpg,dataset/positivos/recortes/train/taxi_recorte_train_0340.jpg
taxi_amarillo_train_0341.jpg,taxi_recorte_train_0341.jpg,train,362,1472,1413,816,dataset/positivos/train/taxi_amarillo_train_0341.jpg,dataset/positivos/recortes/train/taxi_recorte_train_0341.jpg
taxi_amarillo_train_0342.jpg,taxi_recorte_train_0342.jpg,train,0,693,1728,826,dataset/positivos/train/taxi_amarillo_train_0342.jpg,dataset/positivos/recortes/train/taxi_recorte_train_0342.jpg
taxi_amarillo_train_0343.jpg,taxi_recorte_train_0343.jpg,train,48,1194,1818,890,dataset/positivos/train/taxi_amarillo_train_0343.jpg,dataset/positivos/recortes/train/taxi_recorte_train_0343.jpg
taxi_amarillo_train_0344.jpg,taxi_recorte_train_0344.jpg,train,0,917,1770,746,dataset/positivos/train/taxi_amarillo_train_0344.jpg,dataset/positivos/recortes/train/taxi_recorte_train_0344.jpg
taxi_amarillo_train_0345.jpg,taxi_recorte_train_0345.jpg,train,0,1226,1274,613,dataset/positivos/train/taxi_amarillo_train_0345.jpg,dataset/positivos/recortes/train/taxi_recorte_train_0345.jpg
taxi_amarillo_train_0346.jpg,taxi_recorte_train_0346.jpg,train,1109,1744,426,208,dataset/positivos/train/taxi_amarillo_train_0346.jpg,dataset/positivos/recortes/train/taxi_recorte_train_0346.jpg
taxi_amarillo_train_0347.jpg,taxi_recorte_train_0347.jpg,train,106,1296,1456,672,dataset/positivos/train/taxi_amarillo_train_0347.jpg,dataset/positivos/recortes/train/taxi_recorte_train_0347.jpg
taxi_amarillo_train_0348.jpg,taxi_recorte_train_0348.jpg,train,570,1664,1114,480,dataset/positivos/train/taxi_amarillo_train_0348.jpg,dataset/positivos/recortes/train/taxi_recorte_train_0348.jpg
taxi_amarillo_train_0349.jpg,taxi_recorte_train_0349.jpg,train,53,1226,1322,858,dataset/positivos/train/taxi_amarillo_train_0349.jpg,dataset/positivos/recortes/train/taxi_recorte_train_0349.jpg
taxi_amarillo_train_0350.jpg,taxi_recorte_train_0350.jpg,train,90,1104,2128,1178,dataset/positivos/train/taxi_amarillo_train_0350.jpg,dataset/positivos/recortes/train/taxi_recorte_train_0350.jpg
taxi_amarillo_train_0351.jpg,taxi_recorte_train_0351.jpg,train,309,1360,1317,538,dataset/positivos/train/taxi_amarillo_train_0351.jpg,dataset/positivos/recortes/train/taxi_recorte_train_0351.jpg
taxi_amarillo_train_0352.jpg,taxi_recorte_train_0352.jpg,train,261,1594,794,528,dataset/positivos/train/taxi_amarillo_train_0352.jpg,dataset/positivos/recortes/train/taxi_recorte_train_0352.jpg
taxi_amarillo_train_0353.jpg,taxi_recorte_train_0353.jpg,train,725,1621,613,314,dataset/positivos/train/taxi_amarillo_train_0353.jpg,dataset/positivos/recortes/train/taxi_recorte_train_0353.jpg
taxi_amarillo_train_0354.jpg,taxi_recorte_train_0354.jpg,train,10,570,1120,912,dataset/positivos/train/taxi_amarillo_train_0354.jpg,dataset/positivos/recortes/train/taxi_recorte_train_0354.jpg
taxi_amarillo_train_0355.jpg,taxi_recorte_train_0355.jpg,train,1546,1210,469,330,dataset/positivos/train/taxi_amarillo_train_0355.jpg,dataset/positivos/recortes/train/taxi_recorte_train_0355.jpg
taxi_amarillo_train_0356.jpg,taxi_recorte_train_0356.jpg,train,1152,1290,1056,517,dataset/positivos/train/taxi_amarillo_train_0356.jpg,dataset/positivos/recortes/train/taxi_recorte_train_0356.jpg
taxi_amarillo_train_0357.jpg,taxi_recorte_train_0357.jpg,train,960,1066,341,272,dataset/positivos/train/taxi_amarillo_train_0357.jpg,dataset/positivos/recortes/train/taxi_recorte_train_0357.jpg
taxi_amarillo_train_0358.jpg,taxi_recorte_train_0358.jpg,train,186,1525,1962,922,dataset/positivos/train/taxi_amarillo_train_0358.jpg,dataset/positivos/recortes/train/taxi_recorte_train_0358.jpg
taxi_amarillo_train_0359.jpg,taxi_recorte_train_0359.jpg,train,816,1733,832,362,dataset/positivos/train/taxi_amarillo_train_0359.jpg,dataset/positivos/recortes/train/taxi_recorte_train_0359.jpg
taxi_amarillo_train_0360.jpg,taxi_recorte_train_0360.jpg,train,101,682,1594,720,dataset/positivos/train/taxi_amarillo_train_0360.jpg,dataset/positivos/recortes/train/taxi_recorte_train_0360.jpg
taxi_amarillo_train_0361.jpg,taxi_recorte_train_0361.jpg,train,512,1488,597,384,dataset/positivos/train/taxi_amarillo_train_0361.jpg,dataset/positivos/recortes/train/taxi_recorte_train_0361.jpg
taxi_amarillo_train_0362.jpg,taxi_recorte_train_0362.jpg,train,138,917,1328,885,dataset/positivos/train/taxi_amarillo_train_0362.jpg,dataset/positivos/recortes/train/taxi_recorte_train_0362.jpg
taxi_amarillo_train_0363.jpg,taxi_recorte_train_0363.jpg,train,933,645,1152,458,dataset/positivos/train/taxi_amarillo_train_0363.jpg,dataset/positivos/recortes/train/taxi_recorte_train_0363.jpg
taxi_amarillo_train_0364.jpg,taxi_recorte_train_0364.jpg,train,592,1098,672,469,dataset/positivos/train/taxi_amarillo_train_0364.jpg,dataset/positivos/recortes/train/taxi_recorte_train_0364.jpg
taxi_amarillo_train_0365.jpg,taxi_recorte_train_0365.jpg,train,485,1269,1136,826,dataset/positivos/train/taxi_amarillo_train_0365.jpg,dataset/positivos/recortes/train/taxi_recorte_train_0365.jpg
taxi_amarillo_train_0366.jpg,taxi_recorte_train_0366.jpg,train,245,853,997,736,dataset/positivos/train/taxi_amarillo_train_0366.jpg,dataset/positivos/recortes/train/taxi_recorte_train_0366.jpg
taxi_amarillo_train_0367.jpg,taxi_recorte_train_0367.jpg,train,597,1530,677,448,dataset/positivos/train/taxi_amarillo_train_0367.jpg,dataset/positivos/recortes/train/taxi_recorte_train_0367.jpg
taxi_amarillo_train_0368.jpg,taxi_recorte_train_0368.jpg,train,176,1402,688,320,dataset/positivos/train/taxi_amarillo_train_0368.jpg,dataset/positivos/recortes/train/taxi_recorte_train_0368.jpg
taxi_amarillo_train_0369.jpg,taxi_recorte_train_0369.jpg,train,162,926,1074,480,dataset/positivos/train/taxi_amarillo_train_0369.jpg,dataset/positivos/recortes/train/taxi_recorte_train_0369.jpg
taxi_amarillo_train_0370.jpg,taxi_recorte_train_0370.jpg,train,640,1488,1424,656,dataset/positivos/train/taxi_amarillo_train_0370.jpg,dataset/positivos/recortes/train/taxi_recorte_train_0370.jpg
taxi_amarillo_train_0371.jpg,taxi_recorte_train_0371.jpg,train,560,1525,522,309,dataset/positivos/train/taxi_amarillo_train_0371.jpg,dataset/positivos/recortes/train/taxi_recorte_train_0371.jpg
taxi_amarillo_train_0372.jpg,taxi_recorte_train_0372.jpg,train,410,1520,1098,469,dataset/positivos/train/taxi_amarillo_train_0372.jpg,dataset/positivos/recortes/train/taxi_recorte_train_0372.jpg
taxi_amarillo_train_0373.jpg,taxi_recorte_train_0373.jpg,train,480,1434,1333,853,dataset/positivos/train/taxi_amarillo_train_0373.jpg,dataset/positivos/recortes/train/taxi_recorte_train_0373.jpg
taxi_amarillo_train_0374.jpg,taxi_recorte_train_0374.jpg,train,112,1136,1482,874,dataset/positivos/train/taxi_amarillo_train_0374.jpg,dataset/positivos/recortes/train/taxi_recorte_train_0374.jpg
taxi_amarillo_train_0375.jpg,taxi_recorte_train_0375.jpg,train,501,1280,928,426,dataset/positivos/train/taxi_amarillo_train_0375.jpg,dataset/positivos/recortes/train/taxi_recorte_train_0375.jpg
taxi_amarillo_train_0376.jpg,taxi_recorte_train_0376.jpg,train,469,1632,432,197,dataset/positivos/train/taxi_amarillo_train_0376.jpg,dataset/positivos/recortes/train/taxi_recorte_train_0376.jpg
taxi_amarillo_train_0377.jpg,taxi_recorte_train_0377.jpg,train,560,1157,1312,586,dataset/positivos/train/taxi_amarillo_train_0377.jpg,dataset/positivos/recortes/train/taxi_recorte_train_0377.jpg
taxi_amarillo_train_0378.jpg,taxi_recorte_train_0378.jpg,train,293,1397,1760,848,dataset/positivos/train/taxi_amarillo_train_0378.jpg,dataset/positivos/recortes/train/taxi_recorte_train_0378.jpg
taxi_amarillo_train_0379.jpg,taxi_recorte_train_0379.jpg,train,1045,1381,517,357,dataset/positivos/train/taxi_amarillo_train_0379.jpg,dataset/positivos/recortes/train/taxi_recorte_train_0379.jpg
taxi_amarillo_train_0380.jpg,taxi_recorte_train_0380.jpg,train,922,1466,672,533,dataset/positivos/train/taxi_amarillo_train_0380.jpg,dataset/positivos/recortes/train/taxi_recorte_train_0380.jpg
taxi_amarillo_train_0381.jpg,taxi_recorte_train_0381.jpg,train,330,1114,1541,906,dataset/positivos/train/taxi_amarillo_train_0381.jpg,dataset/positivos/recortes/train/taxi_recorte_train_0381.jpg
taxi_amarillo_train_0382.jpg,taxi_recorte_train_0382.jpg,train,101,1280,1898,725,dataset/positivos/train/taxi_amarillo_train_0382.jpg,dataset/positivos/recortes/train/taxi_recorte_train_0382.jpg
taxi_amarillo_train_0383.jpg,taxi_recorte_train_0383.jpg,train,896,1413,512,490,dataset/positivos/train/taxi_amarillo_train_0383.jpg,dataset/positivos/recortes/train/taxi_recorte_train_0383.jpg
taxi_amarillo_train_0384.jpg,taxi_recorte_train_0384.jpg,train,576,1440,618,602,dataset/positivos/train/taxi_amarillo_train_0384.jpg,dataset/positivos/recortes/train/taxi_recorte_train_0384.jpg
taxi_amarillo_train_0385.jpg,taxi_recorte_train_0385.jpg,train,5,1413,853,389,dataset/positivos/train/taxi_amarillo_train_0385.jpg,dataset/positivos/recortes/train/taxi_recorte_train_0385.jpg
taxi_amarillo_train_0386.jpg,taxi_recorte_train_0386.jpg,train,394,906,368,293,dataset/positivos/train/taxi_amarillo_train_0386.jpg,dataset/positivos/recortes/train/taxi_recorte_train_0386.jpg
taxi_amarillo_train_0387.jpg,taxi_recorte_train_0387.jpg,train,5,1008,1818,1024,dataset/positivos/train/taxi_amarillo_train_0387.jpg,dataset/positivos/recortes/train/taxi_recorte_train_0387.jpg
taxi_amarillo_train_0388.jpg,taxi_recorte_train_0388.jpg,train,298,1386,1504,688,dataset/positivos/train/taxi_amarillo_train_0388.jpg,dataset/positivos/recortes/train/taxi_recorte_train_0388.jpg
taxi_amarillo_train_0389.jpg,taxi_recorte_train_0389.jpg,train,133,1061,1754,901,dataset/positivos/train/taxi_amarillo_train_0389.jpg,dataset/positivos/recortes/train/taxi_recorte_train_0389.jpg
taxi_amarillo_train_0390.jpg,taxi_recorte_train_0390.jpg,train,922,1424,901,410,dataset/positivos/train/taxi_amarillo_train_0390.jpg,dataset/positivos/recortes/train/taxi_recorte_train_0390.jpg
taxi_amarillo_train_0391.jpg,taxi_recorte_train_0391.jpg,train,1632,842,421,245,dataset/positivos/train/taxi_amarillo_train_0391.jpg,dataset/positivos/recortes/train/taxi_recorte_train_0391.jpg
taxi_amarillo_train_0392.jpg,taxi_recorte_train_0392.jpg,train,245,1114,1898,890,dataset/positivos/train/taxi_amarillo_train_0392.jpg,dataset/positivos/recortes/train/taxi_recorte_train_0392.jpg
taxi_amarillo_train_0393.jpg,taxi_recorte_train_0393.jpg,train,576,1168,1109,528,dataset/positivos/train/taxi_amarillo_train_0393.jpg,dataset/positivos/recortes/train/taxi_recorte_train_0393.jpg
taxi_amarillo_train_0394.jpg,taxi_recorte_train_0394.jpg,train,506,1472,1434,602,dataset/positivos/train/taxi_amarillo_train_0394.jpg,dataset/positivos/recortes/train/taxi_recorte_train_0394.jpg
taxi_amarillo_train_0395.jpg,taxi_recorte_train_0395.jpg,train,10,1040,2213,1349,dataset/positivos/train/taxi_amarillo_train_0395.jpg,dataset/positivos/recortes/train/taxi_recorte_train_0395.jpg
taxi_amarillo_train_0396.jpg,taxi_recorte_train_0396.jpg,train,512,1290,1194,501,dataset/positivos/train/taxi_amarillo_train_0396.jpg,dataset/positivos/recortes/train/taxi_recorte_train_0396.jpg
taxi_amarillo_train_0397.jpg,taxi_recorte_train_0397.jpg,train,5,906,1333,698,dataset/positivos/train/taxi_amarillo_train_0397.jpg,dataset/positivos/recortes/train/taxi_recorte_train_0397.jpg
taxi_amarillo_train_0398.jpg,taxi_recorte_train_0398.jpg,train,282,853,1136,949,dataset/positivos/train/taxi_amarillo_train_0398.jpg,dataset/positivos/recortes/train/taxi_recorte_train_0398.jpg
taxi_amarillo_train_0399.jpg,taxi_recorte_train_0399.jpg,train,773,1541,661,789,dataset/positivos/train/taxi_amarillo_train_0399.jpg,dataset/positivos/recortes/train/taxi_recorte_train_0399.jpg
taxi_amarillo_train_0400.jpg,taxi_recorte_train_0400.jpg,train,122,1008,1162,432,dataset/positivos/train/taxi_amarillo_train_0400.jpg,dataset/positivos/recortes/train/taxi_recorte_train_0400.jpg
taxi_amarillo_train_0401.jpg,taxi_recorte_train_0401.jpg,train,69,1333,1157,762,dataset/positivos/train/taxi_amarillo_train_0401.jpg,dataset/positivos/recortes/train/taxi_recorte_train_0401.jpg
taxi_amarillo_train_0402.jpg,taxi_recorte_train_0402.jpg,train,613,1509,405,426,dataset/positivos/train/taxi_amarillo_train_0402.jpg,dataset/positivos/recortes/train/taxi_recorte_train_0402.jpg
taxi_amarillo_train_0403.jpg,taxi_recorte_train_0403.jpg,train,176,1488,2016,1093,dataset/positivos/train/taxi_amarillo_train_0403.jpg,dataset/positivos/recortes/train/taxi_recorte_train_0403.jpg
taxi_amarillo_train_0404.jpg,taxi_recorte_train_0404.jpg,train,730,1232,1136,474,dataset/positivos/train/taxi_amarillo_train_0404.jpg,dataset/positivos/recortes/train/taxi_recorte_train_0404.jpg
taxi_amarillo_train_0405.jpg,taxi_recorte_train_0405.jpg,train,389,1269,1200,485,dataset/positivos/train/taxi_amarillo_train_0405.jpg,dataset/positivos/recortes/train/taxi_recorte_train_0405.jpg
taxi_amarillo_train_0406.jpg,taxi_recorte_train_0406.jpg,train,949,1216,997,586,dataset/positivos/train/taxi_amarillo_train_0406.jpg,dataset/positivos/recortes/train/taxi_recorte_train_0406.jpg
taxi_amarillo_train_0407.jpg,taxi_recorte_train_0407.jpg,train,250,1258,1994,848,dataset/positivos/train/taxi_amarillo_train_0407.jpg,dataset/positivos/recortes/train/taxi_recorte_train_0407.jpg
taxi_amarillo_train_0408.jpg,taxi_recorte_train_0408.jpg,train,773,736,1472,1157,dataset/positivos/train/taxi_amarillo_train_0408.jpg,dataset/positivos/recortes/train/taxi_recorte_train_0408.jpg
taxi_amarillo_train_0409.jpg,taxi_recorte_train_0409.jpg,train,464,1226,741,613,dataset/positivos/train/taxi_amarillo_train_0409.jpg,dataset/positivos/recortes/train/taxi_recorte_train_0409.jpg
taxi_amarillo_train_0410.jpg,taxi_recorte_train_0410.jpg,train,736,1392,853,373,dataset/positivos/train/taxi_amarillo_train_0410.jpg,dataset/positivos/recortes/train/taxi_recorte_train_0410.jpg
taxi_amarillo_train_0411.jpg,taxi_recorte_train_0411.jpg,train,592,890,533,400,dataset/positivos/train/taxi_amarillo_train_0411.jpg,dataset/positivos/recortes/train/taxi_recorte_train_0411.jpg
taxi_amarillo_train_0412.jpg,taxi_recorte_train_0412.jpg,train,485,736,944,485,dataset/positivos/train/taxi_amarillo_train_0412.jpg,dataset/positivos/recortes/train/taxi_recorte_train_0412.jpg
taxi_amarillo_train_0413.jpg,taxi_recorte_train_0413.jpg,train,336,1322,1637,698,dataset/positivos/train/taxi_amarillo_train_0413.jpg,dataset/positivos/recortes/train/taxi_recorte_train_0413.jpg
taxi_amarillo_train_0414.jpg,taxi_recorte_train_0414.jpg,train,805,1013,1210,762,dataset/positivos/train/taxi_amarillo_train_0414.jpg,dataset/positivos/recortes/train/taxi_recorte_train_0414.jpg
taxi_amarillo_train_0415.jpg,taxi_recorte_train_0415.jpg,train,432,1285,501,368,dataset/positivos/train/taxi_amarillo_train_0415.jpg,dataset/positivos/recortes/train/taxi_recorte_train_0415.jpg
taxi_amarillo_train_0416.jpg,taxi_recorte_train_0416.jpg,train,522,1504,1178,560,dataset/positivos/train/taxi_amarillo_train_0416.jpg,dataset/positivos/recortes/train/taxi_recorte_train_0416.jpg
taxi_amarillo_train_0417.jpg,taxi_recorte_train_0417.jpg,train,554,1472,602,352,dataset/positivos/train/taxi_amarillo_train_0417.jpg,dataset/positivos/recortes/train/taxi_recorte_train_0417.jpg
taxi_amarillo_train_0418.jpg,taxi_recorte_train_0418.jpg,train,1152,1504,1082,538,dataset/positivos/train/taxi_amarillo_train_0418.jpg,dataset/positivos/recortes/train/taxi_recorte_train_0418.jpg
taxi_amarillo_train_0419.jpg,taxi_recorte_train_0419.jpg,train,368,1269,906,448,dataset/positivos/train/taxi_amarillo_train_0419.jpg,dataset/positivos/recortes/train/taxi_recorte_train_0419.jpg
taxi_amarillo_train_0420.jpg,taxi_recorte_train_0420.jpg,train,181,709,560,464,dataset/positivos/train/taxi_amarillo_train_0420.jpg,dataset/positivos/recortes/train/taxi_recorte_train_0420.jpg
taxi_amarillo_train_0421.jpg,taxi_recorte_train_0421.jpg,train,1040,805,682,784,dataset/positivos/train/taxi_amarillo_train_0421.jpg,dataset/positivos/recortes/train/taxi_recorte_train_0421.jpg
taxi_amarillo_train_0422.jpg,taxi_recorte_train_0422.jpg,train,506,1418,864,373,dataset/positivos/train/taxi_amarillo_train_0422.jpg,dataset/positivos/recortes/train/taxi_recorte_train_0422.jpg
taxi_amarillo_train_0423.jpg,taxi_recorte_train_0423.jpg,train,1034,1290,373,256,dataset/positivos/train/taxi_amarillo_train_0423.jpg,dataset/positivos/recortes/train/taxi_recorte_train_0423.jpg
taxi_amarillo_train_0424.jpg,taxi_recorte_train_0424.jpg,train,757,1365,762,496,dataset/positivos/train/taxi_amarillo_train_0424.jpg,dataset/positivos/recortes/train/taxi_recorte_train_0424.jpg
taxi_amarillo_train_0425.jpg,taxi_recorte_train_0425.jpg,train,122,1386,1477,746,dataset/positivos/train/taxi_amarillo_train_0425.jpg,dataset/positivos/recortes/train/taxi_recorte_train_0425.jpg
taxi_amarillo_train_0426.jpg,taxi_recorte_train_0426.jpg,train,16,1178,1584,997,dataset/positivos/train/taxi_amarillo_train_0426.jpg,dataset/positivos/recortes/train/taxi_recorte_train_0426.jpg
taxi_amarillo_train_0427.jpg,taxi_recorte_train_0427.jpg,train,1136,1386,298,197,dataset/positivos/train/taxi_amarillo_train_0427.jpg,dataset/positivos/recortes/train/taxi_recorte_train_0427.jpg
taxi_amarillo_train_0428.jpg,taxi_recorte_train_0428.jpg,train,885,1610,544,229,dataset/positivos/train/taxi_amarillo_train_0428.jpg,dataset/positivos/recortes/train/taxi_recorte_train_0428.jpg
taxi_amarillo_train_0429.jpg,taxi_recorte_train_0429.jpg,train,746,1466,442,288,dataset/positivos/train/taxi_amarillo_train_0429.jpg,dataset/positivos/recortes/train/taxi_recorte_train_0429.jpg
taxi_amarillo_train_0430.jpg,taxi_recorte_train_0430.jpg,train,661,1984,426,250,dataset/positivos/train/taxi_amarillo_train_0430.jpg,dataset/positivos/recortes/train/taxi_recorte_train_0430.jpg
taxi_amarillo_train_0431.jpg,taxi_recorte_train_0431.jpg,train,661,848,1386,933,dataset/positivos/train/taxi_amarillo_train_0431.jpg,dataset/positivos/recortes/train/taxi_recorte_train_0431.jpg
taxi_amarillo_train_0432.jpg,taxi_recorte_train_0432.jpg,train,96,736,1776,981,dataset/positivos/train/taxi_amarillo_train_0432.jpg,dataset/positivos/recortes/train/taxi_recorte_train_0432.jpg
taxi_amarillo_train_0433.jpg,taxi_recorte_train_0433.jpg,train,778,1114,618,464,dataset/positivos/train/taxi_amarillo_train_0433.jpg,dataset/positivos/recortes/train/taxi_recorte_train_0433.jpg
taxi_amarillo_train_0434.jpg,taxi_recorte_train_0434.jpg,train,602,1658,741,373,dataset/positivos/train/taxi_amarillo_train_0434.jpg,dataset/positivos/recortes/train/taxi_recorte_train_0434.jpg
taxi_amarillo_train_0435.jpg,taxi_recorte_train_0435.jpg,train,757,1706,528,304,dataset/positivos/train/taxi_amarillo_train_0435.jpg,dataset/positivos/recortes/train/taxi_recorte_train_0435.jpg
taxi_amarillo_train_0436.jpg,taxi_recorte_train_0436.jpg,train,1082,1466,714,352,dataset/positivos/train/taxi_amarillo_train_0436.jpg,dataset/positivos/recortes/train/taxi_recorte_train_0436.jpg
taxi_amarillo_train_0437.jpg,taxi_recorte_train_0437.jpg,train,21,1194,1456,837,dataset/positivos/train/taxi_amarillo_train_0437.jpg,dataset/positivos/recortes/train/taxi_recorte_train_0437.jpg
taxi_amarillo_train_0438.jpg,taxi_recorte_train_0438.jpg,train,1040,1466,1045,469,dataset/positivos/train/taxi_amarillo_train_0438.jpg,dataset/positivos/recortes/train/taxi_recorte_train_0438.jpg
taxi_amarillo_train_0439.jpg,taxi_recorte_train_0439.jpg,train,565,1285,1610,602,dataset/positivos/train/taxi_amarillo_train_0439.jpg,dataset/positivos/recortes/train/taxi_recorte_train_0439.jpg
taxi_amarillo_train_0440.jpg,taxi_recorte_train_0440.jpg,train,5,1264,1360,869,dataset/positivos/train/taxi_amarillo_train_0440.jpg,dataset/positivos/recortes/train/taxi_recorte_train_0440.jpg
taxi_amarillo_train_0441.jpg,taxi_recorte_train_0441.jpg,train,901,1376,1072,816,dataset/positivos/train/taxi_amarillo_train_0441.jpg,dataset/positivos/recortes/train/taxi_recorte_train_0441.jpg
taxi_amarillo_train_0442.jpg,taxi_recorte_train_0442.jpg,train,1770,1386,378,336,dataset/positivos/train/taxi_amarillo_train_0442.jpg,dataset/positivos/recortes/train/taxi_recorte_train_0442.jpg
taxi_amarillo_train_0443.jpg,taxi_recorte_train_0443.jpg,train,1333,1722,394,304,dataset/positivos/train/taxi_amarillo_train_0443.jpg,dataset/positivos/recortes/train/taxi_recorte_train_0443.jpg
taxi_amarillo_train_0444.jpg,taxi_recorte_train_0444.jpg,train,250,1552,1962,1104,dataset/positivos/train/taxi_amarillo_train_0444.jpg,dataset/positivos/recortes/train/taxi_recorte_train_0444.jpg
taxi_amarillo_train_0445.jpg,taxi_recorte_train_0445.jpg,train,506,1226,1130,554,dataset/positivos/train/taxi_amarillo_train_0445.jpg,dataset/positivos/recortes/train/taxi_recorte_train_0445.jpg
taxi_amarillo_train_0446.jpg,taxi_recorte_train_0446.jpg,train,234,1493,490,304,dataset/positivos/train/taxi_amarillo_train_0446.jpg,dataset/positivos/recortes/train/taxi_recorte_train_0446.jpg
taxi_amarillo_train_0447.jpg,taxi_recorte_train_0447.jpg,train,298,528,1370,650,dataset/positivos/train/taxi_amarillo_train_0447.jpg,dataset/positivos/recortes/train/taxi_recorte_train_0447.jpg
taxi_amarillo_train_0448.jpg,taxi_recorte_train_0448.jpg,train,314,1589,933,474,dataset/positivos/train/taxi_amarillo_train_0448.jpg,dataset/positivos/recortes/train/taxi_recorte_train_0448.jpg
taxi_amarillo_train_0449.jpg,taxi_recorte_train_0449.jpg,train,458,1088,1066,432,dataset/positivos/train/taxi_amarillo_train_0449.jpg,dataset/positivos/recortes/train/taxi_recorte_train_0449.jpg
taxi_amarillo_train_0450.jpg,taxi_recorte_train_0450.jpg,train,672,1136,1056,725,dataset/positivos/train/taxi_amarillo_train_0450.jpg,dataset/positivos/recortes/train/taxi_recorte_train_0450.jpg
taxi_amarillo_train_0451.jpg,taxi_recorte_train_0451.jpg,train,309,1717,586,272,dataset/positivos/train/taxi_amarillo_train_0451.jpg,dataset/positivos/recortes/train/taxi_recorte_train_0451.jpg
taxi_amarillo_train_0452.jpg,taxi_recorte_train_0452.jpg,train,832,1626,464,245,dataset/positivos/train/taxi_amarillo_train_0452.jpg,dataset/positivos/recortes/train/taxi_recorte_train_0452.jpg
taxi_amarillo_train_0453.jpg,taxi_recorte_train_0453.jpg,train,650,1658,992,437,dataset/positivos/train/taxi_amarillo_train_0453.jpg,dataset/positivos/recortes/train/taxi_recorte_train_0453.jpg
taxi_amarillo_train_0454.jpg,taxi_recorte_train_0454.jpg,train,288,1370,1525,656,dataset/positivos/train/taxi_amarillo_train_0454.jpg,dataset/positivos/recortes/train/taxi_recorte_train_0454.jpg
taxi_amarillo_train_0455.jpg,taxi_recorte_train_0455.jpg,train,672,1184,682,341,dataset/positivos/train/taxi_amarillo_train_0455.jpg,dataset/positivos/recortes/train/taxi_recorte_train_0455.jpg
taxi_amarillo_train_0456.jpg,taxi_recorte_train_0456.jpg,train,533,864,410,405,dataset/positivos/train/taxi_amarillo_train_0456.jpg,dataset/positivos/recortes/train/taxi_recorte_train_0456.jpg
taxi_amarillo_train_0457.jpg,taxi_recorte_train_0457.jpg,train,677,1200,789,517,dataset/positivos/train/taxi_amarillo_train_0457.jpg,dataset/positivos/recortes/train/taxi_recorte_train_0457.jpg
taxi_amarillo_train_0458.jpg,taxi_recorte_train_0458.jpg,train,400,1274,1216,714,dataset/positivos/train/taxi_amarillo_train_0458.jpg,dataset/positivos/recortes/train/taxi_recorte_train_0458.jpg
taxi_amarillo_train_0459.jpg,taxi_recorte_train_0459.jpg,train,213,1381,1349,602,dataset/positivos/train/taxi_amarillo_train_0459.jpg,dataset/positivos/recortes/train/taxi_recorte_train_0459.jpg
taxi_amarillo_train_0460.jpg,taxi_recorte_train_0460.jpg,train,453,656,720,645,dataset/positivos/train/taxi_amarillo_train_0460.jpg,dataset/positivos/recortes/train/taxi_recorte_train_0460.jpg
taxi_amarillo_train_0461.jpg,taxi_recorte_train_0461.jpg,train,629,640,288,192,dataset/positivos/train/taxi_amarillo_train_0461.jpg,dataset/positivos/recortes/train/taxi_recorte_train_0461.jpg
taxi_amarillo_train_0462.jpg,taxi_recorte_train_0462.jpg,train,186,1418,1354,560,dataset/positivos/train/taxi_amarillo_train_0462.jpg,dataset/positivos/recortes/train/taxi_recorte_train_0462.jpg
taxi_amarillo_train_0463.jpg,taxi_recorte_train_0463.jpg,train,1034,960,544,277,dataset/positivos/train/taxi_amarillo_train_0463.jpg,dataset/positivos/recortes/train/taxi_recorte_train_0463.jpg
taxi_amarillo_train_0464.jpg,taxi_recorte_train_0464.jpg,train,138,1450,1253,885,dataset/positivos/train/taxi_amarillo_train_0464.jpg,dataset/positivos/recortes/train/taxi_recorte_train_0464.jpg
taxi_amarillo_train_0465.jpg,taxi_recorte_train_0465.jpg,train,442,1258,826,1104,dataset/positivos/train/taxi_amarillo_train_0465.jpg,dataset/positivos/recortes/train/taxi_recorte_train_0465.jpg
taxi_amarillo_train_0466.jpg,taxi_recorte_train_0466.jpg,train,0,848,570,416,dataset/positivos/train/taxi_amarillo_train_0466.jpg,dataset/positivos/recortes/train/taxi_recorte_train_0466.jpg
taxi_amarillo_train_0467.jpg,taxi_recorte_train_0467.jpg,train,933,1413,1194,597,dataset/positivos/train/taxi_amarillo_train_0467.jpg,dataset/positivos/recortes/train/taxi_recorte_train_0467.jpg
taxi_amarillo_train_0468.jpg,taxi_recorte_train_0468.jpg,train,272,1370,1562,757,dataset/positivos/train/taxi_amarillo_train_0468.jpg,dataset/positivos/recortes/train/taxi_recorte_train_0468.jpg
taxi_amarillo_train_0469.jpg,taxi_recorte_train_0469.jpg,train,410,1290,1690,896,dataset/positivos/train/taxi_amarillo_train_0469.jpg,dataset/positivos/recortes/train/taxi_recorte_train_0469.jpg
taxi_amarillo_train_0470.jpg,taxi_recorte_train_0470.jpg,train,554,1573,784,474,dataset/positivos/train/taxi_amarillo_train_0470.jpg,dataset/positivos/recortes/train/taxi_recorte_train_0470.jpg
taxi_amarillo_train_0471.jpg,taxi_recorte_train_0471.jpg,train,586,1690,960,1157,dataset/positivos/train/taxi_amarillo_train_0471.jpg,dataset/positivos/recortes/train/taxi_recorte_train_0471.jpg
taxi_amarillo_train_0472.jpg,taxi_recorte_train_0472.jpg,train,634,1776,640,325,dataset/positivos/train/taxi_amarillo_train_0472.jpg,dataset/positivos/recortes/train/taxi_recorte_train_0472.jpg
taxi_amarillo_train_0473.jpg,taxi_recorte_train_0473.jpg,train,341,1461,1210,533,dataset/positivos/train/taxi_amarillo_train_0473.jpg,dataset/positivos/recortes/train/taxi_recorte_train_0473.jpg
taxi_amarillo_train_0474.jpg,taxi_recorte_train_0474.jpg,train,640,1365,709,528,dataset/positivos/train/taxi_amarillo_train_0474.jpg,dataset/positivos/recortes/train/taxi_recorte_train_0474.jpg
taxi_amarillo_train_0475.jpg,taxi_recorte_train_0475.jpg,train,288,1306,1120,464,dataset/positivos/train/taxi_amarillo_train_0475.jpg,dataset/positivos/recortes/train/taxi_recorte_train_0475.jpg
taxi_amarillo_train_0476.jpg,taxi_recorte_train_0476.jpg,train,597,1557,778,442,dataset/positivos/train/taxi_amarillo_train_0476.jpg,dataset/positivos/recortes/train/taxi_recorte_train_0476.jpg
taxi_amarillo_train_0477.jpg,taxi_recorte_train_0477.jpg,train,512,1429,858,592,dataset/positivos/train/taxi_amarillo_train_0477.jpg,dataset/positivos/recortes/train/taxi_recorte_train_0477.jpg
taxi_amarillo_train_0478.jpg,taxi_recorte_train_0478.jpg,train,890,1152,1029,624,dataset/positivos/train/taxi_amarillo_train_0478.jpg,dataset/positivos/recortes/train/taxi_recorte_train_0478.jpg
taxi_amarillo_train_0479.jpg,taxi_recorte_train_0479.jpg,train,170,1370,1706,805,dataset/positivos/train/taxi_amarillo_train_0479.jpg,dataset/positivos/recortes/train/taxi_recorte_train_0479.jpg
taxi_amarillo_train_0480.jpg,taxi_recorte_train_0480.jpg,train,698,1290,394,229,dataset/positivos/train/taxi_amarillo_train_0480.jpg,dataset/positivos/recortes/train/taxi_recorte_train_0480.jpg
taxi_amarillo_train_0481.jpg,taxi_recorte_train_0481.jpg,train,368,762,560,437,dataset/positivos/train/taxi_amarillo_train_0481.jpg,dataset/positivos/recortes/train/taxi_recorte_train_0481.jpg
taxi_amarillo_train_0482.jpg,taxi_recorte_train_0482.jpg,train,469,1450,586,229,dataset/positivos/train/taxi_amarillo_train_0482.jpg,dataset/positivos/recortes/train/taxi_recorte_train_0482.jpg
taxi_amarillo_train_0483.jpg,taxi_recorte_train_0483.jpg,train,954,1125,880,586,dataset/positivos/train/taxi_amarillo_train_0483.jpg,dataset/positivos/recortes/train/taxi_recorte_train_0483.jpg
taxi_amarillo_train_0484.jpg,taxi_recorte_train_0484.jpg,train,373,1813,698,373,dataset/positivos/train/taxi_amarillo_train_0484.jpg,dataset/positivos/recortes/train/taxi_recorte_train_0484.jpg
taxi_amarillo_train_0485.jpg,taxi_recorte_train_0485.jpg,train,389,1296,730,448,dataset/positivos/train/taxi_amarillo_train_0485.jpg,dataset/positivos/recortes/train/taxi_recorte_train_0485.jpg
taxi_amarillo_train_0486.jpg,taxi_recorte_train_0486.jpg,train,624,1322,757,458,dataset/positivos/train/taxi_amarillo_train_0486.jpg,dataset/positivos/recortes/train/taxi_recorte_train_0486.jpg
taxi_amarillo_train_0487.jpg,taxi_recorte_train_0487.jpg,train,325,1285,1301,1162,dataset/positivos/train/taxi_amarillo_train_0487.jpg,dataset/positivos/recortes/train/taxi_recorte_train_0487.jpg
taxi_amarillo_train_0488.jpg,taxi_recorte_train_0488.jpg,train,698,1168,416,314,dataset/positivos/train/taxi_amarillo_train_0488.jpg,dataset/positivos/recortes/train/taxi_recorte_train_0488.jpg
taxi_amarillo_train_0489.jpg,taxi_recorte_train_0489.jpg,train,21,1397,1258,629,dataset/positivos/train/taxi_amarillo_train_0489.jpg,dataset/positivos/recortes/train/taxi_recorte_train_0489.jpg
taxi_amarillo_train_0490.jpg,taxi_recorte_train_0490.jpg,train,5,1664,1013,725,dataset/positivos/train/taxi_amarillo_train_0490.jpg,dataset/positivos/recortes/train/taxi_recorte_train_0490.jpg
taxi_amarillo_train_0491.jpg,taxi_recorte_train_0491.jpg,train,197,1338,1413,1061,dataset/positivos/train/taxi_amarillo_train_0491.jpg,dataset/positivos/recortes/train/taxi_recorte_train_0491.jpg
taxi_amarillo_train_0492.jpg,taxi_recorte_train_0492.jpg,train,112,1173,1626,965,dataset/positivos/train/taxi_amarillo_train_0492.jpg,dataset/positivos/recortes/train/taxi_recorte_train_0492.jpg
taxi_amarillo_train_0493.jpg,taxi_recorte_train_0493.jpg,train,469,1141,682,314,dataset/positivos/train/taxi_amarillo_train_0493.jpg,dataset/positivos/recortes/train/taxi_recorte_train_0493.jpg
taxi_amarillo_train_0494.jpg,taxi_recorte_train_0494.jpg,train,736,1248,650,410,dataset/positivos/train/taxi_amarillo_train_0494.jpg,dataset/positivos/recortes/train/taxi_recorte_train_0494.jpg
taxi_amarillo_train_0495.jpg,taxi_recorte_train_0495.jpg,train,80,1402,1114,448,dataset/positivos/train/taxi_amarillo_train_0495.jpg,dataset/positivos/recortes/train/taxi_recorte_train_0495.jpg
taxi_amarillo_train_0496.jpg,taxi_recorte_train_0496.jpg,train,1658,1082,346,256,dataset/positivos/train/taxi_amarillo_train_0496.jpg,dataset/positivos/recortes/train/taxi_recorte_train_0496.jpg
taxi_amarillo_train_0497.jpg,taxi_recorte_train_0497.jpg,train,1386,1333,416,341,dataset/positivos/train/taxi_amarillo_train_0497.jpg,dataset/positivos/recortes/train/taxi_recorte_train_0497.jpg
taxi_amarillo_train_0498.jpg,taxi_recorte_train_0498.jpg,train,176,1370,1680,880,dataset/positivos/train/taxi_amarillo_train_0498.jpg,dataset/positivos/recortes/train/taxi_recorte_train_0498.jpg
taxi_amarillo_train_0499.jpg,taxi_recorte_train_0499.jpg,train,1098,1482,890,362,dataset/positivos/train/taxi_amarillo_train_0499.jpg,dataset/positivos/recortes/train/taxi_recorte_train_0499.jpg
taxi_amarillo_train_0500.jpg,taxi_recorte_train_0500.jpg,train,768,1178,842,592,dataset/positivos/train/taxi_amarillo_train_0500.jpg,dataset/positivos/recortes/train/taxi_recorte_train_0500.jpg
taxi_amarillo_train_0501.jpg,taxi_recorte_train_0501.jpg,train,1328,1413,576,485,dataset/positivos/train/taxi_amarillo_train_0501.jpg,dataset/positivos/recortes/train/taxi_recorte_train_0501.jpg
taxi_amarillo_train_0502.jpg,taxi_recorte_train_0502.jpg,train,106,1434,1077,496,dataset/positivos/train/taxi_amarillo_train_0502.jpg,dataset/positivos/recortes/train/taxi_recorte_train_0502.jpg
taxi_amarillo_train_0503.jpg,taxi_recorte_train_0503.jpg,train,666,1594,741,421,dataset/positivos/train/taxi_amarillo_train_0503.jpg,dataset/positivos/recortes/train/taxi_recorte_train_0503.jpg
taxi_amarillo_train_0504.jpg,taxi_recorte_train_0504.jpg,train,16,650,1450,629,dataset/positivos/train/taxi_amarillo_train_0504.jpg,dataset/positivos/recortes/train/taxi_recorte_train_0504.jpg
taxi_amarillo_train_0505.jpg,taxi_recorte_train_0505.jpg,train,816,1008,645,352,dataset/positivos/train/taxi_amarillo_train_0505.jpg,dataset/positivos/recortes/train/taxi_recorte_train_0505.jpg
taxi_amarillo_train_0506.jpg,taxi_recorte_train_0506.jpg,train,117,1296,256,202,dataset/positivos/train/taxi_amarillo_train_0506.jpg,dataset/positivos/recortes/train/taxi_recorte_train_0506.jpg
taxi_amarillo_train_0507.jpg,taxi_recorte_train_0507.jpg,train,421,1146,650,496,dataset/positivos/train/taxi_amarillo_train_0507.jpg,dataset/positivos/recortes/train/taxi_recorte_train_0507.jpg
taxi_amarillo_train_0508.jpg,taxi_recorte_train_0508.jpg,train,234,1381,2000,965,dataset/positivos/train/taxi_amarillo_train_0508.jpg,dataset/positivos/recortes/train/taxi_recorte_train_0508.jpg
taxi_amarillo_train_0509.jpg,taxi_recorte_train_0509.jpg,train,213,1242,2032,928,dataset/positivos/train/taxi_amarillo_train_0509.jpg,dataset/positivos/recortes/train/taxi_recorte_train_0509.jpg
taxi_amarillo_train_0510.jpg,taxi_recorte_train_0510.jpg,train,144,1322,960,325,dataset/positivos/train/taxi_amarillo_train_0510.jpg,dataset/positivos/recortes/train/taxi_recorte_train_0510.jpg
taxi_amarillo_train_0511.jpg,taxi_recorte_train_0511.jpg,train,650,1269,874,426,dataset/positivos/train/taxi_amarillo_train_0511.jpg,dataset/positivos/recortes/train/taxi_recorte_train_0511.jpg
taxi_amarillo_train_0512.jpg,taxi_recorte_train_0512.jpg,train,490,1738,1242,602,dataset/positivos/train/taxi_amarillo_train_0512.jpg,dataset/positivos/recortes/train/taxi_recorte_train_0512.jpg
taxi_amarillo_train_0513.jpg,taxi_recorte_train_0513.jpg,train,992,1664,565,384,dataset/positivos/train/taxi_amarillo_train_0513.jpg,dataset/positivos/recortes/train/taxi_recorte_train_0513.jpg
taxi_amarillo_train_0514.jpg,taxi_recorte_train_0514.jpg,train,384,1408,1829,1072,dataset/positivos/train/taxi_amarillo_train_0514.jpg,dataset/positivos/recortes/train/taxi_recorte_train_0514.jpg
taxi_amarillo_train_0515.jpg,taxi_recorte_train_0515.jpg,train,949,1578,394,272,dataset/positivos/train/taxi_amarillo_train_0515.jpg,dataset/positivos/recortes/train/taxi_recorte_train_0515.jpg
taxi_amarillo_train_0516.jpg,taxi_recorte_train_0516.jpg,train,266,970,592,437,dataset/positivos/train/taxi_amarillo_train_0516.jpg,dataset/positivos/recortes/train/taxi_recorte_train_0516.jpg
taxi_amarillo_train_0517.jpg,taxi_recorte_train_0517.jpg,train,314,1242,1056,885,dataset/positivos/train/taxi_amarillo_train_0517.jpg,dataset/positivos/recortes/train/taxi_recorte_train_0517.jpg
taxi_amarillo_train_0518.jpg,taxi_recorte_train_0518.jpg,train,629,1573,645,314,dataset/positivos/train/taxi_amarillo_train_0518.jpg,dataset/positivos/recortes/train/taxi_recorte_train_0518.jpg
taxi_amarillo_train_0519.jpg,taxi_recorte_train_0519.jpg,train,768,1690,437,256,dataset/positivos/train/taxi_amarillo_train_0519.jpg,dataset/positivos/recortes/train/taxi_recorte_train_0519.jpg
taxi_amarillo_train_0520.jpg,taxi_recorte_train_0520.jpg,train,933,997,1205,592,dataset/positivos/train/taxi_amarillo_train_0520.jpg,dataset/positivos/recortes/train/taxi_recorte_train_0520.jpg
taxi_amarillo_train_0521.jpg,taxi_recorte_train_0521.jpg,train,256,1498,1242,725,dataset/positivos/train/taxi_amarillo_train_0521.jpg,dataset/positivos/recortes/train/taxi_recorte_train_0521.jpg
taxi_amarillo_train_0522.jpg,taxi_recorte_train_0522.jpg,train,858,1018,1216,741,dataset/positivos/train/taxi_amarillo_train_0522.jpg,dataset/positivos/recortes/train/taxi_recorte_train_0522.jpg
taxi_amarillo_train_0523.jpg,taxi_recorte_train_0523.jpg,train,74,1290,1274,826,dataset/positivos/train/taxi_amarillo_train_0523.jpg,dataset/positivos/recortes/train/taxi_recorte_train_0523.jpg
taxi_amarillo_train_0524.jpg,taxi_recorte_train_0524.jpg,train,682,549,800,645,dataset/positivos/train/taxi_amarillo_train_0524.jpg,dataset/positivos/recortes/train/taxi_recorte_train_0524.jpg
taxi_amarillo_train_0525.jpg,taxi_recorte_train_0525.jpg,train,448,1520,1013,453,dataset/positivos/train/taxi_amarillo_train_0525.jpg,dataset/positivos/recortes/train/taxi_recorte_train_0525.jpg
taxi_amarillo_train_0526.jpg,taxi_recorte_train_0526.jpg,train,1781,1328,362,336,dataset/positivos/train/taxi_amarillo_train_0526.jpg,dataset/positivos/recortes/train/taxi_recorte_train_0526.jpg
taxi_amarillo_train_0527.jpg,taxi_recorte_train_0527.jpg,train,410,965,1829,613,dataset/positivos/train/taxi_amarillo_train_0527.jpg,dataset/positivos/recortes/train/taxi_recorte_train_0527.jpg
taxi_amarillo_train_0528.jpg,taxi_recorte_train_0528.jpg,train,176,1466,1696,800,dataset/positivos/train/taxi_amarillo_train_0528.jpg,dataset/positivos/recortes/train/taxi_recorte_train_0528.jpg
taxi_amarillo_train_0529.jpg,taxi_recorte_train_0529.jpg,train,26,928,2032,1589,dataset/positivos/train/taxi_amarillo_train_0529.jpg,dataset/positivos/recortes/train/taxi_recorte_train_0529.jpg
taxi_amarillo_train_0530.jpg,taxi_recorte_train_0530.jpg,train,565,1722,661,400,dataset/positivos/train/taxi_amarillo_train_0530.jpg,dataset/positivos/recortes/train/taxi_recorte_train_0530.jpg
taxi_amarillo_train_0531.jpg,taxi_recorte_train_0531.jpg,train,432,1434,794,474,dataset/positivos/train/taxi_amarillo_train_0531.jpg,dataset/positivos/recortes/train/taxi_recorte_train_0531.jpg
taxi_amarillo_train_0532.jpg,taxi_recorte_train_0532.jpg,train,517,1482,1242,528,dataset/positivos/train/taxi_amarillo_train_0532.jpg,dataset/positivos/recortes/train/taxi_recorte_train_0532.jpg
taxi_amarillo_train_0533.jpg,taxi_recorte_train_0533.jpg,train,389,416,645,533,dataset/positivos/train/taxi_amarillo_train_0533.jpg,dataset/positivos/recortes/train/taxi_recorte_train_0533.jpg
taxi_amarillo_train_0534.jpg,taxi_recorte_train_0534.jpg,train,320,864,1616,704,dataset/positivos/train/taxi_amarillo_train_0534.jpg,dataset/positivos/recortes/train/taxi_recorte_train_0534.jpg
taxi_amarillo_train_0535.jpg,taxi_recorte_train_0535.jpg,train,874,1365,442,389,dataset/positivos/train/taxi_amarillo_train_0535.jpg,dataset/positivos/recortes/train/taxi_recorte_train_0535.jpg
taxi_amarillo_train_0536.jpg,taxi_recorte_train_0536.jpg,train,757,1024,320,277,dataset/positivos/train/taxi_amarillo_train_0536.jpg,dataset/positivos/recortes/train/taxi_recorte_train_0536.jpg
taxi_amarillo_train_0537.jpg,taxi_recorte_train_0537.jpg,train,1072,512,821,576,dataset/positivos/train/taxi_amarillo_train_0537.jpg,dataset/positivos/recortes/train/taxi_recorte_train_0537.jpg
taxi_amarillo_train_0538.jpg,taxi_recorte_train_0538.jpg,train,810,1050,1002,528,dataset/positivos/train/taxi_amarillo_train_0538.jpg,dataset/positivos/recortes/train/taxi_recorte_train_0538.jpg
taxi_amarillo_train_0539.jpg,taxi_recorte_train_0539.jpg,train,250,1040,1130,437,dataset/positivos/train/taxi_amarillo_train_0539.jpg,dataset/positivos/recortes/train/taxi_recorte_train_0539.jpg
taxi_amarillo_train_0540.jpg,taxi_recorte_train_0540.jpg,train,1146,1584,805,405,dataset/positivos/train/taxi_amarillo_train_0540.jpg,dataset/positivos/recortes/train/taxi_recorte_train_0540.jpg
taxi_amarillo_train_0541.jpg,taxi_recorte_train_0541.jpg,train,826,1296,618,586,dataset/positivos/train/taxi_amarillo_train_0541.jpg,dataset/positivos/recortes/train/taxi_recorte_train_0541.jpg
taxi_amarillo_train_0542.jpg,taxi_recorte_train_0542.jpg,train,725,1381,714,410,dataset/positivos/train/taxi_amarillo_train_0542.jpg,dataset/positivos/recortes/train/taxi_recorte_train_0542.jpg
taxi_amarillo_train_0543.jpg,taxi_recorte_train_0543.jpg,train,101,810,1429,549,dataset/positivos/train/taxi_amarillo_train_0543.jpg,dataset/positivos/recortes/train/taxi_recorte_train_0543.jpg
