indice,recorte_origen,recorte_aumentado,ruta_origen,ruta_aumentada
1,taxi_recorte_train_0112.jpg,taxi_recorte_aug_00001.jpg,/home/irar/Escritorio/ProyectoTaxiDetector/dataset/positivos/recortes/train/taxi_recorte_train_0112.jpg,/home/irar/Escritorio/ProyectoTaxiDetector/dataset/positivos/recortes/augmented/taxi_recorte_aug_00001.jpg
2,taxi_recorte_train_0097.jpg,taxi_recorte_aug_00002.jpg,/home/irar/Escritorio/ProyectoTaxiDetector/dataset/positivos/recortes/train/taxi_recorte_train_0097.jpg,/home/irar/Escritorio/ProyectoTaxiDetector/dataset/positivos/recortes/augmented/taxi_recorte_aug_00002.jpg
3,taxi_recorte_train_0210.jpg,taxi_recorte_aug_00003.jpg,/home/irar/Escritorio/ProyectoTaxiDetector/dataset/positivos/recortes/train/taxi_recorte_train_0210.jpg,/home/irar/Escritorio/ProyectoTaxiDetector/dataset/positivos/recortes/augmented/taxi_recorte_aug_00003.jpg
4,taxi_recorte_train_0202.jpg,taxi_recorte_aug_00004.jpg,/home/irar/Escritorio/ProyectoTaxiDetector/dataset/positivos/recortes/train/taxi_recorte_train_0202.jpg,/home/irar/Escritorio/ProyectoTaxiDetector/dataset/positivos/recortes/augmented/taxi_recorte_aug_00004.jpg
5,taxi_recorte_train_0367.jpg,taxi_recorte_aug_00005.jpg,/home/irar/Escritorio/ProyectoTaxiDetector/dataset/positivos/recortes/train/taxi_recorte_train_0367.jpg,/home/irar/Escritorio/ProyectoTaxiDetector/dataset/positivos/recortes/augmented/taxi_recorte_aug_00005.jpg
6,taxi_recorte_train_0378.jpg,taxi_recorte_aug_00006.jpg,/home/irar/Escritorio/ProyectoTaxiDetector/dataset/positivos/recortes/train/taxi_recorte_train_0378.jpg,/home/irar/Escritorio/ProyectoTaxiDetector/dataset/positivos/recortes/augmented/taxi_recorte_aug_00006.jpg
7,taxi_recorte_train_0246.jpg,taxi_recorte_aug_00007.jpg,/home/irar/Escritorio/ProyectoTaxiDetector/dataset/positivos/recortes/train/taxi_recorte_train_0246.jpg,/home/irar/Escritorio/ProyectoTaxiDetector/dataset/positivos/recortes/augmented/taxi_recorte_aug_00007.jpg
8,taxi_recorte_train_0337.jpg,taxi_recorte_aug_00008.jpg,/home/irar/Escritorio/ProyectoTaxiDetector/dataset/positivos/recortes/train/taxi_recorte_train_0337.jpg,/home/irar/Escritorio/ProyectoTaxiDetector/dataset/positivos/recortes/augmented/taxi_recorte_aug_00008.jpg
9,taxi_recorte_train_0155.jpg,taxi_recorte_aug_00009.jpg,/home/irar/Escritorio/ProyectoTaxiDetector/dataset/positivos/recortes/train/taxi_recorte_train_0155.jpg,/home/irar/Escritorio/ProyectoTaxiDetector/dataset/positivos/recortes/augmented/taxi_recorte_aug_00009.jpg
10,taxi_recorte_train_0106.jpg,taxi_recorte_aug_00010.jpg,/home/irar/Escritorio/ProyectoTaxiDetector/dataset/positivos/recortes/train/taxi_recorte_train_0106.jpg,/home/irar/Escritorio/ProyectoTaxiDetector/dataset/positivos/recortes/augmented/taxi_recorte_aug_00010.jpg
11,taxi_recorte_train_0119.jpg,taxi_recorte_aug_00011.jpg,/home/irar/Escritorio/ProyectoTaxiDetector/dataset/positivos/recortes/train/taxi_recorte_train_0119.jpg,/home/irar/Escritorio/ProyectoTaxiDetector/dataset/positivos/recortes/augmented/taxi_recorte_aug_00011.jpg
12,taxi_recorte_train_0366.jpg,taxi_recorte_aug_00012.jpg,/home/irar/Escritorio/ProyectoTaxiDetector/dataset/positivos/recortes/train/taxi_recorte_train_0366.jpg,/home/irar/Escritorio/ProyectoTaxiDetector/dataset/positivos/recortes/augmented/taxi_recorte_aug_00012.jpg
13,taxi_recorte_train_0476.jpg,taxi_recorte_aug_00013.jpg,/home/irar/Escritorio/ProyectoTaxiDetector/dataset/positivos/recortes/train/taxi_recorte_train_0476.jpg,/home/irar/Escritorio/ProyectoTaxiDetector/dataset/positivos/recortes/augmented/taxi_recorte_aug_00013.jpg
14,taxi_recorte_train_0133.jpg,taxi_recorte_aug_00014.jpg,/home/irar/Escritorio/ProyectoTaxiDetector/dataset/positivos/recortes/train/taxi_recorte_train_0133.jpg,/home/irar/Escritorio/ProyectoTaxiDetector/dataset/positivos/recortes/augmented/taxi_recorte_aug_00014.jpg
15,taxi_recorte_train_0507.jpg,taxi_recorte_aug_00015.jpg,/home/irar/Escritorio/ProyectoTaxiDetector/dataset/positivos/recortes/train/taxi_recorte_train_0507.jpg,/home/irar/Escritorio/ProyectoTaxiDetector/dataset/positivos/recortes/augmented/taxi_recorte_aug_00015.jpg
16,taxi_recorte_train_0315.jpg,taxi_recorte_aug_00016.jpg,/home/irar/Escritorio/ProyectoTaxiDetector/dataset/positivos/recortes/train/taxi_recorte_train_0315.jpg,/home/irar/Escritorio/ProyectoTaxiDetector/dataset/positivos/recortes/augmented/taxi_recorte_aug_00016.jpg
17,taxi_recorte_train_0389.jpg,taxi_recorte_aug_00017.jpg,/home/irar/Escritorio/ProyectoTaxiDetector/dataset/positivos/recortes/train/taxi_recorte_train_0389.jpg,/home/irar/Escritorio/ProyectoTaxiDetector/dataset/positivos/recortes/augmented/taxi_recorte_aug_00017.jpg
18,taxi_recorte_train_0334.jpg,taxi_recorte_aug_00018.jpg,/home/irar/Escritorio/ProyectoTaxiDetector/dataset/positivos/recortes/train/taxi_recorte_train_0334.jpg,/home/irar/Escritorio/ProyectoTaxiDetector/dataset/positivos/recortes/augmented/taxi_recorte_aug_00018.jpg
19,taxi_recorte_train_0512.jpg,taxi_recorte_aug_00019.jpg,/home/irar/Escritorio/ProyectoTaxiDetector/dataset/positivos/recortes/train/taxi_recorte_train_0512.jpg,/home/irar/Escritorio/ProyectoTaxiDetector/dataset/positivos/recortes/augmented/taxi_recorte_aug_00019.jpg
20,taxi_recorte_train_0495.jpg,taxi_recorte_aug_00020.jpg,/home/irar/Escritorio/ProyectoTaxiDetector/dataset/positivos/recortes/train/taxi_recorte_train_0495.jpg,/home/irar/Escritorio/ProyectoTaxiDetector/dataset/positivos/recortes/augmented/taxi_recorte_aug_00020.jpg
21,taxi_recorte_train_0331.jpg,taxi_recorte_aug_00021.jpg,/home/irar/Escritorio/ProyectoTaxiDetector/dataset/positivos/recortes/train/taxi_recorte_train_0331.jpg,/home/irar/Escritorio/ProyectoTaxiDetector/dataset/positivos/recortes/augmented/taxi_recorte_aug_00021.jpg
22,taxi_recorte_train_0415.jpg,taxi_recorte_aug_00022.jpg,/home/irar/Escritorio/ProyectoTaxiDetector/dataset/positivos/recortes/train/taxi_recorte_train_0415.jpg,/home/irar/Escritorio/ProyectoTaxiDetector/dataset/positivos/recortes/augmented/taxi_recorte_aug_00022.jpg
23,taxi_recorte_train_0156.jpg,taxi_recorte_aug_00023.jpg,/home/irar/Escritorio/ProyectoTaxiDetector/dataset/positivos/recortes/train/taxi_recorte_train_0156.jpg,/home/irar/Escritorio/ProyectoTaxiDetector/dataset/positivos/recortes/augmented/taxi_recorte_aug_00023.jpg
24,taxi_recorte_train_0316.jpg,taxi_recorte_aug_00024.jpg,/home/irar/Escritorio/ProyectoTaxiDetector/dataset/positivos/recortes/train/taxi_recorte_train_0316.jpg,/home/irar/Escritorio/ProyectoTaxiDetector/dataset/positivos/recortes/augmented/taxi_recorte_aug_00024.jpg
25,taxi_recorte_train_0242.jpg,taxi_recorte_aug_00025.jpg,/home/irar/Escritorio/ProyectoTaxiDetector/dataset/positivos/recortes/train/taxi_recorte_train_0242.jpg,/home/irar/Escritorio/ProyectoTaxiDetector/dataset/positivos/recortes/augmented/taxi_recorte_aug_00025.jpg
26,taxi_recorte_train_0408.jpg,taxi_recorte_aug_00026.jpg,/home/irar/Escritorio/ProyectoTaxiDetector/dataset/positivos/recortes/train/taxi_recorte_train_0408.jpg,/home/irar/Escritorio/ProyectoTaxiDetector/dataset/positivos/recortes/augmented/taxi_recorte_aug_00026.jpg
27,taxi_recorte_train_0161.jpg,taxi_recorte_aug_00027.jpg,/home/irar/Escritorio/ProyectoTaxiDetector/dataset/positivos/recortes/train/taxi_recorte_train_0161.jpg,/home/irar/Escritorio/ProyectoTaxiDetector/dataset/positivos/recortes/augmented/taxi_recorte_aug_00027.jpg
28,taxi_recorte_train_0009.jpg,taxi_recorte_aug_00028.jpg,/home/irar/Escritorio/ProyectoTaxiDetector/dataset/positivos/recortes/train/taxi_recorte_train_0009.jpg,/home/irar/Escritorio/ProyectoTaxiDetector/dataset/positivos/recortes/augmented/taxi_recorte_aug_00028.jpg
29,taxi_recorte_train_0263.jpg,taxi_recorte_aug_00029.jpg,/home/irar/Escritorio/ProyectoTaxiDetector/dataset/positivos/recortes/train/taxi_recorte_train_0263.jpg,/home/irar/Escritorio/ProyectoTaxiDetector/dataset/positivos/recortes/augmented/taxi_recorte_aug_00029.jpg
30,taxi_recorte_train_0250.jpg,taxi_recorte_aug_00030.jpg,/home/irar/Escritorio/ProyectoTaxiDetector/dataset/positivos/recortes/train/taxi_recorte_train_0250.jpg,/home/irar/Escritorio/ProyectoTaxiDetector/dataset/positivos/recortes/augmented/taxi_recorte_aug_00030.jpg
31,taxi_recorte_train_0199.jpg,taxi_recorte_aug_00031.jpg,/home/irar/Escritorio/ProyectoTaxiDetector/dataset/positivos/recortes/train/taxi_recorte_train_0199.jpg,/home/irar/Escritorio/ProyectoTaxiDetector/dataset/positivos/recortes/augmented/taxi_recorte_aug_00031.jpg
32,taxi_recorte_train_0399.jpg,taxi_recorte_aug_00032.jpg,/home/irar/Escritorio/ProyectoTaxiDetector/dataset/positivos/recortes/train/taxi_recorte_train_0399.jpg,/home/irar/Escritorio/ProyectoTaxiDetector/dataset/positivos/recortes/augmented/taxi_recorte_aug_00032.jpg
33,taxi_recorte_train_0468.jpg,taxi_recorte_aug_00033.jpg,/home/irar/Escritorio/ProyectoTaxiDetector/dataset/positivos/recortes/train/taxi_recorte_train_0468.jpg,/home/irar/Escritorio/ProyectoTaxiDetector/dataset/positivos/recortes/augmented/taxi_recorte_aug_00033.jpg
34,taxi_recorte_train_0403.jpg,taxi_recorte_aug_00034.jpg,/home/irar/Escritorio/ProyectoTaxiDetector/dataset/positivos/recortes/train/taxi_recorte_train_0403.jpg,/home/irar/Escritorio/ProyectoTaxiDetector/dataset/positivos/recortes/augmented/taxi_recorte_aug_00034.jpg
35,taxi_recorte_train_0474.jpg,taxi_recorte_aug_00035.jpg,/home/irar/Escritorio/ProyectoTaxiDetector/dataset/positivos/recortes/train/taxi_recorte_train_0474.jpg,/home/irar/Escritorio/ProyectoTaxiDetector/dataset/positivos/recortes/augmented/taxi_recorte_aug_00035.jpg
36,taxi_recorte_train_0255.jpg,taxi_recorte_aug_00036.jpg,/home/irar/Escritorio/ProyectoTaxiDetector/dataset/positivos/recortes/train/taxi_recorte_train_0255.jpg,/home/irar/Escritorio/ProyectoTaxiDetector/dataset/positivos/recortes/augmented/taxi_recorte_aug_00036.jpg
37,taxi_recorte_train_0197.jpg,taxi_recorte_aug_00037.jpg,/home/irar/Escritorio/ProyectoTaxiDetector/dataset/positivos/recortes/train/taxi_recorte_train_0197.jpg,/home/irar/Escritorio/ProyectoTaxiDetector/dataset/positivos/recortes/augmented/taxi_recorte_aug_00037.jpg
38,taxi_recorte_train_0144.jpg,taxi_recorte_aug_00038.jpg,/home/irar/Escritorio/ProyectoTaxiDetector/dataset/positivos/recortes/train/taxi_recorte_train_0144.jpg,/home/irar/Escritorio/ProyectoTaxiDetector/dataset/positivos/recortes/augmented/taxi_recorte_aug_00038.jpg
39,taxi_recorte_train_0522.jpg,taxi_recorte_aug_00039.jpg,/home/irar/Escritorio/ProyectoTaxiDetector/dataset/positivos/recortes/train/taxi_recorte_train_0522.jpg,/home/irar/Escritorio/ProyectoTaxiDetector/dataset/positivos/recortes/augmented/taxi_recorte_aug_00039.jpg
40,taxi_recorte_train_0373.jpg,taxi_recorte_aug_00040.jpg,/home/irar/Escritorio/ProyectoTaxiDetector/dataset/positivos/recortes/train/taxi_recorte_train_0373.jpg,/home/irar/Escritorio/ProyectoTaxiDetector/dataset/positivos/recortes/augmented/taxi_recorte_aug_00040.jpg
41,taxi_recorte_train_0154.jpg,taxi_recorte_aug_00041.jpg,/home/irar/Escritorio/ProyectoTaxiDetector/dataset/positivos/recortes/train/taxi_recorte_train_0154.jpg,/home/irar/Escritorio/ProyectoTaxiDetector/dataset/positivos/recortes/augmented/taxi_recorte_aug_00041.jpg
42,taxi_recorte_train_0038.jpg,taxi_recorte_aug_00042.jpg,/home/irar/Escritorio/ProyectoTaxiDetector/dataset/positivos/recortes/train/taxi_recorte_train_0038.jpg,/home/irar/Escritorio/ProyectoTaxiDetector/dataset/positivos/recortes/augmented/taxi_recorte_aug_00042.jpg
43,taxi_recorte_train_0298.jpg,taxi_recorte_aug_00043.jpg,/home/irar/Escritorio/ProyectoTaxiDetector/dataset/positivos/recortes/train/taxi_recorte_train_0298.jpg,/home/irar/Escritorio/ProyectoTaxiDetector/dataset/positivos/recortes/augmented/taxi_recorte_aug_00043.jpg
44,taxi_recorte_train_0101.jpg,taxi_recorte_aug_00044.jpg,/home/irar/Escritorio/ProyectoTaxiDetector/dataset/positivos/recortes/train/taxi_recorte_train_0101.jpg,/home/irar/Escritorio/ProyectoTaxiDetector/dataset/positivos/recortes/augmented/taxi_recorte_aug_00044.jpg
45,taxi_recorte_train_0259.jpg,taxi_recorte_aug_00045.jpg,/home/irar/Escritorio/ProyectoTaxiDetector/dataset/positivos/recortes/train/taxi_recorte_train_0259.jpg,/home/irar/Escritorio/ProyectoTaxiDetector/dataset/positivos/recortes/augmented/taxi_recorte_aug_00045.jpg
46,taxi_recorte_train_0449.jpg,taxi_recorte_aug_00046.jpg,/home/irar/Escritorio/ProyectoTaxiDetector/dataset/positivos/recortes/train/taxi_recorte_train_0449.jpg,/home/irar/Escritorio/ProyectoTaxiDetector/dataset/positivos/recortes/augmented/taxi_recorte_aug_00046.jpg
47,taxi_recorte_train_0152.jpg,taxi_recorte_aug_00047.jpg,/home/irar/Escritorio/ProyectoTaxiDetector/dataset/positivos/recortes/train/taxi_recorte_train_0152.jpg,/home/irar/Escritorio/ProyectoTaxiDetector/dataset/positivos/recortes/augmented/taxi_recorte_aug_00047.jpg
48,taxi_recorte_train_0262.jpg,taxi_recorte_aug_00048.jpg,/home/irar/Escritorio/ProyectoTaxiDetector/dataset/positivos/recortes/train/taxi_recorte_train_0262.jpg,/home/irar/Escritorio/ProyectoTaxiDetector/dataset/positivos/recortes/augmented/taxi_recorte_aug_00048.jpg
49,taxi_recorte_train_0482.jpg,taxi_recorte_aug_00049.jpg,/home/irar/Escritorio/ProyectoTaxiDetector/dataset/positivos/recortes/train/taxi_recorte_train_0482.jpg,/home/irar/Escritorio/ProyectoTaxiDetector/dataset/positivos/recortes/augmented/taxi_recorte_aug_00049.jpg
50,taxi_recorte_train_0060.jpg,taxi_recorte_aug_00050.jpg,/home/irar/Escritorio/ProyectoTaxiDetector/dataset/positivos/recortes/train/taxi_recorte_train_0060.jpg,/home/irar/Escritorio/ProyectoTaxiDetector/dataset/positivos/recortes/augmented/taxi_recorte_aug_00050.jpg
51,taxi_recorte_train_0314.jpg,taxi_recorte_aug_00051.jpg,/home/irar/Escritorio/ProyectoTaxiDetector/dataset/positivos/recortes/train/taxi_recorte_train_0314.jpg,/home/irar/Escritorio/ProyectoTaxiDetector/dataset/positivos/recortes/augmented/taxi_recorte_aug_00051.jpg
52,taxi_recorte_train_0042.jpg,taxi_recorte_aug_00052.jpg,/home/irar/Escritorio/ProyectoTaxiDetector/dataset/positivos/recortes/train/taxi_recorte_train_0042.jpg,/home/irar/Escritorio/ProyectoTaxiDetector/dataset/positivos/recortes/augmented/taxi_recorte_aug_00052.jpg
53,taxi_recorte_train_0087.jpg,taxi_recorte_aug_00053.jpg,/home/irar/Escritorio/ProyectoTaxiDetector/dataset/positivos/recortes/train/taxi_recorte_train_0087.jpg,/home/irar/Escritorio/ProyectoTaxiDetector/dataset/positivos/recortes/augmented/taxi_recorte_aug_00053.jpg
54,taxi_recorte_train_0347.jpg,taxi_recorte_aug_00054.jpg,/home/irar/Escritorio/ProyectoTaxiDetector/dataset/positivos/recortes/train/taxi_recorte_train_0347.jpg,/home/irar/Escritorio/ProyectoTaxiDetector/dataset/positivos/recortes/augmented/taxi_recorte_aug_00054.jpg
55,taxi_recorte_train_0529.jpg,taxi_recorte_aug_00055.jpg,/home/irar/Escritorio/ProyectoTaxiDetector/dataset/positivos/recortes/train/taxi_recorte_train_0529.jpg,/home/irar/Escritorio/ProyectoTaxiDetector/dataset/positivos/recortes/augmented/taxi_recorte_aug_00055.jpg
56,taxi_recorte_train_0111.jpg,taxi_recorte_aug_00056.jpg,/home/irar/Escritorio/ProyectoTaxiDetector/dataset/positivos/recortes/train/taxi_recorte_train_0111.jpg,/home/irar/Escritorio/ProyectoTaxiDetector/dataset/positivos/recortes/augmented/taxi_recorte_aug_00056.jpg
57,taxi_recorte_train_0180.jpg,taxi_recorte_aug_00057.jpg,/home/irar/Escritorio/ProyectoTaxiDetector/dataset/positivos/recortes/train/taxi_recorte_train_0180.jpg,/home/irar/Escritorio/ProyectoTaxiDetector/dataset/positivos/recortes/augmented/taxi_recorte_aug_00057.jpg
58,taxi_recorte_train_0295.jpg,taxi_recorte_aug_00058.jpg,/home/irar/Escritorio/ProyectoTaxiDetector/dataset/positivos/recortes/train/taxi_recorte_train_0295.jpg,/home/irar/Escritorio/ProyectoTaxiDetector/dataset/positivos/recortes/augmented/taxi_recorte_aug_00058.jpg
59,taxi_recorte_train_0022.jpg,taxi_recorte_aug_00059.jpg,/home/irar/Escritorio/ProyectoTaxiDetector/dataset/positivos/recortes/train/taxi_recorte_train_0022.jpg,/home/irar/Escritorio/ProyectoTaxiDetector/dataset/positivos/recortes/augmented/taxi_recorte_aug_00059.jpg
60,taxi_recorte_train_0069.jpg,taxi_recorte_aug_00060.jpg,/home/irar/Escritorio/ProyectoTaxiDetector/dataset/positivos/recortes/train/taxi_recorte_train_0069.jpg,/home/irar/Escritorio/ProyectoTaxiDetector/dataset/positivos/recortes/augmented/taxi_recorte_aug_00060.jpg
61,taxi_recorte_train_0268.jpg,taxi_recorte_aug_00061.jpg,/home/irar/Escritorio/ProyectoTaxiDetector/dataset/positivos/recortes/train/taxi_recorte_train_0268.jpg,/home/irar/Escritorio/ProyectoTaxiDetector/dataset/positivos/recortes/augmented/taxi_recorte_aug_00061.jpg
62,taxi_recorte_train_0357.jpg,taxi_recorte_aug_00062.jpg,/home/irar/Escritorio/ProyectoTaxiDetector/dataset/positivos/recortes/train/taxi_recorte_train_0357.jpg,/home/irar/Escritorio/ProyectoTaxiDetector/dataset/positivos/recortes/augmented/taxi_recorte_aug_00062.jpg
63,taxi_recorte_train_0114.jpg,taxi_recorte_aug_00063.jpg,/home/irar/Escritorio/ProyectoTaxiDetector/dataset/positivos/recortes/train/taxi_recorte_train_0114.jpg,/home/irar/Escritorio/ProyectoTaxiDetector/dataset/positivos/recortes/augmented/taxi_recorte_aug_00063.jpg
64,taxi_recorte_train_0427.jpg,taxi_recorte_aug_00064.jpg,/home/irar/Escritorio/ProyectoTaxiDetector/dataset/positivos/recortes/train/taxi_recorte_train_0427.jpg,/home/irar/Escritorio/ProyectoTaxiDetector/dataset/positivos/recortes/augmented/taxi_recorte_aug_00064.jpg
65,taxi_recorte_train_0409.jpg,taxi_recorte_aug_00065.jpg,/home/irar/Escritorio/ProyectoTaxiDetector/dataset/positivos/recortes/train/taxi_recorte_train_0409.jpg,/home/irar/Escritorio/ProyectoTaxiDetector/dataset/positivos/recortes/augmented/taxi_recorte_aug_00065.jpg
66,taxi_recorte_train_0270.jpg,taxi_recorte_aug_00066.jpg,/home/irar/Escritorio/ProyectoTaxiDetector/dataset/positivos/recortes/train/taxi_recorte_train_0270.jpg,/home/irar/Escritorio/ProyectoTaxiDetector/dataset/positivos/recortes/augmented/taxi_recorte_aug_00066.jpg
67,taxi_recorte_train_0045.jpg,taxi_recorte_aug_00067.jpg,/home/irar/Escritorio/ProyectoTaxiDetector/dataset/positivos/recortes/train/taxi_recorte_train_0045.jpg,/home/irar/Escritorio/ProyectoTaxiDetector/dataset/positivos/recortes/augmented/taxi_recorte_aug_00067.jpg
68,taxi_recorte_train_0380.jpg,taxi_recorte_aug_00068.jpg,/home/irar/Escritorio/ProyectoTaxiDetector/dataset/positivos/recortes/train/taxi_recorte_train_0380.jpg,/home/irar/Escritorio/ProyectoTaxiDetector/dataset/positivos/recortes/augmented/taxi_recorte_aug_00068.jpg
69,taxi_recorte_train_0168.jpg,taxi_recorte_aug_00069.jpg,/home/irar/Escritorio/ProyectoTaxiDetector/dataset/positivos/recortes/train/taxi_recorte_train_0168.jpg,/home/irar/Escritorio/ProyectoTaxiDetector/dataset/positivos/recortes/augmented/taxi_recorte_aug_00069.jpg
70,taxi_recorte_train_0477.jpg,taxi_recorte_aug_00070.jpg,/home/irar/Escritorio/ProyectoTaxiDetector/dataset/positivos/recortes/train/taxi_recorte_train_0477.jpg,/home/irar/Escritorio/ProyectoTaxiDetector/dataset/positivos/recortes/augmented/taxi_recorte_aug_00070.jpg
71,taxi_recorte_train_0422.jpg,taxi_recorte_aug_00071.jpg,/home/irar/Escritorio/ProyectoTaxiDetector/dataset/positivos/recortes/train/taxi_recorte_train_0422.jpg,/home/irar/Escritorio/ProyectoTaxiDetector/dataset/positivos/recortes/augmented/taxi_recorte_aug_00071.jpg
72,taxi_recorte_train_0193.jpg,taxi_recorte_aug_00072.jpg,/home/irar/Escritorio/ProyectoTaxiDetector/dataset/positivos/recortes/train/taxi_recorte_train_0193.jpg,/home/irar/Escritorio/ProyectoTaxiDetector/dataset/positivos/recortes/augmented/taxi_recorte_aug_00072.jpg
73,taxi_recorte_train_0228.jpg,taxi_recorte_aug_00073.jpg,/home/irar/Escritorio/ProyectoTaxiDetector/dataset/positivos/recortes/train/taxi_recorte_train_0228.jpg,/home/irar/Escritorio/ProyectoTaxiDetector/dataset/positivos/recortes/augmented/taxi_recorte_aug_00073.jpg
74,taxi_recorte_train_0530.jpg,taxi_recorte_aug_00074.jpg,/home/irar/Escritorio/ProyectoTaxiDetector/dataset/positivos/recortes/train/taxi_recorte_train_0530.jpg,/home/irar/Escritorio/ProyectoTaxiDetector/dataset/positivos/recortes/augmented/taxi_recorte_aug_00074.jpg
75,taxi_recorte_train_0451.jpg,taxi_recorte_aug_00075.jpg,/home/irar/Escritorio/ProyectoTaxiDetector/dataset/positivos/recortes/train/taxi_recorte_train_0451.jpg,/home/irar/Escritorio/ProyectoTaxiDetector/dataset/positivos/recortes/augmented/taxi_recorte_aug_00075.jpg
76,taxi_recorte_train_0147.jpg,taxi_recorte_aug_00076.jpg,/home/irar/Escritorio/ProyectoTaxiDetector/dataset/positivos/recortes/train/taxi_recorte_train_0147.jpg,/home/irar/Escritorio/ProyectoTaxiDetector/dataset/positivos/recortes/augmented/taxi_recorte_aug_00076.jpg
77,taxi_recorte_train_0093.jpg,taxi_recorte_aug_00077.jpg,/home/irar/Escritorio/ProyectoTaxiDetector/dataset/positivos/recortes/train/taxi_recorte_train_0093.jpg,/home/irar/Escritorio/ProyectoTaxiDetector/dataset/positivos/recortes/augmented/taxi_recorte_aug_00077.jpg
78,taxi_recorte_train_0215.jpg,taxi_recorte_aug_00078.jpg,/home/irar/Escritorio/ProyectoTaxiDetector/dataset/positivos/recortes/train/taxi_recorte_train_0215.jpg,/home/irar/Escritorio/ProyectoTaxiDetector/dataset/positivos/recortes/augmented/taxi_recorte_aug_00078.jpg
79,taxi_recorte_train_0372.jpg,taxi_recorte_aug_00079.jpg,/home/irar/Escritorio/ProyectoTaxiDetector/dataset/positivos/recortes/train/taxi_recorte_train_0372.jpg,/home/irar/Escritorio/ProyectoTaxiDetector/dataset/positivos/recortes/augmented/taxi_recorte_aug_00079.jpg
80,taxi_recorte_train_0355.jpg,taxi_recorte_aug_00080.jpg,/home/irar/Escritorio/ProyectoTaxiDetector/dataset/positivos/recortes/train/taxi_recorte_train_0355.jpg,/home/irar/Escritorio/ProyectoTaxiDetector/dataset/positivos/recortes/augmented/taxi_recorte_aug_00080.jpg
81,taxi_recorte_train_0388.jpg,taxi_recorte_aug_00081.jpg,/home/irar/Escritorio/ProyectoTaxiDetector/dataset/positivos/recortes/train/taxi_recorte_train_0388.jpg,/home/irar/Escritorio/ProyectoTaxiDetector/dataset/positivos/recortes/augmented/taxi_recorte_aug_00081.jpg
82,taxi_recorte_train_0267.jpg,taxi_recorte_aug_00082.jpg,/home/irar/Escritorio/ProyectoTaxiDetector/dataset/positivos/recortes/train/taxi_recorte_train_0267.jpg,/home/irar/Escritorio/ProyectoTaxiDetector/dataset/positivos/recortes/augmented/taxi_recorte_aug_00082.jpg
83,taxi_recorte_train_0504.jpg,taxi_recorte_aug_00083.jpg,/home/irar/Escritorio/ProyectoTaxiDetector/dataset/positivos/recortes/train/taxi_recorte_train_0504.jpg,/home/irar/Escritorio/ProyectoTaxiDetector/dataset/positivos/recortes/augmented/taxi_recorte_aug_00083.jpg
84,taxi_recorte_train_0121.jpg,taxi_recorte_aug_00084.jpg,/home/irar/Escritorio/ProyectoTaxiDetector/dataset/positivos/recortes/train/taxi_recorte_train_0121.jpg,/home/irar/Escritorio/ProyectoTaxiDetector/dataset/positivos/recortes/augmented/taxi_recorte_aug_00084.jpg
85,taxi_recorte_train_0234.jpg,taxi_recorte_aug_00085.jpg,/home/irar/Escritorio/ProyectoTaxiDetector/dataset/positivos/recortes/train/taxi_recorte_train_0234.jpg,/home/irar/Escritorio/ProyectoTaxiDetector/dataset/positivos/recortes/augmented/taxi_recorte_aug_00085.jpg
86,taxi_recorte_train_0294.jpg,taxi_recorte_aug_00086.jpg,/home/irar/Escritorio/ProyectoTaxiDetector/dataset/positivos/recortes/train/taxi_recorte_train_0294.jpg,/home/irar/Escritorio/ProyectoTaxiDetector/dataset/positivos/recortes/augmented/taxi_recorte_aug_00086.jpg
87,taxi_recorte_train_0080.jpg,taxi_recorte_aug_00087.jpg,/home/irar/Escritorio/ProyectoTaxiDetector/dataset/positivos/recortes/train/taxi_recorte_train_0080.jpg,/home/irar/Escritorio/ProyectoTaxiDetector/dataset/positivos/recortes/augmented/taxi_recorte_aug_00087.jpg
88,taxi_recorte_train_0377.jpg,taxi_recorte_aug_00088.jpg,/home/irar/Escritorio/ProyectoTaxiDetector/dataset/positivos/recortes/train/taxi_recorte_train_0377.jpg,/home/irar/Escritorio/ProyectoTaxiDetector/dataset/positivos/recortes/augmented/taxi_recorte_aug_00088.jpg
89,taxi_recorte_train_0543.jpg,taxi_recorte_aug_00089.jpg,/home/irar/Escritorio/ProyectoTaxiDetector/dataset/positivos/recortes/train/taxi_recorte_train_0543.jpg,/home/irar/Escritorio/ProyectoTaxiDetector/dataset/positivos/recortes/augmented/taxi_recorte_aug_00089.jpg
90,taxi_recorte_train_0532.jpg,taxi_recorte_aug_00090.jpg,/home/irar/Escritorio/ProyectoTaxiDetector/dataset/positivos/recortes/train/taxi_recorte_train_0532.jpg,/home/irar/Escritorio/ProyectoTaxiDetector/dataset/positivos/recortes/augmented/taxi_recorte_aug_00090.jpg
91,taxi_recorte_train_0132.jpg,taxi_recorte_aug_00091.jpg,/home/irar/Escritorio/ProyectoTaxiDetector/dataset/positivos/recortes/train/taxi_recorte_train_0132.jpg,/home/irar/Escritorio/ProyectoTaxiDetector/dataset/positivos/recortes/augmented/taxi_recorte_aug_00091.jpg
92,taxi_recorte_train_0423.jpg,taxi_recorte_aug_00092.jpg,/home/irar/Escritorio/ProyectoTaxiDetector/dataset/positivos/recortes/train/taxi_recorte_train_0423.jpg,/home/irar/Escritorio/ProyectoTaxiDetector/dataset/positivos/recortes/augmented/taxi_recorte_aug_00092.jpg
93,taxi_recorte_train_0293.jpg,taxi_recorte_aug_00093.jpg,/home/irar/Escritorio/ProyectoTaxiDetector/dataset/positivos/recortes/train/taxi_recorte_train_0293.jpg,/home/irar/Escritorio/ProyectoTaxiDetector/dataset/positivos/recortes/augmented/taxi_recorte_aug_00093.jpg
94,taxi_recorte_train_0508.jpg,taxi_recorte_aug_00094.jpg,/home/irar/Escritorio/ProyectoTaxiDetector/dataset/positivos/recortes/train/taxi_recorte_train_0508.jpg,/home/irar/Escritorio/ProyectoTaxiDetector/dataset/positivos/recortes/augmented/taxi_recorte_aug_00094.jpg
95,taxi_recorte_train_0148.jpg,taxi_recorte_aug_00095.jpg,/home/irar/Escritorio/ProyectoTaxiDetector/dataset/positivos/recortes/train/taxi_recorte_train_0148.jpg,/home/irar/Escritorio/ProyectoTaxiDetector/dataset/positivos/recortes/augmented/taxi_recorte_aug_00095.jpg
96,taxi_recorte_train_0046.jpg,taxi_recorte_aug_00096.jpg,/home/irar/Escritorio/ProyectoTaxiDetector/dataset/positivos/recortes/train/taxi_recorte_train_0046.jpg,/home/irar/Escritorio/ProyectoTaxiDetector/dataset/positivos/recortes/augmented/taxi_recorte_aug_00096.jpg
97,taxi_recorte_train_0333.jpg,taxi_recorte_aug_00097.jpg,/home/irar/Escritorio/ProyectoTaxiDetector/dataset/positivos/recortes/train/taxi_recorte_train_0333.jpg,/home/irar/Escritorio/ProyectoTaxiDetector/dataset/positivos/recortes/augmented/taxi_recorte_aug_00097.jpg
98,taxi_recorte_train_0401.jpg,taxi_recorte_aug_00098.jpg,/home/irar/Escritorio/ProyectoTaxiDetector/dataset/positivos/recortes/train/taxi_recorte_train_0401.jpg,/home/irar/Escritorio/ProyectoTaxiDetector/dataset/positivos/recortes/augmented/taxi_recorte_aug_00098.jpg
99,taxi_recorte_train_0381.jpg,taxi_recorte_aug_00099.jpg,/home/irar/Escritorio/ProyectoTaxiDetector/dataset/positivos/recortes/train/taxi_recorte_train_0381.jpg,/home/irar/Escritorio/ProyectoTaxiDetector/dataset/positivos/recortes/augmented/taxi_recorte_aug_00099.jpg
100,taxi_recorte_train_0411.jpg,taxi_recorte_aug_00100.jpg,/home/irar/Escritorio/ProyectoTaxiDetector/dataset/positivos/recortes/train/taxi_recorte_train_0411.jpg,/home/irar/Escritorio/ProyectoTaxiDetector/dataset/positivos/recortes/augmented/taxi_recorte_aug_00100.jpg
101,taxi_recorte_train_0402.jpg,taxi_recorte_aug_00101.jpg,/home/irar/Escritorio/ProyectoTaxiDetector/dataset/positivos/recortes/train/taxi_recorte_train_0402.jpg,/home/irar/Escritorio/ProyectoTaxiDetector/dataset/positivos/recortes/augmented/taxi_recorte_aug_00101.jpg
102,taxi_recorte_train_0525.jpg,taxi_recorte_aug_00102.jpg,/home/irar/Escritorio/ProyectoTaxiDetector/dataset/positivos/recortes/train/taxi_recorte_train_0525.jpg,/home/irar/Escritorio/ProyectoTaxiDetector/dataset/positivos/recortes/augmented/taxi_recorte_aug_00102.jpg
103,taxi_recorte_train_0489.jpg,taxi_recorte_aug_00103.jpg,/home/irar/Escritorio/ProyectoTaxiDetector/dataset/positivos/recortes/train/taxi_recorte_train_0489.jpg,/home/irar/Escritorio/ProyectoTaxiDetector/dataset/positivos/recortes/augmented/taxi_recorte_aug_00103.jpg
104,taxi_recorte_train_0171.jpg,taxi_recorte_aug_00104.jpg,/home/irar/Escritorio/ProyectoTaxiDetector/dataset/positivos/recortes/train/taxi_recorte_train_0171.jpg,/home/irar/Escritorio/ProyectoTaxiDetector/dataset/positivos/recortes/augmented/taxi_recorte_aug_00104.jpg
105,taxi_recorte_train_0075.jpg,taxi_recorte_aug_00105.jpg,/home/irar/Escritorio/ProyectoTaxiDetector/dataset/positivos/recortes/train/taxi_recorte_train_0075.jpg,/home/irar/Escritorio/ProyectoTaxiDetector/dataset/positivos/recortes/augmented/taxi_recorte_aug_00105.jpg
106,taxi_recorte_train_0208.jpg,taxi_recorte_aug_00106.jpg,/home/irar/Escritorio/ProyectoTaxiDetector/dataset/positivos/recortes/train/taxi_recorte_train_0208.jpg,/home/irar/Escritorio/ProyectoTaxiDetector/dataset/positivos/recortes/augmented/taxi_recorte_aug_00106.jpg
107,taxi_recorte_train_0107.jpg,taxi_recorte_aug_00107.jpg,/home/irar/Escritorio/ProyectoTaxiDetector/dataset/positivos/recortes/train/taxi_recorte_train_0107.jpg,/home/irar/Escritorio/ProyectoTaxiDetector/dataset/positivos/recortes/augmented/taxi_recorte_aug_00107.jpg
108,taxi_recorte_train_0005.jpg,taxi_recorte_aug_00108.jpg,/home/irar/Escritorio/ProyectoTaxiDetector/dataset/positivos/recortes/train/taxi_recorte_train_0005.jpg,/home/irar/Escritorio/ProyectoTaxiDetector/dataset/positivos/recortes/augmented/taxi_recorte_aug_00108.jpg
109,taxi_recorte_train_0141.jpg,taxi_recorte_aug_00109.jpg,/home/irar/Escritorio/ProyectoTaxiDetector/dataset/positivos/recortes/train/taxi_recorte_train_0141.jpg,/home/irar/Escritorio/ProyectoTaxiDetector/dataset/positivos/recortes/augmented/taxi_recorte_aug_00109.jpg
110,taxi_recorte_train_0020.jpg,taxi_recorte_aug_00110.jpg,/home/irar/Escritorio/ProyectoTaxiDetector/dataset/positivos/recortes/train/taxi_recorte_train_0020.jpg,/home/irar/Escritorio/ProyectoTaxiDetector/dataset/positivos/recortes/augmented/taxi_recorte_aug_00110.jpg
111,taxi_recorte_train_0089.jpg,taxi_recorte_aug_00111.jpg,/home/irar/Escritorio/ProyectoTaxiDetector/dataset/positivos/recortes/train/taxi_recorte_train_0089.jpg,/home/irar/Escritorio/ProyectoTaxiDetector/dataset/positivos/recortes/augmented/taxi_recorte_aug_00111.jpg
112,taxi_recorte_train_0348.jpg,taxi_recorte_aug_00112.jpg,/home/irar/Escritorio/ProyectoTaxiDetector/dataset/positivos/recortes/train/taxi_recorte_train_0348.jpg,/home/irar/Escritorio/ProyectoTaxiDetector/dataset/positivos/recortes/augmented/taxi_recorte_aug_00112.jpg
113,taxi_recorte_train_0281.jpg,taxi_recorte_aug_00113.jpg,/home/irar/Escritorio/ProyectoTaxiDetector/dataset/positivos/recortes/train/taxi_recorte_train_0281.jpg,/home/irar/Escritorio/ProyectoTaxiDetector/dataset/positivos/recortes/augmented/taxi_recorte_aug_00113.jpg
114,taxi_recorte_train_0369.jpg,taxi_recorte_aug_00114.jpg,/home/irar/Escritorio/ProyectoTaxiDetector/dataset/positivos/recortes/train/taxi_recorte_train_0369.jpg,/home/irar/Escritorio/ProyectoTaxiDetector/dataset/positivos/recortes/augmented/taxi_recorte_aug_00114.jpg
115,taxi_recorte_train_0269.jpg,taxi_recorte_aug_00115.jpg,/home/irar/Escritorio/ProyectoTaxiDetector/dataset/positivos/recortes/train/taxi_recorte_train_0269.jpg,/home/irar/Escritorio/ProyectoTaxiDetector/dataset/positivos/recortes/augmented/taxi_recorte_aug_00115.jpg
116,taxi_recorte_train_0165.jpg,taxi_recorte_aug_00116.jpg,/home/irar/Escritorio/ProyectoTaxiDetector/dataset/positivos/recortes/train/taxi_recorte_train_0165.jpg,/home/irar/Escritorio/ProyectoTaxiDetector/dataset/positivos/recortes/augmented/taxi_recorte_aug_00116.jpg
117,taxi_recorte_train_0091.jpg,taxi_recorte_aug_00117.jpg,/home/irar/Escritorio/ProyectoTaxiDetector/dataset/positivos/recortes/train/taxi_recorte_train_0091.jpg,/home/irar/Escritorio/ProyectoTaxiDetector/dataset/positivos/recortes/augmented/taxi_recorte_aug_00117.jpg
118,taxi_recorte_train_0214.jpg,taxi_recorte_aug_00118.jpg,/home/irar/Escritorio/ProyectoTaxiDetector/dataset/positivos/recortes/train/taxi_recorte_train_0214.jpg,/home/irar/Escritorio/ProyectoTaxiDetector/dataset/positivos/recortes/augmented/taxi_recorte_aug_00118.jpg
119,taxi_recorte_train_0439.jpg,taxi_recorte_aug_00119.jpg,/home/irar/Escritorio/ProyectoTaxiDetector/dataset/positivos/recortes/train/taxi_recorte_train_0439.jpg,/home/irar/Escritorio/ProyectoTaxiDetector/dataset/positivos/recortes/augmented/taxi_recorte_aug_00119.jpg
120,taxi_recorte_train_0515.jpg,taxi_recorte_aug_00120.jpg,/home/irar/Escritorio/ProyectoTaxiDetector/dataset/positivos/recortes/train/taxi_recorte_train_0515.jpg,/home/irar/Escritorio/ProyectoTaxiDetector/dataset/positivos/recortes/augmented/taxi_recorte_aug_00120.jpg
121,taxi_recorte_train_0497.jpg,taxi_recorte_aug_00121.jpg,/home/irar/Escritorio/ProyectoTaxiDetector/dataset/positivos/recortes/train/taxi_recorte_train_0497.jpg,/home/irar/Escritorio/ProyectoTaxiDetector/dataset/positivos/recortes/augmented/taxi_recorte_aug_00121.jpg
122,taxi_recorte_train_0426.jpg,taxi_recorte_aug_00122.jpg,/home/irar/Escritorio/ProyectoTaxiDetector/dataset/positivos/recortes/train/taxi_recorte_train_0426.jpg,/home/irar/Escritorio/ProyectoTaxiDetector/dataset/positivos/recortes/augmented/taxi_recorte_aug_00122.jpg
123,taxi_recorte_train_0395.jpg,taxi_recorte_aug_00123.jpg,/home/irar/Escritorio/ProyectoTaxiDetector/dataset/positivos/recortes/train/taxi_recorte_train_0395.jpg,/home/irar/Escritorio/ProyectoTaxiDetector/dataset/positivos/recortes/augmented/taxi_recorte_aug_00123.jpg
124,taxi_recorte_train_0301.jpg,taxi_recorte_aug_00124.jpg,/home/irar/Escritorio/ProyectoTaxiDetector/dataset/positivos/recortes/train/taxi_recorte_train_0301.jpg,/home/irar/Escritorio/ProyectoTaxiDetector/dataset/positivos/recortes/augmented/taxi_recorte_aug_00124.jpg
125,taxi_recorte_train_0446.jpg,taxi_recorte_aug_00125.jpg,/home/irar/Escritorio/ProyectoTaxiDetector/dataset/positivos/recortes/train/taxi_recorte_train_0446.jpg,/home/irar/Escritorio/ProyectoTaxiDetector/dataset/positivos/recortes/augmented/taxi_recorte_aug_00125.jpg
126,taxi_recorte_train_0247.jpg,taxi_recorte_aug_00126.jpg,/home/irar/Escritorio/ProyectoTaxiDetector/dataset/positivos/recortes/train/taxi_recorte_train_0247.jpg,/home/irar/Escritorio/ProyectoTaxiDetector/dataset/positivos/recortes/augmented/taxi_recorte_aug_00126.jpg
127,taxi_recorte_train_0245.jpg,taxi_recorte_aug_00127.jpg,/home/irar/Escritorio/ProyectoTaxiDetector/dataset/positivos/recortes/train/taxi_recorte_train_0245.jpg,/home/irar/Escritorio/ProyectoTaxiDetector/dataset/positivos/recortes/augmented/taxi_recorte_aug_00127.jpg
128,taxi_recorte_train_0012.jpg,taxi_recorte_aug_00128.jpg,/home/irar/Escritorio/ProyectoTaxiDetector/dataset/positivos/recortes/train/taxi_recorte_train_0012.jpg,/home/irar/Escritorio/ProyectoTaxiDetector/dataset/positivos/recortes/augmented/taxi_recorte_aug_00128.jpg
129,taxi_recorte_train_0404.jpg,taxi_recorte_aug_00129.jpg,/home/irar/Escritorio/ProyectoTaxiDetector/dataset/positivos/recortes/train/taxi_recorte_train_0404.jpg,/home/irar/Escritorio/ProyectoTaxiDetector/dataset/positivos/recortes/augmented/taxi_recorte_aug_00129.jpg
130,taxi_recorte_train_0319.jpg,taxi_recorte_aug_00130.jpg,/home/irar/Escritorio/ProyectoTaxiDetector/dataset/positivos/recortes/train/taxi_recorte_train_0319.jpg,/home/irar/Escritorio/ProyectoTaxiDetector/dataset/positivos/recortes/augmented/taxi_recorte_aug_00130.jpg
131,taxi_recorte_train_0483.jpg,taxi_recorte_aug_00131.jpg,/home/irar/Escritorio/ProyectoTaxiDetector/dataset/positivos/recortes/train/taxi_recorte_train_0483.jpg,/home/irar/Escritorio/ProyectoTaxiDetector/dataset/positivos/recortes/augmented/taxi_recorte_aug_00131.jpg
132,taxi_recorte_train_0014.jpg,taxi_recorte_aug_00132.jpg,/home/irar/Escritorio/ProyectoTaxiDetector/dataset/positivos/recortes/train/taxi_recorte_train_0014.jpg,/home/irar/Escritorio/ProyectoTaxiDetector/dataset/positivos/recortes/augmented/taxi_recorte_aug_00132.jpg
133,taxi_recorte_train_0335.jpg,taxi_recorte_aug_00133.jpg,/home/irar/Escritorio/ProyectoTaxiDetector/dataset/positivos/recortes/train/taxi_recorte_train_0335.jpg,/home/irar/Escritorio/ProyectoTaxiDetector/dataset/positivos/recortes/augmented/taxi_recorte_aug_00133.jpg
134,taxi_recorte_train_0452.jpg,taxi_recorte_aug_00134.jpg,/home/irar/Escritorio/ProyectoTaxiDetector/dataset/positivos/recortes/train/taxi_recorte_train_0452.jpg,/home/irar/Escritorio/ProyectoTaxiDetector/dataset/positivos/recortes/augmented/taxi_recorte_aug_00134.jpg
135,taxi_recorte_train_0521.jpg,taxi_recorte_aug_00135.jpg,/home/irar/Escritorio/ProyectoTaxiDetector/dataset/positivos/recortes/train/taxi_recorte_train_0521.jpg,/home/irar/Escritorio/ProyectoTaxiDetector/dataset/positivos/recortes/augmented/taxi_recorte_aug_00135.jpg
136,taxi_recorte_train_0200.jpg,taxi_recorte_aug_00136.jpg,/home/irar/Escritorio/ProyectoTaxiDetector/dataset/positivos/recortes/train/taxi_recorte_train_0200.jpg,/home/irar/Escritorio/ProyectoTaxiDetector/dataset/positivos/recortes/augmented/taxi_recorte_aug_00136.jpg
137,taxi_recorte_train_0346.jpg,taxi_recorte_aug_00137.jpg,/home/irar/Escritorio/ProyectoTaxiDetector/dataset/positivos/recortes/train/taxi_recorte_train_0346.jpg,/home/irar/Escritorio/ProyectoTaxiDetector/dataset/positivos/recortes/augmented/taxi_recorte_aug_00137.jpg
138,taxi_recorte_train_0455.jpg,taxi_recorte_aug_00138.jpg,/home/irar/Escritorio/ProyectoTaxiDetector/dataset/positivos/recortes/train/taxi_recorte_train_0455.jpg,/home/irar/Escritorio/ProyectoTaxiDetector/dataset/positivos/recortes/augmented/taxi_recorte_aug_00138.jpg
139,taxi_recorte_train_0054.jpg,taxi_recorte_aug_00139.jpg,/home/irar/Escritorio/ProyectoTaxiDetector/dataset/positivos/recortes/train/taxi_recorte_train_0054.jpg,/home/irar/Escritorio/ProyectoTaxiDetector/dataset/positivos/recortes/augmented/taxi_recorte_aug_00139.jpg
140,taxi_recorte_train_0157.jpg,taxi_recorte_aug_00140.jpg,/home/irar/Escritorio/ProyectoTaxiDetector/dataset/positivos/recortes/train/taxi_recorte_train_0157.jpg,/home/irar/Escritorio/ProyectoTaxiDetector/dataset/positivos/recortes/augmented/taxi_recorte_aug_00140.jpg
141,taxi_recorte_train_0070.jpg,taxi_recorte_aug_00141.jpg,/home/irar/Escritorio/ProyectoTaxiDetector/dataset/positivos/recortes/train/taxi_recorte_train_0070.jpg,/home/irar/Escritorio/ProyectoTaxiDetector/dataset/positivos/recortes/augmented/taxi_recorte_aug_00141.jpg
142,taxi_recorte_train_0539.jpg,taxi_recorte_aug_00142.jpg,/home/irar/Escritorio/ProyectoTaxiDetector/dataset/positivos/recortes/train/taxi_recorte_train_0539.jpg,/home/irar/Escritorio/ProyectoTaxiDetector/dataset/positivos/recortes/augmented/taxi_recorte_aug_00142.jpg
143,taxi_recorte_train_0191.jpg,taxi_recorte_aug_00143.jpg,/home/irar/Escritorio/ProyectoTaxiDetector/dataset/positivos/recortes/train/taxi_recorte_train_0191.jpg,/home/irar/Escritorio/ProyectoTaxiDetector/dataset/positivos/recortes/augmented/taxi_recorte_aug_00143.jpg
144,taxi_recorte_train_0279.jpg,taxi_recorte_aug_00144.jpg,/home/irar/Escritorio/ProyectoTaxiDetector/dataset/positivos/recortes/train/taxi_recorte_train_0279.jpg,/home/irar/Escritorio/ProyectoTaxiDetector/dataset/positivos/recortes/augmented/taxi_recorte_aug_00144.jpg
145,taxi_recorte_train_0343.jpg,taxi_recorte_aug_00145.jpg,/home/irar/Escritorio/ProyectoTaxiDetector/dataset/positivos/recortes/train/taxi_recorte_train_0343.jpg,/home/irar/Escritorio/ProyectoTaxiDetector/dataset/positivos/recortes/augmented/taxi_recorte_aug_00145.jpg
146,taxi_recorte_train_0163.jpg,taxi_recorte_aug_00146.jpg,/home/irar/Escritorio/ProyectoTaxiDetector/dataset/positivos/recortes/train/taxi_recorte_train_0163.jpg,/home/irar/Escritorio/ProyectoTaxiDetector/dataset/positivos/recortes/augmented/taxi_recorte_aug_00146.jpg
147,taxi_recorte_train_0308.jpg,taxi_recorte_aug_00147.jpg,/home/irar/Escritorio/ProyectoTaxiDetector/dataset/positivos/recortes/train/taxi_recorte_train_0308.jpg,/home/irar/Escritorio/ProyectoTaxiDetector/dataset/positivos/recortes/augmented/taxi_recorte_aug_00147.jpg
148,taxi_recorte_train_0027.jpg,taxi_recorte_aug_00148.jpg,/home/irar/Escritorio/ProyectoTaxiDetector/dataset/positivos/recortes/train/taxi_recorte_train_0027.jpg,/home/irar/Escritorio/ProyectoTaxiDetector/dataset/positivos/recortes/augmented/taxi_recorte_aug_00148.jpg
149,taxi_recorte_train_0176.jpg,taxi_recorte_aug_00149.jpg,/home/irar/Escritorio/ProyectoTaxiDetector/dataset/positivos/recortes/train/taxi_recorte_train_0176.jpg,/home/irar/Escritorio/ProyectoTaxiDetector/dataset/positivos/recortes/augmented/taxi_recorte_aug_00149.jpg
150,taxi_recorte_train_0142.jpg,taxi_recorte_aug_00150.jpg,/home/irar/Escritorio/ProyectoTaxiDetector/dataset/positivos/recortes/train/taxi_recorte_train_0142.jpg,/home/irar/Escritorio/ProyectoTaxiDetector/dataset/positivos/recortes/augmented/taxi_recorte_aug_00150.jpg
151,taxi_recorte_train_0178.jpg,taxi_recorte_aug_00151.jpg,/home/irar/Escritorio/ProyectoTaxiDetector/dataset/positivos/recortes/train/taxi_recorte_train_0178.jpg,/home/irar/Escritorio/ProyectoTaxiDetector/dataset/positivos/recortes/augmented/taxi_recorte_aug_00151.jpg
152,taxi_recorte_train_0213.jpg,taxi_recorte_aug_00152.jpg,/home/irar/Escritorio/ProyectoTaxiDetector/dataset/positivos/recortes/train/taxi_recorte_train_0213.jpg,/home/irar/Escritorio/ProyectoTaxiDetector/dataset/positivos/recortes/augmented/taxi_recorte_aug_00152.jpg
153,taxi_recorte_train_0078.jpg,taxi_recorte_aug_00153.jpg,/home/irar/Escritorio/ProyectoTaxiDetector/dataset/positivos/recortes/train/taxi_recorte_train_0078.jpg,/home/irar/Escritorio/ProyectoTaxiDetector/dataset/positivos/recortes/augmented/taxi_recorte_aug_00153.jpg
154,taxi_recorte_train_0140.jpg,taxi_recorte_aug_00154.jpg,/home/irar/Escritorio/ProyectoTaxiDetector/dataset/positivos/recortes/train/taxi_recorte_train_0140.jpg,/home/irar/Escritorio/ProyectoTaxiDetector/dataset/positivos/recortes/augmented/taxi_recorte_aug_00154.jpg
155,taxi_recorte_train_0443.jpg,taxi_recorte_aug_00155.jpg,/home/irar/Escritorio/ProyectoTaxiDetector/dataset/positivos/recortes/train/taxi_recorte_train_0443.jpg,/home/irar/Escritorio/ProyectoTaxiDetector/dataset/positivos/recortes/augmented/taxi_recorte_aug_00155.jpg
156,taxi_recorte_train_0212.jpg,taxi_recorte_aug_00156.jpg,/home/irar/Escritorio/ProyectoTaxiDetector/dataset/positivos/recortes/train/taxi_recorte_train_0212.jpg,/home/irar/Escritorio/ProyectoTaxiDetector/dataset/positivos/recortes/augmented/taxi_recorte_aug_00156.jpg
157,taxi_recorte_train_0073.jpg,taxi_recorte_aug_00157.jpg,/home/irar/Escritorio/ProyectoTaxiDetector/dataset/positivos/recortes/train/taxi_recorte_train_0073.jpg,/home/irar/Escritorio/ProyectoTaxiDetector/dataset/positivos/recortes/augmented/taxi_recorte_aug_00157.jpg
158,taxi_recorte_train_0513.jpg,taxi_recorte_aug_00158.jpg,/home/irar/Escritorio/ProyectoTaxiDetector/dataset/positivos/recortes/train/taxi_recorte_train_0513.jpg,/home/irar/Escritorio/ProyectoTaxiDetector/dataset/positivos/recortes/augmented/taxi_recorte_aug_00158.jpg
159,taxi_recorte_train_0063.jpg,taxi_recorte_aug_00159.jpg,/home/irar/Escritorio/ProyectoTaxiDetector/dataset/positivos/recortes/train/taxi_recorte_train_0063.jpg,/home/irar/Escritorio/ProyectoTaxiDetector/dataset/positivos/recortes/augmented/taxi_recorte_aug_00159.jpg
160,taxi_recorte_train_0480.jpg,taxi_recorte_aug_00160.jpg,/home/irar/Escritorio/ProyectoTaxiDetector/dataset/positivos/recortes/train/taxi_recorte_train_0480.jpg,/home/irar/Escritorio/ProyectoTaxiDetector/dataset/positivos/recortes/augmented/taxi_recorte_aug_00160.jpg
161,taxi_recorte_train_0536.jpg,taxi_recorte_aug_00161.jpg,/home/irar/Escritorio/ProyectoTaxiDetector/dataset/positivos/recortes/train/taxi_recorte_train_0536.jpg,/home/irar/Escritorio/ProyectoTaxiDetector/dataset/positivos/recortes/augmented/taxi_recorte_aug_00161.jpg
162,taxi_recorte_train_0502.jpg,taxi_recorte_aug_00162.jpg,/home/irar/Escritorio/ProyectoTaxiDetector/dataset/positivos/recortes/train/taxi_recorte_train_0502.jpg,/home/irar/Escritorio/ProyectoTaxiDetector/dataset/positivos/recortes/augmented/taxi_recorte_aug_00162.jpg
163,taxi_recorte_train_0181.jpg,taxi_recorte_aug_00163.jpg,/home/irar/Escritorio/ProyectoTaxiDetector/dataset/positivos/recortes/train/taxi_recorte_train_0181.jpg,/home/irar/Escritorio/ProyectoTaxiDetector/dataset/positivos/recortes/augmented/taxi_recorte_aug_00163.jpg
164,taxi_recorte_train_0130.jpg,taxi_recorte_aug_00164.jpg,/home/irar/Escritorio/ProyectoTaxiDetector/dataset/positivos/recortes/train/taxi_recorte_train_0130.jpg,/home/irar/Escritorio/ProyectoTaxiDetector/dataset/positivos/recortes/augmented/taxi_recorte_aug_00164.jpg
165,taxi_recorte_train_0252.jpg,taxi_recorte_aug_00165.jpg,/home/irar/Escritorio/ProyectoTaxiDetector/dataset/positivos/recortes/train/taxi_recorte_train_0252.jpg,/home/irar/Escritorio/ProyectoTaxiDetector/dataset/positivos/recortes/augmented/taxi_recorte_aug_00165.jpg
166,taxi_recorte_train_0431.jpg,taxi_recorte_aug_00166.jpg,/home/irar/Escritorio/ProyectoTaxiDetector/dataset/positivos/recortes/train/taxi_recorte_train_0431.jpg,/home/irar/Escritorio/ProyectoTaxiDetector/dataset/positivos/recortes/augmented/taxi_recorte_aug_00166.jpg
167,taxi_recorte_train_0527.jpg,taxi_recorte_aug_00167.jpg,/home/irar/Escritorio/ProyectoTaxiDetector/dataset/positivos/recortes/train/taxi_recorte_train_0527.jpg,/home/irar/Escritorio/ProyectoTaxiDetector/dataset/positivos/recortes/augmented/taxi_recorte_aug_00167.jpg
168,taxi_recorte_train_0461.jpg,taxi_recorte_aug_00168.jpg,/home/irar/Escritorio/ProyectoTaxiDetector/dataset/positivos/recortes/train/taxi_recorte_train_0461.jpg,/home/irar/Escritorio/ProyectoTaxiDetector/dataset/positivos/recortes/augmented/taxi_recorte_aug_00168.jpg
169,taxi_recorte_train_0466.jpg,taxi_recorte_aug_00169.jpg,/home/irar/Escritorio/ProyectoTaxiDetector/dataset/positivos/recortes/train/taxi_recorte_train_0466.jpg,/home/irar/Escritorio/ProyectoTaxiDetector/dataset/positivos/recortes/augmented/taxi_recorte_aug_00169.jpg
170,taxi_recorte_train_0323.jpg,taxi_recorte_aug_00170.jpg,/home/irar/Escritorio/ProyectoTaxiDetector/dataset/positivos/recortes/train/taxi_recorte_train_0323.jpg,/home/irar/Escritorio/ProyectoTaxiDetector/dataset/positivos/recortes/augmented/taxi_recorte_aug_00170.jpg
171,taxi_recorte_train_0375.jpg,taxi_recorte_aug_00171.jpg,/home/irar/Escritorio/ProyectoTaxiDetector/dataset/positivos/recortes/train/taxi_recorte_train_0375.jpg,/home/irar/Escritorio/ProyectoTaxiDetector/dataset/positivos/recortes/augmented/taxi_recorte_aug_00171.jpg
172,taxi_recorte_train_0003.jpg,taxi_recorte_aug_00172.jpg,/home/irar/Escritorio/ProyectoTaxiDetector/dataset/positivos/recortes/train/taxi_recorte_train_0003.jpg,/home/irar/Escritorio/ProyectoTaxiDetector/dataset/positivos/recortes/augmented/taxi_recorte_aug_00172.jpg
173,taxi_recorte_train_0019.jpg,taxi_recorte_aug_00173.jpg,/home/irar/Escritorio/ProyectoTaxiDetector/dataset/positivos/recortes/train/taxi_recorte_train_0019.jpg,/home/irar/Escritorio/ProyectoTaxiDetector/dataset/positivos/recortes/augmented/taxi_recorte_aug_00173.jpg
174,taxi_recorte_train_0183.jpg,taxi_recorte_aug_00174.jpg,/home/irar/Escritorio/ProyectoTaxiDetector/dataset/positivos/recortes/train/taxi_recorte_train_0183.jpg,/home/irar/Escritorio/ProyectoTaxiDetector/dataset/positivos/recortes/augmented/taxi_recorte_aug_00174.jpg
175,taxi_recorte_train_0303.jpg,taxi_recorte_aug_00175.jpg,/home/irar/Escritorio/ProyectoTaxiDetector/dataset/positivos/recortes/train/taxi_recorte_train_0303.jpg,/home/irar/Escritorio/ProyectoTaxiDetector/dataset/positivos/recortes/augmented/taxi_recorte_aug_00175.jpg
176,taxi_recorte_train_0077.jpg,taxi_recorte_aug_00176.jpg,/home/irar/Escritorio/ProyectoTaxiDetector/dataset/positivos/recortes/train/taxi_recorte_train_0077.jpg,/home/irar/Escritorio/ProyectoTaxiDetector/dataset/positivos/recortes/augmented/taxi_recorte_aug_00176.jpg
177,taxi_recorte_train_0379.jpg,taxi_recorte_aug_00177.jpg,/home/irar/Escritorio/ProyectoTaxiDetector/dataset/positivos/recortes/train/taxi_recorte_train_0379.jpg,/home/irar/Escritorio/ProyectoTaxiDetector/dataset/positivos/recortes/augmented/taxi_recorte_aug_00177.jpg
178,taxi_recorte_train_0185.jpg,taxi_recorte_aug_00178.jpg,/home/irar/Escritorio/ProyectoTaxiDetector/dataset/positivos/recortes/train/taxi_recorte_train_0185.jpg,/home/irar/Escritorio/ProyectoTaxiDetector/dataset/positivos/recortes/augmented/taxi_recorte_aug_00178.jpg
179,taxi_recorte_train_0526.jpg,taxi_recorte_aug_00179.jpg,/home/irar/Escritorio/ProyectoTaxiDetector/dataset/positivos/recortes/train/taxi_recorte_train_0526.jpg,/home/irar/Escritorio/ProyectoTaxiDetector/dataset/positivos/recortes/augmented/taxi_recorte_aug_00179.jpg
180,taxi_recorte_train_0358.jpg,taxi_recorte_aug_00180.jpg,/home/irar/Escritorio/ProyectoTaxiDetector/dataset/positivos/recortes/train/taxi_recorte_train_0358.jpg,/home/irar/Escritorio/ProyectoTaxiDetector/dataset/positivos/recortes/augmented/taxi_recorte_aug_00180.jpg
181,taxi_recorte_train_0289.jpg,taxi_recorte_aug_00181.jpg,/home/irar/Escritorio/ProyectoTaxiDetector/dataset/positivos/recortes/train/taxi_recorte_train_0289.jpg,/home/irar/Escritorio/ProyectoTaxiDetector/dataset/positivos/recortes/augmented/taxi_recorte_aug_00181.jpg
182,taxi_recorte_train_0491.jpg,taxi_recorte_aug_00182.jpg,/home/irar/Escritorio/ProyectoTaxiDetector/dataset/positivos/recortes/train/taxi_recorte_train_0491.jpg,/home/irar/Escritorio/ProyectoTaxiDetector/dataset/positivos/recortes/augmented/taxi_recorte_aug_00182.jpg
183,taxi_recorte_train_0420.jpg,taxi_recorte_aug_00183.jpg,/home/irar/Escritorio/ProyectoTaxiDetector/dataset/positivos/recortes/train/taxi_recorte_train_0420.jpg,/home/irar/Escritorio/ProyectoTaxiDetector/dataset/positivos/recortes/augmented/taxi_recorte_aug_00183.jpg
184,taxi_recorte_train_0231.jpg,taxi_recorte_aug_00184.jpg,/home/irar/Escritorio/ProyectoTaxiDetector/dataset/positivos/recortes/train/taxi_recorte_train_0231.jpg,/home/irar/Escritorio/ProyectoTaxiDetector/dataset/positivos/recortes/augmented/taxi_recorte_aug_00184.jpg
185,taxi_recorte_train_0172.jpg,taxi_recorte_aug_00185.jpg,/home/irar/Escritorio/ProyectoTaxiDetector/dataset/positivos/recortes/train/taxi_recorte_train_0172.jpg,/home/irar/Escritorio/ProyectoTaxiDetector/dataset/positivos/recortes/augmented/taxi_recorte_aug_00185.jpg
186,taxi_recorte_train_0053.jpg,taxi_recorte_aug_00186.jpg,/home/irar/Escritorio/ProyectoTaxiDetector/dataset/positivos/recortes/train/taxi_recorte_train_0053.jpg,/home/irar/Escritorio/ProyectoTaxiDetector/dataset/positivos/recortes/augmented/taxi_recorte_aug_00186.jpg
187,taxi_recorte_train_0067.jpg,taxi_recorte_aug_00187.jpg,/home/irar/Escritorio/ProyectoTaxiDetector/dataset/positivos/recortes/train/taxi_recorte_train_0067.jpg,/home/irar/Escritorio/ProyectoTaxiDetector/dataset/positivos/recortes/augmented/taxi_recorte_aug_00187.jpg
188,taxi_recorte_train_0219.jpg,taxi_recorte_aug_00188.jpg,/home/irar/Escritorio/ProyectoTaxiDetector/dataset/positivos/recortes/train/taxi_recorte_train_0219.jpg,/home/irar/Escritorio/ProyectoTaxiDetector/dataset/positivos/recortes/augmented/taxi_recorte_aug_00188.jpg
189,taxi_recorte_train_0134.jpg,taxi_recorte_aug_00189.jpg,/home/irar/Escritorio/ProyectoTaxiDetector/dataset/positivos/recortes/train/taxi_recorte_train_0134.jpg,/home/irar/Escritorio/ProyectoTaxiDetector/dataset/positivos/recortes/augmented/taxi_recorte_aug_00189.jpg
190,taxi_recorte_train_0145.jpg,taxi_recorte_aug_00190.jpg,/home/irar/Escritorio/ProyectoTaxiDetector/dataset/positivos/recortes/train/taxi_recorte_train_0145.jpg,/home/irar/Escritorio/ProyectoTaxiDetector/dataset/positivos/recortes/augmented/taxi_recorte_aug_00190.jpg
191,taxi_recorte_train_0216.jpg,taxi_recorte_aug_00191.jpg,/home/irar/Escritorio/ProyectoTaxiDetector/dataset/positivos/recortes/train/taxi_recorte_train_0216.jpg,/home/irar/Escritorio/ProyectoTaxiDetector/dataset/positivos/recortes/augmented/taxi_recorte_aug_00191.jpg
192,taxi_recorte_train_0169.jpg,taxi_recorte_aug_00192.jpg,/home/irar/Escritorio/ProyectoTaxiDetector/dataset/positivos/recortes/train/taxi_recorte_train_0169.jpg,/home/irar/Escritorio/ProyectoTaxiDetector/dataset/positivos/recortes/augmented/taxi_recorte_aug_00192.jpg
193,taxi_recorte_train_0464.jpg,taxi_recorte_aug_00193.jpg,/home/irar/Escritorio/ProyectoTaxiDetector/dataset/positivos/recortes/train/taxi_recorte_train_0464.jpg,/home/irar/Escritorio/ProyectoTaxiDetector/dataset/positivos/recortes/augmented/taxi_recorte_aug_00193.jpg
194,taxi_recorte_train_0505.jpg,taxi_recorte_aug_00194.jpg,/home/irar/Escritorio/ProyectoTaxiDetector/dataset/positivos/recortes/train/taxi_recorte_train_0505.jpg,/home/irar/Escritorio/ProyectoTaxiDetector/dataset/positivos/recortes/augmented/taxi_recorte_aug_00194.jpg
195,taxi_recorte_train_0159.jpg,taxi_recorte_aug_00195.jpg,/home/irar/Escritorio/ProyectoTaxiDetector/dataset/positivos/recortes/train/taxi_recorte_train_0159.jpg,/home/irar/Escritorio/ProyectoTaxiDetector/dataset/positivos/recortes/augmented/taxi_recorte_aug_00195.jpg
196,taxi_recorte_train_0359.jpg,taxi_recorte_aug_00196.jpg,/home/irar/Escritorio/ProyectoTaxiDetector/dataset/positivos/recortes/train/taxi_recorte_train_0359.jpg,/home/irar/Escritorio/ProyectoTaxiDetector/dataset/positivos/recortes/augmented/taxi_recorte_aug_00196.jpg
197,taxi_recorte_train_0441.jpg,taxi_recorte_aug_00197.jpg,/home/irar/Escritorio/ProyectoTaxiDetector/dataset/positivos/recortes/train/taxi_recorte_train_0441.jpg,/home/irar/Escritorio/ProyectoTaxiDetector/dataset/positivos/recortes/augmented/taxi_recorte_aug_00197.jpg
198,taxi_recorte_train_0531.jpg,taxi_recorte_aug_00198.jpg,/home/irar/Escritorio/ProyectoTaxiDetector/dataset/positivos/recortes/train/taxi_recorte_train_0531.jpg,/home/irar/Escritorio/ProyectoTaxiDetector/dataset/positivos/recortes/augmented/taxi_recorte_aug_00198.jpg
199,taxi_recorte_train_0500.jpg,taxi_recorte_aug_00199.jpg,/home/irar/Escritorio/ProyectoTaxiDetector/dataset/positivos/recortes/train/taxi_recorte_train_0500.jpg,/home/irar/Escritorio/ProyectoTaxiDetector/dataset/positivos/recortes/augmented/taxi_recorte_aug_00199.jpg
200,taxi_recorte_train_0146.jpg,taxi_recorte_aug_00200.jpg,/home/irar/Escritorio/ProyectoTaxiDetector/dataset/positivos/recortes/train/taxi_recorte_train_0146.jpg,/home/irar/Escritorio/ProyectoTaxiDetector/dataset/positivos/recortes/augmented/taxi_recorte_aug_00200.jpg
201,taxi_recorte_train_0304.jpg,taxi_recorte_aug_00201.jpg,/home/irar/Escritorio/ProyectoTaxiDetector/dataset/positivos/recortes/train/taxi_recorte_train_0304.jpg,/home/irar/Escritorio/ProyectoTaxiDetector/dataset/positivos/recortes/augmented/taxi_recorte_aug_00201.jpg
202,taxi_recorte_train_0104.jpg,taxi_recorte_aug_00202.jpg,/home/irar/Escritorio/ProyectoTaxiDetector/dataset/positivos/recortes/train/taxi_recorte_train_0104.jpg,/home/irar/Escritorio/ProyectoTaxiDetector/dataset/positivos/recortes/augmented/taxi_recorte_aug_00202.jpg
203,taxi_recorte_train_0061.jpg,taxi_recorte_aug_00203.jpg,/home/irar/Escritorio/ProyectoTaxiDetector/dataset/positivos/recortes/train/taxi_recorte_train_0061.jpg,/home/irar/Escritorio/ProyectoTaxiDetector/dataset/positivos/recortes/augmented/taxi_recorte_aug_00203.jpg
204,taxi_recorte_train_0173.jpg,taxi_recorte_aug_00204.jpg,/home/irar/Escritorio/ProyectoTaxiDetector/dataset/positivos/recortes/train/taxi_recorte_train_0173.jpg,/home/irar/Escritorio/ProyectoTaxiDetector/dataset/positivos/recortes/augmented/taxi_recorte_aug_00204.jpg
205,taxi_recorte_train_0509.jpg,taxi_recorte_aug_00205.jpg,/home/irar/Escritorio/ProyectoTaxiDetector/dataset/positivos/recortes/train/taxi_recorte_train_0509.jpg,/home/irar/Escritorio/ProyectoTaxiDetector/dataset/positivos/recortes/augmented/taxi_recorte_aug_00205.jpg
206,taxi_recorte_train_0362.jpg,taxi_recorte_aug_00206.jpg,/home/irar/Escritorio/ProyectoTaxiDetector/dataset/positivos/recortes/train/taxi_recorte_train_0362.jpg,/home/irar/Escritorio/ProyectoTaxiDetector/dataset/positivos/recortes/augmented/taxi_recorte_aug_00206.jpg
207,taxi_recorte_train_0018.jpg,taxi_recorte_aug_00207.jpg,/home/irar/Escritorio/ProyectoTaxiDetector/dataset/positivos/recortes/train/taxi_recorte_train_0018.jpg,/home/irar/Escritorio/ProyectoTaxiDetector/dataset/positivos/recortes/augmented/taxi_recorte_aug_00207.jpg
208,taxi_recorte_train_0258.jpg,taxi_recorte_aug_00208.jpg,/home/irar/Escritorio/ProyectoTaxiDetector/dataset/positivos/recortes/train/taxi_recorte_train_0258.jpg,/home/irar/Escritorio/ProyectoTaxiDetector/dataset/positivos/recortes/augmented/taxi_recorte_aug_00208.jpg
209,taxi_recorte_train_0021.jpg,taxi_recorte_aug_00209.jpg,/home/irar/Escritorio/ProyectoTaxiDetector/dataset/positivos/recortes/train/taxi_recorte_train_0021.jpg,/home/irar/Escritorio/ProyectoTaxiDetector/dataset/positivos/recortes/augmented/taxi_recorte_aug_00209.jpg
210,taxi_recorte_train_0131.jpg,taxi_recorte_aug_00210.jpg,/home/irar/Escritorio/ProyectoTaxiDetector/dataset/positivos/recortes/train/taxi_recorte_train_0131.jpg,/home/irar/Escritorio/ProyectoTaxiDetector/dataset/positivos/recortes/augmented/taxi_recorte_aug_00210.jpg
211,taxi_recorte_train_0218.jpg,taxi_recorte_aug_00211.jpg,/home/irar/Escritorio/ProyectoTaxiDetector/dataset/positivos/recortes/train/taxi_recorte_train_0218.jpg,/home/irar/Escritorio/ProyectoTaxiDetector/dataset/positivos/recortes/augmented/taxi_recorte_aug_00211.jpg
212,taxi_recorte_train_0340.jpg,taxi_recorte_aug_00212.jpg,/home/irar/Escritorio/ProyectoTaxiDetector/dataset/positivos/recortes/train/taxi_recorte_train_0340.jpg,/home/irar/Escritorio/ProyectoTaxiDetector/dataset/positivos/recortes/augmented/taxi_recorte_aug_00212.jpg
213,taxi_recorte_train_0436.jpg,taxi_recorte_aug_00213.jpg,/home/irar/Escritorio/ProyectoTaxiDetector/dataset/positivos/recortes/train/taxi_recorte_train_0436.jpg,/home/irar/Escritorio/ProyectoTaxiDetector/dataset/positivos/recortes/augmented/taxi_recorte_aug_00213.jpg
214,taxi_recorte_train_0385.jpg,taxi_recorte_aug_00214.jpg,/home/irar/Escritorio/ProyectoTaxiDetector/dataset/positivos/recortes/train/taxi_recorte_train_0385.jpg,/home/irar/Escritorio/ProyectoTaxiDetector/dataset/positivos/recortes/augmented/taxi_recorte_aug_00214.jpg
215,taxi_recorte_train_0463.jpg,taxi_recorte_aug_00215.jpg,/home/irar/Escritorio/ProyectoTaxiDetector/dataset/positivos/recortes/train/taxi_recorte_train_0463.jpg,/home/irar/Escritorio/ProyectoTaxiDetector/dataset/positivos/recortes/augmented/taxi_recorte_aug_00215.jpg
216,taxi_recorte_train_0150.jpg,taxi_recorte_aug_00216.jpg,/home/irar/Escritorio/ProyectoTaxiDetector/dataset/positivos/recortes/train/taxi_recorte_train_0150.jpg,/home/irar/Escritorio/ProyectoTaxiDetector/dataset/positivos/recortes/augmented/taxi_recorte_aug_00216.jpg
217,taxi_recorte_train_0013.jpg,taxi_recorte_aug_00217.jpg,/home/irar/Escritorio/ProyectoTaxiDetector/dataset/positivos/recortes/train/taxi_recorte_train_0013.jpg,/home/irar/Escritorio/ProyectoTaxiDetector/dataset/positivos/recortes/augmented/taxi_recorte_aug_00217.jpg
218,taxi_recorte_train_0320.jpg,taxi_recorte_aug_00218.jpg,/home/irar/Escritorio/ProyectoTaxiDetector/dataset/positivos/recortes/train/taxi_recorte_train_0320.jpg,/home/irar/Escritorio/ProyectoTaxiDetector/dataset/positivos/recortes/augmented/taxi_recorte_aug_00218.jpg
219,taxi_recorte_train_0371.jpg,taxi_recorte_aug_00219.jpg,/home/irar/Escritorio/ProyectoTaxiDetector/dataset/positivos/recortes/train/taxi_recorte_train_0371.jpg,/home/irar/Escritorio/ProyectoTaxiDetector/dataset/positivos/recortes/augmented/taxi_recorte_aug_00219.jpg
220,taxi_recorte_train_0363.jpg,taxi_recorte_aug_00220.jpg,/home/irar/Escritorio/ProyectoTaxiDetector/dataset/positivos/recortes/train/taxi_recorte_train_0363.jpg,/home/irar/Escritorio/ProyectoTaxiDetector/dataset/positivos/recortes/augmented/taxi_recorte_aug_00220.jpg
221,taxi_recorte_train_0248.jpg,taxi_recorte_aug_00221.jpg,/home/irar/Escritorio/ProyectoTaxiDetector/dataset/positivos/recortes/train/taxi_recorte_train_0248.jpg,/home/irar/Escritorio/ProyectoTaxiDetector/dataset/positivos/recortes/augmented/taxi_recorte_aug_00221.jpg
222,taxi_recorte_train_0448.jpg,taxi_recorte_aug_00222.jpg,/home/irar/Escritorio/ProyectoTaxiDetector/dataset/positivos/recortes/train/taxi_recorte_train_0448.jpg,/home/irar/Escritorio/ProyectoTaxiDetector/dataset/positivos/recortes/augmented/taxi_recorte_aug_00222.jpg
223,taxi_recorte_train_0189.jpg,taxi_recorte_aug_00223.jpg,/home/irar/Escritorio/ProyectoTaxiDetector/dataset/positivos/recortes/train/taxi_recorte_train_0189.jpg,/home/irar/Escritorio/ProyectoTaxiDetector/dataset/positivos/recortes/augmented/taxi_recorte_aug_00223.jpg
224,taxi_recorte_train_0479.jpg,taxi_recorte_aug_00224.jpg,/home/irar/Escritorio/ProyectoTaxiDetector/dataset/positivos/recortes/train/taxi_recorte_train_0479.jpg,/home/irar/Escritorio/ProyectoTaxiDetector/dataset/positivos/recortes/augmented/taxi_recorte_aug_00224.jpg
225,taxi_recorte_train_0015.jpg,taxi_recorte_aug_00225.jpg,/home/irar/Escritorio/ProyectoTaxiDetector/dataset/positivos/recortes/train/taxi_recorte_train_0015.jpg,/home/irar/Escritorio/ProyectoTaxiDetector/dataset/positivos/recortes/augmented/taxi_recorte_aug_00225.jpg
226,taxi_recorte_train_0490.jpg,taxi_recorte_aug_00226.jpg,/home/irar/Escritorio/ProyectoTaxiDetector/dataset/positivos/recortes/train/taxi_recorte_train_0490.jpg,/home/irar/Escritorio/ProyectoTaxiDetector/dataset/positivos/recortes/augmented/taxi_recorte_aug_00226.jpg
227,taxi_recorte_train_0076.jpg,taxi_recorte_aug_00227.jpg,/home/irar/Escritorio/ProyectoTaxiDetector/dataset/positivos/recortes/train/taxi_recorte_train_0076.jpg,/home/irar/Escritorio/ProyectoTaxiDetector/dataset/positivos/recortes/augmented/taxi_recorte_aug_00227.jpg
228,taxi_recorte_train_0445.jpg,taxi_recorte_aug_00228.jpg,/home/irar/Escritorio/ProyectoTaxiDetector/dataset/positivos/recortes/train/taxi_recorte_train_0445.jpg,/home/irar/Escritorio/ProyectoTaxiDetector/dataset/positivos/recortes/augmented/taxi_recorte_aug_00228.jpg
229,taxi_recorte_train_0040.jpg,taxi_recorte_aug_00229.jpg,/home/irar/Escritorio/ProyectoTaxiDetector/dataset/positivos/recortes/train/taxi_recorte_train_0040.jpg,/home/irar/Escritorio/ProyectoTaxiDetector/dataset/positivos/recortes/augmented/taxi_recorte_aug_00229.jpg
230,taxi_recorte_train_0254.jpg,taxi_recorte_aug_00230.jpg,/home/irar/Escritorio/ProyectoTaxiDetector/dataset/positivos/recortes/train/taxi_recorte_train_0254.jpg,/home/irar/Escritorio/ProyectoTaxiDetector/dataset/positivos/recortes/augmented/taxi_recorte_aug_00230.jpg
231,taxi_recorte_train_0510.jpg,taxi_recorte_aug_00231.jpg,/home/irar/Escritorio/ProyectoTaxiDetector/dataset/positivos/recortes/train/taxi_recorte_train_0510.jpg,/home/irar/Escritorio/ProyectoTaxiDetector/dataset/positivos/recortes/augmented/taxi_recorte_aug_00231.jpg
232,taxi_recorte_train_0410.jpg,taxi_recorte_aug_00232.jpg,/home/irar/Escritorio/ProyectoTaxiDetector/dataset/positivos/recortes/train/taxi_recorte_train_0410.jpg,/home/irar/Escritorio/ProyectoTaxiDetector/dataset/positivos/recortes/augmented/taxi_recorte_aug_00232.jpg
233,taxi_recorte_train_0266.jpg,taxi_recorte_aug_00233.jpg,/home/irar/Escritorio/ProyectoTaxiDetector/dataset/positivos/recortes/train/taxi_recorte_train_0266.jpg,/home/irar/Escritorio/ProyectoTaxiDetector/dataset/positivos/recortes/augmented/taxi_recorte_aug_00233.jpg
234,taxi_recorte_train_0280.jpg,taxi_recorte_aug_00234.jpg,/home/irar/Escritorio/ProyectoTaxiDetector/dataset/positivos/recortes/train/taxi_recorte_train_0280.jpg,/home/irar/Escritorio/ProyectoTaxiDetector/dataset/positivos/recortes/augmented/taxi_recorte_aug_00234.jpg
235,taxi_recorte_train_0188.jpg,taxi_recorte_aug_00235.jpg,/home/irar/Escritorio/ProyectoTaxiDetector/dataset/positivos/recortes/train/taxi_recorte_train_0188.jpg,/home/irar/Escritorio/ProyectoTaxiDetector/dataset/positivos/recortes/augmented/taxi_recorte_aug_00235.jpg
236,taxi_recorte_train_0179.jpg,taxi_recorte_aug_00236.jpg,/home/irar/Escritorio/ProyectoTaxiDetector/dataset/positivos/recortes/train/taxi_recorte_train_0179.jpg,/home/irar/Escritorio/ProyectoTaxiDetector/dataset/positivos/recortes/augmented/taxi_recorte_aug_00236.jpg
237,taxi_recorte_train_0456.jpg,taxi_recorte_aug_00237.jpg,/home/irar/Escritorio/ProyectoTaxiDetector/dataset/positivos/recortes/train/taxi_recorte_train_0456.jpg,/home/irar/Escritorio/ProyectoTaxiDetector/dataset/positivos/recortes/augmented/taxi_recorte_aug_00237.jpg
238,taxi_recorte_train_0419.jpg,taxi_recorte_aug_00238.jpg,/home/irar/Escritorio/ProyectoTaxiDetector/dataset/positivos/recortes/train/taxi_recorte_train_0419.jpg,/home/irar/Escritorio/ProyectoTaxiDetector/dataset/positivos/recortes/augmented/taxi_recorte_aug_00238.jpg
239,taxi_recorte_train_0481.jpg,taxi_recorte_aug_00239.jpg,/home/irar/Escritorio/ProyectoTaxiDetector/dataset/positivos/recortes/train/taxi_recorte_train_0481.jpg,/home/irar/Escritorio/ProyectoTaxiDetector/dataset/positivos/recortes/augmented/taxi_recorte_aug_00239.jpg
240,taxi_recorte_train_0241.jpg,taxi_recorte_aug_00240.jpg,/home/irar/Escritorio/ProyectoTaxiDetector/dataset/positivos/recortes/train/taxi_recorte_train_0241.jpg,/home/irar/Escritorio/ProyectoTaxiDetector/dataset/positivos/recortes/augmented/taxi_recorte_aug_00240.jpg
241,taxi_recorte_train_0201.jpg,taxi_recorte_aug_00241.jpg,/home/irar/Escritorio/ProyectoTaxiDetector/dataset/positivos/recortes/train/taxi_recorte_train_0201.jpg,/home/irar/Escritorio/ProyectoTaxiDetector/dataset/positivos/recortes/augmented/taxi_recorte_aug_00241.jpg
242,taxi_recorte_train_0238.jpg,taxi_recorte_aug_00242.jpg,/home/irar/Escritorio/ProyectoTaxiDetector/dataset/positivos/recortes/train/taxi_recorte_train_0238.jpg,/home/irar/Escritorio/ProyectoTaxiDetector/dataset/positivos/recortes/augmented/taxi_recorte_aug_00242.jpg
243,taxi_recorte_train_0292.jpg,taxi_recorte_aug_00243.jpg,/home/irar/Escritorio/ProyectoTaxiDetector/dataset/positivos/recortes/train/taxi_recorte_train_0292.jpg,/home/irar/Escritorio/ProyectoTaxiDetector/dataset/positivos/recortes/augmented/taxi_recorte_aug_00243.jpg
244,taxi_recorte_train_0100.jpg,taxi_recorte_aug_00244.jpg,/home/irar/Escritorio/ProyectoTaxiDetector/dataset/positivos/recortes/train/taxi_recorte_train_0100.jpg,/home/irar/Escritorio/ProyectoTaxiDetector/dataset/positivos/recortes/augmented/taxi_recorte_aug_00244.jpg
245,taxi_recorte_train_0352.jpg,taxi_recorte_aug_00245.jpg,/home/irar/Escritorio/ProyectoTaxiDetector/dataset/positivos/recortes/train/taxi_recorte_train_0352.jpg,/home/irar/Escritorio/ProyectoTaxiDetector/dataset/positivos/recortes/augmented/taxi_recorte_aug_00245.jpg
246,taxi_recorte_train_0376.jpg,taxi_recorte_aug_00246.jpg,/home/irar/Escritorio/ProyectoTaxiDetector/dataset/positivos/recortes/train/taxi_recorte_train_0376.jpg,/home/irar/Escritorio/ProyectoTaxiDetector/dataset/positivos/recortes/augmented/taxi_recorte_aug_00246.jpg
247,taxi_recorte_train_0043.jpg,taxi_recorte_aug_00247.jpg,/home/irar/Escritorio/ProyectoTaxiDetector/dataset/positivos/recortes/train/taxi_recorte_train_0043.jpg,/home/irar/Escritorio/ProyectoTaxiDetector/dataset/positivos/recortes/augmented/taxi_recorte_aug_00247.jpg
248,taxi_recorte_train_0016.jpg,taxi_recorte_aug_00248.jpg,/home/irar/Escritorio/ProyectoTaxiDetector/dataset/positivos/recortes/train/taxi_recorte_train_0016.jpg,/home/irar/Escritorio/ProyectoTaxiDetector/dataset/positivos/recortes/augmented/taxi_recorte_aug_00248.jpg
249,taxi_recorte_train_0318.jpg,taxi_recorte_aug_00249.jpg,/home/irar/Escritorio/ProyectoTaxiDetector/dataset/positivos/recortes/train/taxi_recorte_train_0318.jpg,/home/irar/Escritorio/ProyectoTaxiDetector/dataset/positivos/recortes/augmented/taxi_recorte_aug_00249.jpg
250,taxi_recorte_train_0324.jpg,taxi_recorte_aug_00250.jpg,/home/irar/Escritorio/ProyectoTaxiDetector/dataset/positivos/recortes/train/taxi_recorte_train_0324.jpg,/home/irar/Escritorio/ProyectoTaxiDetector/dataset/positivos/recortes/augmented/taxi_recorte_aug_00250.jpg
251,taxi_recorte_train_0222.jpg,taxi_recorte_aug_00251.jpg,/home/irar/Escritorio/ProyectoTaxiDetector/dataset/positivos/recortes/train/taxi_recorte_train_0222.jpg,/home/irar/Escritorio/ProyectoTaxiDetector/dataset/positivos/recortes/augmented/taxi_recorte_aug_00251.jpg
252,taxi_recorte_train_0364.jpg,taxi_recorte_aug_00252.jpg,/home/irar/Escritorio/ProyectoTaxiDetector/dataset/positivos/recortes/train/taxi_recorte_train_0364.jpg,/home/irar/Escritorio/ProyectoTaxiDetector/dataset/positivos/recortes/augmented/taxi_recorte_aug_00252.jpg
253,taxi_recorte_train_0342.jpg,taxi_recorte_aug_00253.jpg,/home/irar/Escritorio/ProyectoTaxiDetector/dataset/positivos/recortes/train/taxi_recorte_train_0342.jpg,/home/irar/Escritorio/ProyectoTaxiDetector/dataset/positivos/recortes/augmented/taxi_recorte_aug_00253.jpg
254,taxi_recorte_train_0290.jpg,taxi_recorte_aug_00254.jpg,/home/irar/Escritorio/ProyectoTaxiDetector/dataset/positivos/recortes/train/taxi_recorte_train_0290.jpg,/home/irar/Escritorio/ProyectoTaxiDetector/dataset/positivos/recortes/augmented/taxi_recorte_aug_00254.jpg
255,taxi_recorte_train_0514.jpg,taxi_recorte_aug_00255.jpg,/home/irar/Escritorio/ProyectoTaxiDetector/dataset/positivos/recortes/train/taxi_recorte_train_0514.jpg,/home/irar/Escritorio/ProyectoTaxiDetector/dataset/positivos/recortes/augmented/taxi_recorte_aug_00255.jpg
256,taxi_recorte_train_0086.jpg,taxi_recorte_aug_00256.jpg,/home/irar/Escritorio/ProyectoTaxiDetector/dataset/positivos/recortes/train/taxi_recorte_train_0086.jpg,/home/irar/Escritorio/ProyectoTaxiDetector/dataset/positivos/recortes/augmented/taxi_recorte_aug_00256.jpg
257,taxi_recorte_train_0297.jpg,taxi_recorte_aug_00257.jpg,/home/irar/Escritorio/ProyectoTaxiDetector/dataset/positivos/recortes/train/taxi_recorte_train_0297.jpg,/home/irar/Escritorio/ProyectoTaxiDetector/dataset/positivos/recortes/augmented/taxi_recorte_aug_00257.jpg
258,taxi_recorte_train_0048.jpg,taxi_recorte_aug_00258.jpg,/home/irar/Escritorio/ProyectoTaxiDetector/dataset/positivos/recortes/train/taxi_recorte_train_0048.jpg,/home/irar/Escritorio/ProyectoTaxiDetector/dataset/positivos/recortes/augmented/taxi_recorte_aug_00258.jpg
259,taxi_recorte_train_0008.jpg,taxi_recorte_aug_00259.jpg,/home/irar/Escritorio/ProyectoTaxiDetector/dataset/positivos/recortes/train/taxi_recorte_train_0008.jpg,/home/irar/Escritorio/ProyectoTaxiDetector/dataset/positivos/recortes/augmented/taxi_recorte_aug_00259.jpg
260,taxi_recorte_train_0542.jpg,taxi_recorte_aug_00260.jpg,/home/irar/Escritorio/ProyectoTaxiDetector/dataset/positivos/recortes/train/taxi_recorte_train_0542.jpg,/home/irar/Escritorio/ProyectoTaxiDetector/dataset/positivos/recortes/augmented/taxi_recorte_aug_00260.jpg
261,taxi_recorte_train_0278.jpg,taxi_recorte_aug_00261.jpg,/home/irar/Escritorio/ProyectoTaxiDetector/dataset/positivos/recortes/train/taxi_recorte_train_0278.jpg,/home/irar/Escritorio/ProyectoTaxiDetector/dataset/positivos/recortes/augmented/taxi_recorte_aug_00261.jpg
262,taxi_recorte_train_0227.jpg,taxi_recorte_aug_00262.jpg,/home/irar/Escritorio/ProyectoTaxiDetector/dataset/positivos/recortes/train/taxi_recorte_train_0227.jpg,/home/irar/Escritorio/ProyectoTaxiDetector/dataset/positivos/recortes/augmented/taxi_recorte_aug_00262.jpg
263,taxi_recorte_train_0039.jpg,taxi_recorte_aug_00263.jpg,/home/irar/Escritorio/ProyectoTaxiDetector/dataset/positivos/recortes/train/taxi_recorte_train_0039.jpg,/home/irar/Escritorio/ProyectoTaxiDetector/dataset/positivos/recortes/augmented/taxi_recorte_aug_00263.jpg
264,taxi_recorte_train_0424.jpg,taxi_recorte_aug_00264.jpg,/home/irar/Escritorio/ProyectoTaxiDetector/dataset/positivos/recortes/train/taxi_recorte_train_0424.jpg,/home/irar/Escritorio/ProyectoTaxiDetector/dataset/positivos/recortes/augmented/taxi_recorte_aug_00264.jpg
265,taxi_recorte_train_0450.jpg,taxi_recorte_aug_00265.jpg,/home/irar/Escritorio/ProyectoTaxiDetector/dataset/positivos/recortes/train/taxi_recorte_train_0450.jpg,/home/irar/Escritorio/ProyectoTaxiDetector/dataset/positivos/recortes/augmented/taxi_recorte_aug_00265.jpg
266,taxi_recorte_train_0487.jpg,taxi_recorte_aug_00266.jpg,/home/irar/Escritorio/ProyectoTaxiDetector/dataset/positivos/recortes/train/taxi_recorte_train_0487.jpg,/home/irar/Escritorio/ProyectoTaxiDetector/dataset/positivos/recortes/augmented/taxi_recorte_aug_00266.jpg
267,taxi_recorte_train_0094.jpg,taxi_recorte_aug_00267.jpg,/home/irar/Escritorio/ProyectoTaxiDetector/dataset/positivos/recortes/train/taxi_recorte_train_0094.jpg,/home/irar/Escritorio/ProyectoTaxiDetector/dataset/positivos/recortes/augmented/taxi_recorte_aug_00267.jpg
268,taxi_recorte_train_0459.jpg,taxi_recorte_aug_00268.jpg,/home/irar/Escritorio/ProyectoTaxiDetector/dataset/positivos/recortes/train/taxi_recorte_train_0459.jpg,/home/irar/Escritorio/ProyectoTaxiDetector/dataset/positivos/recortes/augmented/taxi_recorte_aug_00268.jpg
269,taxi_recorte_train_0417.jpg,taxi_recorte_aug_00269.jpg,/home/irar/Escritorio/ProyectoTaxiDetector/dataset/positivos/recortes/train/taxi_recorte_train_0417.jpg,/home/irar/Escritorio/ProyectoTaxiDetector/dataset/positivos/recortes/augmented/taxi_recorte_aug_00269.jpg
270,taxi_recorte_train_0230.jpg,taxi_recorte_aug_00270.jpg,/home/irar/Escritorio/ProyectoTaxiDetector/dataset/positivos/recortes/train/taxi_recorte_train_0230.jpg,/home/irar/Escritorio/ProyectoTaxiDetector/dataset/positivos/recortes/augmented/taxi_recorte_aug_00270.jpg
271,taxi_recorte_train_0287.jpg,taxi_recorte_aug_00271.jpg,/home/irar/Escritorio/ProyectoTaxiDetector/dataset/positivos/recortes/train/taxi_recorte_train_0287.jpg,/home/irar/Escritorio/ProyectoTaxiDetector/dataset/positivos/recortes/augmented/taxi_recorte_aug_00271.jpg
272,taxi_recorte_train_0486.jpg,taxi_recorte_aug_00272.jpg,/home/irar/Escritorio/ProyectoTaxiDetector/dataset/positivos/recortes/train/taxi_recorte_train_0486.jpg,/home/irar/Escritorio/ProyectoTaxiDetector/dataset/positivos/recortes/augmented/taxi_recorte_aug_00272.jpg
273,taxi_recorte_train_0128.jpg,taxi_recorte_aug_00273.jpg,/home/irar/Escritorio/ProyectoTaxiDetector/dataset/positivos/recortes/train/taxi_recorte_train_0128.jpg,/home/irar/Escritorio/ProyectoTaxiDetector/dataset/positivos/recortes/augmented/taxi_recorte_aug_00273.jpg
274,taxi_recorte_train_0056.jpg,taxi_recorte_aug_00274.jpg,/home/irar/Escritorio/ProyectoTaxiDetector/dataset/positivos/recortes/train/taxi_recorte_train_0056.jpg,/home/irar/Escritorio/ProyectoTaxiDetector/dataset/positivos/recortes/augmented/taxi_recorte_aug_00274.jpg
275,taxi_recorte_train_0313.jpg,taxi_recorte_aug_00275.jpg,/home/irar/Escritorio/ProyectoTaxiDetector/dataset/positivos/recortes/train/taxi_recorte_train_0313.jpg,/home/irar/Escritorio/ProyectoTaxiDetector/dataset/positivos/recortes/augmented/taxi_recorte_aug_00275.jpg
276,taxi_recorte_train_0207.jpg,taxi_recorte_aug_00276.jpg,/home/irar/Escritorio/ProyectoTaxiDetector/dataset/positivos/recortes/train/taxi_recorte_train_0207.jpg,/home/irar/Escritorio/ProyectoTaxiDetector/dataset/positivos/recortes/augmented/taxi_recorte_aug_00276.jpg
277,taxi_recorte_train_0032.jpg,taxi_recorte_aug_00277.jpg,/home/irar/Escritorio/ProyectoTaxiDetector/dataset/positivos/recortes/train/taxi_recorte_train_0032.jpg,/home/irar/Escritorio/ProyectoTaxiDetector/dataset/positivos/recortes/augmented/taxi_recorte_aug_00277.jpg
278,taxi_recorte_train_0051.jpg,taxi_recorte_aug_00278.jpg,/home/irar/Escritorio/ProyectoTaxiDetector/dataset/positivos/recortes/train/taxi_recorte_train_0051.jpg,/home/irar/Escritorio/ProyectoTaxiDetector/dataset/positivos/recortes/augmented/taxi_recorte_aug_00278.jpg
279,taxi_recorte_train_0528.jpg,taxi_recorte_aug_00279.jpg,/home/irar/Escritorio/ProyectoTaxiDetector/dataset/positivos/recortes/train/taxi_recorte_train_0528.jpg,/home/irar/Escritorio/ProyectoTaxiDetector/dataset/positivos/recortes/augmented/taxi_recorte_aug_00279.jpg
280,taxi_recorte_train_0400.jpg,taxi_recorte_aug_00280.jpg,/home/irar/Escritorio/ProyectoTaxiDetector/dataset/positivos/recortes/train/taxi_recorte_train_0400.jpg,/home/irar/Escritorio/ProyectoTaxiDetector/dataset/positivos/recortes/augmented/taxi_recorte_aug_00280.jpg
281,taxi_recorte_train_0211.jpg,taxi_recorte_aug_00281.jpg,/home/irar/Escritorio/ProyectoTaxiDetector/dataset/positivos/recortes/train/taxi_recorte_train_0211.jpg,/home/irar/Escritorio/ProyectoTaxiDetector/dataset/positivos/recortes/augmented/taxi_recorte_aug_00281.jpg
282,taxi_recorte_train_0327.jpg,taxi_recorte_aug_00282.jpg,/home/irar/Escritorio/ProyectoTaxiDetector/dataset/positivos/recortes/train/taxi_recorte_train_0327.jpg,/home/irar/Escritorio/ProyectoTaxiDetector/dataset/positivos/recortes/augmented/taxi_recorte_aug_00282.jpg
283,taxi_recorte_train_0465.jpg,taxi_recorte_aug_00283.jpg,/home/irar/Escritorio/ProyectoTaxiDetector/dataset/positivos/recortes/train/taxi_recorte_train_0465.jpg,/home/irar/Escritorio/ProyectoTaxiDetector/dataset/positivos/recortes/augmented/taxi_recorte_aug_00283.jpg
284,taxi_recorte_train_0516.jpg,taxi_recorte_aug_00284.jpg,/home/irar/Escritorio/ProyectoTaxiDetector/dataset/positivos/recortes/train/taxi_recorte_train_0516.jpg,/home/irar/Escritorio/ProyectoTaxiDetector/dataset/positivos/recortes/augmented/taxi_recorte_aug_00284.jpg
285,taxi_recorte_train_0511.jpg,taxi_recorte_aug_00285.jpg,/home/irar/Escritorio/ProyectoTaxiDetector/dataset/positivos/recortes/train/taxi_recorte_train_0511.jpg,/home/irar/Escritorio/ProyectoTaxiDetector/dataset/positivos/recortes/augmented/taxi_recorte_aug_00285.jpg
286,taxi_recorte_train_0049.jpg,taxi_recorte_aug_00286.jpg,/home/irar/Escritorio/ProyectoTaxiDetector/dataset/positivos/recortes/train/taxi_recorte_train_0049.jpg,/home/irar/Escritorio/ProyectoTaxiDetector/dataset/positivos/recortes/augmented/taxi_recorte_aug_00286.jpg
287,taxi_recorte_train_0098.jpg,taxi_recorte_aug_00287.jpg,/home/irar/Escritorio/ProyectoTaxiDetector/dataset/positivos/recortes/train/taxi_recorte_train_0098.jpg,/home/irar/Escritorio/ProyectoTaxiDetector/dataset/positivos/recortes/augmented/taxi_recorte_aug_00287.jpg
288,taxi_recorte_train_0209.jpg,taxi_recorte_aug_00288.jpg,/home/irar/Escritorio/ProyectoTaxiDetector/dataset/positivos/recortes/train/taxi_recorte_train_0209.jpg,/home/irar/Escritorio/ProyectoTaxiDetector/dataset/positivos/recortes/augmented/taxi_recorte_aug_00288.jpg
289,taxi_recorte_train_0341.jpg,taxi_recorte_aug_00289.jpg,/home/irar/Escritorio/ProyectoTaxiDetector/dataset/positivos/recortes/train/taxi_recorte_train_0341.jpg,/home/irar/Escritorio/ProyectoTaxiDetector/dataset/positivos/recortes/augmented/taxi_recorte_aug_00289.jpg
290,taxi_recorte_train_0125.jpg,taxi_recorte_aug_00290.jpg,/home/irar/Escritorio/ProyectoTaxiDetector/dataset/positivos/recortes/train/taxi_recorte_train_0125.jpg,/home/irar/Escritorio/ProyectoTaxiDetector/dataset/positivos/recortes/augmented/taxi_recorte_aug_00290.jpg
291,taxi_recorte_train_0243.jpg,taxi_recorte_aug_00291.jpg,/home/irar/Escritorio/ProyectoTaxiDetector/dataset/positivos/recortes/train/taxi_recorte_train_0243.jpg,/home/irar/Escritorio/ProyectoTaxiDetector/dataset/positivos/recortes/augmented/taxi_recorte_aug_00291.jpg
292,taxi_recorte_train_0068.jpg,taxi_recorte_aug_00292.jpg,/home/irar/Escritorio/ProyectoTaxiDetector/dataset/positivos/recortes/train/taxi_recorte_train_0068.jpg,/home/irar/Escritorio/ProyectoTaxiDetector/dataset/positivos/recortes/augmented/taxi_recorte_aug_00292.jpg
293,taxi_recorte_train_0325.jpg,taxi_recorte_aug_00293.jpg,/home/irar/Escritorio/ProyectoTaxiDetector/dataset/positivos/recortes/train/taxi_recorte_train_0325.jpg,/home/irar/Escritorio/ProyectoTaxiDetector/dataset/positivos/recortes/augmented/taxi_recorte_aug_00293.jpg
294,taxi_recorte_train_0110.jpg,taxi_recorte_aug_00294.jpg,/home/irar/Escritorio/ProyectoTaxiDetector/dataset/positivos/recortes/train/taxi_recorte_train_0110.jpg,/home/irar/Escritorio/ProyectoTaxiDetector/dataset/positivos/recortes/augmented/taxi_recorte_aug_00294.jpg
295,taxi_recorte_train_0338.jpg,taxi_recorte_aug_00295.jpg,/home/irar/Escritorio/ProyectoTaxiDetector/dataset/positivos/recortes/train/taxi_recorte_train_0338.jpg,/home/irar/Escritorio/ProyectoTaxiDetector/dataset/positivos/recortes/augmented/taxi_recorte_aug_00295.jpg
296,taxi_recorte_train_0472.jpg,taxi_recorte_aug_00296.jpg,/home/irar/Escritorio/ProyectoTaxiDetector/dataset/positivos/recortes/train/taxi_recorte_train_0472.jpg,/home/irar/Escritorio/ProyectoTaxiDetector/dataset/positivos/recortes/augmented/taxi_recorte_aug_00296.jpg
297,taxi_recorte_train_0122.jpg,taxi_recorte_aug_00297.jpg,/home/irar/Escritorio/ProyectoTaxiDetector/dataset/positivos/recortes/train/taxi_recorte_train_0122.jpg,/home/irar/Escritorio/ProyectoTaxiDetector/dataset/positivos/recortes/augmented/taxi_recorte_aug_00297.jpg
298,taxi_recorte_train_0264.jpg,taxi_recorte_aug_00298.jpg,/home/irar/Escritorio/ProyectoTaxiDetector/dataset/positivos/recortes/train/taxi_recorte_train_0264.jpg,/home/irar/Escritorio/ProyectoTaxiDetector/dataset/positivos/recortes/augmented/taxi_recorte_aug_00298.jpg
299,taxi_recorte_train_0305.jpg,taxi_recorte_aug_00299.jpg,/home/irar/Escritorio/ProyectoTaxiDetector/dataset/positivos/recortes/train/taxi_recorte_train_0305.jpg,/home/irar/Escritorio/ProyectoTaxiDetector/dataset/positivos/recortes/augmented/taxi_recorte_aug_00299.jpg
300,taxi_recorte_train_0170.jpg,taxi_recorte_aug_00300.jpg,/home/irar/Escritorio/ProyectoTaxiDetector/dataset/positivos/recortes/train/taxi_recorte_train_0170.jpg,/home/irar/Escritorio/ProyectoTaxiDetector/dataset/positivos/recortes/augmented/taxi_recorte_aug_00300.jpg
301,taxi_recorte_train_0435.jpg,taxi_recorte_aug_00301.jpg,/home/irar/Escritorio/ProyectoTaxiDetector/dataset/positivos/recortes/train/taxi_recorte_train_0435.jpg,/home/irar/Escritorio/ProyectoTaxiDetector/dataset/positivos/recortes/augmented/taxi_recorte_aug_00301.jpg
302,taxi_recorte_train_0035.jpg,taxi_recorte_aug_00302.jpg,/home/irar/Escritorio/ProyectoTaxiDetector/dataset/positivos/recortes/train/taxi_recorte_train_0035.jpg,/home/irar/Escritorio/ProyectoTaxiDetector/dataset/positivos/recortes/augmented/taxi_recorte_aug_00302.jpg
303,taxi_recorte_train_0309.jpg,taxi_recorte_aug_00303.jpg,/home/irar/Escritorio/ProyectoTaxiDetector/dataset/positivos/recortes/train/taxi_recorte_train_0309.jpg,/home/irar/Escritorio/ProyectoTaxiDetector/dataset/positivos/recortes/augmented/taxi_recorte_aug_00303.jpg
304,taxi_recorte_train_0533.jpg,taxi_recorte_aug_00304.jpg,/home/irar/Escritorio/ProyectoTaxiDetector/dataset/positivos/recortes/train/taxi_recorte_train_0533.jpg,/home/irar/Escritorio/ProyectoTaxiDetector/dataset/positivos/recortes/augmented/taxi_recorte_aug_00304.jpg
305,taxi_recorte_train_0458.jpg,taxi_recorte_aug_00305.jpg,/home/irar/Escritorio/ProyectoTaxiDetector/dataset/positivos/recortes/train/taxi_recorte_train_0458.jpg,/home/irar/Escritorio/ProyectoTaxiDetector/dataset/positivos/recortes/augmented/taxi_recorte_aug_00305.jpg
306,taxi_recorte_train_0004.jpg,taxi_recorte_aug_00306.jpg,/home/irar/Escritorio/ProyectoTaxiDetector/dataset/positivos/recortes/train/taxi_recorte_train_0004.jpg,/home/irar/Escritorio/ProyectoTaxiDetector/dataset/positivos/recortes/augmented/taxi_recorte_aug_00306.jpg
307,taxi_recorte_train_0405.jpg,taxi_recorte_aug_00307.jpg,/home/irar/Escritorio/ProyectoTaxiDetector/dataset/positivos/recortes/train/taxi_recorte_train_0405.jpg,/home/irar/Escritorio/ProyectoTaxiDetector/dataset/positivos/recortes/augmented/taxi_recorte_aug_00307.jpg
308,taxi_recorte_train_0485.jpg,taxi_recorte_aug_00308.jpg,/home/irar/Escritorio/ProyectoTaxiDetector/dataset/positivos/recortes/train/taxi_recorte_train_0485.jpg,/home/irar/Escritorio/ProyectoTaxiDetector/dataset/positivos/recortes/augmented/taxi_recorte_aug_00308.jpg
309,taxi_recorte_train_0437.jpg,taxi_recorte_aug_00309.jpg,/home/irar/Escritorio/ProyectoTaxiDetector/dataset/positivos/recortes/train/taxi_recorte_train_0437.jpg,/home/irar/Escritorio/ProyectoTaxiDetector/dataset/positivos/recortes/augmented/taxi_recorte_aug_00309.jpg
310,taxi_recorte_train_0384.jpg,taxi_recorte_aug_00310.jpg,/home/irar/Escritorio/ProyectoTaxiDetector/dataset/positivos/recortes/train/taxi_recorte_train_0384.jpg,/home/irar/Escritorio/ProyectoTaxiDetector/dataset/positivos/recortes/augmented/taxi_recorte_aug_00310.jpg
311,taxi_recorte_train_0302.jpg,taxi_recorte_aug_00311.jpg,/home/irar/Escritorio/ProyectoTaxiDetector/dataset/positivos/recortes/train/taxi_recorte_train_0302.jpg,/home/irar/Escritorio/ProyectoTaxiDetector/dataset/positivos/recortes/augmented/taxi_recorte_aug_00311.jpg
312,taxi_recorte_train_0011.jpg,taxi_recorte_aug_00312.jpg,/home/irar/Escritorio/ProyectoTaxiDetector/dataset/positivos/recortes/train/taxi_recorte_train_0011.jpg,/home/irar/Escritorio/ProyectoTaxiDetector/dataset/positivos/recortes/augmented/taxi_recorte_aug_00312.jpg
313,taxi_recorte_train_0174.jpg,taxi_recorte_aug_00313.jpg,/home/irar/Escritorio/ProyectoTaxiDetector/dataset/positivos/recortes/train/taxi_recorte_train_0174.jpg,/home/irar/Escritorio/ProyectoTaxiDetector/dataset/positivos/recortes/augmented/taxi_recorte_aug_00313.jpg
314,taxi_recorte_train_0391.jpg,taxi_recorte_aug_00314.jpg,/home/irar/Escritorio/ProyectoTaxiDetector/dataset/positivos/recortes/train/taxi_recorte_train_0391.jpg,/home/irar/Escritorio/ProyectoTaxiDetector/dataset/positivos/recortes/augmented/taxi_recorte_aug_00314.jpg
315,taxi_recorte_train_0116.jpg,taxi_recorte_aug_00315.jpg,/home/irar/Escritorio/ProyectoTaxiDetector/dataset/positivos/recortes/train/taxi_recorte_train_0116.jpg,/home/irar/Escritorio/ProyectoTaxiDetector/dataset/positivos/recortes/augmented/taxi_recorte_aug_00315.jpg
316,taxi_recorte_train_0416.jpg,taxi_recorte_aug_00316.jpg,/home/irar/Escritorio/ProyectoTaxiDetector/dataset/positivos/recortes/train/taxi_recorte_train_0416.jpg,/home/irar/Escritorio/ProyectoTaxiDetector/dataset/positivos/recortes/augmented/taxi_recorte_aug_00316.jpg
317,taxi_recorte_train_0062.jpg,taxi_recorte_aug_00317.jpg,/home/irar/Escritorio/ProyectoTaxiDetector/dataset/positivos/recortes/train/taxi_recorte_train_0062.jpg,/home/irar/Escritorio/ProyectoTaxiDetector/dataset/positivos/recortes/augmented/taxi_recorte_aug_00317.jpg
318,taxi_recorte_train_0232.jpg,taxi_recorte_aug_00318.jpg,/home/irar/Escritorio/ProyectoTaxiDetector/dataset/positivos/recortes/train/taxi_recorte_train_0232.jpg,/home/irar/Escritorio/ProyectoTaxiDetector/dataset/positivos/recortes/augmented/taxi_recorte_aug_00318.jpg
319,taxi_recorte_train_0265.jpg,taxi_recorte_aug_00319.jpg,/home/irar/Escritorio/ProyectoTaxiDetector/dataset/positivos/recortes/train/taxi_recorte_train_0265.jpg,/home/irar/Escritorio/ProyectoTaxiDetector/dataset/positivos/recortes/augmented/taxi_recorte_aug_00319.jpg
320,taxi_recorte_train_0225.jpg,taxi_recorte_aug_00320.jpg,/home/irar/Escritorio/ProyectoTaxiDetector/dataset/positivos/recortes/train/taxi_recorte_train_0225.jpg,/home/irar/Escritorio/ProyectoTaxiDetector/dataset/positivos/recortes/augmented/taxi_recorte_aug_00320.jpg
321,taxi_recorte_train_0356.jpg,taxi_recorte_aug_00321.jpg,/home/irar/Escritorio/ProyectoTaxiDetector/dataset/positivos/recortes/train/taxi_recorte_train_0356.jpg,/home/irar/Escritorio/ProyectoTaxiDetector/dataset/positivos/recortes/augmented/taxi_recorte_aug_00321.jpg
322,taxi_recorte_train_0407.jpg,taxi_recorte_aug_00322.jpg,/home/irar/Escritorio/ProyectoTaxiDetector/dataset/positivos/recortes/train/taxi_recorte_train_0407.jpg,/home/irar/Escritorio/ProyectoTaxiDetector/dataset/positivos/recortes/augmented/taxi_recorte_aug_00322.jpg
323,taxi_recorte_train_0517.jpg,taxi_recorte_aug_00323.jpg,/home/irar/Escritorio/ProyectoTaxiDetector/dataset/positivos/recortes/train/taxi_recorte_train_0517.jpg,/home/irar/Escritorio/ProyectoTaxiDetector/dataset/positivos/recortes/augmented/taxi_recorte_aug_00323.jpg
324,taxi_recorte_train_0103.jpg,taxi_recorte_aug_00324.jpg,/home/irar/Escritorio/ProyectoTaxiDetector/dataset/positivos/recortes/train/taxi_recorte_train_0103.jpg,/home/irar/Escritorio/ProyectoTaxiDetector/dataset/positivos/recortes/augmented/taxi_recorte_aug_00324.jpg
325,taxi_recorte_train_0354.jpg,taxi_recorte_aug_00325.jpg,/home/irar/Escritorio/ProyectoTaxiDetector/dataset/positivos/recortes/train/taxi_recorte_train_0354.jpg,/home/irar/Escritorio/ProyectoTaxiDetector/dataset/positivos/recortes/augmented/taxi_recorte_aug_00325.jpg
326,taxi_recorte_train_0493.jpg,taxi_recorte_aug_00326.jpg,/home/irar/Escritorio/ProyectoTaxiDetector/dataset/positivos/recortes/train/taxi_recorte_train_0493.jpg,/home/irar/Escritorio/ProyectoTaxiDetector/dataset/positivos/recortes/augmented/taxi_recorte_aug_00326.jpg
327,taxi_recorte_train_0393.jpg,taxi_recorte_aug_00327.jpg,/home/irar/Escritorio/ProyectoTaxiDetector/dataset/positivos/recortes/train/taxi_recorte_train_0393.jpg,/home/irar/Escritorio/ProyectoTaxiDetector/dataset/positivos/recortes/augmented/taxi_recorte_aug_00327.jpg
328,taxi_recorte_train_0311.jpg,taxi_recorte_aug_00328.jpg,/home/irar/Escritorio/ProyectoTaxiDetector/dataset/positivos/recortes/train/taxi_recorte_train_0311.jpg,/home/irar/Escritorio/ProyectoTaxiDetector/dataset/positivos/recortes/augmented/taxi_recorte_aug_00328.jpg
329,taxi_recorte_train_0386.jpg,taxi_recorte_aug_00329.jpg,/home/irar/Escritorio/ProyectoTaxiDetector/dataset/positivos/recortes/train/taxi_recorte_train_0386.jpg,/home/irar/Escritorio/ProyectoTaxiDetector/dataset/positivos/recortes/augmented/taxi_recorte_aug_00329.jpg
330,taxi_recorte_train_0418.jpg,taxi_recorte_aug_00330.jpg,/home/irar/Escritorio/ProyectoTaxiDetector/dataset/positivos/recortes/train/taxi_recorte_train_0418.jpg,/home/irar/Escritorio/ProyectoTaxiDetector/dataset/positivos/recortes/augmented/taxi_recorte_aug_00330.jpg
331,taxi_recorte_train_0085.jpg,taxi_recorte_aug_00331.jpg,/home/irar/Escritorio/ProyectoTaxiDetector/dataset/positivos/recortes/train/taxi_recorte_train_0085.jpg,/home/irar/Escritorio/ProyectoTaxiDetector/dataset/positivos/recortes/augmented/taxi_recorte_aug_00331.jpg
332,taxi_recorte_train_0541.jpg,taxi_recorte_aug_00332.jpg,/home/irar/Escritorio/ProyectoTaxiDetector/dataset/positivos/recortes/train/taxi_recorte_train_0541.jpg,/home/irar/Escritorio/ProyectoTaxiDetector/dataset/positivos/recortes/augmented/taxi_recorte_aug_00332.jpg
333,taxi_recorte_train_0244.jpg,taxi_recorte_aug_00333.jpg,/home/irar/Escritorio/ProyectoTaxiDetector/dataset/positivos/recortes/train/taxi_recorte_train_0244.jpg,/home/irar/Escritorio/ProyectoTaxiDetector/dataset/positivos/recortes/augmented/taxi_recorte_aug_00333.jpg
334,taxi_recorte_train_0066.jpg,taxi_recorte_aug_00334.jpg,/home/irar/Escritorio/ProyectoTaxiDetector/dataset/positivos/recortes/train/taxi_recorte_train_0066.jpg,/home/irar/Escritorio/ProyectoTaxiDetector/dataset/positivos/recortes/augmented/taxi_recorte_aug_00334.jpg
335,taxi_recorte_train_0065.jpg,taxi_recorte_aug_00335.jpg,/home/irar/Escritorio/ProyectoTaxiDetector/dataset/positivos/recortes/train/taxi_recorte_train_0065.jpg,/home/irar/Escritorio/ProyectoTaxiDetector/dataset/positivos/recortes/augmented/taxi_recorte_aug_00335.jpg
336,taxi_recorte_train_0273.jpg,taxi_recorte_aug_00336.jpg,/home/irar/Escritorio/ProyectoTaxiDetector/dataset/positivos/recortes/train/taxi_recorte_train_0273.jpg,/home/irar/Escritorio/ProyectoTaxiDetector/dataset/positivos/recortes/augmented/taxi_recorte_aug_00336.jpg
337,taxi_recorte_train_0484.jpg,taxi_recorte_aug_00337.jpg,/home/irar/Escritorio/ProyectoTaxiDetector/dataset/positivos/recortes/train/taxi_recorte_train_0484.jpg,/home/irar/Escritorio/ProyectoTaxiDetector/dataset/positivos/recortes/augmented/taxi_recorte_aug_00337.jpg
338,taxi_recorte_train_0249.jpg,taxi_recorte_aug_00338.jpg,/home/irar/Escritorio/ProyectoTaxiDetector/dataset/positivos/recortes/train/taxi_recorte_train_0249.jpg,/home/irar/Escritorio/ProyectoTaxiDetector/dataset/positivos/recortes/augmented/taxi_recorte_aug_00338.jpg
339,taxi_recorte_train_0044.jpg,taxi_recorte_aug_00339.jpg,/home/irar/Escritorio/ProyectoTaxiDetector/dataset/positivos/recortes/train/taxi_recorte_train_0044.jpg,/home/irar/Escritorio/ProyectoTaxiDetector/dataset/positivos/recortes/augmented/taxi_recorte_aug_00339.jpg
340,taxi_recorte_train_0478.jpg,taxi_recorte_aug_00340.jpg,/home/irar/Escritorio/ProyectoTaxiDetector/dataset/positivos/recortes/train/taxi_recorte_train_0478.jpg,/home/irar/Escritorio/ProyectoTaxiDetector/dataset/positivos/recortes/augmented/taxi_recorte_aug_00340.jpg
341,taxi_recorte_train_0469.jpg,taxi_recorte_aug_00341.jpg,/home/irar/Escritorio/ProyectoTaxiDetector/dataset/positivos/recortes/train/taxi_recorte_train_0469.jpg,/home/irar/Escritorio/ProyectoTaxiDetector/dataset/positivos/recortes/augmented/taxi_recorte_aug_00341.jpg
342,taxi_recorte_train_0124.jpg,taxi_recorte_aug_00342.jpg,/home/irar/Escritorio/ProyectoTaxiDetector/dataset/positivos/recortes/train/taxi_recorte_train_0124.jpg,/home/irar/Escritorio/ProyectoTaxiDetector/dataset/positivos/recortes/augmented/taxi_recorte_aug_00342.jpg
343,taxi_recorte_train_0030.jpg,taxi_recorte_aug_00343.jpg,/home/irar/Escritorio/ProyectoTaxiDetector/dataset/positivos/recortes/train/taxi_recorte_train_0030.jpg,/home/irar/Escritorio/ProyectoTaxiDetector/dataset/positivos/recortes/augmented/taxi_recorte_aug_00343.jpg
344,taxi_recorte_train_0123.jpg,taxi_recorte_aug_00344.jpg,/home/irar/Escritorio/ProyectoTaxiDetector/dataset/positivos/recortes/train/taxi_recorte_train_0123.jpg,/home/irar/Escritorio/ProyectoTaxiDetector/dataset/positivos/recortes/augmented/taxi_recorte_aug_00344.jpg
345,taxi_recorte_train_0158.jpg,taxi_recorte_aug_00345.jpg,/home/irar/Escritorio/ProyectoTaxiDetector/dataset/positivos/recortes/train/taxi_recorte_train_0158.jpg,/home/irar/Escritorio/ProyectoTaxiDetector/dataset/positivos/recortes/augmented/taxi_recorte_aug_00345.jpg
346,taxi_recorte_train_0406.jpg,taxi_recorte_aug_00346.jpg,/home/irar/Escritorio/ProyectoTaxiDetector/dataset/positivos/recortes/train/taxi_recorte_train_0406.jpg,/home/irar/Escritorio/ProyectoTaxiDetector/dataset/positivos/recortes/augmented/taxi_recorte_aug_00346.jpg
347,taxi_recorte_train_0453.jpg,taxi_recorte_aug_00347.jpg,/home/irar/Escritorio/ProyectoTaxiDetector/dataset/positivos/recortes/train/taxi_recorte_train_0453.jpg,/home/irar/Escritorio/ProyectoTaxiDetector/dataset/positivos/recortes/augmented/taxi_recorte_aug_00347.jpg
348,taxi_recorte_train_0010.jpg,taxi_recorte_aug_00348.jpg,/home/irar/Escritorio/ProyectoTaxiDetector/dataset/positivos/recortes/train/taxi_recorte_train_0010.jpg,/home/irar/Escritorio/ProyectoTaxiDetector/dataset/positivos/recortes/augmented/taxi_recorte_aug_00348.jpg
349,taxi_recorte_train_0540.jpg,taxi_recorte_aug_00349.jpg,/home/irar/Escritorio/ProyectoTaxiDetector/dataset/positivos/recortes/train/taxi_recorte_train_0540.jpg,/home/irar/Escritorio/ProyectoTaxiDetector/dataset/positivos/recortes/augmented/taxi_recorte_aug_00349.jpg
350,taxi_recorte_train_0166.jpg,taxi_recorte_aug_00350.jpg,/home/irar/Escritorio/ProyectoTaxiDetector/dataset/positivos/recortes/train/taxi_recorte_train_0166.jpg,/home/irar/Escritorio/ProyectoTaxiDetector/dataset/positivos/recortes/augmented/taxi_recorte_aug_00350.jpg
351,taxi_recorte_train_0307.jpg,taxi_recorte_aug_00351.jpg,/home/irar/Escritorio/ProyectoTaxiDetector/dataset/positivos/recortes/train/taxi_recorte_train_0307.jpg,/home/irar/Escritorio/ProyectoTaxiDetector/dataset/positivos/recortes/augmented/taxi_recorte_aug_00351.jpg
352,taxi_recorte_train_0001.jpg,taxi_recorte_aug_00352.jpg,/home/irar/Escritorio/ProyectoTaxiDetector/dataset/positivos/recortes/train/taxi_recorte_train_0001.jpg,/home/irar/Escritorio/ProyectoTaxiDetector/dataset/positivos/recortes/augmented/taxi_recorte_aug_00352.jpg
353,taxi_recorte_train_0272.jpg,taxi_recorte_aug_00353.jpg,/home/irar/Escritorio/ProyectoTaxiDetector/dataset/positivos/recortes/train/taxi_recorte_train_0272.jpg,/home/irar/Escritorio/ProyectoTaxiDetector/dataset/positivos/recortes/augmented/taxi_recorte_aug_00353.jpg
354,taxi_recorte_train_0277.jpg,taxi_recorte_aug_00354.jpg,/home/irar/Escritorio/ProyectoTaxiDetector/dataset/positivos/recortes/train/taxi_recorte_train_0277.jpg,/home/irar/Escritorio/ProyectoTaxiDetector/dataset/positivos/recortes/augmented/taxi_recorte_aug_00354.jpg
355,taxi_recorte_train_0083.jpg,taxi_recorte_aug_00355.jpg,/home/irar/Escritorio/ProyectoTaxiDetector/dataset/positivos/recortes/train/taxi_recorte_train_0083.jpg,/home/irar/Escritorio/ProyectoTaxiDetector/dataset/positivos/recortes/augmented/taxi_recorte_aug_00355.jpg
356,taxi_recorte_train_0192.jpg,taxi_recorte_aug_00356.jpg,/home/irar/Escritorio/ProyectoTaxiDetector/dataset/positivos/recortes/train/taxi_recorte_train_0192.jpg,/home/irar/Escritorio/ProyectoTaxiDetector/dataset/positivos/recortes/augmented/taxi_recorte_aug_00356.jpg
357,taxi_recorte_train_0397.jpg,taxi_recorte_aug_00357.jpg,/home/irar/Escritorio/ProyectoTaxiDetector/dataset/positivos/recortes/train/taxi_recorte_train_0397.jpg,/home/irar/Escritorio/ProyectoTaxiDetector/dataset/positivos/recortes/augmented/taxi_recorte_aug_00357.jpg
358,taxi_recorte_train_0102.jpg,taxi_recorte_aug_00358.jpg,/home/irar/Escritorio/ProyectoTaxiDetector/dataset/positivos/recortes/train/taxi_recorte_train_0102.jpg,/home/irar/Escritorio/ProyectoTaxiDetector/dataset/positivos/recortes/augmented/taxi_recorte_aug_00358.jpg
359,taxi_recorte_train_0457.jpg,taxi_recorte_aug_00359.jpg,/home/irar/Escritorio/ProyectoTaxiDetector/dataset/positivos/recortes/train/taxi_recorte_train_0457.jpg,/home/irar/Escritorio/ProyectoTaxiDetector/dataset/positivos/recortes/augmented/taxi_recorte_aug_00359.jpg
360,taxi_recorte_train_0365.jpg,taxi_recorte_aug_00360.jpg,/home/irar/Escritorio/ProyectoTaxiDetector/dataset/positivos/recortes/train/taxi_recorte_train_0365.jpg,/home/irar/Escritorio/ProyectoTaxiDetector/dataset/positivos/recortes/augmented/taxi_recorte_aug_00360.jpg
361,taxi_recorte_train_0447.jpg,taxi_recorte_aug_00361.jpg,/home/irar/Escritorio/ProyectoTaxiDetector/dataset/positivos/recortes/train/taxi_recorte_train_0447.jpg,/home/irar/Escritorio/ProyectoTaxiDetector/dataset/positivos/recortes/augmented/taxi_recorte_aug_00361.jpg
362,taxi_recorte_train_0153.jpg,taxi_recorte_aug_00362.jpg,/home/irar/Escritorio/ProyectoTaxiDetector/dataset/positivos/recortes/train/taxi_recorte_train_0153.jpg,/home/irar/Escritorio/ProyectoTaxiDetector/dataset/positivos/recortes/augmented/taxi_recorte_aug_00362.jpg
363,taxi_recorte_train_0321.jpg,taxi_recorte_aug_00363.jpg,/home/irar/Escritorio/ProyectoTaxiDetector/dataset/positivos/recortes/train/taxi_recorte_train_0321.jpg,/home/irar/Escritorio/ProyectoTaxiDetector/dataset/positivos/recortes/augmented/taxi_recorte_aug_00363.jpg
364,taxi_recorte_train_0055.jpg,taxi_recorte_aug_00364.jpg,/home/irar/Escritorio/ProyectoTaxiDetector/dataset/positivos/recortes/train/taxi_recorte_train_0055.jpg,/home/irar/Escritorio/ProyectoTaxiDetector/dataset/positivos/recortes/augmented/taxi_recorte_aug_00364.jpg
365,taxi_recorte_train_0260.jpg,taxi_recorte_aug_00365.jpg,/home/irar/Escritorio/ProyectoTaxiDetector/dataset/positivos/recortes/train/taxi_recorte_train_0260.jpg,/home/irar/Escritorio/ProyectoTaxiDetector/dataset/positivos/recortes/augmented/taxi_recorte_aug_00365.jpg
366,taxi_recorte_train_0092.jpg,taxi_recorte_aug_00366.jpg,/home/irar/Escritorio/ProyectoTaxiDetector/dataset/positivos/recortes/train/taxi_recorte_train_0092.jpg,/home/irar/Escritorio/ProyectoTaxiDetector/dataset/positivos/recortes/augmented/taxi_recorte_aug_00366.jpg
367,taxi_recorte_train_0257.jpg,taxi_recorte_aug_00367.jpg,/home/irar/Escritorio/ProyectoTaxiDetector/dataset/positivos/recortes/train/taxi_recorte_train_0257.jpg,/home/irar/Escritorio/ProyectoTaxiDetector/dataset/positivos/recortes/augmented/taxi_recorte_aug_00367.jpg
368,taxi_recorte_train_0412.jpg,taxi_recorte_aug_00368.jpg,/home/irar/Escritorio/ProyectoTaxiDetector/dataset/positivos/recortes/train/taxi_recorte_train_0412.jpg,/home/irar/Escritorio/ProyectoTaxiDetector/dataset/positivos/recortes/augmented/taxi_recorte_aug_00368.jpg
369,taxi_recorte_train_0002.jpg,taxi_recorte_aug_00369.jpg,/home/irar/Escritorio/ProyectoTaxiDetector/dataset/positivos/recortes/train/taxi_recorte_train_0002.jpg,/home/irar/Escritorio/ProyectoTaxiDetector/dataset/positivos/recortes/augmented/taxi_recorte_aug_00369.jpg
370,taxi_recorte_train_0471.jpg,taxi_recorte_aug_00370.jpg,/home/irar/Escritorio/ProyectoTaxiDetector/dataset/positivos/recortes/train/taxi_recorte_train_0471.jpg,/home/irar/Escritorio/ProyectoTaxiDetector/dataset/positivos/recortes/augmented/taxi_recorte_aug_00370.jpg
371,taxi_recorte_train_0081.jpg,taxi_recorte_aug_00371.jpg,/home/irar/Escritorio/ProyectoTaxiDetector/dataset/positivos/recortes/train/taxi_recorte_train_0081.jpg,/home/irar/Escritorio/ProyectoTaxiDetector/dataset/positivos/recortes/augmented/taxi_recorte_aug_00371.jpg
372,taxi_recorte_train_0223.jpg,taxi_recorte_aug_00372.jpg,/home/irar/Escritorio/ProyectoTaxiDetector/dataset/positivos/recortes/train/taxi_recorte_train_0223.jpg,/home/irar/Escritorio/ProyectoTaxiDetector/dataset/positivos/recortes/augmented/taxi_recorte_aug_00372.jpg
373,taxi_recorte_train_0494.jpg,taxi_recorte_aug_00373.jpg,/home/irar/Escritorio/ProyectoTaxiDetector/dataset/positivos/recortes/train/taxi_recorte_train_0494.jpg,/home/irar/Escritorio/ProyectoTaxiDetector/dataset/positivos/recortes/augmented/taxi_recorte_aug_00373.jpg
374,taxi_recorte_train_0058.jpg,taxi_recorte_aug_00374.jpg,/home/irar/Escritorio/ProyectoTaxiDetector/dataset/positivos/recortes/train/taxi_recorte_train_0058.jpg,/home/irar/Escritorio/ProyectoTaxiDetector/dataset/positivos/recortes/augmented/taxi_recorte_aug_00374.jpg
375,taxi_recorte_train_0175.jpg,taxi_recorte_aug_00375.jpg,/home/irar/Escritorio/ProyectoTaxiDetector/dataset/positivos/recortes/train/taxi_recorte_train_0175.jpg,/home/irar/Escritorio/ProyectoTaxiDetector/dataset/positivos/recortes/augmented/taxi_recorte_aug_00375.jpg
376,taxi_recorte_train_0329.jpg,taxi_recorte_aug_00376.jpg,/home/irar/Escritorio/ProyectoTaxiDetector/dataset/positivos/recortes/train/taxi_recorte_train_0329.jpg,/home/irar/Escritorio/ProyectoTaxiDetector/dataset/positivos/recortes/augmented/taxi_recorte_aug_00376.jpg
377,taxi_recorte_train_0462.jpg,taxi_recorte_aug_00377.jpg,/home/irar/Escritorio/ProyectoTaxiDetector/dataset/positivos/recortes/train/taxi_recorte_train_0462.jpg,/home/irar/Escritorio/ProyectoTaxiDetector/dataset/positivos/recortes/augmented/taxi_recorte_aug_00377.jpg
378,taxi_recorte_train_0501.jpg,taxi_recorte_aug_00378.jpg,/home/irar/Escritorio/ProyectoTaxiDetector/dataset/positivos/recortes/train/taxi_recorte_train_0501.jpg,/home/irar/Escritorio/ProyectoTaxiDetector/dataset/positivos/recortes/augmented/taxi_recorte_aug_00378.jpg
379,taxi_recorte_train_0524.jpg,taxi_recorte_aug_00379.jpg,/home/irar/Escritorio/ProyectoTaxiDetector/dataset/positivos/recortes/train/taxi_recorte_train_0524.jpg,/home/irar/Escritorio/ProyectoTaxiDetector/dataset/positivos/recortes/augmented/taxi_recorte_aug_00379.jpg
380,taxi_recorte_train_0059.jpg,taxi_recorte_aug_00380.jpg,/home/irar/Escritorio/ProyectoTaxiDetector/dataset/positivos/recortes/train/taxi_recorte_train_0059.jpg,/home/irar/Escritorio/ProyectoTaxiDetector/dataset/positivos/recortes/augmented/taxi_recorte_aug_00380.jpg
381,taxi_recorte_train_0370.jpg,taxi_recorte_aug_00381.jpg,/home/irar/Escritorio/ProyectoTaxiDetector/dataset/positivos/recortes/train/taxi_recorte_train_0370.jpg,/home/irar/Escritorio/ProyectoTaxiDetector/dataset/positivos/recortes/augmented/taxi_recorte_aug_00381.jpg
382,taxi_recorte_train_0440.jpg,taxi_recorte_aug_00382.jpg,/home/irar/Escritorio/ProyectoTaxiDetector/dataset/positivos/recortes/train/taxi_recorte_train_0440.jpg,/home/irar/Escritorio/ProyectoTaxiDetector/dataset/positivos/recortes/augmented/taxi_recorte_aug_00382.jpg
383,taxi_recorte_train_0006.jpg,taxi_recorte_aug_00383.jpg,/home/irar/Escritorio/ProyectoTaxiDetector/dataset/positivos/recortes/train/taxi_recorte_train_0006.jpg,/home/irar/Escritorio/ProyectoTaxiDetector/dataset/positivos/recortes/augmented/taxi_recorte_aug_00383.jpg
384,taxi_recorte_train_0284.jpg,taxi_recorte_aug_00384.jpg,/home/irar/Escritorio/ProyectoTaxiDetector/dataset/positivos/recortes/train/taxi_recorte_train_0284.jpg,/home/irar/Escritorio/ProyectoTaxiDetector/dataset/positivos/recortes/augmented/taxi_recorte_aug_00384.jpg
385,taxi_recorte_train_0129.jpg,taxi_recorte_aug_00385.jpg,/home/irar/Escritorio/ProyectoTaxiDetector/dataset/positivos/recortes/train/taxi_recorte_train_0129.jpg,/home/irar/Escritorio/ProyectoTaxiDetector/dataset/positivos/recortes/augmented/taxi_recorte_aug_00385.jpg
386,taxi_recorte_train_0271.jpg,taxi_recorte_aug_00386.jpg,/home/irar/Escritorio/ProyectoTaxiDetector/dataset/positivos/recortes/train/taxi_recorte_train_0271.jpg,/home/irar/Escritorio/ProyectoTaxiDetector/dataset/positivos/recortes/augmented/taxi_recorte_aug_00386.jpg
387,taxi_recorte_train_0240.jpg,taxi_recorte_aug_00387.jpg,/home/irar/Escritorio/ProyectoTaxiDetector/dataset/positivos/recortes/train/taxi_recorte_train_0240.jpg,/home/irar/Escritorio/ProyectoTaxiDetector/dataset/positivos/recortes/augmented/taxi_recorte_aug_00387.jpg
388,taxi_recorte_train_0392.jpg,taxi_recorte_aug_00388.jpg,/home/irar/Escritorio/ProyectoTaxiDetector/dataset/positivos/recortes/train/taxi_recorte_train_0392.jpg,/home/irar/Escritorio/ProyectoTaxiDetector/dataset/positivos/recortes/augmented/taxi_recorte_aug_00388.jpg
389,taxi_recorte_train_0196.jpg,taxi_recorte_aug_00389.jpg,/home/irar/Escritorio/ProyectoTaxiDetector/dataset/positivos/recortes/train/taxi_recorte_train_0196.jpg,/home/irar/Escritorio/ProyectoTaxiDetector/dataset/positivos/recortes/augmented/taxi_recorte_aug_00389.jpg
390,taxi_recorte_train_0198.jpg,taxi_recorte_aug_00390.jpg,/home/irar/Escritorio/ProyectoTaxiDetector/dataset/positivos/recortes/train/taxi_recorte_train_0198.jpg,/home/irar/Escritorio/ProyectoTaxiDetector/dataset/positivos/recortes/augmented/taxi_recorte_aug_00390.jpg
391,taxi_recorte_train_0534.jpg,taxi_recorte_aug_00391.jpg,/home/irar/Escritorio/ProyectoTaxiDetector/dataset/positivos/recortes/train/taxi_recorte_train_0534.jpg,/home/irar/Escritorio/ProyectoTaxiDetector/dataset/positivos/recortes/augmented/taxi_recorte_aug_00391.jpg
392,taxi_recorte_train_0306.jpg,taxi_recorte_aug_00392.jpg,/home/irar/Escritorio/ProyectoTaxiDetector/dataset/positivos/recortes/train/taxi_recorte_train_0306.jpg,/home/irar/Escritorio/ProyectoTaxiDetector/dataset/positivos/recortes/augmented/taxi_recorte_aug_00392.jpg
393,taxi_recorte_train_0217.jpg,taxi_recorte_aug_00393.jpg,/home/irar/Escritorio/ProyectoTaxiDetector/dataset/positivos/recortes/train/taxi_recorte_train_0217.jpg,/home/irar/Escritorio/ProyectoTaxiDetector/dataset/positivos/recortes/augmented/taxi_recorte_aug_00393.jpg
394,taxi_recorte_train_0519.jpg,taxi_recorte_aug_00394.jpg,/home/irar/Escritorio/ProyectoTaxiDetector/dataset/positivos/recortes/train/taxi_recorte_train_0519.jpg,/home/irar/Escritorio/ProyectoTaxiDetector/dataset/positivos/recortes/augmented/taxi_recorte_aug_00394.jpg
395,taxi_recorte_train_0082.jpg,taxi_recorte_aug_00395.jpg,/home/irar/Escritorio/ProyectoTaxiDetector/dataset/positivos/recortes/train/taxi_recorte_train_0082.jpg,/home/irar/Escritorio/ProyectoTaxiDetector/dataset/positivos/recortes/augmented/taxi_recorte_aug_00395.jpg
396,taxi_recorte_train_0492.jpg,taxi_recorte_aug_00396.jpg,/home/irar/Escritorio/ProyectoTaxiDetector/dataset/positivos/recortes/train/taxi_recorte_train_0492.jpg,/home/irar/Escritorio/ProyectoTaxiDetector/dataset/positivos/recortes/augmented/taxi_recorte_aug_00396.jpg
397,taxi_recorte_train_0079.jpg,taxi_recorte_aug_00397.jpg,/home/irar/Escritorio/ProyectoTaxiDetector/dataset/positivos/recortes/train/taxi_recorte_train_0079.jpg,/home/irar/Escritorio/ProyectoTaxiDetector/dataset/positivos/recortes/augmented/taxi_recorte_aug_00397.jpg
398,taxi_recorte_train_0057.jpg,taxi_recorte_aug_00398.jpg,/home/irar/Escritorio/ProyectoTaxiDetector/dataset/positivos/recortes/train/taxi_recorte_train_0057.jpg,/home/irar/Escritorio/ProyectoTaxiDetector/dataset/positivos/recortes/augmented/taxi_recorte_aug_00398.jpg
399,taxi_recorte_train_0025.jpg,taxi_recorte_aug_00399.jpg,/home/irar/Escritorio/ProyectoTaxiDetector/dataset/positivos/recortes/train/taxi_recorte_train_0025.jpg,/home/irar/Escritorio/ProyectoTaxiDetector/dataset/positivos/recortes/augmented/taxi_recorte_aug_00399.jpg
400,taxi_recorte_train_0387.jpg,taxi_recorte_aug_00400.jpg,/home/irar/Escritorio/ProyectoTaxiDetector/dataset/positivos/recortes/train/taxi_recorte_train_0387.jpg,/home/irar/Escritorio/ProyectoTaxiDetector/dataset/positivos/recortes/augmented/taxi_recorte_aug_00400.jpg
401,taxi_recorte_train_0047.jpg,taxi_recorte_aug_00401.jpg,/home/irar/Escritorio/ProyectoTaxiDetector/dataset/positivos/recortes/train/taxi_recorte_train_0047.jpg,/home/irar/Escritorio/ProyectoTaxiDetector/dataset/positivos/recortes/augmented/taxi_recorte_aug_00401.jpg
402,taxi_recorte_train_0253.jpg,taxi_recorte_aug_00402.jpg,/home/irar/Escritorio/ProyectoTaxiDetector/dataset/positivos/recortes/train/taxi_recorte_train_0253.jpg,/home/irar/Escritorio/ProyectoTaxiDetector/dataset/positivos/recortes/augmented/taxi_recorte_aug_00402.jpg
403,taxi_recorte_train_0261.jpg,taxi_recorte_aug_00403.jpg,/home/irar/Escritorio/ProyectoTaxiDetector/dataset/positivos/recortes/train/taxi_recorte_train_0261.jpg,/home/irar/Escritorio/ProyectoTaxiDetector/dataset/positivos/recortes/augmented/taxi_recorte_aug_00403.jpg
404,taxi_recorte_train_0071.jpg,taxi_recorte_aug_00404.jpg,/home/irar/Escritorio/ProyectoTaxiDetector/dataset/positivos/recortes/train/taxi_recorte_train_0071.jpg,/home/irar/Escritorio/ProyectoTaxiDetector/dataset/positivos/recortes/augmented/taxi_recorte_aug_00404.jpg
405,taxi_recorte_train_0475.jpg,taxi_recorte_aug_00405.jpg,/home/irar/Escritorio/ProyectoTaxiDetector/dataset/positivos/recortes/train/taxi_recorte_train_0475.jpg,/home/irar/Escritorio/ProyectoTaxiDetector/dataset/positivos/recortes/augmented/taxi_recorte_aug_00405.jpg
406,taxi_recorte_train_0488.jpg,taxi_recorte_aug_00406.jpg,/home/irar/Escritorio/ProyectoTaxiDetector/dataset/positivos/recortes/train/taxi_recorte_train_0488.jpg,/home/irar/Escritorio/ProyectoTaxiDetector/dataset/positivos/recortes/augmented/taxi_recorte_aug_00406.jpg
407,taxi_recorte_train_0205.jpg,taxi_recorte_aug_00407.jpg,/home/irar/Escritorio/ProyectoTaxiDetector/dataset/positivos/recortes/train/taxi_recorte_train_0205.jpg,/home/irar/Escritorio/ProyectoTaxiDetector/dataset/positivos/recortes/augmented/taxi_recorte_aug_00407.jpg
408,taxi_recorte_train_0299.jpg,taxi_recorte_aug_00408.jpg,/home/irar/Escritorio/ProyectoTaxiDetector/dataset/positivos/recortes/train/taxi_recorte_train_0299.jpg,/home/irar/Escritorio/ProyectoTaxiDetector/dataset/positivos/recortes/augmented/taxi_recorte_aug_00408.jpg
409,taxi_recorte_train_0220.jpg,taxi_recorte_aug_00409.jpg,/home/irar/Escritorio/ProyectoTaxiDetector/dataset/positivos/recortes/train/taxi_recorte_train_0220.jpg,/home/irar/Escritorio/ProyectoTaxiDetector/dataset/positivos/recortes/augmented/taxi_recorte_aug_00409.jpg
410,taxi_recorte_train_0300.jpg,taxi_recorte_aug_00410.jpg,/home/irar/Escritorio/ProyectoTaxiDetector/dataset/positivos/recortes/train/taxi_recorte_train_0300.jpg,/home/irar/Escritorio/ProyectoTaxiDetector/dataset/positivos/recortes/augmented/taxi_recorte_aug_00410.jpg
411,taxi_recorte_train_0383.jpg,taxi_recorte_aug_00411.jpg,/home/irar/Escritorio/ProyectoTaxiDetector/dataset/positivos/recortes/train/taxi_recorte_train_0383.jpg,/home/irar/Escritorio/ProyectoTaxiDetector/dataset/positivos/recortes/augmented/taxi_recorte_aug_00411.jpg
412,taxi_recorte_train_0135.jpg,taxi_recorte_aug_00412.jpg,/home/irar/Escritorio/ProyectoTaxiDetector/dataset/positivos/recortes/train/taxi_recorte_train_0135.jpg,/home/irar/Escritorio/ProyectoTaxiDetector/dataset/positivos/recortes/augmented/taxi_recorte_aug_00412.jpg
413,taxi_recorte_train_0276.jpg,taxi_recorte_aug_00413.jpg,/home/irar/Escritorio/ProyectoTaxiDetector/dataset/positivos/recortes/train/taxi_recorte_train_0276.jpg,/home/irar/Escritorio/ProyectoTaxiDetector/dataset/positivos/recortes/augmented/taxi_recorte_aug_00413.jpg
414,taxi_recorte_train_0288.jpg,taxi_recorte_aug_00414.jpg,/home/irar/Escritorio/ProyectoTaxiDetector/dataset/positivos/recortes/train/taxi_recorte_train_0288.jpg,/home/irar/Escritorio/ProyectoTaxiDetector/dataset/positivos/recortes/augmented/taxi_recorte_aug_00414.jpg
415,taxi_recorte_train_0382.jpg,taxi_recorte_aug_00415.jpg,/home/irar/Escritorio/ProyectoTaxiDetector/dataset/positivos/recortes/train/taxi_recorte_train_0382.jpg,/home/irar/Escritorio/ProyectoTaxiDetector/dataset/positivos/recortes/augmented/taxi_recorte_aug_00415.jpg
416,taxi_recorte_train_0127.jpg,taxi_recorte_aug_00416.jpg,/home/irar/Escritorio/ProyectoTaxiDetector/dataset/positivos/recortes/train/taxi_recorte_train_0127.jpg,/home/irar/Escritorio/ProyectoTaxiDetector/dataset/positivos/recortes/augmented/taxi_recorte_aug_00416.jpg
417,taxi_recorte_train_0072.jpg,taxi_recorte_aug_00417.jpg,/home/irar/Escritorio/ProyectoTaxiDetector/dataset/positivos/recortes/train/taxi_recorte_train_0072.jpg,/home/irar/Escritorio/ProyectoTaxiDetector/dataset/positivos/recortes/augmented/taxi_recorte_aug_00417.jpg
418,taxi_recorte_train_0506.jpg,taxi_recorte_aug_00418.jpg,/home/irar/Escritorio/ProyectoTaxiDetector/dataset/positivos/recortes/train/taxi_recorte_train_0506.jpg,/home/irar/Escritorio/ProyectoTaxiDetector/dataset/positivos/recortes/augmented/taxi_recorte_aug_00418.jpg
419,taxi_recorte_train_0074.jpg,taxi_recorte_aug_00419.jpg,/home/irar/Escritorio/ProyectoTaxiDetector/dataset/positivos/recortes/train/taxi_recorte_train_0074.jpg,/home/irar/Escritorio/ProyectoTaxiDetector/dataset/positivos/recortes/augmented/taxi_recorte_aug_00419.jpg
420,taxi_recorte_train_0235.jpg,taxi_recorte_aug_00420.jpg,/home/irar/Escritorio/ProyectoTaxiDetector/dataset/positivos/recortes/train/taxi_recorte_train_0235.jpg,/home/irar/Escritorio/ProyectoTaxiDetector/dataset/positivos/recortes/augmented/taxi_recorte_aug_00420.jpg
421,taxi_recorte_train_0330.jpg,taxi_recorte_aug_00421.jpg,/home/irar/Escritorio/ProyectoTaxiDetector/dataset/positivos/recortes/train/taxi_recorte_train_0330.jpg,/home/irar/Escritorio/ProyectoTaxiDetector/dataset/positivos/recortes/augmented/taxi_recorte_aug_00421.jpg
422,taxi_recorte_train_0203.jpg,taxi_recorte_aug_00422.jpg,/home/irar/Escritorio/ProyectoTaxiDetector/dataset/positivos/recortes/train/taxi_recorte_train_0203.jpg,/home/irar/Escritorio/ProyectoTaxiDetector/dataset/positivos/recortes/augmented/taxi_recorte_aug_00422.jpg
423,taxi_recorte_train_0256.jpg,taxi_recorte_aug_00423.jpg,/home/irar/Escritorio/ProyectoTaxiDetector/dataset/positivos/recortes/train/taxi_recorte_train_0256.jpg,/home/irar/Escritorio/ProyectoTaxiDetector/dataset/positivos/recortes/augmented/taxi_recorte_aug_00423.jpg
424,taxi_recorte_train_0336.jpg,taxi_recorte_aug_00424.jpg,/home/irar/Escritorio/ProyectoTaxiDetector/dataset/positivos/recortes/train/taxi_recorte_train_0336.jpg,/home/irar/Escritorio/ProyectoTaxiDetector/dataset/positivos/recortes/augmented/taxi_recorte_aug_00424.jpg
425,taxi_recorte_train_0429.jpg,taxi_recorte_aug_00425.jpg,/home/irar/Escritorio/ProyectoTaxiDetector/dataset/positivos/recortes/train/taxi_recorte_train_0429.jpg,/home/irar/Escritorio/ProyectoTaxiDetector/dataset/positivos/recortes/augmented/taxi_recorte_aug_00425.jpg
426,taxi_recorte_train_0520.jpg,taxi_recorte_aug_00426.jpg,/home/irar/Escritorio/ProyectoTaxiDetector/dataset/positivos/recortes/train/taxi_recorte_train_0520.jpg,/home/irar/Escritorio/ProyectoTaxiDetector/dataset/positivos/recortes/augmented/taxi_recorte_aug_00426.jpg
427,taxi_recorte_train_0368.jpg,taxi_recorte_aug_00427.jpg,/home/irar/Escritorio/ProyectoTaxiDetector/dataset/positivos/recortes/train/taxi_recorte_train_0368.jpg,/home/irar/Escritorio/ProyectoTaxiDetector/dataset/positivos/recortes/augmented/taxi_recorte_aug_00427.jpg
428,taxi_recorte_train_0291.jpg,taxi_recorte_aug_00428.jpg,/home/irar/Escritorio/ProyectoTaxiDetector/dataset/positivos/recortes/train/taxi_recorte_train_0291.jpg,/home/irar/Escritorio/ProyectoTaxiDetector/dataset/positivos/recortes/augmented/taxi_recorte_aug_00428.jpg
429,taxi_recorte_train_0109.jpg,taxi_recorte_aug_00429.jpg,/home/irar/Escritorio/ProyectoTaxiDetector/dataset/positivos/recortes/train/taxi_recorte_train_0109.jpg,/home/irar/Escritorio/ProyectoTaxiDetector/dataset/positivos/recortes/augmented/taxi_recorte_aug_00429.jpg
430,taxi_recorte_train_0034.jpg,taxi_recorte_aug_00430.jpg,/home/irar/Escritorio/ProyectoTaxiDetector/dataset/positivos/recortes/train/taxi_recorte_train_0034.jpg,/home/irar/Escritorio/ProyectoTaxiDetector/dataset/positivos/recortes/augmented/taxi_recorte_aug_00430.jpg
431,taxi_recorte_train_0138.jpg,taxi_recorte_aug_00431.jpg,/home/irar/Escritorio/ProyectoTaxiDetector/dataset/positivos/recortes/train/taxi_recorte_train_0138.jpg,/home/irar/Escritorio/ProyectoTaxiDetector/dataset/positivos/recortes/augmented/taxi_recorte_aug_00431.jpg
432,taxi_recorte_train_0206.jpg,taxi_recorte_aug_00432.jpg,/home/irar/Escritorio/ProyectoTaxiDetector/dataset/positivos/recortes/train/taxi_recorte_train_0206.jpg,/home/irar/Escritorio/ProyectoTaxiDetector/dataset/positivos/recortes/augmented/taxi_recorte_aug_00432.jpg
433,taxi_recorte_train_0162.jpg,taxi_recorte_aug_00433.jpg,/home/irar/Escritorio/ProyectoTaxiDetector/dataset/positivos/recortes/train/taxi_recorte_train_0162.jpg,/home/irar/Escritorio/ProyectoTaxiDetector/dataset/positivos/recortes/augmented/taxi_recorte_aug_00433.jpg
434,taxi_recorte_train_0413.jpg,taxi_recorte_aug_00434.jpg,/home/irar/Escritorio/ProyectoTaxiDetector/dataset/positivos/recortes/train/taxi_recorte_train_0413.jpg,/home/irar/Escritorio/ProyectoTaxiDetector/dataset/positivos/recortes/augmented/taxi_recorte_aug_00434.jpg
435,taxi_recorte_train_0017.jpg,taxi_recorte_aug_00435.jpg,/home/irar/Escritorio/ProyectoTaxiDetector/dataset/positivos/recortes/train/taxi_recorte_train_0017.jpg,/home/irar/Escritorio/ProyectoTaxiDetector/dataset/positivos/recortes/augmented/taxi_recorte_aug_00435.jpg
436,taxi_recorte_train_0421.jpg,taxi_recorte_aug_00436.jpg,/home/irar/Escritorio/ProyectoTaxiDetector/dataset/positivos/recortes/train/taxi_recorte_train_0421.jpg,/home/irar/Escritorio/ProyectoTaxiDetector/dataset/positivos/recortes/augmented/taxi_recorte_aug_00436.jpg
437,taxi_recorte_train_0118.jpg,taxi_recorte_aug_00437.jpg,/home/irar/Escritorio/ProyectoTaxiDetector/dataset/positivos/recortes/train/taxi_recorte_train_0118.jpg,/home/irar/Escritorio/ProyectoTaxiDetector/dataset/positivos/recortes/augmented/taxi_recorte_aug_00437.jpg
438,taxi_recorte_train_0029.jpg,taxi_recorte_aug_00438.jpg,/home/irar/Escritorio/ProyectoTaxiDetector/dataset/positivos/recortes/train/taxi_recorte_train_0029.jpg,/home/irar/Escritorio/ProyectoTaxiDetector/dataset/positivos/recortes/augmented/taxi_recorte_aug_00438.jpg
439,taxi_recorte_train_0398.jpg,taxi_recorte_aug_00439.jpg,/home/irar/Escritorio/ProyectoTaxiDetector/dataset/positivos/recortes/train/taxi_recorte_train_0398.jpg,/home/irar/Escritorio/ProyectoTaxiDetector/dataset/positivos/recortes/augmented/taxi_recorte_aug_00439.jpg
440,taxi_recorte_train_0394.jpg,taxi_recorte_aug_00440.jpg,/home/irar/Escritorio/ProyectoTaxiDetector/dataset/positivos/recortes/train/taxi_recorte_train_0394.jpg,/home/irar/Escritorio/ProyectoTaxiDetector/dataset/positivos/recortes/augmented/taxi_recorte_aug_00440.jpg
441,taxi_recorte_train_0432.jpg,taxi_recorte_aug_00441.jpg,/home/irar/Escritorio/ProyectoTaxiDetector/dataset/positivos/recortes/train/taxi_recorte_train_0432.jpg,/home/irar/Escritorio/ProyectoTaxiDetector/dataset/positivos/recortes/augmented/taxi_recorte_aug_00441.jpg
442,taxi_recorte_train_0167.jpg,taxi_recorte_aug_00442.jpg,/home/irar/Escritorio/ProyectoTaxiDetector/dataset/positivos/recortes/train/taxi_recorte_train_0167.jpg,/home/irar/Escritorio/ProyectoTaxiDetector/dataset/positivos/recortes/augmented/taxi_recorte_aug_00442.jpg
443,taxi_recorte_train_0351.jpg,taxi_recorte_aug_00443.jpg,/home/irar/Escritorio/ProyectoTaxiDetector/dataset/positivos/recortes/train/taxi_recorte_train_0351.jpg,/home/irar/Escritorio/ProyectoTaxiDetector/dataset/positivos/recortes/augmented/taxi_recorte_aug_00443.jpg
444,taxi_recorte_train_0113.jpg,taxi_recorte_aug_00444.jpg,/home/irar/Escritorio/ProyectoTaxiDetector/dataset/positivos/recortes/train/taxi_recorte_train_0113.jpg,/home/irar/Escritorio/ProyectoTaxiDetector/dataset/positivos/recortes/augmented/taxi_recorte_aug_00444.jpg
445,taxi_recorte_train_0286.jpg,taxi_recorte_aug_00445.jpg,/home/irar/Escritorio/ProyectoTaxiDetector/dataset/positivos/recortes/train/taxi_recorte_train_0286.jpg,/home/irar/Escritorio/ProyectoTaxiDetector/dataset/positivos/recortes/augmented/taxi_recorte_aug_00445.jpg
446,taxi_recorte_train_0353.jpg,taxi_recorte_aug_00446.jpg,/home/irar/Escritorio/ProyectoTaxiDetector/dataset/positivos/recortes/train/taxi_recorte_train_0353.jpg,/home/irar/Escritorio/ProyectoTaxiDetector/dataset/positivos/recortes/augmented/taxi_recorte_aug_00446.jpg
447,taxi_recorte_train_0328.jpg,taxi_recorte_aug_00447.jpg,/home/irar/Escritorio/ProyectoTaxiDetector/dataset/positivos/recortes/train/taxi_recorte_train_0328.jpg,/home/irar/Escritorio/ProyectoTaxiDetector/dataset/positivos/recortes/augmented/taxi_recorte_aug_00447.jpg
448,taxi_recorte_train_0139.jpg,taxi_recorte_aug_00448.jpg,/home/irar/Escritorio/ProyectoTaxiDetector/dataset/positivos/recortes/train/taxi_recorte_train_0139.jpg,/home/irar/Escritorio/ProyectoTaxiDetector/dataset/positivos/recortes/augmented/taxi_recorte_aug_00448.jpg
449,taxi_recorte_train_0498.jpg,taxi_recorte_aug_00449.jpg,/home/irar/Escritorio/ProyectoTaxiDetector/dataset/positivos/recortes/train/taxi_recorte_train_0498.jpg,/home/irar/Escritorio/ProyectoTaxiDetector/dataset/positivos/recortes/augmented/taxi_recorte_aug_00449.jpg
450,taxi_recorte_train_0237.jpg,taxi_recorte_aug_00450.jpg,/home/irar/Escritorio/ProyectoTaxiDetector/dataset/positivos/recortes/train/taxi_recorte_train_0237.jpg,/home/irar/Escritorio/ProyectoTaxiDetector/dataset/positivos/recortes/augmented/taxi_recorte_aug_00450.jpg
451,taxi_recorte_train_0467.jpg,taxi_recorte_aug_00451.jpg,/home/irar/Escritorio/ProyectoTaxiDetector/dataset/positivos/recortes/train/taxi_recorte_train_0467.jpg,/home/irar/Escritorio/ProyectoTaxiDetector/dataset/positivos/recortes/augmented/taxi_recorte_aug_00451.jpg
452,taxi_recorte_train_0126.jpg,taxi_recorte_aug_00452.jpg,/home/irar/Escritorio/ProyectoTaxiDetector/dataset/positivos/recortes/train/taxi_recorte_train_0126.jpg,/home/irar/Escritorio/ProyectoTaxiDetector/dataset/positivos/recortes/augmented/taxi_recorte_aug_00452.jpg
453,taxi_recorte_train_0503.jpg,taxi_recorte_aug_00453.jpg,/home/irar/Escritorio/ProyectoTaxiDetector/dataset/positivos/recortes/train/taxi_recorte_train_0503.jpg,/home/irar/Escritorio/ProyectoTaxiDetector/dataset/positivos/recortes/augmented/taxi_recorte_aug_00453.jpg
454,taxi_recorte_train_0274.jpg,taxi_recorte_aug_00454.jpg,/home/irar/Escritorio/ProyectoTaxiDetector/dataset/positivos/recortes/train/taxi_recorte_train_0274.jpg,/home/irar/Escritorio/ProyectoTaxiDetector/dataset/positivos/recortes/augmented/taxi_recorte_aug_00454.jpg
455,taxi_recorte_train_0088.jpg,taxi_recorte_aug_00455.jpg,/home/irar/Escritorio/ProyectoTaxiDetector/dataset/positivos/recortes/train/taxi_recorte_train_0088.jpg,/home/irar/Escritorio/ProyectoTaxiDetector/dataset/positivos/recortes/augmented/taxi_recorte_aug_00455.jpg
456,taxi_recorte_train_0470.jpg,taxi_recorte_aug_00456.jpg,/home/irar/Escritorio/ProyectoTaxiDetector/dataset/positivos/recortes/train/taxi_recorte_train_0470.jpg,/home/irar/Escritorio/ProyectoTaxiDetector/dataset/positivos/recortes/augmented/taxi_recorte_aug_00456.jpg
457,taxi_recorte_train_0312.jpg,taxi_recorte_aug_00457.jpg,/home/irar/Escritorio/ProyectoTaxiDetector/dataset/positivos/recortes/train/taxi_recorte_train_0312.jpg,/home/irar/Escritorio/ProyectoTaxiDetector/dataset/positivos/recortes/augmented/taxi_recorte_aug_00457.jpg
458,taxi_recorte_train_0037.jpg,taxi_recorte_aug_00458.jpg,/home/irar/Escritorio/ProyectoTaxiDetector/dataset/positivos/recortes/train/taxi_recorte_train_0037.jpg,/home/irar/Escritorio/ProyectoTaxiDetector/dataset/positivos/recortes/augmented/taxi_recorte_aug_00458.jpg
459,taxi_recorte_train_0332.jpg,taxi_recorte_aug_00459.jpg,/home/irar/Escritorio/ProyectoTaxiDetector/dataset/positivos/recortes/train/taxi_recorte_train_0332.jpg,/home/irar/Escritorio/ProyectoTaxiDetector/dataset/positivos/recortes/augmented/taxi_recorte_aug_00459.jpg
460,taxi_recorte_train_0350.jpg,taxi_recorte_aug_00460.jpg,/home/irar/Escritorio/ProyectoTaxiDetector/dataset/positivos/recortes/train/taxi_recorte_train_0350.jpg,/home/irar/Escritorio/ProyectoTaxiDetector/dataset/positivos/recortes/augmented/taxi_recorte_aug_00460.jpg
461,taxi_recorte_train_0360.jpg,taxi_recorte_aug_00461.jpg,/home/irar/Escritorio/ProyectoTaxiDetector/dataset/positivos/recortes/train/taxi_recorte_train_0360.jpg,/home/irar/Escritorio/ProyectoTaxiDetector/dataset/positivos/recortes/augmented/taxi_recorte_aug_00461.jpg
462,taxi_recorte_train_0137.jpg,taxi_recorte_aug_00462.jpg,/home/irar/Escritorio/ProyectoTaxiDetector/dataset/positivos/recortes/train/taxi_recorte_train_0137.jpg,/home/irar/Escritorio/ProyectoTaxiDetector/dataset/positivos/recortes/augmented/taxi_recorte_aug_00462.jpg
463,taxi_recorte_train_0344.jpg,taxi_recorte_aug_00463.jpg,/home/irar/Escritorio/ProyectoTaxiDetector/dataset/positivos/recortes/train/taxi_recorte_train_0344.jpg,/home/irar/Escritorio/ProyectoTaxiDetector/dataset/positivos/recortes/augmented/taxi_recorte_aug_00463.jpg
464,taxi_recorte_train_0108.jpg,taxi_recorte_aug_00464.jpg,/home/irar/Escritorio/ProyectoTaxiDetector/dataset/positivos/recortes/train/taxi_recorte_train_0108.jpg,/home/irar/Escritorio/ProyectoTaxiDetector/dataset/positivos/recortes/augmented/taxi_recorte_aug_00464.jpg
465,taxi_recorte_train_0182.jpg,taxi_recorte_aug_00465.jpg,/home/irar/Escritorio/ProyectoTaxiDetector/dataset/positivos/recortes/train/taxi_recorte_train_0182.jpg,/home/irar/Escritorio/ProyectoTaxiDetector/dataset/positivos/recortes/augmented/taxi_recorte_aug_00465.jpg
466,taxi_recorte_train_0190.jpg,taxi_recorte_aug_00466.jpg,/home/irar/Escritorio/ProyectoTaxiDetector/dataset/positivos/recortes/train/taxi_recorte_train_0190.jpg,/home/irar/Escritorio/ProyectoTaxiDetector/dataset/positivos/recortes/augmented/taxi_recorte_aug_00466.jpg
467,taxi_recorte_train_0084.jpg,taxi_recorte_aug_00467.jpg,/home/irar/Escritorio/ProyectoTaxiDetector/dataset/positivos/recortes/train/taxi_recorte_train_0084.jpg,/home/irar/Escritorio/ProyectoTaxiDetector/dataset/positivos/recortes/augmented/taxi_recorte_aug_00467.jpg
468,taxi_recorte_train_0187.jpg,taxi_recorte_aug_00468.jpg,/home/irar/Escritorio/ProyectoTaxiDetector/dataset/positivos/recortes/train/taxi_recorte_train_0187.jpg,/home/irar/Escritorio/ProyectoTaxiDetector/dataset/positivos/recortes/augmented/taxi_recorte_aug_00468.jpg
469,taxi_recorte_train_0428.jpg,taxi_recorte_aug_00469.jpg,/home/irar/Escritorio/ProyectoTaxiDetector/dataset/positivos/recortes/train/taxi_recorte_train_0428.jpg,/home/irar/Escritorio/ProyectoTaxiDetector/dataset/positivos/recortes/augmented/taxi_recorte_aug_00469.jpg
470,taxi_recorte_train_0326.jpg,taxi_recorte_aug_00470.jpg,/home/irar/Escritorio/ProyectoTaxiDetector/dataset/positivos/recortes/train/taxi_recorte_train_0326.jpg,/home/irar/Escritorio/ProyectoTaxiDetector/dataset/positivos/recortes/augmented/taxi_recorte_aug_00470.jpg
471,taxi_recorte_train_0233.jpg,taxi_recorte_aug_00471.jpg,/home/irar/Escritorio/ProyectoTaxiDetector/dataset/positivos/recortes/train/taxi_recorte_train_0233.jpg,/home/irar/Escritorio/ProyectoTaxiDetector/dataset/positivos/recortes/augmented/taxi_recorte_aug_00471.jpg
472,taxi_recorte_train_0538.jpg,taxi_recorte_aug_00472.jpg,/home/irar/Escritorio/ProyectoTaxiDetector/dataset/positivos/recortes/train/taxi_recorte_train_0538.jpg,/home/irar/Escritorio/ProyectoTaxiDetector/dataset/positivos/recortes/augmented/taxi_recorte_aug_00472.jpg
473,taxi_recorte_train_0195.jpg,taxi_recorte_aug_00473.jpg,/home/irar/Escritorio/ProyectoTaxiDetector/dataset/positivos/recortes/train/taxi_recorte_train_0195.jpg,/home/irar/Escritorio/ProyectoTaxiDetector/dataset/positivos/recortes/augmented/taxi_recorte_aug_00473.jpg
474,taxi_recorte_train_0052.jpg,taxi_recorte_aug_00474.jpg,/home/irar/Escritorio/ProyectoTaxiDetector/dataset/positivos/recortes/train/taxi_recorte_train_0052.jpg,/home/irar/Escritorio/ProyectoTaxiDetector/dataset/positivos/recortes/augmented/taxi_recorte_aug_00474.jpg
475,taxi_recorte_train_0444.jpg,taxi_recorte_aug_00475.jpg,/home/irar/Escritorio/ProyectoTaxiDetector/dataset/positivos/recortes/train/taxi_recorte_train_0444.jpg,/home/irar/Escritorio/ProyectoTaxiDetector/dataset/positivos/recortes/augmented/taxi_recorte_aug_00475.jpg
476,taxi_recorte_train_0120.jpg,taxi_recorte_aug_00476.jpg,/home/irar/Escritorio/ProyectoTaxiDetector/dataset/positivos/recortes/train/taxi_recorte_train_0120.jpg,/home/irar/Escritorio/ProyectoTaxiDetector/dataset/positivos/recortes/augmented/taxi_recorte_aug_00476.jpg
477,taxi_recorte_train_0438.jpg,taxi_recorte_aug_00477.jpg,/home/irar/Escritorio/ProyectoTaxiDetector/dataset/positivos/recortes/train/taxi_recorte_train_0438.jpg,/home/irar/Escritorio/ProyectoTaxiDetector/dataset/positivos/recortes/augmented/taxi_recorte_aug_00477.jpg
478,taxi_recorte_train_0496.jpg,taxi_recorte_aug_00478.jpg,/home/irar/Escritorio/ProyectoTaxiDetector/dataset/positivos/recortes/train/taxi_recorte_train_0496.jpg,/home/irar/Escritorio/ProyectoTaxiDetector/dataset/positivos/recortes/augmented/taxi_recorte_aug_00478.jpg
479,taxi_recorte_train_0149.jpg,taxi_recorte_aug_00479.jpg,/home/irar/Escritorio/ProyectoTaxiDetector/dataset/positivos/recortes/train/taxi_recorte_train_0149.jpg,/home/irar/Escritorio/ProyectoTaxiDetector/dataset/positivos/recortes/augmented/taxi_recorte_aug_00479.jpg
480,taxi_recorte_train_0396.jpg,taxi_recorte_aug_00480.jpg,/home/irar/Escritorio/ProyectoTaxiDetector/dataset/positivos/recortes/train/taxi_recorte_train_0396.jpg,/home/irar/Escritorio/ProyectoTaxiDetector/dataset/positivos/recortes/augmented/taxi_recorte_aug_00480.jpg
481,taxi_recorte_train_0117.jpg,taxi_recorte_aug_00481.jpg,/home/irar/Escritorio/ProyectoTaxiDetector/dataset/positivos/recortes/train/taxi_recorte_train_0117.jpg,/home/irar/Escritorio/ProyectoTaxiDetector/dataset/positivos/recortes/augmented/taxi_recorte_aug_00481.jpg
482,taxi_recorte_train_0339.jpg,taxi_recorte_aug_00482.jpg,/home/irar/Escritorio/ProyectoTaxiDetector/dataset/positivos/recortes/train/taxi_recorte_train_0339.jpg,/home/irar/Escritorio/ProyectoTaxiDetector/dataset/positivos/recortes/augmented/taxi_recorte_aug_00482.jpg
483,taxi_recorte_train_0024.jpg,taxi_recorte_aug_00483.jpg,/home/irar/Escritorio/ProyectoTaxiDetector/dataset/positivos/recortes/train/taxi_recorte_train_0024.jpg,/home/irar/Escritorio/ProyectoTaxiDetector/dataset/positivos/recortes/augmented/taxi_recorte_aug_00483.jpg
484,taxi_recorte_train_0036.jpg,taxi_recorte_aug_00484.jpg,/home/irar/Escritorio/ProyectoTaxiDetector/dataset/positivos/recortes/train/taxi_recorte_train_0036.jpg,/home/irar/Escritorio/ProyectoTaxiDetector/dataset/positivos/recortes/augmented/taxi_recorte_aug_00484.jpg
485,taxi_recorte_train_0361.jpg,taxi_recorte_aug_00485.jpg,/home/irar/Escritorio/ProyectoTaxiDetector/dataset/positivos/recortes/train/taxi_recorte_train_0361.jpg,/home/irar/Escritorio/ProyectoTaxiDetector/dataset/positivos/recortes/augmented/taxi_recorte_aug_00485.jpg
486,taxi_recorte_train_0099.jpg,taxi_recorte_aug_00486.jpg,/home/irar/Escritorio/ProyectoTaxiDetector/dataset/positivos/recortes/train/taxi_recorte_train_0099.jpg,/home/irar/Escritorio/ProyectoTaxiDetector/dataset/positivos/recortes/augmented/taxi_recorte_aug_00486.jpg
487,taxi_recorte_train_0296.jpg,taxi_recorte_aug_00487.jpg,/home/irar/Escritorio/ProyectoTaxiDetector/dataset/positivos/recortes/train/taxi_recorte_train_0296.jpg,/home/irar/Escritorio/ProyectoTaxiDetector/dataset/positivos/recortes/augmented/taxi_recorte_aug_00487.jpg
488,taxi_recorte_train_0186.jpg,taxi_recorte_aug_00488.jpg,/home/irar/Escritorio/ProyectoTaxiDetector/dataset/positivos/recortes/train/taxi_recorte_train_0186.jpg,/home/irar/Escritorio/ProyectoTaxiDetector/dataset/positivos/recortes/augmented/taxi_recorte_aug_00488.jpg
489,taxi_recorte_train_0442.jpg,taxi_recorte_aug_00489.jpg,/home/irar/Escritorio/ProyectoTaxiDetector/dataset/positivos/recortes/train/taxi_recorte_train_0442.jpg,/home/irar/Escritorio/ProyectoTaxiDetector/dataset/positivos/recortes/augmented/taxi_recorte_aug_00489.jpg
490,taxi_recorte_train_0454.jpg,taxi_recorte_aug_00490.jpg,/home/irar/Escritorio/ProyectoTaxiDetector/dataset/positivos/recortes/train/taxi_recorte_train_0454.jpg,/home/irar/Escritorio/ProyectoTaxiDetector/dataset/positivos/recortes/augmented/taxi_recorte_aug_00490.jpg
491,taxi_recorte_train_0317.jpg,taxi_recorte_aug_00491.jpg,/home/irar/Escritorio/ProyectoTaxiDetector/dataset/positivos/recortes/train/taxi_recorte_train_0317.jpg,/home/irar/Escritorio/ProyectoTaxiDetector/dataset/positivos/recortes/augmented/taxi_recorte_aug_00491.jpg
492,taxi_recorte_train_0322.jpg,taxi_recorte_aug_00492.jpg,/home/irar/Escritorio/ProyectoTaxiDetector/dataset/positivos/recortes/train/taxi_recorte_train_0322.jpg,/home/irar/Escritorio/ProyectoTaxiDetector/dataset/positivos/recortes/augmented/taxi_recorte_aug_00492.jpg
493,taxi_recorte_train_0425.jpg,taxi_recorte_aug_00493.jpg,/home/irar/Escritorio/ProyectoTaxiDetector/dataset/positivos/recortes/train/taxi_recorte_train_0425.jpg,/home/irar/Escritorio/ProyectoTaxiDetector/dataset/positivos/recortes/augmented/taxi_recorte_aug_00493.jpg
494,taxi_recorte_train_0151.jpg,taxi_recorte_aug_00494.jpg,/home/irar/Escritorio/ProyectoTaxiDetector/dataset/positivos/recortes/train/taxi_recorte_train_0151.jpg,/home/irar/Escritorio/ProyectoTaxiDetector/dataset/positivos/recortes/augmented/taxi_recorte_aug_00494.jpg
495,taxi_recorte_train_0283.jpg,taxi_recorte_aug_00495.jpg,/home/irar/Escritorio/ProyectoTaxiDetector/dataset/positivos/recortes/train/taxi_recorte_train_0283.jpg,/home/irar/Escritorio/ProyectoTaxiDetector/dataset/positivos/recortes/augmented/taxi_recorte_aug_00495.jpg
496,taxi_recorte_train_0041.jpg,taxi_recorte_aug_00496.jpg,/home/irar/Escritorio/ProyectoTaxiDetector/dataset/positivos/recortes/train/taxi_recorte_train_0041.jpg,/home/irar/Escritorio/ProyectoTaxiDetector/dataset/positivos/recortes/augmented/taxi_recorte_aug_00496.jpg
497,taxi_recorte_train_0194.jpg,taxi_recorte_aug_00497.jpg,/home/irar/Escritorio/ProyectoTaxiDetector/dataset/positivos/recortes/train/taxi_recorte_train_0194.jpg,/home/irar/Escritorio/ProyectoTaxiDetector/dataset/positivos/recortes/augmented/taxi_recorte_aug_00497.jpg
498,taxi_recorte_train_0473.jpg,taxi_recorte_aug_00498.jpg,/home/irar/Escritorio/ProyectoTaxiDetector/dataset/positivos/recortes/train/taxi_recorte_train_0473.jpg,/home/irar/Escritorio/ProyectoTaxiDetector/dataset/positivos/recortes/augmented/taxi_recorte_aug_00498.jpg
499,taxi_recorte_train_0499.jpg,taxi_recorte_aug_00499.jpg,/home/irar/Escritorio/ProyectoTaxiDetector/dataset/positivos/recortes/train/taxi_recorte_train_0499.jpg,/home/irar/Escritorio/ProyectoTaxiDetector/dataset/positivos/recortes/augmented/taxi_recorte_aug_00499.jpg
500,taxi_recorte_train_0064.jpg,taxi_recorte_aug_00500.jpg,/home/irar/Escritorio/ProyectoTaxiDetector/dataset/positivos/recortes/train/taxi_recorte_train_0064.jpg,/home/irar/Escritorio/ProyectoTaxiDetector/dataset/positivos/recortes/augmented/taxi_recorte_aug_00500.jpg
501,taxi_recorte_train_0275.jpg,taxi_recorte_aug_00501.jpg,/home/irar/Escritorio/ProyectoTaxiDetector/dataset/positivos/recortes/train/taxi_recorte_train_0275.jpg,/home/irar/Escritorio/ProyectoTaxiDetector/dataset/positivos/recortes/augmented/taxi_recorte_aug_00501.jpg
502,taxi_recorte_train_0236.jpg,taxi_recorte_aug_00502.jpg,/home/irar/Escritorio/ProyectoTaxiDetector/dataset/positivos/recortes/train/taxi_recorte_train_0236.jpg,/home/irar/Escritorio/ProyectoTaxiDetector/dataset/positivos/recortes/augmented/taxi_recorte_aug_00502.jpg
503,taxi_recorte_train_0374.jpg,taxi_recorte_aug_00503.jpg,/home/irar/Escritorio/ProyectoTaxiDetector/dataset/positivos/recortes/train/taxi_recorte_train_0374.jpg,/home/irar/Escritorio/ProyectoTaxiDetector/dataset/positivos/recortes/augmented/taxi_recorte_aug_00503.jpg
504,taxi_recorte_train_0023.jpg,taxi_recorte_aug_00504.jpg,/home/irar/Escritorio/ProyectoTaxiDetector/dataset/positivos/recortes/train/taxi_recorte_train_0023.jpg,/home/irar/Escritorio/ProyectoTaxiDetector/dataset/positivos/recortes/augmented/taxi_recorte_aug_00504.jpg
505,taxi_recorte_train_0414.jpg,taxi_recorte_aug_00505.jpg,/home/irar/Escritorio/ProyectoTaxiDetector/dataset/positivos/recortes/train/taxi_recorte_train_0414.jpg,/home/irar/Escritorio/ProyectoTaxiDetector/dataset/positivos/recortes/augmented/taxi_recorte_aug_00505.jpg
506,taxi_recorte_train_0136.jpg,taxi_recorte_aug_00506.jpg,/home/irar/Escritorio/ProyectoTaxiDetector/dataset/positivos/recortes/train/taxi_recorte_train_0136.jpg,/home/irar/Escritorio/ProyectoTaxiDetector/dataset/positivos/recortes/augmented/taxi_recorte_aug_00506.jpg
507,taxi_recorte_train_0310.jpg,taxi_recorte_aug_00507.jpg,/home/irar/Escritorio/ProyectoTaxiDetector/dataset/positivos/recortes/train/taxi_recorte_train_0310.jpg,/home/irar/Escritorio/ProyectoTaxiDetector/dataset/positivos/recortes/augmented/taxi_recorte_aug_00507.jpg
508,taxi_recorte_train_0177.jpg,taxi_recorte_aug_00508.jpg,/home/irar/Escritorio/ProyectoTaxiDetector/dataset/positivos/recortes/train/taxi_recorte_train_0177.jpg,/home/irar/Escritorio/ProyectoTaxiDetector/dataset/positivos/recortes/augmented/taxi_recorte_aug_00508.jpg
509,taxi_recorte_train_0434.jpg,taxi_recorte_aug_00509.jpg,/home/irar/Escritorio/ProyectoTaxiDetector/dataset/positivos/recortes/train/taxi_recorte_train_0434.jpg,/home/irar/Escritorio/ProyectoTaxiDetector/dataset/positivos/recortes/augmented/taxi_recorte_aug_00509.jpg
510,taxi_recorte_train_0184.jpg,taxi_recorte_aug_00510.jpg,/home/irar/Escritorio/ProyectoTaxiDetector/dataset/positivos/recortes/train/taxi_recorte_train_0184.jpg,/home/irar/Escritorio/ProyectoTaxiDetector/dataset/positivos/recortes/augmented/taxi_recorte_aug_00510.jpg
511,taxi_recorte_train_0050.jpg,taxi_recorte_aug_00511.jpg,/home/irar/Escritorio/ProyectoTaxiDetector/dataset/positivos/recortes/train/taxi_recorte_train_0050.jpg,/home/irar/Escritorio/ProyectoTaxiDetector/dataset/positivos/recortes/augmented/taxi_recorte_aug_00511.jpg
512,taxi_recorte_train_0390.jpg,taxi_recorte_aug_00512.jpg,/home/irar/Escritorio/ProyectoTaxiDetector/dataset/positivos/recortes/train/taxi_recorte_train_0390.jpg,/home/irar/Escritorio/ProyectoTaxiDetector/dataset/positivos/recortes/augmented/taxi_recorte_aug_00512.jpg
513,taxi_recorte_train_0095.jpg,taxi_recorte_aug_00513.jpg,/home/irar/Escritorio/ProyectoTaxiDetector/dataset/positivos/recortes/train/taxi_recorte_train_0095.jpg,/home/irar/Escritorio/ProyectoTaxiDetector/dataset/positivos/recortes/augmented/taxi_recorte_aug_00513.jpg
514,taxi_recorte_train_0537.jpg,taxi_recorte_aug_00514.jpg,/home/irar/Escritorio/ProyectoTaxiDetector/dataset/positivos/recortes/train/taxi_recorte_train_0537.jpg,/home/irar/Escritorio/ProyectoTaxiDetector/dataset/positivos/recortes/augmented/taxi_recorte_aug_00514.jpg
515,taxi_recorte_train_0345.jpg,taxi_recorte_aug_00515.jpg,/home/irar/Escritorio/ProyectoTaxiDetector/dataset/positivos/recortes/train/taxi_recorte_train_0345.jpg,/home/irar/Escritorio/ProyectoTaxiDetector/dataset/positivos/recortes/augmented/taxi_recorte_aug_00515.jpg
516,taxi_recorte_train_0221.jpg,taxi_recorte_aug_00516.jpg,/home/irar/Escritorio/ProyectoTaxiDetector/dataset/positivos/recortes/train/taxi_recorte_train_0221.jpg,/home/irar/Escritorio/ProyectoTaxiDetector/dataset/positivos/recortes/augmented/taxi_recorte_aug_00516.jpg
517,taxi_recorte_train_0160.jpg,taxi_recorte_aug_00517.jpg,/home/irar/Escritorio/ProyectoTaxiDetector/dataset/positivos/recortes/train/taxi_recorte_train_0160.jpg,/home/irar/Escritorio/ProyectoTaxiDetector/dataset/positivos/recortes/augmented/taxi_recorte_aug_00517.jpg
518,taxi_recorte_train_0523.jpg,taxi_recorte_aug_00518.jpg,/home/irar/Escritorio/ProyectoTaxiDetector/dataset/positivos/recortes/train/taxi_recorte_train_0523.jpg,/home/irar/Escritorio/ProyectoTaxiDetector/dataset/positivos/recortes/augmented/taxi_recorte_aug_00518.jpg
519,taxi_recorte_train_0349.jpg,taxi_recorte_aug_00519.jpg,/home/irar/Escritorio/ProyectoTaxiDetector/dataset/positivos/recortes/train/taxi_recorte_train_0349.jpg,/home/irar/Escritorio/ProyectoTaxiDetector/dataset/positivos/recortes/augmented/taxi_recorte_aug_00519.jpg
520,taxi_recorte_train_0535.jpg,taxi_recorte_aug_00520.jpg,/home/irar/Escritorio/ProyectoTaxiDetector/dataset/positivos/recortes/train/taxi_recorte_train_0535.jpg,/home/irar/Escritorio/ProyectoTaxiDetector/dataset/positivos/recortes/augmented/taxi_recorte_aug_00520.jpg
521,taxi_recorte_train_0164.jpg,taxi_recorte_aug_00521.jpg,/home/irar/Escritorio/ProyectoTaxiDetector/dataset/positivos/recortes/train/taxi_recorte_train_0164.jpg,/home/irar/Escritorio/ProyectoTaxiDetector/dataset/positivos/recortes/augmented/taxi_recorte_aug_00521.jpg
522,taxi_recorte_train_0007.jpg,taxi_recorte_aug_00522.jpg,/home/irar/Escritorio/ProyectoTaxiDetector/dataset/positivos/recortes/train/taxi_recorte_train_0007.jpg,/home/irar/Escritorio/ProyectoTaxiDetector/dataset/positivos/recortes/augmented/taxi_recorte_aug_00522.jpg
523,taxi_recorte_train_0285.jpg,taxi_recorte_aug_00523.jpg,/home/irar/Escritorio/ProyectoTaxiDetector/dataset/positivos/recortes/train/taxi_recorte_train_0285.jpg,/home/irar/Escritorio/ProyectoTaxiDetector/dataset/positivos/recortes/augmented/taxi_recorte_aug_00523.jpg
524,taxi_recorte_train_0460.jpg,taxi_recorte_aug_00524.jpg,/home/irar/Escritorio/ProyectoTaxiDetector/dataset/positivos/recortes/train/taxi_recorte_train_0460.jpg,/home/irar/Escritorio/ProyectoTaxiDetector/dataset/positivos/recortes/augmented/taxi_recorte_aug_00524.jpg
525,taxi_recorte_train_0226.jpg,taxi_recorte_aug_00525.jpg,/home/irar/Escritorio/ProyectoTaxiDetector/dataset/positivos/recortes/train/taxi_recorte_train_0226.jpg,/home/irar/Escritorio/ProyectoTaxiDetector/dataset/positivos/recortes/augmented/taxi_recorte_aug_00525.jpg
526,taxi_recorte_train_0430.jpg,taxi_recorte_aug_00526.jpg,/home/irar/Escritorio/ProyectoTaxiDetector/dataset/positivos/recortes/train/taxi_recorte_train_0430.jpg,/home/irar/Escritorio/ProyectoTaxiDetector/dataset/positivos/recortes/augmented/taxi_recorte_aug_00526.jpg
527,taxi_recorte_train_0204.jpg,taxi_recorte_aug_00527.jpg,/home/irar/Escritorio/ProyectoTaxiDetector/dataset/positivos/recortes/train/taxi_recorte_train_0204.jpg,/home/irar/Escritorio/ProyectoTaxiDetector/dataset/positivos/recortes/augmented/taxi_recorte_aug_00527.jpg
528,taxi_recorte_train_0028.jpg,taxi_recorte_aug_00528.jpg,/home/irar/Escritorio/ProyectoTaxiDetector/dataset/positivos/recortes/train/taxi_recorte_train_0028.jpg,/home/irar/Escritorio/ProyectoTaxiDetector/dataset/positivos/recortes/augmented/taxi_recorte_aug_00528.jpg
529,taxi_recorte_train_0518.jpg,taxi_recorte_aug_00529.jpg,/home/irar/Escritorio/ProyectoTaxiDetector/dataset/positivos/recortes/train/taxi_recorte_train_0518.jpg,/home/irar/Escritorio/ProyectoTaxiDetector/dataset/positivos/recortes/augmented/taxi_recorte_aug_00529.jpg
530,taxi_recorte_train_0239.jpg,taxi_recorte_aug_00530.jpg,/home/irar/Escritorio/ProyectoTaxiDetector/dataset/positivos/recortes/train/taxi_recorte_train_0239.jpg,/home/irar/Escritorio/ProyectoTaxiDetector/dataset/positivos/recortes/augmented/taxi_recorte_aug_00530.jpg
531,taxi_recorte_train_0224.jpg,taxi_recorte_aug_00531.jpg,/home/irar/Escritorio/ProyectoTaxiDetector/dataset/positivos/recortes/train/taxi_recorte_train_0224.jpg,/home/irar/Escritorio/ProyectoTaxiDetector/dataset/positivos/recortes/augmented/taxi_recorte_aug_00531.jpg
532,taxi_recorte_train_0096.jpg,taxi_recorte_aug_00532.jpg,/home/irar/Escritorio/ProyectoTaxiDetector/dataset/positivos/recortes/train/taxi_recorte_train_0096.jpg,/home/irar/Escritorio/ProyectoTaxiDetector/dataset/positivos/recortes/augmented/taxi_recorte_aug_00532.jpg
533,taxi_recorte_train_0031.jpg,taxi_recorte_aug_00533.jpg,/home/irar/Escritorio/ProyectoTaxiDetector/dataset/positivos/recortes/train/taxi_recorte_train_0031.jpg,/home/irar/Escritorio/ProyectoTaxiDetector/dataset/positivos/recortes/augmented/taxi_recorte_aug_00533.jpg
534,taxi_recorte_train_0033.jpg,taxi_recorte_aug_00534.jpg,/home/irar/Escritorio/ProyectoTaxiDetector/dataset/positivos/recortes/train/taxi_recorte_train_0033.jpg,/home/irar/Escritorio/ProyectoTaxiDetector/dataset/positivos/recortes/augmented/taxi_recorte_aug_00534.jpg
535,taxi_recorte_train_0433.jpg,taxi_recorte_aug_00535.jpg,/home/irar/Escritorio/ProyectoTaxiDetector/dataset/positivos/recortes/train/taxi_recorte_train_0433.jpg,/home/irar/Escritorio/ProyectoTaxiDetector/dataset/positivos/recortes/augmented/taxi_recorte_aug_00535.jpg
536,taxi_recorte_train_0090.jpg,taxi_recorte_aug_00536.jpg,/home/irar/Escritorio/ProyectoTaxiDetector/dataset/positivos/recortes/train/taxi_recorte_train_0090.jpg,/home/irar/Escritorio/ProyectoTaxiDetector/dataset/positivos/recortes/augmented/taxi_recorte_aug_00536.jpg
537,taxi_recorte_train_0105.jpg,taxi_recorte_aug_00537.jpg,/home/irar/Escritorio/ProyectoTaxiDetector/dataset/positivos/recortes/train/taxi_recorte_train_0105.jpg,/home/irar/Escritorio/ProyectoTaxiDetector/dataset/positivos/recortes/augmented/taxi_recorte_aug_00537.jpg
538,taxi_recorte_train_0143.jpg,taxi_recorte_aug_00538.jpg,/home/irar/Escritorio/ProyectoTaxiDetector/dataset/positivos/recortes/train/taxi_recorte_train_0143.jpg,/home/irar/Escritorio/ProyectoTaxiDetector/dataset/positivos/recortes/augmented/taxi_recorte_aug_00538.jpg
539,taxi_recorte_train_0229.jpg,taxi_recorte_aug_00539.jpg,/home/irar/Escritorio/ProyectoTaxiDetector/dataset/positivos/recortes/train/taxi_recorte_train_0229.jpg,/home/irar/Escritorio/ProyectoTaxiDetector/dataset/positivos/recortes/augmented/taxi_recorte_aug_00539.jpg
540,taxi_recorte_train_0251.jpg,taxi_recorte_aug_00540.jpg,/home/irar/Escritorio/ProyectoTaxiDetector/dataset/positivos/recortes/train/taxi_recorte_train_0251.jpg,/home/irar/Escritorio/ProyectoTaxiDetector/dataset/positivos/recortes/augmented/taxi_recorte_aug_00540.jpg
541,taxi_recorte_train_0282.jpg,taxi_recorte_aug_00541.jpg,/home/irar/Escritorio/ProyectoTaxiDetector/dataset/positivos/recortes/train/taxi_recorte_train_0282.jpg,/home/irar/Escritorio/ProyectoTaxiDetector/dataset/positivos/recortes/augmented/taxi_recorte_aug_00541.jpg
542,taxi_recorte_train_0026.jpg,taxi_recorte_aug_00542.jpg,/home/irar/Escritorio/ProyectoTaxiDetector/dataset/positivos/recortes/train/taxi_recorte_train_0026.jpg,/home/irar/Escritorio/ProyectoTaxiDetector/dataset/positivos/recortes/augmented/taxi_recorte_aug_00542.jpg
543,taxi_recorte_train_0115.jpg,taxi_recorte_aug_00543.jpg,/home/irar/Escritorio/ProyectoTaxiDetector/dataset/positivos/recortes/train/taxi_recorte_train_0115.jpg,/home/irar/Escritorio/ProyectoTaxiDetector/dataset/positivos/recortes/augmented/taxi_recorte_aug_00543.jpg
544,taxi_recorte_train_0263.jpg,taxi_recorte_aug_00544.jpg,/home/irar/Escritorio/ProyectoTaxiDetector/dataset/positivos/recortes/train/taxi_recorte_train_0263.jpg,/home/irar/Escritorio/ProyectoTaxiDetector/dataset/positivos/recortes/augmented/taxi_recorte_aug_00544.jpg
545,taxi_recorte_train_0253.jpg,taxi_recorte_aug_00545.jpg,/home/irar/Escritorio/ProyectoTaxiDetector/dataset/positivos/recortes/train/taxi_recorte_train_0253.jpg,/home/irar/Escritorio/ProyectoTaxiDetector/dataset/positivos/recortes/augmented/taxi_recorte_aug_00545.jpg
546,taxi_recorte_train_0165.jpg,taxi_recorte_aug_00546.jpg,/home/irar/Escritorio/ProyectoTaxiDetector/dataset/positivos/recortes/train/taxi_recorte_train_0165.jpg,/home/irar/Escritorio/ProyectoTaxiDetector/dataset/positivos/recortes/augmented/taxi_recorte_aug_00546.jpg
547,taxi_recorte_train_0468.jpg,taxi_recorte_aug_00547.jpg,/home/irar/Escritorio/ProyectoTaxiDetector/dataset/positivos/recortes/train/taxi_recorte_train_0468.jpg,/home/irar/Escritorio/ProyectoTaxiDetector/dataset/positivos/recortes/augmented/taxi_recorte_aug_00547.jpg
548,taxi_recorte_train_0526.jpg,taxi_recorte_aug_00548.jpg,/home/irar/Escritorio/ProyectoTaxiDetector/dataset/positivos/recortes/train/taxi_recorte_train_0526.jpg,/home/irar/Escritorio/ProyectoTaxiDetector/dataset/positivos/recortes/augmented/taxi_recorte_aug_00548.jpg
549,taxi_recorte_train_0476.jpg,taxi_recorte_aug_00549.jpg,/home/irar/Escritorio/ProyectoTaxiDetector/dataset/positivos/recortes/train/taxi_recorte_train_0476.jpg,/home/irar/Escritorio/ProyectoTaxiDetector/dataset/positivos/recortes/augmented/taxi_recorte_aug_00549.jpg
550,taxi_recorte_train_0157.jpg,taxi_recorte_aug_00550.jpg,/home/irar/Escritorio/ProyectoTaxiDetector/dataset/positivos/recortes/train/taxi_recorte_train_0157.jpg,/home/irar/Escritorio/ProyectoTaxiDetector/dataset/positivos/recortes/augmented/taxi_recorte_aug_00550.jpg
551,taxi_recorte_train_0437.jpg,taxi_recorte_aug_00551.jpg,/home/irar/Escritorio/ProyectoTaxiDetector/dataset/positivos/recortes/train/taxi_recorte_train_0437.jpg,/home/irar/Escritorio/ProyectoTaxiDetector/dataset/positivos/recortes/augmented/taxi_recorte_aug_00551.jpg
552,taxi_recorte_train_0480.jpg,taxi_recorte_aug_00552.jpg,/home/irar/Escritorio/ProyectoTaxiDetector/dataset/positivos/recortes/train/taxi_recorte_train_0480.jpg,/home/irar/Escritorio/ProyectoTaxiDetector/dataset/positivos/recortes/augmented/taxi_recorte_aug_00552.jpg
553,taxi_recorte_train_0397.jpg,taxi_recorte_aug_00553.jpg,/home/irar/Escritorio/ProyectoTaxiDetector/dataset/positivos/recortes/train/taxi_recorte_train_0397.jpg,/home/irar/Escritorio/ProyectoTaxiDetector/dataset/positivos/recortes/augmented/taxi_recorte_aug_00553.jpg
554,taxi_recorte_train_0258.jpg,taxi_recorte_aug_00554.jpg,/home/irar/Escritorio/ProyectoTaxiDetector/dataset/positivos/recortes/train/taxi_recorte_train_0258.jpg,/home/irar/Escritorio/ProyectoTaxiDetector/dataset/positivos/recortes/augmented/taxi_recorte_aug_00554.jpg
555,taxi_recorte_train_0529.jpg,taxi_recorte_aug_00555.jpg,/home/irar/Escritorio/ProyectoTaxiDetector/dataset/positivos/recortes/train/taxi_recorte_train_0529.jpg,/home/irar/Escritorio/ProyectoTaxiDetector/dataset/positivos/recortes/augmented/taxi_recorte_aug_00555.jpg
556,taxi_recorte_train_0108.jpg,taxi_recorte_aug_00556.jpg,/home/irar/Escritorio/ProyectoTaxiDetector/dataset/positivos/recortes/train/taxi_recorte_train_0108.jpg,/home/irar/Escritorio/ProyectoTaxiDetector/dataset/positivos/recortes/augmented/taxi_recorte_aug_00556.jpg
557,taxi_recorte_train_0111.jpg,taxi_recorte_aug_00557.jpg,/home/irar/Escritorio/ProyectoTaxiDetector/dataset/positivos/recortes/train/taxi_recorte_train_0111.jpg,/home/irar/Escritorio/ProyectoTaxiDetector/dataset/positivos/recortes/augmented/taxi_recorte_aug_00557.jpg
558,taxi_recorte_train_0443.jpg,taxi_recorte_aug_00558.jpg,/home/irar/Escritorio/ProyectoTaxiDetector/dataset/positivos/recortes/train/taxi_recorte_train_0443.jpg,/home/irar/Escritorio/ProyectoTaxiDetector/dataset/positivos/recortes/augmented/taxi_recorte_aug_00558.jpg
559,taxi_recorte_train_0225.jpg,taxi_recorte_aug_00559.jpg,/home/irar/Escritorio/ProyectoTaxiDetector/dataset/positivos/recortes/train/taxi_recorte_train_0225.jpg,/home/irar/Escritorio/ProyectoTaxiDetector/dataset/positivos/recortes/augmented/taxi_recorte_aug_00559.jpg
560,taxi_recorte_train_0099.jpg,taxi_recorte_aug_00560.jpg,/home/irar/Escritorio/ProyectoTaxiDetector/dataset/positivos/recortes/train/taxi_recorte_train_0099.jpg,/home/irar/Escritorio/ProyectoTaxiDetector/dataset/positivos/recortes/augmented/taxi_recorte_aug_00560.jpg
561,taxi_recorte_train_0247.jpg,taxi_recorte_aug_00561.jpg,/home/irar/Escritorio/ProyectoTaxiDetector/dataset/positivos/recortes/train/taxi_recorte_train_0247.jpg,/home/irar/Escritorio/ProyectoTaxiDetector/dataset/positivos/recortes/augmented/taxi_recorte_aug_00561.jpg
562,taxi_recorte_train_0044.jpg,taxi_recorte_aug_00562.jpg,/home/irar/Escritorio/ProyectoTaxiDetector/dataset/positivos/recortes/train/taxi_recorte_train_0044.jpg,/home/irar/Escritorio/ProyectoTaxiDetector/dataset/positivos/recortes/augmented/taxi_recorte_aug_00562.jpg
563,taxi_recorte_train_0002.jpg,taxi_recorte_aug_00563.jpg,/home/irar/Escritorio/ProyectoTaxiDetector/dataset/positivos/recortes/train/taxi_recorte_train_0002.jpg,/home/irar/Escritorio/ProyectoTaxiDetector/dataset/positivos/recortes/augmented/taxi_recorte_aug_00563.jpg
564,taxi_recorte_train_0390.jpg,taxi_recorte_aug_00564.jpg,/home/irar/Escritorio/ProyectoTaxiDetector/dataset/positivos/recortes/train/taxi_recorte_train_0390.jpg,/home/irar/Escritorio/ProyectoTaxiDetector/dataset/positivos/recortes/augmented/taxi_recorte_aug_00564.jpg
565,taxi_recorte_train_0489.jpg,taxi_recorte_aug_00565.jpg,/home/irar/Escritorio/ProyectoTaxiDetector/dataset/positivos/recortes/train/taxi_recorte_train_0489.jpg,/home/irar/Escritorio/ProyectoTaxiDetector/dataset/positivos/recortes/augmented/taxi_recorte_aug_00565.jpg
566,taxi_recorte_train_0072.jpg,taxi_recorte_aug_00566.jpg,/home/irar/Escritorio/ProyectoTaxiDetector/dataset/positivos/recortes/train/taxi_recorte_train_0072.jpg,/home/irar/Escritorio/ProyectoTaxiDetector/dataset/positivos/recortes/augmented/taxi_recorte_aug_00566.jpg
567,taxi_recorte_train_0080.jpg,taxi_recorte_aug_00567.jpg,/home/irar/Escritorio/ProyectoTaxiDetector/dataset/positivos/recortes/train/taxi_recorte_train_0080.jpg,/home/irar/Escritorio/ProyectoTaxiDetector/dataset/positivos/recortes/augmented/taxi_recorte_aug_00567.jpg
568,taxi_recorte_train_0538.jpg,taxi_recorte_aug_00568.jpg,/home/irar/Escritorio/ProyectoTaxiDetector/dataset/positivos/recortes/train/taxi_recorte_train_0538.jpg,/home/irar/Escritorio/ProyectoTaxiDetector/dataset/positivos/recortes/augmented/taxi_recorte_aug_00568.jpg
569,taxi_recorte_train_0158.jpg,taxi_recorte_aug_00569.jpg,/home/irar/Escritorio/ProyectoTaxiDetector/dataset/positivos/recortes/train/taxi_recorte_train_0158.jpg,/home/irar/Escritorio/ProyectoTaxiDetector/dataset/positivos/recortes/augmented/taxi_recorte_aug_00569.jpg
570,taxi_recorte_train_0013.jpg,taxi_recorte_aug_00570.jpg,/home/irar/Escritorio/ProyectoTaxiDetector/dataset/positivos/recortes/train/taxi_recorte_train_0013.jpg,/home/irar/Escritorio/ProyectoTaxiDetector/dataset/positivos/recortes/augmented/taxi_recorte_aug_00570.jpg
571,taxi_recorte_train_0025.jpg,taxi_recorte_aug_00571.jpg,/home/irar/Escritorio/ProyectoTaxiDetector/dataset/positivos/recortes/train/taxi_recorte_train_0025.jpg,/home/irar/Escritorio/ProyectoTaxiDetector/dataset/positivos/recortes/augmented/taxi_recorte_aug_00571.jpg
572,taxi_recorte_train_0475.jpg,taxi_recorte_aug_00572.jpg,/home/irar/Escritorio/ProyectoTaxiDetector/dataset/positivos/recortes/train/taxi_recorte_train_0475.jpg,/home/irar/Escritorio/ProyectoTaxiDetector/dataset/positivos/recortes/augmented/taxi_recorte_aug_00572.jpg
573,taxi_recorte_train_0264.jpg,taxi_recorte_aug_00573.jpg,/home/irar/Escritorio/ProyectoTaxiDetector/dataset/positivos/recortes/train/taxi_recorte_train_0264.jpg,/home/irar/Escritorio/ProyectoTaxiDetector/dataset/positivos/recortes/augmented/taxi_recorte_aug_00573.jpg
574,taxi_recorte_train_0009.jpg,taxi_recorte_aug_00574.jpg,/home/irar/Escritorio/ProyectoTaxiDetector/dataset/positivos/recortes/train/taxi_recorte_train_0009.jpg,/home/irar/Escritorio/ProyectoTaxiDetector/dataset/positivos/recortes/augmented/taxi_recorte_aug_00574.jpg
575,taxi_recorte_train_0298.jpg,taxi_recorte_aug_00575.jpg,/home/irar/Escritorio/ProyectoTaxiDetector/dataset/positivos/recortes/train/taxi_recorte_train_0298.jpg,/home/irar/Escritorio/ProyectoTaxiDetector/dataset/positivos/recortes/augmented/taxi_recorte_aug_00575.jpg
576,taxi_recorte_train_0188.jpg,taxi_recorte_aug_00576.jpg,/home/irar/Escritorio/ProyectoTaxiDetector/dataset/positivos/recortes/train/taxi_recorte_train_0188.jpg,/home/irar/Escritorio/ProyectoTaxiDetector/dataset/positivos/recortes/augmented/taxi_recorte_aug_00576.jpg
577,taxi_recorte_train_0067.jpg,taxi_recorte_aug_00577.jpg,/home/irar/Escritorio/ProyectoTaxiDetector/dataset/positivos/recortes/train/taxi_recorte_train_0067.jpg,/home/irar/Escritorio/ProyectoTaxiDetector/dataset/positivos/recortes/augmented/taxi_recorte_aug_00577.jpg
578,taxi_recorte_train_0374.jpg,taxi_recorte_aug_00578.jpg,/home/irar/Escritorio/ProyectoTaxiDetector/dataset/positivos/recortes/train/taxi_recorte_train_0374.jpg,/home/irar/Escritorio/ProyectoTaxiDetector/dataset/positivos/recortes/augmented/taxi_recorte_aug_00578.jpg
579,taxi_recorte_train_0332.jpg,taxi_recorte_aug_00579.jpg,/home/irar/Escritorio/ProyectoTaxiDetector/dataset/positivos/recortes/train/taxi_recorte_train_0332.jpg,/home/irar/Escritorio/ProyectoTaxiDetector/dataset/positivos/recortes/augmented/taxi_recorte_aug_00579.jpg
580,taxi_recorte_train_0507.jpg,taxi_recorte_aug_00580.jpg,/home/irar/Escritorio/ProyectoTaxiDetector/dataset/positivos/recortes/train/taxi_recorte_train_0507.jpg,/home/irar/Escritorio/ProyectoTaxiDetector/dataset/positivos/recortes/augmented/taxi_recorte_aug_00580.jpg
581,taxi_recorte_train_0092.jpg,taxi_recorte_aug_00581.jpg,/home/irar/Escritorio/ProyectoTaxiDetector/dataset/positivos/recortes/train/taxi_recorte_train_0092.jpg,/home/irar/Escritorio/ProyectoTaxiDetector/dataset/positivos/recortes/augmented/taxi_recorte_aug_00581.jpg
582,taxi_recorte_train_0051.jpg,taxi_recorte_aug_00582.jpg,/home/irar/Escritorio/ProyectoTaxiDetector/dataset/positivos/recortes/train/taxi_recorte_train_0051.jpg,/home/irar/Escritorio/ProyectoTaxiDetector/dataset/positivos/recortes/augmented/taxi_recorte_aug_00582.jpg
583,taxi_recorte_train_0047.jpg,taxi_recorte_aug_00583.jpg,/home/irar/Escritorio/ProyectoTaxiDetector/dataset/positivos/recortes/train/taxi_recorte_train_0047.jpg,/home/irar/Escritorio/ProyectoTaxiDetector/dataset/positivos/recortes/augmented/taxi_recorte_aug_00583.jpg
584,taxi_recorte_train_0184.jpg,taxi_recorte_aug_00584.jpg,/home/irar/Escritorio/ProyectoTaxiDetector/dataset/positivos/recortes/train/taxi_recorte_train_0184.jpg,/home/irar/Escritorio/ProyectoTaxiDetector/dataset/positivos/recortes/augmented/taxi_recorte_aug_00584.jpg
585,taxi_recorte_train_0074.jpg,taxi_recorte_aug_00585.jpg,/home/irar/Escritorio/ProyectoTaxiDetector/dataset/positivos/recortes/train/taxi_recorte_train_0074.jpg,/home/irar/Escritorio/ProyectoTaxiDetector/dataset/positivos/recortes/augmented/taxi_recorte_aug_00585.jpg
586,taxi_recorte_train_0292.jpg,taxi_recorte_aug_00586.jpg,/home/irar/Escritorio/ProyectoTaxiDetector/dataset/positivos/recortes/train/taxi_recorte_train_0292.jpg,/home/irar/Escritorio/ProyectoTaxiDetector/dataset/positivos/recortes/augmented/taxi_recorte_aug_00586.jpg
587,taxi_recorte_train_0365.jpg,taxi_recorte_aug_00587.jpg,/home/irar/Escritorio/ProyectoTaxiDetector/dataset/positivos/recortes/train/taxi_recorte_train_0365.jpg,/home/irar/Escritorio/ProyectoTaxiDetector/dataset/positivos/recortes/augmented/taxi_recorte_aug_00587.jpg
588,taxi_recorte_train_0370.jpg,taxi_recorte_aug_00588.jpg,/home/irar/Escritorio/ProyectoTaxiDetector/dataset/positivos/recortes/train/taxi_recorte_train_0370.jpg,/home/irar/Escritorio/ProyectoTaxiDetector/dataset/positivos/recortes/augmented/taxi_recorte_aug_00588.jpg
589,taxi_recorte_train_0120.jpg,taxi_recorte_aug_00589.jpg,/home/irar/Escritorio/ProyectoTaxiDetector/dataset/positivos/recortes/train/taxi_recorte_train_0120.jpg,/home/irar/Escritorio/ProyectoTaxiDetector/dataset/positivos/recortes/augmented/taxi_recorte_aug_00589.jpg
590,taxi_recorte_train_0171.jpg,taxi_recorte_aug_00590.jpg,/home/irar/Escritorio/ProyectoTaxiDetector/dataset/positivos/recortes/train/taxi_recorte_train_0171.jpg,/home/irar/Escritorio/ProyectoTaxiDetector/dataset/positivos/recortes/augmented/taxi_recorte_aug_00590.jpg
591,taxi_recorte_train_0335.jpg,taxi_recorte_aug_00591.jpg,/home/irar/Escritorio/ProyectoTaxiDetector/dataset/positivos/recortes/train/taxi_recorte_train_0335.jpg,/home/irar/Escritorio/ProyectoTaxiDetector/dataset/positivos/recortes/augmented/taxi_recorte_aug_00591.jpg
592,taxi_recorte_train_0455.jpg,taxi_recorte_aug_00592.jpg,/home/irar/Escritorio/ProyectoTaxiDetector/dataset/positivos/recortes/train/taxi_recorte_train_0455.jpg,/home/irar/Escritorio/ProyectoTaxiDetector/dataset/positivos/recortes/augmented/taxi_recorte_aug_00592.jpg
593,taxi_recorte_train_0271.jpg,taxi_recorte_aug_00593.jpg,/home/irar/Escritorio/ProyectoTaxiDetector/dataset/positivos/recortes/train/taxi_recorte_train_0271.jpg,/home/irar/Escritorio/ProyectoTaxiDetector/dataset/positivos/recortes/augmented/taxi_recorte_aug_00593.jpg
594,taxi_recorte_train_0486.jpg,taxi_recorte_aug_00594.jpg,/home/irar/Escritorio/ProyectoTaxiDetector/dataset/positivos/recortes/train/taxi_recorte_train_0486.jpg,/home/irar/Escritorio/ProyectoTaxiDetector/dataset/positivos/recortes/augmented/taxi_recorte_aug_00594.jpg
595,taxi_recorte_train_0129.jpg,taxi_recorte_aug_00595.jpg,/home/irar/Escritorio/ProyectoTaxiDetector/dataset/positivos/recortes/train/taxi_recorte_train_0129.jpg,/home/irar/Escritorio/ProyectoTaxiDetector/dataset/positivos/recortes/augmented/taxi_recorte_aug_00595.jpg
596,taxi_recorte_train_0028.jpg,taxi_recorte_aug_00596.jpg,/home/irar/Escritorio/ProyectoTaxiDetector/dataset/positivos/recortes/train/taxi_recorte_train_0028.jpg,/home/irar/Escritorio/ProyectoTaxiDetector/dataset/positivos/recortes/augmented/taxi_recorte_aug_00596.jpg
597,taxi_recorte_train_0214.jpg,taxi_recorte_aug_00597.jpg,/home/irar/Escritorio/ProyectoTaxiDetector/dataset/positivos/recortes/train/taxi_recorte_train_0214.jpg,/home/irar/Escritorio/ProyectoTaxiDetector/dataset/positivos/recortes/augmented/taxi_recorte_aug_00597.jpg
598,taxi_recorte_train_0118.jpg,taxi_recorte_aug_00598.jpg,/home/irar/Escritorio/ProyectoTaxiDetector/dataset/positivos/recortes/train/taxi_recorte_train_0118.jpg,/home/irar/Escritorio/ProyectoTaxiDetector/dataset/positivos/recortes/augmented/taxi_recorte_aug_00598.jpg
599,taxi_recorte_train_0018.jpg,taxi_recorte_aug_00599.jpg,/home/irar/Escritorio/ProyectoTaxiDetector/dataset/positivos/recortes/train/taxi_recorte_train_0018.jpg,/home/irar/Escritorio/ProyectoTaxiDetector/dataset/positivos/recortes/augmented/taxi_recorte_aug_00599.jpg
600,taxi_recorte_train_0523.jpg,taxi_recorte_aug_00600.jpg,/home/irar/Escritorio/ProyectoTaxiDetector/dataset/positivos/recortes/train/taxi_recorte_train_0523.jpg,/home/irar/Escritorio/ProyectoTaxiDetector/dataset/positivos/recortes/augmented/taxi_recorte_aug_00600.jpg
601,taxi_recorte_train_0156.jpg,taxi_recorte_aug_00601.jpg,/home/irar/Escritorio/ProyectoTaxiDetector/dataset/positivos/recortes/train/taxi_recorte_train_0156.jpg,/home/irar/Escritorio/ProyectoTaxiDetector/dataset/positivos/recortes/augmented/taxi_recorte_aug_00601.jpg
602,taxi_recorte_train_0474.jpg,taxi_recorte_aug_00602.jpg,/home/irar/Escritorio/ProyectoTaxiDetector/dataset/positivos/recortes/train/taxi_recorte_train_0474.jpg,/home/irar/Escritorio/ProyectoTaxiDetector/dataset/positivos/recortes/augmented/taxi_recorte_aug_00602.jpg
603,taxi_recorte_train_0146.jpg,taxi_recorte_aug_00603.jpg,/home/irar/Escritorio/ProyectoTaxiDetector/dataset/positivos/recortes/train/taxi_recorte_train_0146.jpg,/home/irar/Escritorio/ProyectoTaxiDetector/dataset/positivos/recortes/augmented/taxi_recorte_aug_00603.jpg
604,taxi_recorte_train_0131.jpg,taxi_recorte_aug_00604.jpg,/home/irar/Escritorio/ProyectoTaxiDetector/dataset/positivos/recortes/train/taxi_recorte_train_0131.jpg,/home/irar/Escritorio/ProyectoTaxiDetector/dataset/positivos/recortes/augmented/taxi_recorte_aug_00604.jpg
605,taxi_recorte_train_0456.jpg,taxi_recorte_aug_00605.jpg,/home/irar/Escritorio/ProyectoTaxiDetector/dataset/positivos/recortes/train/taxi_recorte_train_0456.jpg,/home/irar/Escritorio/ProyectoTaxiDetector/dataset/positivos/recortes/augmented/taxi_recorte_aug_00605.jpg
606,taxi_recorte_train_0301.jpg,taxi_recorte_aug_00606.jpg,/home/irar/Escritorio/ProyectoTaxiDetector/dataset/positivos/recortes/train/taxi_recorte_train_0301.jpg,/home/irar/Escritorio/ProyectoTaxiDetector/dataset/positivos/recortes/augmented/taxi_recorte_aug_00606.jpg
607,taxi_recorte_train_0440.jpg,taxi_recorte_aug_00607.jpg,/home/irar/Escritorio/ProyectoTaxiDetector/dataset/positivos/recortes/train/taxi_recorte_train_0440.jpg,/home/irar/Escritorio/ProyectoTaxiDetector/dataset/positivos/recortes/augmented/taxi_recorte_aug_00607.jpg
608,taxi_recorte_train_0288.jpg,taxi_recorte_aug_00608.jpg,/home/irar/Escritorio/ProyectoTaxiDetector/dataset/positivos/recortes/train/taxi_recorte_train_0288.jpg,/home/irar/Escritorio/ProyectoTaxiDetector/dataset/positivos/recortes/augmented/taxi_recorte_aug_00608.jpg
609,taxi_recorte_train_0265.jpg,taxi_recorte_aug_00609.jpg,/home/irar/Escritorio/ProyectoTaxiDetector/dataset/positivos/recortes/train/taxi_recorte_train_0265.jpg,/home/irar/Escritorio/ProyectoTaxiDetector/dataset/positivos/recortes/augmented/taxi_recorte_aug_00609.jpg
610,taxi_recorte_train_0257.jpg,taxi_recorte_aug_00610.jpg,/home/irar/Escritorio/ProyectoTaxiDetector/dataset/positivos/recortes/train/taxi_recorte_train_0257.jpg,/home/irar/Escritorio/ProyectoTaxiDetector/dataset/positivos/recortes/augmented/taxi_recorte_aug_00610.jpg
611,taxi_recorte_train_0230.jpg,taxi_recorte_aug_00611.jpg,/home/irar/Escritorio/ProyectoTaxiDetector/dataset/positivos/recortes/train/taxi_recorte_train_0230.jpg,/home/irar/Escritorio/ProyectoTaxiDetector/dataset/positivos/recortes/augmented/taxi_recorte_aug_00611.jpg
612,taxi_recorte_train_0465.jpg,taxi_recorte_aug_00612.jpg,/home/irar/Escritorio/ProyectoTaxiDetector/dataset/positivos/recortes/train/taxi_recorte_train_0465.jpg,/home/irar/Escritorio/ProyectoTaxiDetector/dataset/positivos/recortes/augmented/taxi_recorte_aug_00612.jpg
613,taxi_recorte_train_0527.jpg,taxi_recorte_aug_00613.jpg,/home/irar/Escritorio/ProyectoTaxiDetector/dataset/positivos/recortes/train/taxi_recorte_train_0527.jpg,/home/irar/Escritorio/ProyectoTaxiDetector/dataset/positivos/recortes/augmented/taxi_recorte_aug_00613.jpg
614,taxi_recorte_train_0347.jpg,taxi_recorte_aug_00614.jpg,/home/irar/Escritorio/ProyectoTaxiDetector/dataset/positivos/recortes/train/taxi_recorte_train_0347.jpg,/home/irar/Escritorio/ProyectoTaxiDetector/dataset/positivos/recortes/augmented/taxi_recorte_aug_00614.jpg
615,taxi_recorte_train_0198.jpg,taxi_recorte_aug_00615.jpg,/home/irar/Escritorio/ProyectoTaxiDetector/dataset/positivos/recortes/train/taxi_recorte_train_0198.jpg,/home/irar/Escritorio/ProyectoTaxiDetector/dataset/positivos/recortes/augmented/taxi_recorte_aug_00615.jpg
616,taxi_recorte_train_0006.jpg,taxi_recorte_aug_00616.jpg,/home/irar/Escritorio/ProyectoTaxiDetector/dataset/positivos/recortes/train/taxi_recorte_train_0006.jpg,/home/irar/Escritorio/ProyectoTaxiDetector/dataset/positivos/recortes/augmented/taxi_recorte_aug_00616.jpg
617,taxi_recorte_train_0367.jpg,taxi_recorte_aug_00617.jpg,/home/irar/Escritorio/ProyectoTaxiDetector/dataset/positivos/recortes/train/taxi_recorte_train_0367.jpg,/home/irar/Escritorio/ProyectoTaxiDetector/dataset/positivos/recortes/augmented/taxi_recorte_aug_00617.jpg
618,taxi_recorte_train_0317.jpg,taxi_recorte_aug_00618.jpg,/home/irar/Escritorio/ProyectoTaxiDetector/dataset/positivos/recortes/train/taxi_recorte_train_0317.jpg,/home/irar/Escritorio/ProyectoTaxiDetector/dataset/positivos/recortes/augmented/taxi_recorte_aug_00618.jpg
619,taxi_recorte_train_0169.jpg,taxi_recorte_aug_00619.jpg,/home/irar/Escritorio/ProyectoTaxiDetector/dataset/positivos/recortes/train/taxi_recorte_train_0169.jpg,/home/irar/Escritorio/ProyectoTaxiDetector/dataset/positivos/recortes/augmented/taxi_recorte_aug_00619.jpg
620,taxi_recorte_train_0097.jpg,taxi_recorte_aug_00620.jpg,/home/irar/Escritorio/ProyectoTaxiDetector/dataset/positivos/recortes/train/taxi_recorte_train_0097.jpg,/home/irar/Escritorio/ProyectoTaxiDetector/dataset/positivos/recortes/augmented/taxi_recorte_aug_00620.jpg
621,taxi_recorte_train_0161.jpg,taxi_recorte_aug_00621.jpg,/home/irar/Escritorio/ProyectoTaxiDetector/dataset/positivos/recortes/train/taxi_recorte_train_0161.jpg,/home/irar/Escritorio/ProyectoTaxiDetector/dataset/positivos/recortes/augmented/taxi_recorte_aug_00621.jpg
622,taxi_recorte_train_0378.jpg,taxi_recorte_aug_00622.jpg,/home/irar/Escritorio/ProyectoTaxiDetector/dataset/positivos/recortes/train/taxi_recorte_train_0378.jpg,/home/irar/Escritorio/ProyectoTaxiDetector/dataset/positivos/recortes/augmented/taxi_recorte_aug_00622.jpg
623,taxi_recorte_train_0052.jpg,taxi_recorte_aug_00623.jpg,/home/irar/Escritorio/ProyectoTaxiDetector/dataset/positivos/recortes/train/taxi_recorte_train_0052.jpg,/home/irar/Escritorio/ProyectoTaxiDetector/dataset/positivos/recortes/augmented/taxi_recorte_aug_00623.jpg
624,taxi_recorte_train_0310.jpg,taxi_recorte_aug_00624.jpg,/home/irar/Escritorio/ProyectoTaxiDetector/dataset/positivos/recortes/train/taxi_recorte_train_0310.jpg,/home/irar/Escritorio/ProyectoTaxiDetector/dataset/positivos/recortes/augmented/taxi_recorte_aug_00624.jpg
625,taxi_recorte_train_0210.jpg,taxi_recorte_aug_00625.jpg,/home/irar/Escritorio/ProyectoTaxiDetector/dataset/positivos/recortes/train/taxi_recorte_train_0210.jpg,/home/irar/Escritorio/ProyectoTaxiDetector/dataset/positivos/recortes/augmented/taxi_recorte_aug_00625.jpg
626,taxi_recorte_train_0192.jpg,taxi_recorte_aug_00626.jpg,/home/irar/Escritorio/ProyectoTaxiDetector/dataset/positivos/recortes/train/taxi_recorte_train_0192.jpg,/home/irar/Escritorio/ProyectoTaxiDetector/dataset/positivos/recortes/augmented/taxi_recorte_aug_00626.jpg
627,taxi_recorte_train_0232.jpg,taxi_recorte_aug_00627.jpg,/home/irar/Escritorio/ProyectoTaxiDetector/dataset/positivos/recortes/train/taxi_recorte_train_0232.jpg,/home/irar/Escritorio/ProyectoTaxiDetector/dataset/positivos/recortes/augmented/taxi_recorte_aug_00627.jpg
628,taxi_recorte_train_0325.jpg,taxi_recorte_aug_00628.jpg,/home/irar/Escritorio/ProyectoTaxiDetector/dataset/positivos/recortes/train/taxi_recorte_train_0325.jpg,/home/irar/Escritorio/ProyectoTaxiDetector/dataset/positivos/recortes/augmented/taxi_recorte_aug_00628.jpg
629,taxi_recorte_train_0498.jpg,taxi_recorte_aug_00629.jpg,/home/irar/Escritorio/ProyectoTaxiDetector/dataset/positivos/recortes/train/taxi_recorte_train_0498.jpg,/home/irar/Escritorio/ProyectoTaxiDetector/dataset/positivos/recortes/augmented/taxi_recorte_aug_00629.jpg
630,taxi_recorte_train_0425.jpg,taxi_recorte_aug_00630.jpg,/home/irar/Escritorio/ProyectoTaxiDetector/dataset/positivos/recortes/train/taxi_recorte_train_0425.jpg,/home/irar/Escritorio/ProyectoTaxiDetector/dataset/positivos/recortes/augmented/taxi_recorte_aug_00630.jpg
631,taxi_recorte_train_0436.jpg,taxi_recorte_aug_00631.jpg,/home/irar/Escritorio/ProyectoTaxiDetector/dataset/positivos/recortes/train/taxi_recorte_train_0436.jpg,/home/irar/Escritorio/ProyectoTaxiDetector/dataset/positivos/recortes/augmented/taxi_recorte_aug_00631.jpg
632,taxi_recorte_train_0154.jpg,taxi_recorte_aug_00632.jpg,/home/irar/Escritorio/ProyectoTaxiDetector/dataset/positivos/recortes/train/taxi_recorte_train_0154.jpg,/home/irar/Escritorio/ProyectoTaxiDetector/dataset/positivos/recortes/augmented/taxi_recorte_aug_00632.jpg
633,taxi_recorte_train_0008.jpg,taxi_recorte_aug_00633.jpg,/home/irar/Escritorio/ProyectoTaxiDetector/dataset/positivos/recortes/train/taxi_recorte_train_0008.jpg,/home/irar/Escritorio/ProyectoTaxiDetector/dataset/positivos/recortes/augmented/taxi_recorte_aug_00633.jpg
634,taxi_recorte_train_0464.jpg,taxi_recorte_aug_00634.jpg,/home/irar/Escritorio/ProyectoTaxiDetector/dataset/positivos/recortes/train/taxi_recorte_train_0464.jpg,/home/irar/Escritorio/ProyectoTaxiDetector/dataset/positivos/recortes/augmented/taxi_recorte_aug_00634.jpg
635,taxi_recorte_train_0303.jpg,taxi_recorte_aug_00635.jpg,/home/irar/Escritorio/ProyectoTaxiDetector/dataset/positivos/recortes/train/taxi_recorte_train_0303.jpg,/home/irar/Escritorio/ProyectoTaxiDetector/dataset/positivos/recortes/augmented/taxi_recorte_aug_00635.jpg
636,taxi_recorte_train_0035.jpg,taxi_recorte_aug_00636.jpg,/home/irar/Escritorio/ProyectoTaxiDetector/dataset/positivos/recortes/train/taxi_recorte_train_0035.jpg,/home/irar/Escritorio/ProyectoTaxiDetector/dataset/positivos/recortes/augmented/taxi_recorte_aug_00636.jpg
637,taxi_recorte_train_0020.jpg,taxi_recorte_aug_00637.jpg,/home/irar/Escritorio/ProyectoTaxiDetector/dataset/positivos/recortes/train/taxi_recorte_train_0020.jpg,/home/irar/Escritorio/ProyectoTaxiDetector/dataset/positivos/recortes/augmented/taxi_recorte_aug_00637.jpg
638,taxi_recorte_train_0083.jpg,taxi_recorte_aug_00638.jpg,/home/irar/Escritorio/ProyectoTaxiDetector/dataset/positivos/recortes/train/taxi_recorte_train_0083.jpg,/home/irar/Escritorio/ProyectoTaxiDetector/dataset/positivos/recortes/augmented/taxi_recorte_aug_00638.jpg
639,taxi_recorte_train_0029.jpg,taxi_recorte_aug_00639.jpg,/home/irar/Escritorio/ProyectoTaxiDetector/dataset/positivos/recortes/train/taxi_recorte_train_0029.jpg,/home/irar/Escritorio/ProyectoTaxiDetector/dataset/positivos/recortes/augmented/taxi_recorte_aug_00639.jpg
640,taxi_recorte_train_0413.jpg,taxi_recorte_aug_00640.jpg,/home/irar/Escritorio/ProyectoTaxiDetector/dataset/positivos/recortes/train/taxi_recorte_train_0413.jpg,/home/irar/Escritorio/ProyectoTaxiDetector/dataset/positivos/recortes/augmented/taxi_recorte_aug_00640.jpg
641,taxi_recorte_train_0484.jpg,taxi_recorte_aug_00641.jpg,/home/irar/Escritorio/ProyectoTaxiDetector/dataset/positivos/recortes/train/taxi_recorte_train_0484.jpg,/home/irar/Escritorio/ProyectoTaxiDetector/dataset/positivos/recortes/augmented/taxi_recorte_aug_00641.jpg
642,taxi_recorte_train_0509.jpg,taxi_recorte_aug_00642.jpg,/home/irar/Escritorio/ProyectoTaxiDetector/dataset/positivos/recortes/train/taxi_recorte_train_0509.jpg,/home/irar/Escritorio/ProyectoTaxiDetector/dataset/positivos/recortes/augmented/taxi_recorte_aug_00642.jpg
643,taxi_recorte_train_0176.jpg,taxi_recorte_aug_00643.jpg,/home/irar/Escritorio/ProyectoTaxiDetector/dataset/positivos/recortes/train/taxi_recorte_train_0176.jpg,/home/irar/Escritorio/ProyectoTaxiDetector/dataset/positivos/recortes/augmented/taxi_recorte_aug_00643.jpg
644,taxi_recorte_train_0217.jpg,taxi_recorte_aug_00644.jpg,/home/irar/Escritorio/ProyectoTaxiDetector/dataset/positivos/recortes/train/taxi_recorte_train_0217.jpg,/home/irar/Escritorio/ProyectoTaxiDetector/dataset/positivos/recortes/augmented/taxi_recorte_aug_00644.jpg
645,taxi_recorte_train_0187.jpg,taxi_recorte_aug_00645.jpg,/home/irar/Escritorio/ProyectoTaxiDetector/dataset/positivos/recortes/train/taxi_recorte_train_0187.jpg,/home/irar/Escritorio/ProyectoTaxiDetector/dataset/positivos/recortes/augmented/taxi_recorte_aug_00645.jpg
646,taxi_recorte_train_0206.jpg,taxi_recorte_aug_00646.jpg,/home/irar/Escritorio/ProyectoTaxiDetector/dataset/positivos/recortes/train/taxi_recorte_train_0206.jpg,/home/irar/Escritorio/ProyectoTaxiDetector/dataset/positivos/recortes/augmented/taxi_recorte_aug_00646.jpg
647,taxi_recorte_train_0308.jpg,taxi_recorte_aug_00647.jpg,/home/irar/Escritorio/ProyectoTaxiDetector/dataset/positivos/recortes/train/taxi_recorte_train_0308.jpg,/home/irar/Escritorio/ProyectoTaxiDetector/dataset/positivos/recortes/augmented/taxi_recorte_aug_00647.jpg
648,taxi_recorte_train_0101.jpg,taxi_recorte_aug_00648.jpg,/home/irar/Escritorio/ProyectoTaxiDetector/dataset/positivos/recortes/train/taxi_recorte_train_0101.jpg,/home/irar/Escritorio/ProyectoTaxiDetector/dataset/positivos/recortes/augmented/taxi_recorte_aug_00648.jpg
649,taxi_recorte_train_0034.jpg,taxi_recorte_aug_00649.jpg,/home/irar/Escritorio/ProyectoTaxiDetector/dataset/positivos/recortes/train/taxi_recorte_train_0034.jpg,/home/irar/Escritorio/ProyectoTaxiDetector/dataset/positivos/recortes/augmented/taxi_recorte_aug_00649.jpg
650,taxi_recorte_train_0361.jpg,taxi_recorte_aug_00650.jpg,/home/irar/Escritorio/ProyectoTaxiDetector/dataset/positivos/recortes/train/taxi_recorte_train_0361.jpg,/home/irar/Escritorio/ProyectoTaxiDetector/dataset/positivos/recortes/augmented/taxi_recorte_aug_00650.jpg
651,taxi_recorte_train_0531.jpg,taxi_recorte_aug_00651.jpg,/home/irar/Escritorio/ProyectoTaxiDetector/dataset/positivos/recortes/train/taxi_recorte_train_0531.jpg,/home/irar/Escritorio/ProyectoTaxiDetector/dataset/positivos/recortes/augmented/taxi_recorte_aug_00651.jpg
652,taxi_recorte_train_0270.jpg,taxi_recorte_aug_00652.jpg,/home/irar/Escritorio/ProyectoTaxiDetector/dataset/positivos/recortes/train/taxi_recorte_train_0270.jpg,/home/irar/Escritorio/ProyectoTaxiDetector/dataset/positivos/recortes/augmented/taxi_recorte_aug_00652.jpg
653,taxi_recorte_train_0194.jpg,taxi_recorte_aug_00653.jpg,/home/irar/Escritorio/ProyectoTaxiDetector/dataset/positivos/recortes/train/taxi_recorte_train_0194.jpg,/home/irar/Escritorio/ProyectoTaxiDetector/dataset/positivos/recortes/augmented/taxi_recorte_aug_00653.jpg
654,taxi_recorte_train_0090.jpg,taxi_recorte_aug_00654.jpg,/home/irar/Escritorio/ProyectoTaxiDetector/dataset/positivos/recortes/train/taxi_recorte_train_0090.jpg,/home/irar/Escritorio/ProyectoTaxiDetector/dataset/positivos/recortes/augmented/taxi_recorte_aug_00654.jpg
655,taxi_recorte_train_0461.jpg,taxi_recorte_aug_00655.jpg,/home/irar/Escritorio/ProyectoTaxiDetector/dataset/positivos/recortes/train/taxi_recorte_train_0461.jpg,/home/irar/Escritorio/ProyectoTaxiDetector/dataset/positivos/recortes/augmented/taxi_recorte_aug_00655.jpg
656,taxi_recorte_train_0525.jpg,taxi_recorte_aug_00656.jpg,/home/irar/Escritorio/ProyectoTaxiDetector/dataset/positivos/recortes/train/taxi_recorte_train_0525.jpg,/home/irar/Escritorio/ProyectoTaxiDetector/dataset/positivos/recortes/augmented/taxi_recorte_aug_00656.jpg
657,taxi_recorte_train_0037.jpg,taxi_recorte_aug_00657.jpg,/home/irar/Escritorio/ProyectoTaxiDetector/dataset/positivos/recortes/train/taxi_recorte_train_0037.jpg,/home/irar/Escritorio/ProyectoTaxiDetector/dataset/positivos/recortes/augmented/taxi_recorte_aug_00657.jpg
658,taxi_recorte_train_0159.jpg,taxi_recorte_aug_00658.jpg,/home/irar/Escritorio/ProyectoTaxiDetector/dataset/positivos/recortes/train/taxi_recorte_train_0159.jpg,/home/irar/Escritorio/ProyectoTaxiDetector/dataset/positivos/recortes/augmented/taxi_recorte_aug_00658.jpg
659,taxi_recorte_train_0235.jpg,taxi_recorte_aug_00659.jpg,/home/irar/Escritorio/ProyectoTaxiDetector/dataset/positivos/recortes/train/taxi_recorte_train_0235.jpg,/home/irar/Escritorio/ProyectoTaxiDetector/dataset/positivos/recortes/augmented/taxi_recorte_aug_00659.jpg
660,taxi_recorte_train_0038.jpg,taxi_recorte_aug_00660.jpg,/home/irar/Escritorio/ProyectoTaxiDetector/dataset/positivos/recortes/train/taxi_recorte_train_0038.jpg,/home/irar/Escritorio/ProyectoTaxiDetector/dataset/positivos/recortes/augmented/taxi_recorte_aug_00660.jpg
661,taxi_recorte_train_0061.jpg,taxi_recorte_aug_00661.jpg,/home/irar/Escritorio/ProyectoTaxiDetector/dataset/positivos/recortes/train/taxi_recorte_train_0061.jpg,/home/irar/Escritorio/ProyectoTaxiDetector/dataset/positivos/recortes/augmented/taxi_recorte_aug_00661.jpg
662,taxi_recorte_train_0481.jpg,taxi_recorte_aug_00662.jpg,/home/irar/Escritorio/ProyectoTaxiDetector/dataset/positivos/recortes/train/taxi_recorte_train_0481.jpg,/home/irar/Escritorio/ProyectoTaxiDetector/dataset/positivos/recortes/augmented/taxi_recorte_aug_00662.jpg
663,taxi_recorte_train_0221.jpg,taxi_recorte_aug_00663.jpg,/home/irar/Escritorio/ProyectoTaxiDetector/dataset/positivos/recortes/train/taxi_recorte_train_0221.jpg,/home/irar/Escritorio/ProyectoTaxiDetector/dataset/positivos/recortes/augmented/taxi_recorte_aug_00663.jpg
664,taxi_recorte_train_0150.jpg,taxi_recorte_aug_00664.jpg,/home/irar/Escritorio/ProyectoTaxiDetector/dataset/positivos/recortes/train/taxi_recorte_train_0150.jpg,/home/irar/Escritorio/ProyectoTaxiDetector/dataset/positivos/recortes/augmented/taxi_recorte_aug_00664.jpg
665,taxi_recorte_train_0306.jpg,taxi_recorte_aug_00665.jpg,/home/irar/Escritorio/ProyectoTaxiDetector/dataset/positivos/recortes/train/taxi_recorte_train_0306.jpg,/home/irar/Escritorio/ProyectoTaxiDetector/dataset/positivos/recortes/augmented/taxi_recorte_aug_00665.jpg
666,taxi_recorte_train_0539.jpg,taxi_recorte_aug_00666.jpg,/home/irar/Escritorio/ProyectoTaxiDetector/dataset/positivos/recortes/train/taxi_recorte_train_0539.jpg,/home/irar/Escritorio/ProyectoTaxiDetector/dataset/positivos/recortes/augmented/taxi_recorte_aug_00666.jpg
667,taxi_recorte_train_0379.jpg,taxi_recorte_aug_00667.jpg,/home/irar/Escritorio/ProyectoTaxiDetector/dataset/positivos/recortes/train/taxi_recorte_train_0379.jpg,/home/irar/Escritorio/ProyectoTaxiDetector/dataset/positivos/recortes/augmented/taxi_recorte_aug_00667.jpg
668,taxi_recorte_train_0345.jpg,taxi_recorte_aug_00668.jpg,/home/irar/Escritorio/ProyectoTaxiDetector/dataset/positivos/recortes/train/taxi_recorte_train_0345.jpg,/home/irar/Escritorio/ProyectoTaxiDetector/dataset/positivos/recortes/augmented/taxi_recorte_aug_00668.jpg
669,taxi_recorte_train_0542.jpg,taxi_recorte_aug_00669.jpg,/home/irar/Escritorio/ProyectoTaxiDetector/dataset/positivos/recortes/train/taxi_recorte_train_0542.jpg,/home/irar/Escritorio/ProyectoTaxiDetector/dataset/positivos/recortes/augmented/taxi_recorte_aug_00669.jpg
670,taxi_recorte_train_0023.jpg,taxi_recorte_aug_00670.jpg,/home/irar/Escritorio/ProyectoTaxiDetector/dataset/positivos/recortes/train/taxi_recorte_train_0023.jpg,/home/irar/Escritorio/ProyectoTaxiDetector/dataset/positivos/recortes/augmented/taxi_recorte_aug_00670.jpg
671,taxi_recorte_train_0252.jpg,taxi_recorte_aug_00671.jpg,/home/irar/Escritorio/ProyectoTaxiDetector/dataset/positivos/recortes/train/taxi_recorte_train_0252.jpg,/home/irar/Escritorio/ProyectoTaxiDetector/dataset/positivos/recortes/augmented/taxi_recorte_aug_00671.jpg
672,taxi_recorte_train_0041.jpg,taxi_recorte_aug_00672.jpg,/home/irar/Escritorio/ProyectoTaxiDetector/dataset/positivos/recortes/train/taxi_recorte_train_0041.jpg,/home/irar/Escritorio/ProyectoTaxiDetector/dataset/positivos/recortes/augmented/taxi_recorte_aug_00672.jpg
673,taxi_recorte_train_0337.jpg,taxi_recorte_aug_00673.jpg,/home/irar/Escritorio/ProyectoTaxiDetector/dataset/positivos/recortes/train/taxi_recorte_train_0337.jpg,/home/irar/Escritorio/ProyectoTaxiDetector/dataset/positivos/recortes/augmented/taxi_recorte_aug_00673.jpg
674,taxi_recorte_train_0068.jpg,taxi_recorte_aug_00674.jpg,/home/irar/Escritorio/ProyectoTaxiDetector/dataset/positivos/recortes/train/taxi_recorte_train_0068.jpg,/home/irar/Escritorio/ProyectoTaxiDetector/dataset/positivos/recortes/augmented/taxi_recorte_aug_00674.jpg
675,taxi_recorte_train_0326.jpg,taxi_recorte_aug_00675.jpg,/home/irar/Escritorio/ProyectoTaxiDetector/dataset/positivos/recortes/train/taxi_recorte_train_0326.jpg,/home/irar/Escritorio/ProyectoTaxiDetector/dataset/positivos/recortes/augmented/taxi_recorte_aug_00675.jpg
676,taxi_recorte_train_0054.jpg,taxi_recorte_aug_00676.jpg,/home/irar/Escritorio/ProyectoTaxiDetector/dataset/positivos/recortes/train/taxi_recorte_train_0054.jpg,/home/irar/Escritorio/ProyectoTaxiDetector/dataset/positivos/recortes/augmented/taxi_recorte_aug_00676.jpg
677,taxi_recorte_train_0322.jpg,taxi_recorte_aug_00677.jpg,/home/irar/Escritorio/ProyectoTaxiDetector/dataset/positivos/recortes/train/taxi_recorte_train_0322.jpg,/home/irar/Escritorio/ProyectoTaxiDetector/dataset/positivos/recortes/augmented/taxi_recorte_aug_00677.jpg
678,taxi_recorte_train_0499.jpg,taxi_recorte_aug_00678.jpg,/home/irar/Escritorio/ProyectoTaxiDetector/dataset/positivos/recortes/train/taxi_recorte_train_0499.jpg,/home/irar/Escritorio/ProyectoTaxiDetector/dataset/positivos/recortes/augmented/taxi_recorte_aug_00678.jpg
679,taxi_recorte_train_0212.jpg,taxi_recorte_aug_00679.jpg,/home/irar/Escritorio/ProyectoTaxiDetector/dataset/positivos/recortes/train/taxi_recorte_train_0212.jpg,/home/irar/Escritorio/ProyectoTaxiDetector/dataset/positivos/recortes/augmented/taxi_recorte_aug_00679.jpg
680,taxi_recorte_train_0420.jpg,taxi_recorte_aug_00680.jpg,/home/irar/Escritorio/ProyectoTaxiDetector/dataset/positivos/recortes/train/taxi_recorte_train_0420.jpg,/home/irar/Escritorio/ProyectoTaxiDetector/dataset/positivos/recortes/augmented/taxi_recorte_aug_00680.jpg
681,taxi_recorte_train_0077.jpg,taxi_recorte_aug_00681.jpg,/home/irar/Escritorio/ProyectoTaxiDetector/dataset/positivos/recortes/train/taxi_recorte_train_0077.jpg,/home/irar/Escritorio/ProyectoTaxiDetector/dataset/positivos/recortes/augmented/taxi_recorte_aug_00681.jpg
682,taxi_recorte_train_0114.jpg,taxi_recorte_aug_00682.jpg,/home/irar/Escritorio/ProyectoTaxiDetector/dataset/positivos/recortes/train/taxi_recorte_train_0114.jpg,/home/irar/Escritorio/ProyectoTaxiDetector/dataset/positivos/recortes/augmented/taxi_recorte_aug_00682.jpg
683,taxi_recorte_train_0116.jpg,taxi_recorte_aug_00683.jpg,/home/irar/Escritorio/ProyectoTaxiDetector/dataset/positivos/recortes/train/taxi_recorte_train_0116.jpg,/home/irar/Escritorio/ProyectoTaxiDetector/dataset/positivos/recortes/augmented/taxi_recorte_aug_00683.jpg
684,taxi_recorte_train_0098.jpg,taxi_recorte_aug_00684.jpg,/home/irar/Escritorio/ProyectoTaxiDetector/dataset/positivos/recortes/train/taxi_recorte_train_0098.jpg,/home/irar/Escritorio/ProyectoTaxiDetector/dataset/positivos/recortes/augmented/taxi_recorte_aug_00684.jpg
685,taxi_recorte_train_0358.jpg,taxi_recorte_aug_00685.jpg,/home/irar/Escritorio/ProyectoTaxiDetector/dataset/positivos/recortes/train/taxi_recorte_train_0358.jpg,/home/irar/Escritorio/ProyectoTaxiDetector/dataset/positivos/recortes/augmented/taxi_recorte_aug_00685.jpg
686,taxi_recorte_train_0058.jpg,taxi_recorte_aug_00686.jpg,/home/irar/Escritorio/ProyectoTaxiDetector/dataset/positivos/recortes/train/taxi_recorte_train_0058.jpg,/home/irar/Escritorio/ProyectoTaxiDetector/dataset/positivos/recortes/augmented/taxi_recorte_aug_00686.jpg
687,taxi_recorte_train_0107.jpg,taxi_recorte_aug_00687.jpg,/home/irar/Escritorio/ProyectoTaxiDetector/dataset/positivos/recortes/train/taxi_recorte_train_0107.jpg,/home/irar/Escritorio/ProyectoTaxiDetector/dataset/positivos/recortes/augmented/taxi_recorte_aug_00687.jpg
688,taxi_recorte_train_0401.jpg,taxi_recorte_aug_00688.jpg,/home/irar/Escritorio/ProyectoTaxiDetector/dataset/positivos/recortes/train/taxi_recorte_train_0401.jpg,/home/irar/Escritorio/ProyectoTaxiDetector/dataset/positivos/recortes/augmented/taxi_recorte_aug_00688.jpg
689,taxi_recorte_train_0502.jpg,taxi_recorte_aug_00689.jpg,/home/irar/Escritorio/ProyectoTaxiDetector/dataset/positivos/recortes/train/taxi_recorte_train_0502.jpg,/home/irar/Escritorio/ProyectoTaxiDetector/dataset/positivos/recortes/augmented/taxi_recorte_aug_00689.jpg
690,taxi_recorte_train_0064.jpg,taxi_recorte_aug_00690.jpg,/home/irar/Escritorio/ProyectoTaxiDetector/dataset/positivos/recortes/train/taxi_recorte_train_0064.jpg,/home/irar/Escritorio/ProyectoTaxiDetector/dataset/positivos/recortes/augmented/taxi_recorte_aug_00690.jpg
691,taxi_recorte_train_0262.jpg,taxi_recorte_aug_00691.jpg,/home/irar/Escritorio/ProyectoTaxiDetector/dataset/positivos/recortes/train/taxi_recorte_train_0262.jpg,/home/irar/Escritorio/ProyectoTaxiDetector/dataset/positivos/recortes/augmented/taxi_recorte_aug_00691.jpg
692,taxi_recorte_train_0415.jpg,taxi_recorte_aug_00692.jpg,/home/irar/Escritorio/ProyectoTaxiDetector/dataset/positivos/recortes/train/taxi_recorte_train_0415.jpg,/home/irar/Escritorio/ProyectoTaxiDetector/dataset/positivos/recortes/augmented/taxi_recorte_aug_00692.jpg
693,taxi_recorte_train_0145.jpg,taxi_recorte_aug_00693.jpg,/home/irar/Escritorio/ProyectoTaxiDetector/dataset/positivos/recortes/train/taxi_recorte_train_0145.jpg,/home/irar/Escritorio/ProyectoTaxiDetector/dataset/positivos/recortes/augmented/taxi_recorte_aug_00693.jpg
694,taxi_recorte_train_0152.jpg,taxi_recorte_aug_00694.jpg,/home/irar/Escritorio/ProyectoTaxiDetector/dataset/positivos/recortes/train/taxi_recorte_train_0152.jpg,/home/irar/Escritorio/ProyectoTaxiDetector/dataset/positivos/recortes/augmented/taxi_recorte_aug_00694.jpg
695,taxi_recorte_train_0307.jpg,taxi_recorte_aug_00695.jpg,/home/irar/Escritorio/ProyectoTaxiDetector/dataset/positivos/recortes/train/taxi_recorte_train_0307.jpg,/home/irar/Escritorio/ProyectoTaxiDetector/dataset/positivos/recortes/augmented/taxi_recorte_aug_00695.jpg
696,taxi_recorte_train_0162.jpg,taxi_recorte_aug_00696.jpg,/home/irar/Escritorio/ProyectoTaxiDetector/dataset/positivos/recortes/train/taxi_recorte_train_0162.jpg,/home/irar/Escritorio/ProyectoTaxiDetector/dataset/positivos/recortes/augmented/taxi_recorte_aug_00696.jpg
697,taxi_recorte_train_0148.jpg,taxi_recorte_aug_00697.jpg,/home/irar/Escritorio/ProyectoTaxiDetector/dataset/positivos/recortes/train/taxi_recorte_train_0148.jpg,/home/irar/Escritorio/ProyectoTaxiDetector/dataset/positivos/recortes/augmented/taxi_recorte_aug_00697.jpg
698,taxi_recorte_train_0019.jpg,taxi_recorte_aug_00698.jpg,/home/irar/Escritorio/ProyectoTaxiDetector/dataset/positivos/recortes/train/taxi_recorte_train_0019.jpg,/home/irar/Escritorio/ProyectoTaxiDetector/dataset/positivos/recortes/augmented/taxi_recorte_aug_00698.jpg
699,taxi_recorte_train_0447.jpg,taxi_recorte_aug_00699.jpg,/home/irar/Escritorio/ProyectoTaxiDetector/dataset/positivos/recortes/train/taxi_recorte_train_0447.jpg,/home/irar/Escritorio/ProyectoTaxiDetector/dataset/positivos/recortes/augmented/taxi_recorte_aug_00699.jpg
700,taxi_recorte_train_0338.jpg,taxi_recorte_aug_00700.jpg,/home/irar/Escritorio/ProyectoTaxiDetector/dataset/positivos/recortes/train/taxi_recorte_train_0338.jpg,/home/irar/Escritorio/ProyectoTaxiDetector/dataset/positivos/recortes/augmented/taxi_recorte_aug_00700.jpg
701,taxi_recorte_train_0017.jpg,taxi_recorte_aug_00701.jpg,/home/irar/Escritorio/ProyectoTaxiDetector/dataset/positivos/recortes/train/taxi_recorte_train_0017.jpg,/home/irar/Escritorio/ProyectoTaxiDetector/dataset/positivos/recortes/augmented/taxi_recorte_aug_00701.jpg
702,taxi_recorte_train_0030.jpg,taxi_recorte_aug_00702.jpg,/home/irar/Escritorio/ProyectoTaxiDetector/dataset/positivos/recortes/train/taxi_recorte_train_0030.jpg,/home/irar/Escritorio/ProyectoTaxiDetector/dataset/positivos/recortes/augmented/taxi_recorte_aug_00702.jpg
703,taxi_recorte_train_0375.jpg,taxi_recorte_aug_00703.jpg,/home/irar/Escritorio/ProyectoTaxiDetector/dataset/positivos/recortes/train/taxi_recorte_train_0375.jpg,/home/irar/Escritorio/ProyectoTaxiDetector/dataset/positivos/recortes/augmented/taxi_recorte_aug_00703.jpg
704,taxi_recorte_train_0211.jpg,taxi_recorte_aug_00704.jpg,/home/irar/Escritorio/ProyectoTaxiDetector/dataset/positivos/recortes/train/taxi_recorte_train_0211.jpg,/home/irar/Escritorio/ProyectoTaxiDetector/dataset/positivos/recortes/augmented/taxi_recorte_aug_00704.jpg
705,taxi_recorte_train_0201.jpg,taxi_recorte_aug_00705.jpg,/home/irar/Escritorio/ProyectoTaxiDetector/dataset/positivos/recortes/train/taxi_recorte_train_0201.jpg,/home/irar/Escritorio/ProyectoTaxiDetector/dataset/positivos/recortes/augmented/taxi_recorte_aug_00705.jpg
706,taxi_recorte_train_0382.jpg,taxi_recorte_aug_00706.jpg,/home/irar/Escritorio/ProyectoTaxiDetector/dataset/positivos/recortes/train/taxi_recorte_train_0382.jpg,/home/irar/Escritorio/ProyectoTaxiDetector/dataset/positivos/recortes/augmented/taxi_recorte_aug_00706.jpg
707,taxi_recorte_train_0088.jpg,taxi_recorte_aug_00707.jpg,/home/irar/Escritorio/ProyectoTaxiDetector/dataset/positivos/recortes/train/taxi_recorte_train_0088.jpg,/home/irar/Escritorio/ProyectoTaxiDetector/dataset/positivos/recortes/augmented/taxi_recorte_aug_00707.jpg
708,taxi_recorte_train_0512.jpg,taxi_recorte_aug_00708.jpg,/home/irar/Escritorio/ProyectoTaxiDetector/dataset/positivos/recortes/train/taxi_recorte_train_0512.jpg,/home/irar/Escritorio/ProyectoTaxiDetector/dataset/positivos/recortes/augmented/taxi_recorte_aug_00708.jpg
709,taxi_recorte_train_0364.jpg,taxi_recorte_aug_00709.jpg,/home/irar/Escritorio/ProyectoTaxiDetector/dataset/positivos/recortes/train/taxi_recorte_train_0364.jpg,/home/irar/Escritorio/ProyectoTaxiDetector/dataset/positivos/recortes/augmented/taxi_recorte_aug_00709.jpg
710,taxi_recorte_train_0433.jpg,taxi_recorte_aug_00710.jpg,/home/irar/Escritorio/ProyectoTaxiDetector/dataset/positivos/recortes/train/taxi_recorte_train_0433.jpg,/home/irar/Escritorio/ProyectoTaxiDetector/dataset/positivos/recortes/augmented/taxi_recorte_aug_00710.jpg
711,taxi_recorte_train_0424.jpg,taxi_recorte_aug_00711.jpg,/home/irar/Escritorio/ProyectoTaxiDetector/dataset/positivos/recortes/train/taxi_recorte_train_0424.jpg,/home/irar/Escritorio/ProyectoTaxiDetector/dataset/positivos/recortes/augmented/taxi_recorte_aug_00711.jpg
712,taxi_recorte_train_0434.jpg,taxi_recorte_aug_00712.jpg,/home/irar/Escritorio/ProyectoTaxiDetector/dataset/positivos/recortes/train/taxi_recorte_train_0434.jpg,/home/irar/Escritorio/ProyectoTaxiDetector/dataset/positivos/recortes/augmented/taxi_recorte_aug_00712.jpg
713,taxi_recorte_train_0537.jpg,taxi_recorte_aug_00713.jpg,/home/irar/Escritorio/ProyectoTaxiDetector/dataset/positivos/recortes/train/taxi_recorte_train_0537.jpg,/home/irar/Escritorio/ProyectoTaxiDetector/dataset/positivos/recortes/augmented/taxi_recorte_aug_00713.jpg
714,taxi_recorte_train_0380.jpg,taxi_recorte_aug_00714.jpg,/home/irar/Escritorio/ProyectoTaxiDetector/dataset/positivos/recortes/train/taxi_recorte_train_0380.jpg,/home/irar/Escritorio/ProyectoTaxiDetector/dataset/positivos/recortes/augmented/taxi_recorte_aug_00714.jpg
715,taxi_recorte_train_0269.jpg,taxi_recorte_aug_00715.jpg,/home/irar/Escritorio/ProyectoTaxiDetector/dataset/positivos/recortes/train/taxi_recorte_train_0269.jpg,/home/irar/Escritorio/ProyectoTaxiDetector/dataset/positivos/recortes/augmented/taxi_recorte_aug_00715.jpg
716,taxi_recorte_train_0430.jpg,taxi_recorte_aug_00716.jpg,/home/irar/Escritorio/ProyectoTaxiDetector/dataset/positivos/recortes/train/taxi_recorte_train_0430.jpg,/home/irar/Escritorio/ProyectoTaxiDetector/dataset/positivos/recortes/augmented/taxi_recorte_aug_00716.jpg
717,taxi_recorte_train_0408.jpg,taxi_recorte_aug_00717.jpg,/home/irar/Escritorio/ProyectoTaxiDetector/dataset/positivos/recortes/train/taxi_recorte_train_0408.jpg,/home/irar/Escritorio/ProyectoTaxiDetector/dataset/positivos/recortes/augmented/taxi_recorte_aug_00717.jpg
718,taxi_recorte_train_0513.jpg,taxi_recorte_aug_00718.jpg,/home/irar/Escritorio/ProyectoTaxiDetector/dataset/positivos/recortes/train/taxi_recorte_train_0513.jpg,/home/irar/Escritorio/ProyectoTaxiDetector/dataset/positivos/recortes/augmented/taxi_recorte_aug_00718.jpg
719,taxi_recorte_train_0284.jpg,taxi_recorte_aug_00719.jpg,/home/irar/Escritorio/ProyectoTaxiDetector/dataset/positivos/recortes/train/taxi_recorte_train_0284.jpg,/home/irar/Escritorio/ProyectoTaxiDetector/dataset/positivos/recortes/augmented/taxi_recorte_aug_00719.jpg
720,taxi_recorte_train_0313.jpg,taxi_recorte_aug_00720.jpg,/home/irar/Escritorio/ProyectoTaxiDetector/dataset/positivos/recortes/train/taxi_recorte_train_0313.jpg,/home/irar/Escritorio/ProyectoTaxiDetector/dataset/positivos/recortes/augmented/taxi_recorte_aug_00720.jpg
721,taxi_recorte_train_0012.jpg,taxi_recorte_aug_00721.jpg,/home/irar/Escritorio/ProyectoTaxiDetector/dataset/positivos/recortes/train/taxi_recorte_train_0012.jpg,/home/irar/Escritorio/ProyectoTaxiDetector/dataset/positivos/recortes/augmented/taxi_recorte_aug_00721.jpg
722,taxi_recorte_train_0452.jpg,taxi_recorte_aug_00722.jpg,/home/irar/Escritorio/ProyectoTaxiDetector/dataset/positivos/recortes/train/taxi_recorte_train_0452.jpg,/home/irar/Escritorio/ProyectoTaxiDetector/dataset/positivos/recortes/augmented/taxi_recorte_aug_00722.jpg
723,taxi_recorte_train_0419.jpg,taxi_recorte_aug_00723.jpg,/home/irar/Escritorio/ProyectoTaxiDetector/dataset/positivos/recortes/train/taxi_recorte_train_0419.jpg,/home/irar/Escritorio/ProyectoTaxiDetector/dataset/positivos/recortes/augmented/taxi_recorte_aug_00723.jpg
724,taxi_recorte_train_0137.jpg,taxi_recorte_aug_00724.jpg,/home/irar/Escritorio/ProyectoTaxiDetector/dataset/positivos/recortes/train/taxi_recorte_train_0137.jpg,/home/irar/Escritorio/ProyectoTaxiDetector/dataset/positivos/recortes/augmented/taxi_recorte_aug_00724.jpg
725,taxi_recorte_train_0400.jpg,taxi_recorte_aug_00725.jpg,/home/irar/Escritorio/ProyectoTaxiDetector/dataset/positivos/recortes/train/taxi_recorte_train_0400.jpg,/home/irar/Escritorio/ProyectoTaxiDetector/dataset/positivos/recortes/augmented/taxi_recorte_aug_00725.jpg
726,taxi_recorte_train_0496.jpg,taxi_recorte_aug_00726.jpg,/home/irar/Escritorio/ProyectoTaxiDetector/dataset/positivos/recortes/train/taxi_recorte_train_0496.jpg,/home/irar/Escritorio/ProyectoTaxiDetector/dataset/positivos/recortes/augmented/taxi_recorte_aug_00726.jpg
727,taxi_recorte_train_0046.jpg,taxi_recorte_aug_00727.jpg,/home/irar/Escritorio/ProyectoTaxiDetector/dataset/positivos/recortes/train/taxi_recorte_train_0046.jpg,/home/irar/Escritorio/ProyectoTaxiDetector/dataset/positivos/recortes/augmented/taxi_recorte_aug_00727.jpg
728,taxi_recorte_train_0093.jpg,taxi_recorte_aug_00728.jpg,/home/irar/Escritorio/ProyectoTaxiDetector/dataset/positivos/recortes/train/taxi_recorte_train_0093.jpg,/home/irar/Escritorio/ProyectoTaxiDetector/dataset/positivos/recortes/augmented/taxi_recorte_aug_00728.jpg
729,taxi_recorte_train_0521.jpg,taxi_recorte_aug_00729.jpg,/home/irar/Escritorio/ProyectoTaxiDetector/dataset/positivos/recortes/train/taxi_recorte_train_0521.jpg,/home/irar/Escritorio/ProyectoTaxiDetector/dataset/positivos/recortes/augmented/taxi_recorte_aug_00729.jpg
730,taxi_recorte_train_0354.jpg,taxi_recorte_aug_00730.jpg,/home/irar/Escritorio/ProyectoTaxiDetector/dataset/positivos/recortes/train/taxi_recorte_train_0354.jpg,/home/irar/Escritorio/ProyectoTaxiDetector/dataset/positivos/recortes/augmented/taxi_recorte_aug_00730.jpg
731,taxi_recorte_train_0199.jpg,taxi_recorte_aug_00731.jpg,/home/irar/Escritorio/ProyectoTaxiDetector/dataset/positivos/recortes/train/taxi_recorte_train_0199.jpg,/home/irar/Escritorio/ProyectoTaxiDetector/dataset/positivos/recortes/augmented/taxi_recorte_aug_00731.jpg
732,taxi_recorte_train_0359.jpg,taxi_recorte_aug_00732.jpg,/home/irar/Escritorio/ProyectoTaxiDetector/dataset/positivos/recortes/train/taxi_recorte_train_0359.jpg,/home/irar/Escritorio/ProyectoTaxiDetector/dataset/positivos/recortes/augmented/taxi_recorte_aug_00732.jpg
733,taxi_recorte_train_0073.jpg,taxi_recorte_aug_00733.jpg,/home/irar/Escritorio/ProyectoTaxiDetector/dataset/positivos/recortes/train/taxi_recorte_train_0073.jpg,/home/irar/Escritorio/ProyectoTaxiDetector/dataset/positivos/recortes/augmented/taxi_recorte_aug_00733.jpg
734,taxi_recorte_train_0398.jpg,taxi_recorte_aug_00734.jpg,/home/irar/Escritorio/ProyectoTaxiDetector/dataset/positivos/recortes/train/taxi_recorte_train_0398.jpg,/home/irar/Escritorio/ProyectoTaxiDetector/dataset/positivos/recortes/augmented/taxi_recorte_aug_00734.jpg
735,taxi_recorte_train_0135.jpg,taxi_recorte_aug_00735.jpg,/home/irar/Escritorio/ProyectoTaxiDetector/dataset/positivos/recortes/train/taxi_recorte_train_0135.jpg,/home/irar/Escritorio/ProyectoTaxiDetector/dataset/positivos/recortes/augmented/taxi_recorte_aug_00735.jpg
736,taxi_recorte_train_0518.jpg,taxi_recorte_aug_00736.jpg,/home/irar/Escritorio/ProyectoTaxiDetector/dataset/positivos/recortes/train/taxi_recorte_train_0518.jpg,/home/irar/Escritorio/ProyectoTaxiDetector/dataset/positivos/recortes/augmented/taxi_recorte_aug_00736.jpg
737,taxi_recorte_train_0479.jpg,taxi_recorte_aug_00737.jpg,/home/irar/Escritorio/ProyectoTaxiDetector/dataset/positivos/recortes/train/taxi_recorte_train_0479.jpg,/home/irar/Escritorio/ProyectoTaxiDetector/dataset/positivos/recortes/augmented/taxi_recorte_aug_00737.jpg
738,taxi_recorte_train_0427.jpg,taxi_recorte_aug_00738.jpg,/home/irar/Escritorio/ProyectoTaxiDetector/dataset/positivos/recortes/train/taxi_recorte_train_0427.jpg,/home/irar/Escritorio/ProyectoTaxiDetector/dataset/positivos/recortes/augmented/taxi_recorte_aug_00738.jpg
739,taxi_recorte_train_0124.jpg,taxi_recorte_aug_00739.jpg,/home/irar/Escritorio/ProyectoTaxiDetector/dataset/positivos/recortes/train/taxi_recorte_train_0124.jpg,/home/irar/Escritorio/ProyectoTaxiDetector/dataset/positivos/recortes/augmented/taxi_recorte_aug_00739.jpg
740,taxi_recorte_train_0296.jpg,taxi_recorte_aug_00740.jpg,/home/irar/Escritorio/ProyectoTaxiDetector/dataset/positivos/recortes/train/taxi_recorte_train_0296.jpg,/home/irar/Escritorio/ProyectoTaxiDetector/dataset/positivos/recortes/augmented/taxi_recorte_aug_00740.jpg
741,taxi_recorte_train_0315.jpg,taxi_recorte_aug_00741.jpg,/home/irar/Escritorio/ProyectoTaxiDetector/dataset/positivos/recortes/train/taxi_recorte_train_0315.jpg,/home/irar/Escritorio/ProyectoTaxiDetector/dataset/positivos/recortes/augmented/taxi_recorte_aug_00741.jpg
742,taxi_recorte_train_0207.jpg,taxi_recorte_aug_00742.jpg,/home/irar/Escritorio/ProyectoTaxiDetector/dataset/positivos/recortes/train/taxi_recorte_train_0207.jpg,/home/irar/Escritorio/ProyectoTaxiDetector/dataset/positivos/recortes/augmented/taxi_recorte_aug_00742.jpg
743,taxi_recorte_train_0516.jpg,taxi_recorte_aug_00743.jpg,/home/irar/Escritorio/ProyectoTaxiDetector/dataset/positivos/recortes/train/taxi_recorte_train_0516.jpg,/home/irar/Escritorio/ProyectoTaxiDetector/dataset/positivos/recortes/augmented/taxi_recorte_aug_00743.jpg
744,taxi_recorte_train_0242.jpg,taxi_recorte_aug_00744.jpg,/home/irar/Escritorio/ProyectoTaxiDetector/dataset/positivos/recortes/train/taxi_recorte_train_0242.jpg,/home/irar/Escritorio/ProyectoTaxiDetector/dataset/positivos/recortes/augmented/taxi_recorte_aug_00744.jpg
745,taxi_recorte_train_0196.jpg,taxi_recorte_aug_00745.jpg,/home/irar/Escritorio/ProyectoTaxiDetector/dataset/positivos/recortes/train/taxi_recorte_train_0196.jpg,/home/irar/Escritorio/ProyectoTaxiDetector/dataset/positivos/recortes/augmented/taxi_recorte_aug_00745.jpg
746,taxi_recorte_train_0391.jpg,taxi_recorte_aug_00746.jpg,/home/irar/Escritorio/ProyectoTaxiDetector/dataset/positivos/recortes/train/taxi_recorte_train_0391.jpg,/home/irar/Escritorio/ProyectoTaxiDetector/dataset/positivos/recortes/augmented/taxi_recorte_aug_00746.jpg
747,taxi_recorte_train_0459.jpg,taxi_recorte_aug_00747.jpg,/home/irar/Escritorio/ProyectoTaxiDetector/dataset/positivos/recortes/train/taxi_recorte_train_0459.jpg,/home/irar/Escritorio/ProyectoTaxiDetector/dataset/positivos/recortes/augmented/taxi_recorte_aug_00747.jpg
748,taxi_recorte_train_0417.jpg,taxi_recorte_aug_00748.jpg,/home/irar/Escritorio/ProyectoTaxiDetector/dataset/positivos/recortes/train/taxi_recorte_train_0417.jpg,/home/irar/Escritorio/ProyectoTaxiDetector/dataset/positivos/recortes/augmented/taxi_recorte_aug_00748.jpg
749,taxi_recorte_train_0081.jpg,taxi_recorte_aug_00749.jpg,/home/irar/Escritorio/ProyectoTaxiDetector/dataset/positivos/recortes/train/taxi_recorte_train_0081.jpg,/home/irar/Escritorio/ProyectoTaxiDetector/dataset/positivos/recortes/augmented/taxi_recorte_aug_00749.jpg
750,taxi_recorte_train_0050.jpg,taxi_recorte_aug_00750.jpg,/home/irar/Escritorio/ProyectoTaxiDetector/dataset/positivos/recortes/train/taxi_recorte_train_0050.jpg,/home/irar/Escritorio/ProyectoTaxiDetector/dataset/positivos/recortes/augmented/taxi_recorte_aug_00750.jpg
751,taxi_recorte_train_0279.jpg,taxi_recorte_aug_00751.jpg,/home/irar/Escritorio/ProyectoTaxiDetector/dataset/positivos/recortes/train/taxi_recorte_train_0279.jpg,/home/irar/Escritorio/ProyectoTaxiDetector/dataset/positivos/recortes/augmented/taxi_recorte_aug_00751.jpg
752,taxi_recorte_train_0031.jpg,taxi_recorte_aug_00752.jpg,/home/irar/Escritorio/ProyectoTaxiDetector/dataset/positivos/recortes/train/taxi_recorte_train_0031.jpg,/home/irar/Escritorio/ProyectoTaxiDetector/dataset/positivos/recortes/augmented/taxi_recorte_aug_00752.jpg
753,taxi_recorte_train_0060.jpg,taxi_recorte_aug_00753.jpg,/home/irar/Escritorio/ProyectoTaxiDetector/dataset/positivos/recortes/train/taxi_recorte_train_0060.jpg,/home/irar/Escritorio/ProyectoTaxiDetector/dataset/positivos/recortes/augmented/taxi_recorte_aug_00753.jpg
754,taxi_recorte_train_0329.jpg,taxi_recorte_aug_00754.jpg,/home/irar/Escritorio/ProyectoTaxiDetector/dataset/positivos/recortes/train/taxi_recorte_train_0329.jpg,/home/irar/Escritorio/ProyectoTaxiDetector/dataset/positivos/recortes/augmented/taxi_recorte_aug_00754.jpg
755,taxi_recorte_train_0228.jpg,taxi_recorte_aug_00755.jpg,/home/irar/Escritorio/ProyectoTaxiDetector/dataset/positivos/recortes/train/taxi_recorte_train_0228.jpg,/home/irar/Escritorio/ProyectoTaxiDetector/dataset/positivos/recortes/augmented/taxi_recorte_aug_00755.jpg
756,taxi_recorte_train_0421.jpg,taxi_recorte_aug_00756.jpg,/home/irar/Escritorio/ProyectoTaxiDetector/dataset/positivos/recortes/train/taxi_recorte_train_0421.jpg,/home/irar/Escritorio/ProyectoTaxiDetector/dataset/positivos/recortes/augmented/taxi_recorte_aug_00756.jpg
757,taxi_recorte_train_0117.jpg,taxi_recorte_aug_00757.jpg,/home/irar/Escritorio/ProyectoTaxiDetector/dataset/positivos/recortes/train/taxi_recorte_train_0117.jpg,/home/irar/Escritorio/ProyectoTaxiDetector/dataset/positivos/recortes/augmented/taxi_recorte_aug_00757.jpg
758,taxi_recorte_train_0472.jpg,taxi_recorte_aug_00758.jpg,/home/irar/Escritorio/ProyectoTaxiDetector/dataset/positivos/recortes/train/taxi_recorte_train_0472.jpg,/home/irar/Escritorio/ProyectoTaxiDetector/dataset/positivos/recortes/augmented/taxi_recorte_aug_00758.jpg
759,taxi_recorte_train_0283.jpg,taxi_recorte_aug_00759.jpg,/home/irar/Escritorio/ProyectoTaxiDetector/dataset/positivos/recortes/train/taxi_recorte_train_0283.jpg,/home/irar/Escritorio/ProyectoTaxiDetector/dataset/positivos/recortes/augmented/taxi_recorte_aug_00759.jpg
760,taxi_recorte_train_0376.jpg,taxi_recorte_aug_00760.jpg,/home/irar/Escritorio/ProyectoTaxiDetector/dataset/positivos/recortes/train/taxi_recorte_train_0376.jpg,/home/irar/Escritorio/ProyectoTaxiDetector/dataset/positivos/recortes/augmented/taxi_recorte_aug_00760.jpg
761,taxi_recorte_train_0438.jpg,taxi_recorte_aug_00761.jpg,/home/irar/Escritorio/ProyectoTaxiDetector/dataset/positivos/recortes/train/taxi_recorte_train_0438.jpg,/home/irar/Escritorio/ProyectoTaxiDetector/dataset/positivos/recortes/augmented/taxi_recorte_aug_00761.jpg
762,taxi_recorte_train_0191.jpg,taxi_recorte_aug_00762.jpg,/home/irar/Escritorio/ProyectoTaxiDetector/dataset/positivos/recortes/train/taxi_recorte_train_0191.jpg,/home/irar/Escritorio/ProyectoTaxiDetector/dataset/positivos/recortes/augmented/taxi_recorte_aug_00762.jpg
763,taxi_recorte_train_0261.jpg,taxi_recorte_aug_00763.jpg,/home/irar/Escritorio/ProyectoTaxiDetector/dataset/positivos/recortes/train/taxi_recorte_train_0261.jpg,/home/irar/Escritorio/ProyectoTaxiDetector/dataset/positivos/recortes/augmented/taxi_recorte_aug_00763.jpg
764,taxi_recorte_train_0089.jpg,taxi_recorte_aug_00764.jpg,/home/irar/Escritorio/ProyectoTaxiDetector/dataset/positivos/recortes/train/taxi_recorte_train_0089.jpg,/home/irar/Escritorio/ProyectoTaxiDetector/dataset/positivos/recortes/augmented/taxi_recorte_aug_00764.jpg
765,taxi_recorte_train_0136.jpg,taxi_recorte_aug_00765.jpg,/home/irar/Escritorio/ProyectoTaxiDetector/dataset/positivos/recortes/train/taxi_recorte_train_0136.jpg,/home/irar/Escritorio/ProyectoTaxiDetector/dataset/positivos/recortes/augmented/taxi_recorte_aug_00765.jpg
766,taxi_recorte_train_0256.jpg,taxi_recorte_aug_00766.jpg,/home/irar/Escritorio/ProyectoTaxiDetector/dataset/positivos/recortes/train/taxi_recorte_train_0256.jpg,/home/irar/Escritorio/ProyectoTaxiDetector/dataset/positivos/recortes/augmented/taxi_recorte_aug_00766.jpg
767,taxi_recorte_train_0346.jpg,taxi_recorte_aug_00767.jpg,/home/irar/Escritorio/ProyectoTaxiDetector/dataset/positivos/recortes/train/taxi_recorte_train_0346.jpg,/home/irar/Escritorio/ProyectoTaxiDetector/dataset/positivos/recortes/augmented/taxi_recorte_aug_00767.jpg
768,taxi_recorte_train_0095.jpg,taxi_recorte_aug_00768.jpg,/home/irar/Escritorio/ProyectoTaxiDetector/dataset/positivos/recortes/train/taxi_recorte_train_0095.jpg,/home/irar/Escritorio/ProyectoTaxiDetector/dataset/positivos/recortes/augmented/taxi_recorte_aug_00768.jpg
769,taxi_recorte_train_0149.jpg,taxi_recorte_aug_00769.jpg,/home/irar/Escritorio/ProyectoTaxiDetector/dataset/positivos/recortes/train/taxi_recorte_train_0149.jpg,/home/irar/Escritorio/ProyectoTaxiDetector/dataset/positivos/recortes/augmented/taxi_recorte_aug_00769.jpg
770,taxi_recorte_train_0540.jpg,taxi_recorte_aug_00770.jpg,/home/irar/Escritorio/ProyectoTaxiDetector/dataset/positivos/recortes/train/taxi_recorte_train_0540.jpg,/home/irar/Escritorio/ProyectoTaxiDetector/dataset/positivos/recortes/augmented/taxi_recorte_aug_00770.jpg
771,taxi_recorte_train_0285.jpg,taxi_recorte_aug_00771.jpg,/home/irar/Escritorio/ProyectoTaxiDetector/dataset/positivos/recortes/train/taxi_recorte_train_0285.jpg,/home/irar/Escritorio/ProyectoTaxiDetector/dataset/positivos/recortes/augmented/taxi_recorte_aug_00771.jpg
772,taxi_recorte_train_0533.jpg,taxi_recorte_aug_00772.jpg,/home/irar/Escritorio/ProyectoTaxiDetector/dataset/positivos/recortes/train/taxi_recorte_train_0533.jpg,/home/irar/Escritorio/ProyectoTaxiDetector/dataset/positivos/recortes/augmented/taxi_recorte_aug_00772.jpg
773,taxi_recorte_train_0299.jpg,taxi_recorte_aug_00773.jpg,/home/irar/Escritorio/ProyectoTaxiDetector/dataset/positivos/recortes/train/taxi_recorte_train_0299.jpg,/home/irar/Escritorio/ProyectoTaxiDetector/dataset/positivos/recortes/augmented/taxi_recorte_aug_00773.jpg
774,taxi_recorte_train_0104.jpg,taxi_recorte_aug_00774.jpg,/home/irar/Escritorio/ProyectoTaxiDetector/dataset/positivos/recortes/train/taxi_recorte_train_0104.jpg,/home/irar/Escritorio/ProyectoTaxiDetector/dataset/positivos/recortes/augmented/taxi_recorte_aug_00774.jpg
775,taxi_recorte_train_0057.jpg,taxi_recorte_aug_00775.jpg,/home/irar/Escritorio/ProyectoTaxiDetector/dataset/positivos/recortes/train/taxi_recorte_train_0057.jpg,/home/irar/Escritorio/ProyectoTaxiDetector/dataset/positivos/recortes/augmented/taxi_recorte_aug_00775.jpg
776,taxi_recorte_train_0500.jpg,taxi_recorte_aug_00776.jpg,/home/irar/Escritorio/ProyectoTaxiDetector/dataset/positivos/recortes/train/taxi_recorte_train_0500.jpg,/home/irar/Escritorio/ProyectoTaxiDetector/dataset/positivos/recortes/augmented/taxi_recorte_aug_00776.jpg
777,taxi_recorte_train_0024.jpg,taxi_recorte_aug_00777.jpg,/home/irar/Escritorio/ProyectoTaxiDetector/dataset/positivos/recortes/train/taxi_recorte_train_0024.jpg,/home/irar/Escritorio/ProyectoTaxiDetector/dataset/positivos/recortes/augmented/taxi_recorte_aug_00777.jpg
778,taxi_recorte_train_0005.jpg,taxi_recorte_aug_00778.jpg,/home/irar/Escritorio/ProyectoTaxiDetector/dataset/positivos/recortes/train/taxi_recorte_train_0005.jpg,/home/irar/Escritorio/ProyectoTaxiDetector/dataset/positivos/recortes/augmented/taxi_recorte_aug_00778.jpg
779,taxi_recorte_train_0203.jpg,taxi_recorte_aug_00779.jpg,/home/irar/Escritorio/ProyectoTaxiDetector/dataset/positivos/recortes/train/taxi_recorte_train_0203.jpg,/home/irar/Escritorio/ProyectoTaxiDetector/dataset/positivos/recortes/augmented/taxi_recorte_aug_00779.jpg
780,taxi_recorte_train_0341.jpg,taxi_recorte_aug_00780.jpg,/home/irar/Escritorio/ProyectoTaxiDetector/dataset/positivos/recortes/train/taxi_recorte_train_0341.jpg,/home/irar/Escritorio/ProyectoTaxiDetector/dataset/positivos/recortes/augmented/taxi_recorte_aug_00780.jpg
781,taxi_recorte_train_0246.jpg,taxi_recorte_aug_00781.jpg,/home/irar/Escritorio/ProyectoTaxiDetector/dataset/positivos/recortes/train/taxi_recorte_train_0246.jpg,/home/irar/Escritorio/ProyectoTaxiDetector/dataset/positivos/recortes/augmented/taxi_recorte_aug_00781.jpg
782,taxi_recorte_train_0183.jpg,taxi_recorte_aug_00782.jpg,/home/irar/Escritorio/ProyectoTaxiDetector/dataset/positivos/recortes/train/taxi_recorte_train_0183.jpg,/home/irar/Escritorio/ProyectoTaxiDetector/dataset/positivos/recortes/augmented/taxi_recorte_aug_00782.jpg
783,taxi_recorte_train_0275.jpg,taxi_recorte_aug_00783.jpg,/home/irar/Escritorio/ProyectoTaxiDetector/dataset/positivos/recortes/train/taxi_recorte_train_0275.jpg,/home/irar/Escritorio/ProyectoTaxiDetector/dataset/positivos/recortes/augmented/taxi_recorte_aug_00783.jpg
784,taxi_recorte_train_0122.jpg,taxi_recorte_aug_00784.jpg,/home/irar/Escritorio/ProyectoTaxiDetector/dataset/positivos/recortes/train/taxi_recorte_train_0122.jpg,/home/irar/Escritorio/ProyectoTaxiDetector/dataset/positivos/recortes/augmented/taxi_recorte_aug_00784.jpg
785,taxi_recorte_train_0177.jpg,taxi_recorte_aug_00785.jpg,/home/irar/Escritorio/ProyectoTaxiDetector/dataset/positivos/recortes/train/taxi_recorte_train_0177.jpg,/home/irar/Escritorio/ProyectoTaxiDetector/dataset/positivos/recortes/augmented/taxi_recorte_aug_00785.jpg
786,taxi_recorte_train_0384.jpg,taxi_recorte_aug_00786.jpg,/home/irar/Escritorio/ProyectoTaxiDetector/dataset/positivos/recortes/train/taxi_recorte_train_0384.jpg,/home/irar/Escritorio/ProyectoTaxiDetector/dataset/positivos/recortes/augmented/taxi_recorte_aug_00786.jpg
787,taxi_recorte_train_0282.jpg,taxi_recorte_aug_00787.jpg,/home/irar/Escritorio/ProyectoTaxiDetector/dataset/positivos/recortes/train/taxi_recorte_train_0282.jpg,/home/irar/Escritorio/ProyectoTaxiDetector/dataset/positivos/recortes/augmented/taxi_recorte_aug_00787.jpg
788,taxi_recorte_train_0255.jpg,taxi_recorte_aug_00788.jpg,/home/irar/Escritorio/ProyectoTaxiDetector/dataset/positivos/recortes/train/taxi_recorte_train_0255.jpg,/home/irar/Escritorio/ProyectoTaxiDetector/dataset/positivos/recortes/augmented/taxi_recorte_aug_00788.jpg
789,taxi_recorte_train_0372.jpg,taxi_recorte_aug_00789.jpg,/home/irar/Escritorio/ProyectoTaxiDetector/dataset/positivos/recortes/train/taxi_recorte_train_0372.jpg,/home/irar/Escritorio/ProyectoTaxiDetector/dataset/positivos/recortes/augmented/taxi_recorte_aug_00789.jpg
790,taxi_recorte_train_0105.jpg,taxi_recorte_aug_00790.jpg,/home/irar/Escritorio/ProyectoTaxiDetector/dataset/positivos/recortes/train/taxi_recorte_train_0105.jpg,/home/irar/Escritorio/ProyectoTaxiDetector/dataset/positivos/recortes/augmented/taxi_recorte_aug_00790.jpg
791,taxi_recorte_train_0185.jpg,taxi_recorte_aug_00791.jpg,/home/irar/Escritorio/ProyectoTaxiDetector/dataset/positivos/recortes/train/taxi_recorte_train_0185.jpg,/home/irar/Escritorio/ProyectoTaxiDetector/dataset/positivos/recortes/augmented/taxi_recorte_aug_00791.jpg
792,taxi_recorte_train_0302.jpg,taxi_recorte_aug_00792.jpg,/home/irar/Escritorio/ProyectoTaxiDetector/dataset/positivos/recortes/train/taxi_recorte_train_0302.jpg,/home/irar/Escritorio/ProyectoTaxiDetector/dataset/positivos/recortes/augmented/taxi_recorte_aug_00792.jpg
793,taxi_recorte_train_0407.jpg,taxi_recorte_aug_00793.jpg,/home/irar/Escritorio/ProyectoTaxiDetector/dataset/positivos/recortes/train/taxi_recorte_train_0407.jpg,/home/irar/Escritorio/ProyectoTaxiDetector/dataset/positivos/recortes/augmented/taxi_recorte_aug_00793.jpg
794,taxi_recorte_train_0049.jpg,taxi_recorte_aug_00794.jpg,/home/irar/Escritorio/ProyectoTaxiDetector/dataset/positivos/recortes/train/taxi_recorte_train_0049.jpg,/home/irar/Escritorio/ProyectoTaxiDetector/dataset/positivos/recortes/augmented/taxi_recorte_aug_00794.jpg
795,taxi_recorte_train_0328.jpg,taxi_recorte_aug_00795.jpg,/home/irar/Escritorio/ProyectoTaxiDetector/dataset/positivos/recortes/train/taxi_recorte_train_0328.jpg,/home/irar/Escritorio/ProyectoTaxiDetector/dataset/positivos/recortes/augmented/taxi_recorte_aug_00795.jpg
796,taxi_recorte_train_0460.jpg,taxi_recorte_aug_00796.jpg,/home/irar/Escritorio/ProyectoTaxiDetector/dataset/positivos/recortes/train/taxi_recorte_train_0460.jpg,/home/irar/Escritorio/ProyectoTaxiDetector/dataset/positivos/recortes/augmented/taxi_recorte_aug_00796.jpg
797,taxi_recorte_train_0497.jpg,taxi_recorte_aug_00797.jpg,/home/irar/Escritorio/ProyectoTaxiDetector/dataset/positivos/recortes/train/taxi_recorte_train_0497.jpg,/home/irar/Escritorio/ProyectoTaxiDetector/dataset/positivos/recortes/augmented/taxi_recorte_aug_00797.jpg
798,taxi_recorte_train_0471.jpg,taxi_recorte_aug_00798.jpg,/home/irar/Escritorio/ProyectoTaxiDetector/dataset/positivos/recortes/train/taxi_recorte_train_0471.jpg,/home/irar/Escritorio/ProyectoTaxiDetector/dataset/positivos/recortes/augmented/taxi_recorte_aug_00798.jpg
799,taxi_recorte_train_0445.jpg,taxi_recorte_aug_00799.jpg,/home/irar/Escritorio/ProyectoTaxiDetector/dataset/positivos/recortes/train/taxi_recorte_train_0445.jpg,/home/irar/Escritorio/ProyectoTaxiDetector/dataset/positivos/recortes/augmented/taxi_recorte_aug_00799.jpg
800,taxi_recorte_train_0144.jpg,taxi_recorte_aug_00800.jpg,/home/irar/Escritorio/ProyectoTaxiDetector/dataset/positivos/recortes/train/taxi_recorte_train_0144.jpg,/home/irar/Escritorio/ProyectoTaxiDetector/dataset/positivos/recortes/augmented/taxi_recorte_aug_00800.jpg
801,taxi_recorte_train_0293.jpg,taxi_recorte_aug_00801.jpg,/home/irar/Escritorio/ProyectoTaxiDetector/dataset/positivos/recortes/train/taxi_recorte_train_0293.jpg,/home/irar/Escritorio/ProyectoTaxiDetector/dataset/positivos/recortes/augmented/taxi_recorte_aug_00801.jpg
802,taxi_recorte_train_0450.jpg,taxi_recorte_aug_00802.jpg,/home/irar/Escritorio/ProyectoTaxiDetector/dataset/positivos/recortes/train/taxi_recorte_train_0450.jpg,/home/irar/Escritorio/ProyectoTaxiDetector/dataset/positivos/recortes/augmented/taxi_recorte_aug_00802.jpg
803,taxi_recorte_train_0182.jpg,taxi_recorte_aug_00803.jpg,/home/irar/Escritorio/ProyectoTaxiDetector/dataset/positivos/recortes/train/taxi_recorte_train_0182.jpg,/home/irar/Escritorio/ProyectoTaxiDetector/dataset/positivos/recortes/augmented/taxi_recorte_aug_00803.jpg
804,taxi_recorte_train_0355.jpg,taxi_recorte_aug_00804.jpg,/home/irar/Escritorio/ProyectoTaxiDetector/dataset/positivos/recortes/train/taxi_recorte_train_0355.jpg,/home/irar/Escritorio/ProyectoTaxiDetector/dataset/positivos/recortes/augmented/taxi_recorte_aug_00804.jpg
805,taxi_recorte_train_0388.jpg,taxi_recorte_aug_00805.jpg,/home/irar/Escritorio/ProyectoTaxiDetector/dataset/positivos/recortes/train/taxi_recorte_train_0388.jpg,/home/irar/Escritorio/ProyectoTaxiDetector/dataset/positivos/recortes/augmented/taxi_recorte_aug_00805.jpg
806,taxi_recorte_train_0360.jpg,taxi_recorte_aug_00806.jpg,/home/irar/Escritorio/ProyectoTaxiDetector/dataset/positivos/recortes/train/taxi_recorte_train_0360.jpg,/home/irar/Escritorio/ProyectoTaxiDetector/dataset/positivos/recortes/augmented/taxi_recorte_aug_00806.jpg
807,taxi_recorte_train_0167.jpg,taxi_recorte_aug_00807.jpg,/home/irar/Escritorio/ProyectoTaxiDetector/dataset/positivos/recortes/train/taxi_recorte_train_0167.jpg,/home/irar/Escritorio/ProyectoTaxiDetector/dataset/positivos/recortes/augmented/taxi_recorte_aug_00807.jpg
808,taxi_recorte_train_0503.jpg,taxi_recorte_aug_00808.jpg,/home/irar/Escritorio/ProyectoTaxiDetector/dataset/positivos/recortes/train/taxi_recorte_train_0503.jpg,/home/irar/Escritorio/ProyectoTaxiDetector/dataset/positivos/recortes/augmented/taxi_recorte_aug_00808.jpg
809,taxi_recorte_train_0444.jpg,taxi_recorte_aug_00809.jpg,/home/irar/Escritorio/ProyectoTaxiDetector/dataset/positivos/recortes/train/taxi_recorte_train_0444.jpg,/home/irar/Escritorio/ProyectoTaxiDetector/dataset/positivos/recortes/augmented/taxi_recorte_aug_00809.jpg
810,taxi_recorte_train_0352.jpg,taxi_recorte_aug_00810.jpg,/home/irar/Escritorio/ProyectoTaxiDetector/dataset/positivos/recortes/train/taxi_recorte_train_0352.jpg,/home/irar/Escritorio/ProyectoTaxiDetector/dataset/positivos/recortes/augmented/taxi_recorte_aug_00810.jpg
811,taxi_recorte_train_0351.jpg,taxi_recorte_aug_00811.jpg,/home/irar/Escritorio/ProyectoTaxiDetector/dataset/positivos/recortes/train/taxi_recorte_train_0351.jpg,/home/irar/Escritorio/ProyectoTaxiDetector/dataset/positivos/recortes/augmented/taxi_recorte_aug_00811.jpg
812,taxi_recorte_train_0473.jpg,taxi_recorte_aug_00812.jpg,/home/irar/Escritorio/ProyectoTaxiDetector/dataset/positivos/recortes/train/taxi_recorte_train_0473.jpg,/home/irar/Escritorio/ProyectoTaxiDetector/dataset/positivos/recortes/augmented/taxi_recorte_aug_00812.jpg
813,taxi_recorte_train_0469.jpg,taxi_recorte_aug_00813.jpg,/home/irar/Escritorio/ProyectoTaxiDetector/dataset/positivos/recortes/train/taxi_recorte_train_0469.jpg,/home/irar/Escritorio/ProyectoTaxiDetector/dataset/positivos/recortes/augmented/taxi_recorte_aug_00813.jpg
814,taxi_recorte_train_0451.jpg,taxi_recorte_aug_00814.jpg,/home/irar/Escritorio/ProyectoTaxiDetector/dataset/positivos/recortes/train/taxi_recorte_train_0451.jpg,/home/irar/Escritorio/ProyectoTaxiDetector/dataset/positivos/recortes/augmented/taxi_recorte_aug_00814.jpg
815,taxi_recorte_train_0350.jpg,taxi_recorte_aug_00815.jpg,/home/irar/Escritorio/ProyectoTaxiDetector/dataset/positivos/recortes/train/taxi_recorte_train_0350.jpg,/home/irar/Escritorio/ProyectoTaxiDetector/dataset/positivos/recortes/augmented/taxi_recorte_aug_00815.jpg
816,taxi_recorte_train_0045.jpg,taxi_recorte_aug_00816.jpg,/home/irar/Escritorio/ProyectoTaxiDetector/dataset/positivos/recortes/train/taxi_recorte_train_0045.jpg,/home/irar/Escritorio/ProyectoTaxiDetector/dataset/positivos/recortes/augmented/taxi_recorte_aug_00816.jpg
817,taxi_recorte_train_0126.jpg,taxi_recorte_aug_00817.jpg,/home/irar/Escritorio/ProyectoTaxiDetector/dataset/positivos/recortes/train/taxi_recorte_train_0126.jpg,/home/irar/Escritorio/ProyectoTaxiDetector/dataset/positivos/recortes/augmented/taxi_recorte_aug_00817.jpg
818,taxi_recorte_train_0166.jpg,taxi_recorte_aug_00818.jpg,/home/irar/Escritorio/ProyectoTaxiDetector/dataset/positivos/recortes/train/taxi_recorte_train_0166.jpg,/home/irar/Escritorio/ProyectoTaxiDetector/dataset/positivos/recortes/augmented/taxi_recorte_aug_00818.jpg
819,taxi_recorte_train_0138.jpg,taxi_recorte_aug_00819.jpg,/home/irar/Escritorio/ProyectoTaxiDetector/dataset/positivos/recortes/train/taxi_recorte_train_0138.jpg,/home/irar/Escritorio/ProyectoTaxiDetector/dataset/positivos/recortes/augmented/taxi_recorte_aug_00819.jpg
820,taxi_recorte_train_0449.jpg,taxi_recorte_aug_00820.jpg,/home/irar/Escritorio/ProyectoTaxiDetector/dataset/positivos/recortes/train/taxi_recorte_train_0449.jpg,/home/irar/Escritorio/ProyectoTaxiDetector/dataset/positivos/recortes/augmented/taxi_recorte_aug_00820.jpg
821,taxi_recorte_train_0324.jpg,taxi_recorte_aug_00821.jpg,/home/irar/Escritorio/ProyectoTaxiDetector/dataset/positivos/recortes/train/taxi_recorte_train_0324.jpg,/home/irar/Escritorio/ProyectoTaxiDetector/dataset/positivos/recortes/augmented/taxi_recorte_aug_00821.jpg
822,taxi_recorte_train_0248.jpg,taxi_recorte_aug_00822.jpg,/home/irar/Escritorio/ProyectoTaxiDetector/dataset/positivos/recortes/train/taxi_recorte_train_0248.jpg,/home/irar/Escritorio/ProyectoTaxiDetector/dataset/positivos/recortes/augmented/taxi_recorte_aug_00822.jpg
823,taxi_recorte_train_0394.jpg,taxi_recorte_aug_00823.jpg,/home/irar/Escritorio/ProyectoTaxiDetector/dataset/positivos/recortes/train/taxi_recorte_train_0394.jpg,/home/irar/Escritorio/ProyectoTaxiDetector/dataset/positivos/recortes/augmented/taxi_recorte_aug_00823.jpg
824,taxi_recorte_train_0139.jpg,taxi_recorte_aug_00824.jpg,/home/irar/Escritorio/ProyectoTaxiDetector/dataset/positivos/recortes/train/taxi_recorte_train_0139.jpg,/home/irar/Escritorio/ProyectoTaxiDetector/dataset/positivos/recortes/augmented/taxi_recorte_aug_00824.jpg
825,taxi_recorte_train_0268.jpg,taxi_recorte_aug_00825.jpg,/home/irar/Escritorio/ProyectoTaxiDetector/dataset/positivos/recortes/train/taxi_recorte_train_0268.jpg,/home/irar/Escritorio/ProyectoTaxiDetector/dataset/positivos/recortes/augmented/taxi_recorte_aug_00825.jpg
826,taxi_recorte_train_0514.jpg,taxi_recorte_aug_00826.jpg,/home/irar/Escritorio/ProyectoTaxiDetector/dataset/positivos/recortes/train/taxi_recorte_train_0514.jpg,/home/irar/Escritorio/ProyectoTaxiDetector/dataset/positivos/recortes/augmented/taxi_recorte_aug_00826.jpg
827,taxi_recorte_train_0223.jpg,taxi_recorte_aug_00827.jpg,/home/irar/Escritorio/ProyectoTaxiDetector/dataset/positivos/recortes/train/taxi_recorte_train_0223.jpg,/home/irar/Escritorio/ProyectoTaxiDetector/dataset/positivos/recortes/augmented/taxi_recorte_aug_00827.jpg
828,taxi_recorte_train_0331.jpg,taxi_recorte_aug_00828.jpg,/home/irar/Escritorio/ProyectoTaxiDetector/dataset/positivos/recortes/train/taxi_recorte_train_0331.jpg,/home/irar/Escritorio/ProyectoTaxiDetector/dataset/positivos/recortes/augmented/taxi_recorte_aug_00828.jpg
829,taxi_recorte_train_0236.jpg,taxi_recorte_aug_00829.jpg,/home/irar/Escritorio/ProyectoTaxiDetector/dataset/positivos/recortes/train/taxi_recorte_train_0236.jpg,/home/irar/Escritorio/ProyectoTaxiDetector/dataset/positivos/recortes/augmented/taxi_recorte_aug_00829.jpg
830,taxi_recorte_train_0186.jpg,taxi_recorte_aug_00830.jpg,/home/irar/Escritorio/ProyectoTaxiDetector/dataset/positivos/recortes/train/taxi_recorte_train_0186.jpg,/home/irar/Escritorio/ProyectoTaxiDetector/dataset/positivos/recortes/augmented/taxi_recorte_aug_00830.jpg
831,taxi_recorte_train_0222.jpg,taxi_recorte_aug_00831.jpg,/home/irar/Escritorio/ProyectoTaxiDetector/dataset/positivos/recortes/train/taxi_recorte_train_0222.jpg,/home/irar/Escritorio/ProyectoTaxiDetector/dataset/positivos/recortes/augmented/taxi_recorte_aug_00831.jpg
832,taxi_recorte_train_0491.jpg,taxi_recorte_aug_00832.jpg,/home/irar/Escritorio/ProyectoTaxiDetector/dataset/positivos/recortes/train/taxi_recorte_train_0491.jpg,/home/irar/Escritorio/ProyectoTaxiDetector/dataset/positivos/recortes/augmented/taxi_recorte_aug_00832.jpg
833,taxi_recorte_train_0515.jpg,taxi_recorte_aug_00833.jpg,/home/irar/Escritorio/ProyectoTaxiDetector/dataset/positivos/recortes/train/taxi_recorte_train_0515.jpg,/home/irar/Escritorio/ProyectoTaxiDetector/dataset/positivos/recortes/augmented/taxi_recorte_aug_00833.jpg
834,taxi_recorte_train_0349.jpg,taxi_recorte_aug_00834.jpg,/home/irar/Escritorio/ProyectoTaxiDetector/dataset/positivos/recortes/train/taxi_recorte_train_0349.jpg,/home/irar/Escritorio/ProyectoTaxiDetector/dataset/positivos/recortes/augmented/taxi_recorte_aug_00834.jpg
835,taxi_recorte_train_0007.jpg,taxi_recorte_aug_00835.jpg,/home/irar/Escritorio/ProyectoTaxiDetector/dataset/positivos/recortes/train/taxi_recorte_train_0007.jpg,/home/irar/Escritorio/ProyectoTaxiDetector/dataset/positivos/recortes/augmented/taxi_recorte_aug_00835.jpg
836,taxi_recorte_train_0175.jpg,taxi_recorte_aug_00836.jpg,/home/irar/Escritorio/ProyectoTaxiDetector/dataset/positivos/recortes/train/taxi_recorte_train_0175.jpg,/home/irar/Escritorio/ProyectoTaxiDetector/dataset/positivos/recortes/augmented/taxi_recorte_aug_00836.jpg
837,taxi_recorte_train_0260.jpg,taxi_recorte_aug_00837.jpg,/home/irar/Escritorio/ProyectoTaxiDetector/dataset/positivos/recortes/train/taxi_recorte_train_0260.jpg,/home/irar/Escritorio/ProyectoTaxiDetector/dataset/positivos/recortes/augmented/taxi_recorte_aug_00837.jpg
838,taxi_recorte_train_0339.jpg,taxi_recorte_aug_00838.jpg,/home/irar/Escritorio/ProyectoTaxiDetector/dataset/positivos/recortes/train/taxi_recorte_train_0339.jpg,/home/irar/Escritorio/ProyectoTaxiDetector/dataset/positivos/recortes/augmented/taxi_recorte_aug_00838.jpg
839,taxi_recorte_train_0190.jpg,taxi_recorte_aug_00839.jpg,/home/irar/Escritorio/ProyectoTaxiDetector/dataset/positivos/recortes/train/taxi_recorte_train_0190.jpg,/home/irar/Escritorio/ProyectoTaxiDetector/dataset/positivos/recortes/augmented/taxi_recorte_aug_00839.jpg
840,taxi_recorte_train_0363.jpg,taxi_recorte_aug_00840.jpg,/home/irar/Escritorio/ProyectoTaxiDetector/dataset/positivos/recortes/train/taxi_recorte_train_0363.jpg,/home/irar/Escritorio/ProyectoTaxiDetector/dataset/positivos/recortes/augmented/taxi_recorte_aug_00840.jpg
841,taxi_recorte_train_0273.jpg,taxi_recorte_aug_00841.jpg,/home/irar/Escritorio/ProyectoTaxiDetector/dataset/positivos/recortes/train/taxi_recorte_train_0273.jpg,/home/irar/Escritorio/ProyectoTaxiDetector/dataset/positivos/recortes/augmented/taxi_recorte_aug_00841.jpg
842,taxi_recorte_train_0178.jpg,taxi_recorte_aug_00842.jpg,/home/irar/Escritorio/ProyectoTaxiDetector/dataset/positivos/recortes/train/taxi_recorte_train_0178.jpg,/home/irar/Escritorio/ProyectoTaxiDetector/dataset/positivos/recortes/augmented/taxi_recorte_aug_00842.jpg
843,taxi_recorte_train_0022.jpg,taxi_recorte_aug_00843.jpg,/home/irar/Escritorio/ProyectoTaxiDetector/dataset/positivos/recortes/train/taxi_recorte_train_0022.jpg,/home/irar/Escritorio/ProyectoTaxiDetector/dataset/positivos/recortes/augmented/taxi_recorte_aug_00843.jpg
844,taxi_recorte_train_0290.jpg,taxi_recorte_aug_00844.jpg,/home/irar/Escritorio/ProyectoTaxiDetector/dataset/positivos/recortes/train/taxi_recorte_train_0290.jpg,/home/irar/Escritorio/ProyectoTaxiDetector/dataset/positivos/recortes/augmented/taxi_recorte_aug_00844.jpg
845,taxi_recorte_train_0062.jpg,taxi_recorte_aug_00845.jpg,/home/irar/Escritorio/ProyectoTaxiDetector/dataset/positivos/recortes/train/taxi_recorte_train_0062.jpg,/home/irar/Escritorio/ProyectoTaxiDetector/dataset/positivos/recortes/augmented/taxi_recorte_aug_00845.jpg
846,taxi_recorte_train_0155.jpg,taxi_recorte_aug_00846.jpg,/home/irar/Escritorio/ProyectoTaxiDetector/dataset/positivos/recortes/train/taxi_recorte_train_0155.jpg,/home/irar/Escritorio/ProyectoTaxiDetector/dataset/positivos/recortes/augmented/taxi_recorte_aug_00846.jpg
847,taxi_recorte_train_0053.jpg,taxi_recorte_aug_00847.jpg,/home/irar/Escritorio/ProyectoTaxiDetector/dataset/positivos/recortes/train/taxi_recorte_train_0053.jpg,/home/irar/Escritorio/ProyectoTaxiDetector/dataset/positivos/recortes/augmented/taxi_recorte_aug_00847.jpg
848,taxi_recorte_train_0501.jpg,taxi_recorte_aug_00848.jpg,/home/irar/Escritorio/ProyectoTaxiDetector/dataset/positivos/recortes/train/taxi_recorte_train_0501.jpg,/home/irar/Escritorio/ProyectoTaxiDetector/dataset/positivos/recortes/augmented/taxi_recorte_aug_00848.jpg
849,taxi_recorte_train_0462.jpg,taxi_recorte_aug_00849.jpg,/home/irar/Escritorio/ProyectoTaxiDetector/dataset/positivos/recortes/train/taxi_recorte_train_0462.jpg,/home/irar/Escritorio/ProyectoTaxiDetector/dataset/positivos/recortes/augmented/taxi_recorte_aug_00849.jpg
850,taxi_recorte_train_0039.jpg,taxi_recorte_aug_00850.jpg,/home/irar/Escritorio/ProyectoTaxiDetector/dataset/positivos/recortes/train/taxi_recorte_train_0039.jpg,/home/irar/Escritorio/ProyectoTaxiDetector/dataset/positivos/recortes/augmented/taxi_recorte_aug_00850.jpg
851,taxi_recorte_train_0102.jpg,taxi_recorte_aug_00851.jpg,/home/irar/Escritorio/ProyectoTaxiDetector/dataset/positivos/recortes/train/taxi_recorte_train_0102.jpg,/home/irar/Escritorio/ProyectoTaxiDetector/dataset/positivos/recortes/augmented/taxi_recorte_aug_00851.jpg
852,taxi_recorte_train_0519.jpg,taxi_recorte_aug_00852.jpg,/home/irar/Escritorio/ProyectoTaxiDetector/dataset/positivos/recortes/train/taxi_recorte_train_0519.jpg,/home/irar/Escritorio/ProyectoTaxiDetector/dataset/positivos/recortes/augmented/taxi_recorte_aug_00852.jpg
853,taxi_recorte_train_0193.jpg,taxi_recorte_aug_00853.jpg,/home/irar/Escritorio/ProyectoTaxiDetector/dataset/positivos/recortes/train/taxi_recorte_train_0193.jpg,/home/irar/Escritorio/ProyectoTaxiDetector/dataset/positivos/recortes/augmented/taxi_recorte_aug_00853.jpg
854,taxi_recorte_train_0403.jpg,taxi_recorte_aug_00854.jpg,/home/irar/Escritorio/ProyectoTaxiDetector/dataset/positivos/recortes/train/taxi_recorte_train_0403.jpg,/home/irar/Escritorio/ProyectoTaxiDetector/dataset/positivos/recortes/augmented/taxi_recorte_aug_00854.jpg
855,taxi_recorte_train_0316.jpg,taxi_recorte_aug_00855.jpg,/home/irar/Escritorio/ProyectoTaxiDetector/dataset/positivos/recortes/train/taxi_recorte_train_0316.jpg,/home/irar/Escritorio/ProyectoTaxiDetector/dataset/positivos/recortes/augmented/taxi_recorte_aug_00855.jpg
856,taxi_recorte_train_0478.jpg,taxi_recorte_aug_00856.jpg,/home/irar/Escritorio/ProyectoTaxiDetector/dataset/positivos/recortes/train/taxi_recorte_train_0478.jpg,/home/irar/Escritorio/ProyectoTaxiDetector/dataset/positivos/recortes/augmented/taxi_recorte_aug_00856.jpg
857,taxi_recorte_train_0297.jpg,taxi_recorte_aug_00857.jpg,/home/irar/Escritorio/ProyectoTaxiDetector/dataset/positivos/recortes/train/taxi_recorte_train_0297.jpg,/home/irar/Escritorio/ProyectoTaxiDetector/dataset/positivos/recortes/augmented/taxi_recorte_aug_00857.jpg
858,taxi_recorte_train_0056.jpg,taxi_recorte_aug_00858.jpg,/home/irar/Escritorio/ProyectoTaxiDetector/dataset/positivos/recortes/train/taxi_recorte_train_0056.jpg,/home/irar/Escritorio/ProyectoTaxiDetector/dataset/positivos/recortes/augmented/taxi_recorte_aug_00858.jpg
859,taxi_recorte_train_0160.jpg,taxi_recorte_aug_00859.jpg,/home/irar/Escritorio/ProyectoTaxiDetector/dataset/positivos/recortes/train/taxi_recorte_train_0160.jpg,/home/irar/Escritorio/ProyectoTaxiDetector/dataset/positivos/recortes/augmented/taxi_recorte_aug_00859.jpg
860,taxi_recorte_train_0084.jpg,taxi_recorte_aug_00860.jpg,/home/irar/Escritorio/ProyectoTaxiDetector/dataset/positivos/recortes/train/taxi_recorte_train_0084.jpg,/home/irar/Escritorio/ProyectoTaxiDetector/dataset/positivos/recortes/augmented/taxi_recorte_aug_00860.jpg
861,taxi_recorte_train_0446.jpg,taxi_recorte_aug_00861.jpg,/home/irar/Escritorio/ProyectoTaxiDetector/dataset/positivos/recortes/train/taxi_recorte_train_0446.jpg,/home/irar/Escritorio/ProyectoTaxiDetector/dataset/positivos/recortes/augmented/taxi_recorte_aug_00861.jpg
862,taxi_recorte_train_0320.jpg,taxi_recorte_aug_00862.jpg,/home/irar/Escritorio/ProyectoTaxiDetector/dataset/positivos/recortes/train/taxi_recorte_train_0320.jpg,/home/irar/Escritorio/ProyectoTaxiDetector/dataset/positivos/recortes/augmented/taxi_recorte_aug_00862.jpg
863,taxi_recorte_train_0311.jpg,taxi_recorte_aug_00863.jpg,/home/irar/Escritorio/ProyectoTaxiDetector/dataset/positivos/recortes/train/taxi_recorte_train_0311.jpg,/home/irar/Escritorio/ProyectoTaxiDetector/dataset/positivos/recortes/augmented/taxi_recorte_aug_00863.jpg
864,taxi_recorte_train_0086.jpg,taxi_recorte_aug_00864.jpg,/home/irar/Escritorio/ProyectoTaxiDetector/dataset/positivos/recortes/train/taxi_recorte_train_0086.jpg,/home/irar/Escritorio/ProyectoTaxiDetector/dataset/positivos/recortes/augmented/taxi_recorte_aug_00864.jpg
865,taxi_recorte_train_0189.jpg,taxi_recorte_aug_00865.jpg,/home/irar/Escritorio/ProyectoTaxiDetector/dataset/positivos/recortes/train/taxi_recorte_train_0189.jpg,/home/irar/Escritorio/ProyectoTaxiDetector/dataset/positivos/recortes/augmented/taxi_recorte_aug_00865.jpg
866,taxi_recorte_train_0132.jpg,taxi_recorte_aug_00866.jpg,/home/irar/Escritorio/ProyectoTaxiDetector/dataset/positivos/recortes/train/taxi_recorte_train_0132.jpg,/home/irar/Escritorio/ProyectoTaxiDetector/dataset/positivos/recortes/augmented/taxi_recorte_aug_00866.jpg
867,taxi_recorte_train_0414.jpg,taxi_recorte_aug_00867.jpg,/home/irar/Escritorio/ProyectoTaxiDetector/dataset/positivos/recortes/train/taxi_recorte_train_0414.jpg,/home/irar/Escritorio/ProyectoTaxiDetector/dataset/positivos/recortes/augmented/taxi_recorte_aug_00867.jpg
868,taxi_recorte_train_0112.jpg,taxi_recorte_aug_00868.jpg,/home/irar/Escritorio/ProyectoTaxiDetector/dataset/positivos/recortes/train/taxi_recorte_train_0112.jpg,/home/irar/Escritorio/ProyectoTaxiDetector/dataset/positivos/recortes/augmented/taxi_recorte_aug_00868.jpg
869,taxi_recorte_train_0506.jpg,taxi_recorte_aug_00869.jpg,/home/irar/Escritorio/ProyectoTaxiDetector/dataset/positivos/recortes/train/taxi_recorte_train_0506.jpg,/home/irar/Escritorio/ProyectoTaxiDetector/dataset/positivos/recortes/augmented/taxi_recorte_aug_00869.jpg
870,taxi_recorte_train_0059.jpg,taxi_recorte_aug_00870.jpg,/home/irar/Escritorio/ProyectoTaxiDetector/dataset/positivos/recortes/train/taxi_recorte_train_0059.jpg,/home/irar/Escritorio/ProyectoTaxiDetector/dataset/positivos/recortes/augmented/taxi_recorte_aug_00870.jpg
871,taxi_recorte_train_0243.jpg,taxi_recorte_aug_00871.jpg,/home/irar/Escritorio/ProyectoTaxiDetector/dataset/positivos/recortes/train/taxi_recorte_train_0243.jpg,/home/irar/Escritorio/ProyectoTaxiDetector/dataset/positivos/recortes/augmented/taxi_recorte_aug_00871.jpg
872,taxi_recorte_train_0065.jpg,taxi_recorte_aug_00872.jpg,/home/irar/Escritorio/ProyectoTaxiDetector/dataset/positivos/recortes/train/taxi_recorte_train_0065.jpg,/home/irar/Escritorio/ProyectoTaxiDetector/dataset/positivos/recortes/augmented/taxi_recorte_aug_00872.jpg
873,taxi_recorte_train_0439.jpg,taxi_recorte_aug_00873.jpg,/home/irar/Escritorio/ProyectoTaxiDetector/dataset/positivos/recortes/train/taxi_recorte_train_0439.jpg,/home/irar/Escritorio/ProyectoTaxiDetector/dataset/positivos/recortes/augmented/taxi_recorte_aug_00873.jpg
874,taxi_recorte_train_0422.jpg,taxi_recorte_aug_00874.jpg,/home/irar/Escritorio/ProyectoTaxiDetector/dataset/positivos/recortes/train/taxi_recorte_train_0422.jpg,/home/irar/Escritorio/ProyectoTaxiDetector/dataset/positivos/recortes/augmented/taxi_recorte_aug_00874.jpg
875,taxi_recorte_train_0373.jpg,taxi_recorte_aug_00875.jpg,/home/irar/Escritorio/ProyectoTaxiDetector/dataset/positivos/recortes/train/taxi_recorte_train_0373.jpg,/home/irar/Escritorio/ProyectoTaxiDetector/dataset/positivos/recortes/augmented/taxi_recorte_aug_00875.jpg
876,taxi_recorte_train_0405.jpg,taxi_recorte_aug_00876.jpg,/home/irar/Escritorio/ProyectoTaxiDetector/dataset/positivos/recortes/train/taxi_recorte_train_0405.jpg,/home/irar/Escritorio/ProyectoTaxiDetector/dataset/positivos/recortes/augmented/taxi_recorte_aug_00876.jpg
877,taxi_recorte_train_0103.jpg,taxi_recorte_aug_00877.jpg,/home/irar/Escritorio/ProyectoTaxiDetector/dataset/positivos/recortes/train/taxi_recorte_train_0103.jpg,/home/irar/Escritorio/ProyectoTaxiDetector/dataset/positivos/recortes/augmented/taxi_recorte_aug_00877.jpg
878,taxi_recorte_train_0448.jpg,taxi_recorte_aug_00878.jpg,/home/irar/Escritorio/ProyectoTaxiDetector/dataset/positivos/recortes/train/taxi_recorte_train_0448.jpg,/home/irar/Escritorio/ProyectoTaxiDetector/dataset/positivos/recortes/augmented/taxi_recorte_aug_00878.jpg
879,taxi_recorte_train_0016.jpg,taxi_recorte_aug_00879.jpg,/home/irar/Escritorio/ProyectoTaxiDetector/dataset/positivos/recortes/train/taxi_recorte_train_0016.jpg,/home/irar/Escritorio/ProyectoTaxiDetector/dataset/positivos/recortes/augmented/taxi_recorte_aug_00879.jpg
880,taxi_recorte_train_0021.jpg,taxi_recorte_aug_00880.jpg,/home/irar/Escritorio/ProyectoTaxiDetector/dataset/positivos/recortes/train/taxi_recorte_train_0021.jpg,/home/irar/Escritorio/ProyectoTaxiDetector/dataset/positivos/recortes/augmented/taxi_recorte_aug_00880.jpg
881,taxi_recorte_train_0334.jpg,taxi_recorte_aug_00881.jpg,/home/irar/Escritorio/ProyectoTaxiDetector/dataset/positivos/recortes/train/taxi_recorte_train_0334.jpg,/home/irar/Escritorio/ProyectoTaxiDetector/dataset/positivos/recortes/augmented/taxi_recorte_aug_00881.jpg
882,taxi_recorte_train_0036.jpg,taxi_recorte_aug_00882.jpg,/home/irar/Escritorio/ProyectoTaxiDetector/dataset/positivos/recortes/train/taxi_recorte_train_0036.jpg,/home/irar/Escritorio/ProyectoTaxiDetector/dataset/positivos/recortes/augmented/taxi_recorte_aug_00882.jpg
883,taxi_recorte_train_0333.jpg,taxi_recorte_aug_00883.jpg,/home/irar/Escritorio/ProyectoTaxiDetector/dataset/positivos/recortes/train/taxi_recorte_train_0333.jpg,/home/irar/Escritorio/ProyectoTaxiDetector/dataset/positivos/recortes/augmented/taxi_recorte_aug_00883.jpg
884,taxi_recorte_train_0115.jpg,taxi_recorte_aug_00884.jpg,/home/irar/Escritorio/ProyectoTaxiDetector/dataset/positivos/recortes/train/taxi_recorte_train_0115.jpg,/home/irar/Escritorio/ProyectoTaxiDetector/dataset/positivos/recortes/augmented/taxi_recorte_aug_00884.jpg
885,taxi_recorte_train_0180.jpg,taxi_recorte_aug_00885.jpg,/home/irar/Escritorio/ProyectoTaxiDetector/dataset/positivos/recortes/train/taxi_recorte_train_0180.jpg,/home/irar/Escritorio/ProyectoTaxiDetector/dataset/positivos/recortes/augmented/taxi_recorte_aug_00885.jpg
886,taxi_recorte_train_0027.jpg,taxi_recorte_aug_00886.jpg,/home/irar/Escritorio/ProyectoTaxiDetector/dataset/positivos/recortes/train/taxi_recorte_train_0027.jpg,/home/irar/Escritorio/ProyectoTaxiDetector/dataset/positivos/recortes/augmented/taxi_recorte_aug_00886.jpg
887,taxi_recorte_train_0429.jpg,taxi_recorte_aug_00887.jpg,/home/irar/Escritorio/ProyectoTaxiDetector/dataset/positivos/recortes/train/taxi_recorte_train_0429.jpg,/home/irar/Escritorio/ProyectoTaxiDetector/dataset/positivos/recortes/augmented/taxi_recorte_aug_00887.jpg
888,taxi_recorte_train_0010.jpg,taxi_recorte_aug_00888.jpg,/home/irar/Escritorio/ProyectoTaxiDetector/dataset/positivos/recortes/train/taxi_recorte_train_0010.jpg,/home/irar/Escritorio/ProyectoTaxiDetector/dataset/positivos/recortes/augmented/taxi_recorte_aug_00888.jpg
889,taxi_recorte_train_0522.jpg,taxi_recorte_aug_00889.jpg,/home/irar/Escritorio/ProyectoTaxiDetector/dataset/positivos/recortes/train/taxi_recorte_train_0522.jpg,/home/irar/Escritorio/ProyectoTaxiDetector/dataset/positivos/recortes/augmented/taxi_recorte_aug_00889.jpg
890,taxi_recorte_train_0428.jpg,taxi_recorte_aug_00890.jpg,/home/irar/Escritorio/ProyectoTaxiDetector/dataset/positivos/recortes/train/taxi_recorte_train_0428.jpg,/home/irar/Escritorio/ProyectoTaxiDetector/dataset/positivos/recortes/augmented/taxi_recorte_aug_00890.jpg
891,taxi_recorte_train_0130.jpg,taxi_recorte_aug_00891.jpg,/home/irar/Escritorio/ProyectoTaxiDetector/dataset/positivos/recortes/train/taxi_recorte_train_0130.jpg,/home/irar/Escritorio/ProyectoTaxiDetector/dataset/positivos/recortes/augmented/taxi_recorte_aug_00891.jpg
892,taxi_recorte_train_0410.jpg,taxi_recorte_aug_00892.jpg,/home/irar/Escritorio/ProyectoTaxiDetector/dataset/positivos/recortes/train/taxi_recorte_train_0410.jpg,/home/irar/Escritorio/ProyectoTaxiDetector/dataset/positivos/recortes/augmented/taxi_recorte_aug_00892.jpg
893,taxi_recorte_train_0143.jpg,taxi_recorte_aug_00893.jpg,/home/irar/Escritorio/ProyectoTaxiDetector/dataset/positivos/recortes/train/taxi_recorte_train_0143.jpg,/home/irar/Escritorio/ProyectoTaxiDetector/dataset/positivos/recortes/augmented/taxi_recorte_aug_00893.jpg
894,taxi_recorte_train_0406.jpg,taxi_recorte_aug_00894.jpg,/home/irar/Escritorio/ProyectoTaxiDetector/dataset/positivos/recortes/train/taxi_recorte_train_0406.jpg,/home/irar/Escritorio/ProyectoTaxiDetector/dataset/positivos/recortes/augmented/taxi_recorte_aug_00894.jpg
895,taxi_recorte_train_0492.jpg,taxi_recorte_aug_00895.jpg,/home/irar/Escritorio/ProyectoTaxiDetector/dataset/positivos/recortes/train/taxi_recorte_train_0492.jpg,/home/irar/Escritorio/ProyectoTaxiDetector/dataset/positivos/recortes/augmented/taxi_recorte_aug_00895.jpg
896,taxi_recorte_train_0423.jpg,taxi_recorte_aug_00896.jpg,/home/irar/Escritorio/ProyectoTaxiDetector/dataset/positivos/recortes/train/taxi_recorte_train_0423.jpg,/home/irar/Escritorio/ProyectoTaxiDetector/dataset/positivos/recortes/augmented/taxi_recorte_aug_00896.jpg
897,taxi_recorte_train_0233.jpg,taxi_recorte_aug_00897.jpg,/home/irar/Escritorio/ProyectoTaxiDetector/dataset/positivos/recortes/train/taxi_recorte_train_0233.jpg,/home/irar/Escritorio/ProyectoTaxiDetector/dataset/positivos/recortes/augmented/taxi_recorte_aug_00897.jpg
898,taxi_recorte_train_0109.jpg,taxi_recorte_aug_00898.jpg,/home/irar/Escritorio/ProyectoTaxiDetector/dataset/positivos/recortes/train/taxi_recorte_train_0109.jpg,/home/irar/Escritorio/ProyectoTaxiDetector/dataset/positivos/recortes/augmented/taxi_recorte_aug_00898.jpg
899,taxi_recorte_train_0168.jpg,taxi_recorte_aug_00899.jpg,/home/irar/Escritorio/ProyectoTaxiDetector/dataset/positivos/recortes/train/taxi_recorte_train_0168.jpg,/home/irar/Escritorio/ProyectoTaxiDetector/dataset/positivos/recortes/augmented/taxi_recorte_aug_00899.jpg
900,taxi_recorte_train_0402.jpg,taxi_recorte_aug_00900.jpg,/home/irar/Escritorio/ProyectoTaxiDetector/dataset/positivos/recortes/train/taxi_recorte_train_0402.jpg,/home/irar/Escritorio/ProyectoTaxiDetector/dataset/positivos/recortes/augmented/taxi_recorte_aug_00900.jpg
901,taxi_recorte_train_0134.jpg,taxi_recorte_aug_00901.jpg,/home/irar/Escritorio/ProyectoTaxiDetector/dataset/positivos/recortes/train/taxi_recorte_train_0134.jpg,/home/irar/Escritorio/ProyectoTaxiDetector/dataset/positivos/recortes/augmented/taxi_recorte_aug_00901.jpg
902,taxi_recorte_train_0482.jpg,taxi_recorte_aug_00902.jpg,/home/irar/Escritorio/ProyectoTaxiDetector/dataset/positivos/recortes/train/taxi_recorte_train_0482.jpg,/home/irar/Escritorio/ProyectoTaxiDetector/dataset/positivos/recortes/augmented/taxi_recorte_aug_00902.jpg
903,taxi_recorte_train_0094.jpg,taxi_recorte_aug_00903.jpg,/home/irar/Escritorio/ProyectoTaxiDetector/dataset/positivos/recortes/train/taxi_recorte_train_0094.jpg,/home/irar/Escritorio/ProyectoTaxiDetector/dataset/positivos/recortes/augmented/taxi_recorte_aug_00903.jpg
904,taxi_recorte_train_0237.jpg,taxi_recorte_aug_00904.jpg,/home/irar/Escritorio/ProyectoTaxiDetector/dataset/positivos/recortes/train/taxi_recorte_train_0237.jpg,/home/irar/Escritorio/ProyectoTaxiDetector/dataset/positivos/recortes/augmented/taxi_recorte_aug_00904.jpg
905,taxi_recorte_train_0070.jpg,taxi_recorte_aug_00905.jpg,/home/irar/Escritorio/ProyectoTaxiDetector/dataset/positivos/recortes/train/taxi_recorte_train_0070.jpg,/home/irar/Escritorio/ProyectoTaxiDetector/dataset/positivos/recortes/augmented/taxi_recorte_aug_00905.jpg
906,taxi_recorte_train_0220.jpg,taxi_recorte_aug_00906.jpg,/home/irar/Escritorio/ProyectoTaxiDetector/dataset/positivos/recortes/train/taxi_recorte_train_0220.jpg,/home/irar/Escritorio/ProyectoTaxiDetector/dataset/positivos/recortes/augmented/taxi_recorte_aug_00906.jpg
907,taxi_recorte_train_0534.jpg,taxi_recorte_aug_00907.jpg,/home/irar/Escritorio/ProyectoTaxiDetector/dataset/positivos/recortes/train/taxi_recorte_train_0534.jpg,/home/irar/Escritorio/ProyectoTaxiDetector/dataset/positivos/recortes/augmented/taxi_recorte_aug_00907.jpg
908,taxi_recorte_train_0043.jpg,taxi_recorte_aug_00908.jpg,/home/irar/Escritorio/ProyectoTaxiDetector/dataset/positivos/recortes/train/taxi_recorte_train_0043.jpg,/home/irar/Escritorio/ProyectoTaxiDetector/dataset/positivos/recortes/augmented/taxi_recorte_aug_00908.jpg
909,taxi_recorte_train_0404.jpg,taxi_recorte_aug_00909.jpg,/home/irar/Escritorio/ProyectoTaxiDetector/dataset/positivos/recortes/train/taxi_recorte_train_0404.jpg,/home/irar/Escritorio/ProyectoTaxiDetector/dataset/positivos/recortes/augmented/taxi_recorte_aug_00909.jpg
910,taxi_recorte_train_0340.jpg,taxi_recorte_aug_00910.jpg,/home/irar/Escritorio/ProyectoTaxiDetector/dataset/positivos/recortes/train/taxi_recorte_train_0340.jpg,/home/irar/Escritorio/ProyectoTaxiDetector/dataset/positivos/recortes/augmented/taxi_recorte_aug_00910.jpg
911,taxi_recorte_train_0289.jpg,taxi_recorte_aug_00911.jpg,/home/irar/Escritorio/ProyectoTaxiDetector/dataset/positivos/recortes/train/taxi_recorte_train_0289.jpg,/home/irar/Escritorio/ProyectoTaxiDetector/dataset/positivos/recortes/augmented/taxi_recorte_aug_00911.jpg
912,taxi_recorte_train_0304.jpg,taxi_recorte_aug_00912.jpg,/home/irar/Escritorio/ProyectoTaxiDetector/dataset/positivos/recortes/train/taxi_recorte_train_0304.jpg,/home/irar/Escritorio/ProyectoTaxiDetector/dataset/positivos/recortes/augmented/taxi_recorte_aug_00912.jpg
913,taxi_recorte_train_0202.jpg,taxi_recorte_aug_00913.jpg,/home/irar/Escritorio/ProyectoTaxiDetector/dataset/positivos/recortes/train/taxi_recorte_train_0202.jpg,/home/irar/Escritorio/ProyectoTaxiDetector/dataset/positivos/recortes/augmented/taxi_recorte_aug_00913.jpg
914,taxi_recorte_train_0014.jpg,taxi_recorte_aug_00914.jpg,/home/irar/Escritorio/ProyectoTaxiDetector/dataset/positivos/recortes/train/taxi_recorte_train_0014.jpg,/home/irar/Escritorio/ProyectoTaxiDetector/dataset/positivos/recortes/augmented/taxi_recorte_aug_00914.jpg
915,taxi_recorte_train_0274.jpg,taxi_recorte_aug_00915.jpg,/home/irar/Escritorio/ProyectoTaxiDetector/dataset/positivos/recortes/train/taxi_recorte_train_0274.jpg,/home/irar/Escritorio/ProyectoTaxiDetector/dataset/positivos/recortes/augmented/taxi_recorte_aug_00915.jpg
916,taxi_recorte_train_0319.jpg,taxi_recorte_aug_00916.jpg,/home/irar/Escritorio/ProyectoTaxiDetector/dataset/positivos/recortes/train/taxi_recorte_train_0319.jpg,/home/irar/Escritorio/ProyectoTaxiDetector/dataset/positivos/recortes/augmented/taxi_recorte_aug_00916.jpg
917,taxi_recorte_train_0066.jpg,taxi_recorte_aug_00917.jpg,/home/irar/Escritorio/ProyectoTaxiDetector/dataset/positivos/recortes/train/taxi_recorte_train_0066.jpg,/home/irar/Escritorio/ProyectoTaxiDetector/dataset/positivos/recortes/augmented/taxi_recorte_aug_00917.jpg
918,taxi_recorte_train_0240.jpg,taxi_recorte_aug_00918.jpg,/home/irar/Escritorio/ProyectoTaxiDetector/dataset/positivos/recortes/train/taxi_recorte_train_0240.jpg,/home/irar/Escritorio/ProyectoTaxiDetector/dataset/positivos/recortes/augmented/taxi_recorte_aug_00918.jpg
919,taxi_recorte_train_0085.jpg,taxi_recorte_aug_00919.jpg,/home/irar/Escritorio/ProyectoTaxiDetector/dataset/positivos/recortes/train/taxi_recorte_train_0085.jpg,/home/irar/Escritorio/ProyectoTaxiDetector/dataset/positivos/recortes/augmented/taxi_recorte_aug_00919.jpg
920,taxi_recorte_train_0371.jpg,taxi_recorte_aug_00920.jpg,/home/irar/Escritorio/ProyectoTaxiDetector/dataset/positivos/recortes/train/taxi_recorte_train_0371.jpg,/home/irar/Escritorio/ProyectoTaxiDetector/dataset/positivos/recortes/augmented/taxi_recorte_aug_00920.jpg
921,taxi_recorte_train_0208.jpg,taxi_recorte_aug_00921.jpg,/home/irar/Escritorio/ProyectoTaxiDetector/dataset/positivos/recortes/train/taxi_recorte_train_0208.jpg,/home/irar/Escritorio/ProyectoTaxiDetector/dataset/positivos/recortes/augmented/taxi_recorte_aug_00921.jpg
922,taxi_recorte_train_0348.jpg,taxi_recorte_aug_00922.jpg,/home/irar/Escritorio/ProyectoTaxiDetector/dataset/positivos/recortes/train/taxi_recorte_train_0348.jpg,/home/irar/Escritorio/ProyectoTaxiDetector/dataset/positivos/recortes/augmented/taxi_recorte_aug_00922.jpg
923,taxi_recorte_train_0343.jpg,taxi_recorte_aug_00923.jpg,/home/irar/Escritorio/ProyectoTaxiDetector/dataset/positivos/recortes/train/taxi_recorte_train_0343.jpg,/home/irar/Escritorio/ProyectoTaxiDetector/dataset/positivos/recortes/augmented/taxi_recorte_aug_00923.jpg
924,taxi_recorte_train_0173.jpg,taxi_recorte_aug_00924.jpg,/home/irar/Escritorio/ProyectoTaxiDetector/dataset/positivos/recortes/train/taxi_recorte_train_0173.jpg,/home/irar/Escritorio/ProyectoTaxiDetector/dataset/positivos/recortes/augmented/taxi_recorte_aug_00924.jpg
925,taxi_recorte_train_0396.jpg,taxi_recorte_aug_00925.jpg,/home/irar/Escritorio/ProyectoTaxiDetector/dataset/positivos/recortes/train/taxi_recorte_train_0396.jpg,/home/irar/Escritorio/ProyectoTaxiDetector/dataset/positivos/recortes/augmented/taxi_recorte_aug_00925.jpg
926,taxi_recorte_train_0015.jpg,taxi_recorte_aug_00926.jpg,/home/irar/Escritorio/ProyectoTaxiDetector/dataset/positivos/recortes/train/taxi_recorte_train_0015.jpg,/home/irar/Escritorio/ProyectoTaxiDetector/dataset/positivos/recortes/augmented/taxi_recorte_aug_00926.jpg
927,taxi_recorte_train_0494.jpg,taxi_recorte_aug_00927.jpg,/home/irar/Escritorio/ProyectoTaxiDetector/dataset/positivos/recortes/train/taxi_recorte_train_0494.jpg,/home/irar/Escritorio/ProyectoTaxiDetector/dataset/positivos/recortes/augmented/taxi_recorte_aug_00927.jpg
928,taxi_recorte_train_0224.jpg,taxi_recorte_aug_00928.jpg,/home/irar/Escritorio/ProyectoTaxiDetector/dataset/positivos/recortes/train/taxi_recorte_train_0224.jpg,/home/irar/Escritorio/ProyectoTaxiDetector/dataset/positivos/recortes/augmented/taxi_recorte_aug_00928.jpg
929,taxi_recorte_train_0432.jpg,taxi_recorte_aug_00929.jpg,/home/irar/Escritorio/ProyectoTaxiDetector/dataset/positivos/recortes/train/taxi_recorte_train_0432.jpg,/home/irar/Escritorio/ProyectoTaxiDetector/dataset/positivos/recortes/augmented/taxi_recorte_aug_00929.jpg
930,taxi_recorte_train_0543.jpg,taxi_recorte_aug_00930.jpg,/home/irar/Escritorio/ProyectoTaxiDetector/dataset/positivos/recortes/train/taxi_recorte_train_0543.jpg,/home/irar/Escritorio/ProyectoTaxiDetector/dataset/positivos/recortes/augmented/taxi_recorte_aug_00930.jpg
931,taxi_recorte_train_0250.jpg,taxi_recorte_aug_00931.jpg,/home/irar/Escritorio/ProyectoTaxiDetector/dataset/positivos/recortes/train/taxi_recorte_train_0250.jpg,/home/irar/Escritorio/ProyectoTaxiDetector/dataset/positivos/recortes/augmented/taxi_recorte_aug_00931.jpg
932,taxi_recorte_train_0488.jpg,taxi_recorte_aug_00932.jpg,/home/irar/Escritorio/ProyectoTaxiDetector/dataset/positivos/recortes/train/taxi_recorte_train_0488.jpg,/home/irar/Escritorio/ProyectoTaxiDetector/dataset/positivos/recortes/augmented/taxi_recorte_aug_00932.jpg
933,taxi_recorte_train_0541.jpg,taxi_recorte_aug_00933.jpg,/home/irar/Escritorio/ProyectoTaxiDetector/dataset/positivos/recortes/train/taxi_recorte_train_0541.jpg,/home/irar/Escritorio/ProyectoTaxiDetector/dataset/positivos/recortes/augmented/taxi_recorte_aug_00933.jpg
934,taxi_recorte_train_0280.jpg,taxi_recorte_aug_00934.jpg,/home/irar/Escritorio/ProyectoTaxiDetector/dataset/positivos/recortes/train/taxi_recorte_train_0280.jpg,/home/irar/Escritorio/ProyectoTaxiDetector/dataset/positivos/recortes/augmented/taxi_recorte_aug_00934.jpg
935,taxi_recorte_train_0377.jpg,taxi_recorte_aug_00935.jpg,/home/irar/Escritorio/ProyectoTaxiDetector/dataset/positivos/recortes/train/taxi_recorte_train_0377.jpg,/home/irar/Escritorio/ProyectoTaxiDetector/dataset/positivos/recortes/augmented/taxi_recorte_aug_00935.jpg
936,taxi_recorte_train_0383.jpg,taxi_recorte_aug_00936.jpg,/home/irar/Escritorio/ProyectoTaxiDetector/dataset/positivos/recortes/train/taxi_recorte_train_0383.jpg,/home/irar/Escritorio/ProyectoTaxiDetector/dataset/positivos/recortes/augmented/taxi_recorte_aug_00936.jpg
937,taxi_recorte_train_0276.jpg,taxi_recorte_aug_00937.jpg,/home/irar/Escritorio/ProyectoTaxiDetector/dataset/positivos/recortes/train/taxi_recorte_train_0276.jpg,/home/irar/Escritorio/ProyectoTaxiDetector/dataset/positivos/recortes/augmented/taxi_recorte_aug_00937.jpg
938,taxi_recorte_train_0215.jpg,taxi_recorte_aug_00938.jpg,/home/irar/Escritorio/ProyectoTaxiDetector/dataset/positivos/recortes/train/taxi_recorte_train_0215.jpg,/home/irar/Escritorio/ProyectoTaxiDetector/dataset/positivos/recortes/augmented/taxi_recorte_aug_00938.jpg
939,taxi_recorte_train_0409.jpg,taxi_recorte_aug_00939.jpg,/home/irar/Escritorio/ProyectoTaxiDetector/dataset/positivos/recortes/train/taxi_recorte_train_0409.jpg,/home/irar/Escritorio/ProyectoTaxiDetector/dataset/positivos/recortes/augmented/taxi_recorte_aug_00939.jpg
940,taxi_recorte_train_0386.jpg,taxi_recorte_aug_00940.jpg,/home/irar/Escritorio/ProyectoTaxiDetector/dataset/positivos/recortes/train/taxi_recorte_train_0386.jpg,/home/irar/Escritorio/ProyectoTaxiDetector/dataset/positivos/recortes/augmented/taxi_recorte_aug_00940.jpg
941,taxi_recorte_train_0153.jpg,taxi_recorte_aug_00941.jpg,/home/irar/Escritorio/ProyectoTaxiDetector/dataset/positivos/recortes/train/taxi_recorte_train_0153.jpg,/home/irar/Escritorio/ProyectoTaxiDetector/dataset/positivos/recortes/augmented/taxi_recorte_aug_00941.jpg
942,taxi_recorte_train_0181.jpg,taxi_recorte_aug_00942.jpg,/home/irar/Escritorio/ProyectoTaxiDetector/dataset/positivos/recortes/train/taxi_recorte_train_0181.jpg,/home/irar/Escritorio/ProyectoTaxiDetector/dataset/positivos/recortes/augmented/taxi_recorte_aug_00942.jpg
943,taxi_recorte_train_0004.jpg,taxi_recorte_aug_00943.jpg,/home/irar/Escritorio/ProyectoTaxiDetector/dataset/positivos/recortes/train/taxi_recorte_train_0004.jpg,/home/irar/Escritorio/ProyectoTaxiDetector/dataset/positivos/recortes/augmented/taxi_recorte_aug_00943.jpg
944,taxi_recorte_train_0245.jpg,taxi_recorte_aug_00944.jpg,/home/irar/Escritorio/ProyectoTaxiDetector/dataset/positivos/recortes/train/taxi_recorte_train_0245.jpg,/home/irar/Escritorio/ProyectoTaxiDetector/dataset/positivos/recortes/augmented/taxi_recorte_aug_00944.jpg
945,taxi_recorte_train_0195.jpg,taxi_recorte_aug_00945.jpg,/home/irar/Escritorio/ProyectoTaxiDetector/dataset/positivos/recortes/train/taxi_recorte_train_0195.jpg,/home/irar/Escritorio/ProyectoTaxiDetector/dataset/positivos/recortes/augmented/taxi_recorte_aug_00945.jpg
946,taxi_recorte_train_0508.jpg,taxi_recorte_aug_00946.jpg,/home/irar/Escritorio/ProyectoTaxiDetector/dataset/positivos/recortes/train/taxi_recorte_train_0508.jpg,/home/irar/Escritorio/ProyectoTaxiDetector/dataset/positivos/recortes/augmented/taxi_recorte_aug_00946.jpg
947,taxi_recorte_train_0392.jpg,taxi_recorte_aug_00947.jpg,/home/irar/Escritorio/ProyectoTaxiDetector/dataset/positivos/recortes/train/taxi_recorte_train_0392.jpg,/home/irar/Escritorio/ProyectoTaxiDetector/dataset/positivos/recortes/augmented/taxi_recorte_aug_00947.jpg
948,taxi_recorte_train_0011.jpg,taxi_recorte_aug_00948.jpg,/home/irar/Escritorio/ProyectoTaxiDetector/dataset/positivos/recortes/train/taxi_recorte_train_0011.jpg,/home/irar/Escritorio/ProyectoTaxiDetector/dataset/positivos/recortes/augmented/taxi_recorte_aug_00948.jpg
949,taxi_recorte_train_0528.jpg,taxi_recorte_aug_00949.jpg,/home/irar/Escritorio/ProyectoTaxiDetector/dataset/positivos/recortes/train/taxi_recorte_train_0528.jpg,/home/irar/Escritorio/ProyectoTaxiDetector/dataset/positivos/recortes/augmented/taxi_recorte_aug_00949.jpg
950,taxi_recorte_train_0300.jpg,taxi_recorte_aug_00950.jpg,/home/irar/Escritorio/ProyectoTaxiDetector/dataset/positivos/recortes/train/taxi_recorte_train_0300.jpg,/home/irar/Escritorio/ProyectoTaxiDetector/dataset/positivos/recortes/augmented/taxi_recorte_aug_00950.jpg
951,taxi_recorte_train_0493.jpg,taxi_recorte_aug_00951.jpg,/home/irar/Escritorio/ProyectoTaxiDetector/dataset/positivos/recortes/train/taxi_recorte_train_0493.jpg,/home/irar/Escritorio/ProyectoTaxiDetector/dataset/positivos/recortes/augmented/taxi_recorte_aug_00951.jpg
952,taxi_recorte_train_0200.jpg,taxi_recorte_aug_00952.jpg,/home/irar/Escritorio/ProyectoTaxiDetector/dataset/positivos/recortes/train/taxi_recorte_train_0200.jpg,/home/irar/Escritorio/ProyectoTaxiDetector/dataset/positivos/recortes/augmented/taxi_recorte_aug_00952.jpg
953,taxi_recorte_train_0536.jpg,taxi_recorte_aug_00953.jpg,/home/irar/Escritorio/ProyectoTaxiDetector/dataset/positivos/recortes/train/taxi_recorte_train_0536.jpg,/home/irar/Escritorio/ProyectoTaxiDetector/dataset/positivos/recortes/augmented/taxi_recorte_aug_00953.jpg
954,taxi_recorte_train_0106.jpg,taxi_recorte_aug_00954.jpg,/home/irar/Escritorio/ProyectoTaxiDetector/dataset/positivos/recortes/train/taxi_recorte_train_0106.jpg,/home/irar/Escritorio/ProyectoTaxiDetector/dataset/positivos/recortes/augmented/taxi_recorte_aug_00954.jpg
955,taxi_recorte_train_0032.jpg,taxi_recorte_aug_00955.jpg,/home/irar/Escritorio/ProyectoTaxiDetector/dataset/positivos/recortes/train/taxi_recorte_train_0032.jpg,/home/irar/Escritorio/ProyectoTaxiDetector/dataset/positivos/recortes/augmented/taxi_recorte_aug_00955.jpg
956,taxi_recorte_train_0463.jpg,taxi_recorte_aug_00956.jpg,/home/irar/Escritorio/ProyectoTaxiDetector/dataset/positivos/recortes/train/taxi_recorte_train_0463.jpg,/home/irar/Escritorio/ProyectoTaxiDetector/dataset/positivos/recortes/augmented/taxi_recorte_aug_00956.jpg
957,taxi_recorte_train_0239.jpg,taxi_recorte_aug_00957.jpg,/home/irar/Escritorio/ProyectoTaxiDetector/dataset/positivos/recortes/train/taxi_recorte_train_0239.jpg,/home/irar/Escritorio/ProyectoTaxiDetector/dataset/positivos/recortes/augmented/taxi_recorte_aug_00957.jpg
958,taxi_recorte_train_0278.jpg,taxi_recorte_aug_00958.jpg,/home/irar/Escritorio/ProyectoTaxiDetector/dataset/positivos/recortes/train/taxi_recorte_train_0278.jpg,/home/irar/Escritorio/ProyectoTaxiDetector/dataset/positivos/recortes/augmented/taxi_recorte_aug_00958.jpg
959,taxi_recorte_train_0170.jpg,taxi_recorte_aug_00959.jpg,/home/irar/Escritorio/ProyectoTaxiDetector/dataset/positivos/recortes/train/taxi_recorte_train_0170.jpg,/home/irar/Escritorio/ProyectoTaxiDetector/dataset/positivos/recortes/augmented/taxi_recorte_aug_00959.jpg
960,taxi_recorte_train_0209.jpg,taxi_recorte_aug_00960.jpg,/home/irar/Escritorio/ProyectoTaxiDetector/dataset/positivos/recortes/train/taxi_recorte_train_0209.jpg,/home/irar/Escritorio/ProyectoTaxiDetector/dataset/positivos/recortes/augmented/taxi_recorte_aug_00960.jpg
961,taxi_recorte_train_0511.jpg,taxi_recorte_aug_00961.jpg,/home/irar/Escritorio/ProyectoTaxiDetector/dataset/positivos/recortes/train/taxi_recorte_train_0511.jpg,/home/irar/Escritorio/ProyectoTaxiDetector/dataset/positivos/recortes/augmented/taxi_recorte_aug_00961.jpg
962,taxi_recorte_train_0033.jpg,taxi_recorte_aug_00962.jpg,/home/irar/Escritorio/ProyectoTaxiDetector/dataset/positivos/recortes/train/taxi_recorte_train_0033.jpg,/home/irar/Escritorio/ProyectoTaxiDetector/dataset/positivos/recortes/augmented/taxi_recorte_aug_00962.jpg
963,taxi_recorte_train_0110.jpg,taxi_recorte_aug_00963.jpg,/home/irar/Escritorio/ProyectoTaxiDetector/dataset/positivos/recortes/train/taxi_recorte_train_0110.jpg,/home/irar/Escritorio/ProyectoTaxiDetector/dataset/positivos/recortes/augmented/taxi_recorte_aug_00963.jpg
964,taxi_recorte_train_0362.jpg,taxi_recorte_aug_00964.jpg,/home/irar/Escritorio/ProyectoTaxiDetector/dataset/positivos/recortes/train/taxi_recorte_train_0362.jpg,/home/irar/Escritorio/ProyectoTaxiDetector/dataset/positivos/recortes/augmented/taxi_recorte_aug_00964.jpg
965,taxi_recorte_train_0079.jpg,taxi_recorte_aug_00965.jpg,/home/irar/Escritorio/ProyectoTaxiDetector/dataset/positivos/recortes/train/taxi_recorte_train_0079.jpg,/home/irar/Escritorio/ProyectoTaxiDetector/dataset/positivos/recortes/augmented/taxi_recorte_aug_00965.jpg
966,taxi_recorte_train_0356.jpg,taxi_recorte_aug_00966.jpg,/home/irar/Escritorio/ProyectoTaxiDetector/dataset/positivos/recortes/train/taxi_recorte_train_0356.jpg,/home/irar/Escritorio/ProyectoTaxiDetector/dataset/positivos/recortes/augmented/taxi_recorte_aug_00966.jpg
967,taxi_recorte_train_0504.jpg,taxi_recorte_aug_00967.jpg,/home/irar/Escritorio/ProyectoTaxiDetector/dataset/positivos/recortes/train/taxi_recorte_train_0504.jpg,/home/irar/Escritorio/ProyectoTaxiDetector/dataset/positivos/recortes/augmented/taxi_recorte_aug_00967.jpg
968,taxi_recorte_train_0119.jpg,taxi_recorte_aug_00968.jpg,/home/irar/Escritorio/ProyectoTaxiDetector/dataset/positivos/recortes/train/taxi_recorte_train_0119.jpg,/home/irar/Escritorio/ProyectoTaxiDetector/dataset/positivos/recortes/augmented/taxi_recorte_aug_00968.jpg
969,taxi_recorte_train_0078.jpg,taxi_recorte_aug_00969.jpg,/home/irar/Escritorio/ProyectoTaxiDetector/dataset/positivos/recortes/train/taxi_recorte_train_0078.jpg,/home/irar/Escritorio/ProyectoTaxiDetector/dataset/positivos/recortes/augmented/taxi_recorte_aug_00969.jpg
970,taxi_recorte_train_0071.jpg,taxi_recorte_aug_00970.jpg,/home/irar/Escritorio/ProyectoTaxiDetector/dataset/positivos/recortes/train/taxi_recorte_train_0071.jpg,/home/irar/Escritorio/ProyectoTaxiDetector/dataset/positivos/recortes/augmented/taxi_recorte_aug_00970.jpg
971,taxi_recorte_train_0042.jpg,taxi_recorte_aug_00971.jpg,/home/irar/Escritorio/ProyectoTaxiDetector/dataset/positivos/recortes/train/taxi_recorte_train_0042.jpg,/home/irar/Escritorio/ProyectoTaxiDetector/dataset/positivos/recortes/augmented/taxi_recorte_aug_00971.jpg
972,taxi_recorte_train_0277.jpg,taxi_recorte_aug_00972.jpg,/home/irar/Escritorio/ProyectoTaxiDetector/dataset/positivos/recortes/train/taxi_recorte_train_0277.jpg,/home/irar/Escritorio/ProyectoTaxiDetector/dataset/positivos/recortes/augmented/taxi_recorte_aug_00972.jpg
973,taxi_recorte_train_0164.jpg,taxi_recorte_aug_00973.jpg,/home/irar/Escritorio/ProyectoTaxiDetector/dataset/positivos/recortes/train/taxi_recorte_train_0164.jpg,/home/irar/Escritorio/ProyectoTaxiDetector/dataset/positivos/recortes/augmented/taxi_recorte_aug_00973.jpg
974,taxi_recorte_train_0172.jpg,taxi_recorte_aug_00974.jpg,/home/irar/Escritorio/ProyectoTaxiDetector/dataset/positivos/recortes/train/taxi_recorte_train_0172.jpg,/home/irar/Escritorio/ProyectoTaxiDetector/dataset/positivos/recortes/augmented/taxi_recorte_aug_00974.jpg
975,taxi_recorte_train_0140.jpg,taxi_recorte_aug_00975.jpg,/home/irar/Escritorio/ProyectoTaxiDetector/dataset/positivos/recortes/train/taxi_recorte_train_0140.jpg,/home/irar/Escritorio/ProyectoTaxiDetector/dataset/positivos/recortes/augmented/taxi_recorte_aug_00975.jpg
976,taxi_recorte_train_0121.jpg,taxi_recorte_aug_00976.jpg,/home/irar/Escritorio/ProyectoTaxiDetector/dataset/positivos/recortes/train/taxi_recorte_train_0121.jpg,/home/irar/Escritorio/ProyectoTaxiDetector/dataset/positivos/recortes/augmented/taxi_recorte_aug_00976.jpg
977,taxi_recorte_train_0147.jpg,taxi_recorte_aug_00977.jpg,/home/irar/Escritorio/ProyectoTaxiDetector/dataset/positivos/recortes/train/taxi_recorte_train_0147.jpg,/home/irar/Escritorio/ProyectoTaxiDetector/dataset/positivos/recortes/augmented/taxi_recorte_aug_00977.jpg
978,taxi_recorte_train_0366.jpg,taxi_recorte_aug_00978.jpg,/home/irar/Escritorio/ProyectoTaxiDetector/dataset/positivos/recortes/train/taxi_recorte_train_0366.jpg,/home/irar/Escritorio/ProyectoTaxiDetector/dataset/positivos/recortes/augmented/taxi_recorte_aug_00978.jpg
979,taxi_recorte_train_0040.jpg,taxi_recorte_aug_00979.jpg,/home/irar/Escritorio/ProyectoTaxiDetector/dataset/positivos/recortes/train/taxi_recorte_train_0040.jpg,/home/irar/Escritorio/ProyectoTaxiDetector/dataset/positivos/recortes/augmented/taxi_recorte_aug_00979.jpg
980,taxi_recorte_train_0226.jpg,taxi_recorte_aug_00980.jpg,/home/irar/Escritorio/ProyectoTaxiDetector/dataset/positivos/recortes/train/taxi_recorte_train_0226.jpg,/home/irar/Escritorio/ProyectoTaxiDetector/dataset/positivos/recortes/augmented/taxi_recorte_aug_00980.jpg
981,taxi_recorte_train_0141.jpg,taxi_recorte_aug_00981.jpg,/home/irar/Escritorio/ProyectoTaxiDetector/dataset/positivos/recortes/train/taxi_recorte_train_0141.jpg,/home/irar/Escritorio/ProyectoTaxiDetector/dataset/positivos/recortes/augmented/taxi_recorte_aug_00981.jpg
982,taxi_recorte_train_0123.jpg,taxi_recorte_aug_00982.jpg,/home/irar/Escritorio/ProyectoTaxiDetector/dataset/positivos/recortes/train/taxi_recorte_train_0123.jpg,/home/irar/Escritorio/ProyectoTaxiDetector/dataset/positivos/recortes/augmented/taxi_recorte_aug_00982.jpg
983,taxi_recorte_train_0321.jpg,taxi_recorte_aug_00983.jpg,/home/irar/Escritorio/ProyectoTaxiDetector/dataset/positivos/recortes/train/taxi_recorte_train_0321.jpg,/home/irar/Escritorio/ProyectoTaxiDetector/dataset/positivos/recortes/augmented/taxi_recorte_aug_00983.jpg
984,taxi_recorte_train_0249.jpg,taxi_recorte_aug_00984.jpg,/home/irar/Escritorio/ProyectoTaxiDetector/dataset/positivos/recortes/train/taxi_recorte_train_0249.jpg,/home/irar/Escritorio/ProyectoTaxiDetector/dataset/positivos/recortes/augmented/taxi_recorte_aug_00984.jpg
985,taxi_recorte_train_0267.jpg,taxi_recorte_aug_00985.jpg,/home/irar/Escritorio/ProyectoTaxiDetector/dataset/positivos/recortes/train/taxi_recorte_train_0267.jpg,/home/irar/Escritorio/ProyectoTaxiDetector/dataset/positivos/recortes/augmented/taxi_recorte_aug_00985.jpg
986,taxi_recorte_train_0490.jpg,taxi_recorte_aug_00986.jpg,/home/irar/Escritorio/ProyectoTaxiDetector/dataset/positivos/recortes/train/taxi_recorte_train_0490.jpg,/home/irar/Escritorio/ProyectoTaxiDetector/dataset/positivos/recortes/augmented/taxi_recorte_aug_00986.jpg
987,taxi_recorte_train_0393.jpg,taxi_recorte_aug_00987.jpg,/home/irar/Escritorio/ProyectoTaxiDetector/dataset/positivos/recortes/train/taxi_recorte_train_0393.jpg,/home/irar/Escritorio/ProyectoTaxiDetector/dataset/positivos/recortes/augmented/taxi_recorte_aug_00987.jpg
988,taxi_recorte_train_0142.jpg,taxi_recorte_aug_00988.jpg,/home/irar/Escritorio/ProyectoTaxiDetector/dataset/positivos/recortes/train/taxi_recorte_train_0142.jpg,/home/irar/Escritorio/ProyectoTaxiDetector/dataset/positivos/recortes/augmented/taxi_recorte_aug_00988.jpg
989,taxi_recorte_train_0327.jpg,taxi_recorte_aug_00989.jpg,/home/irar/Escritorio/ProyectoTaxiDetector/dataset/positivos/recortes/train/taxi_recorte_train_0327.jpg,/home/irar/Escritorio/ProyectoTaxiDetector/dataset/positivos/recortes/augmented/taxi_recorte_aug_00989.jpg
990,taxi_recorte_train_0431.jpg,taxi_recorte_aug_00990.jpg,/home/irar/Escritorio/ProyectoTaxiDetector/dataset/positivos/recortes/train/taxi_recorte_train_0431.jpg,/home/irar/Escritorio/ProyectoTaxiDetector/dataset/positivos/recortes/augmented/taxi_recorte_aug_00990.jpg
991,taxi_recorte_train_0127.jpg,taxi_recorte_aug_00991.jpg,/home/irar/Escritorio/ProyectoTaxiDetector/dataset/positivos/recortes/train/taxi_recorte_train_0127.jpg,/home/irar/Escritorio/ProyectoTaxiDetector/dataset/positivos/recortes/augmented/taxi_recorte_aug_00991.jpg
992,taxi_recorte_train_0495.jpg,taxi_recorte_aug_00992.jpg,/home/irar/Escritorio/ProyectoTaxiDetector/dataset/positivos/recortes/train/taxi_recorte_train_0495.jpg,/home/irar/Escritorio/ProyectoTaxiDetector/dataset/positivos/recortes/augmented/taxi_recorte_aug_00992.jpg
993,taxi_recorte_train_0133.jpg,taxi_recorte_aug_00993.jpg,/home/irar/Escritorio/ProyectoTaxiDetector/dataset/positivos/recortes/train/taxi_recorte_train_0133.jpg,/home/irar/Escritorio/ProyectoTaxiDetector/dataset/positivos/recortes/augmented/taxi_recorte_aug_00993.jpg
994,taxi_recorte_train_0520.jpg,taxi_recorte_aug_00994.jpg,/home/irar/Escritorio/ProyectoTaxiDetector/dataset/positivos/recortes/train/taxi_recorte_train_0520.jpg,/home/irar/Escritorio/ProyectoTaxiDetector/dataset/positivos/recortes/augmented/taxi_recorte_aug_00994.jpg
995,taxi_recorte_train_0244.jpg,taxi_recorte_aug_00995.jpg,/home/irar/Escritorio/ProyectoTaxiDetector/dataset/positivos/recortes/train/taxi_recorte_train_0244.jpg,/home/irar/Escritorio/ProyectoTaxiDetector/dataset/positivos/recortes/augmented/taxi_recorte_aug_00995.jpg
996,taxi_recorte_train_0442.jpg,taxi_recorte_aug_00996.jpg,/home/irar/Escritorio/ProyectoTaxiDetector/dataset/positivos/recortes/train/taxi_recorte_train_0442.jpg,/home/irar/Escritorio/ProyectoTaxiDetector/dataset/positivos/recortes/augmented/taxi_recorte_aug_00996.jpg
997,taxi_recorte_train_0381.jpg,taxi_recorte_aug_00997.jpg,/home/irar/Escritorio/ProyectoTaxiDetector/dataset/positivos/recortes/train/taxi_recorte_train_0381.jpg,/home/irar/Escritorio/ProyectoTaxiDetector/dataset/positivos/recortes/augmented/taxi_recorte_aug_00997.jpg
998,taxi_recorte_train_0082.jpg,taxi_recorte_aug_00998.jpg,/home/irar/Escritorio/ProyectoTaxiDetector/dataset/positivos/recortes/train/taxi_recorte_train_0082.jpg,/home/irar/Escritorio/ProyectoTaxiDetector/dataset/positivos/recortes/augmented/taxi_recorte_aug_00998.jpg
999,taxi_recorte_train_0229.jpg,taxi_recorte_aug_00999.jpg,/home/irar/Escritorio/ProyectoTaxiDetector/dataset/positivos/recortes/train/taxi_recorte_train_0229.jpg,/home/irar/Escritorio/ProyectoTaxiDetector/dataset/positivos/recortes/augmented/taxi_recorte_aug_00999.jpg
1000,taxi_recorte_train_0281.jpg,taxi_recorte_aug_01000.jpg,/home/irar/Escritorio/ProyectoTaxiDetector/dataset/positivos/recortes/train/taxi_recorte_train_0281.jpg,/home/irar/Escritorio/ProyectoTaxiDetector/dataset/positivos/recortes/augmented/taxi_recorte_aug_01000.jpg
1001,taxi_recorte_train_0426.jpg,taxi_recorte_aug_01001.jpg,/home/irar/Escritorio/ProyectoTaxiDetector/dataset/positivos/recortes/train/taxi_recorte_train_0426.jpg,/home/irar/Escritorio/ProyectoTaxiDetector/dataset/positivos/recortes/augmented/taxi_recorte_aug_01001.jpg
1002,taxi_recorte_train_0530.jpg,taxi_recorte_aug_01002.jpg,/home/irar/Escritorio/ProyectoTaxiDetector/dataset/positivos/recortes/train/taxi_recorte_train_0530.jpg,/home/irar/Escritorio/ProyectoTaxiDetector/dataset/positivos/recortes/augmented/taxi_recorte_aug_01002.jpg
1003,taxi_recorte_train_0259.jpg,taxi_recorte_aug_01003.jpg,/home/irar/Escritorio/ProyectoTaxiDetector/dataset/positivos/recortes/train/taxi_recorte_train_0259.jpg,/home/irar/Escritorio/ProyectoTaxiDetector/dataset/positivos/recortes/augmented/taxi_recorte_aug_01003.jpg
1004,taxi_recorte_train_0466.jpg,taxi_recorte_aug_01004.jpg,/home/irar/Escritorio/ProyectoTaxiDetector/dataset/positivos/recortes/train/taxi_recorte_train_0466.jpg,/home/irar/Escritorio/ProyectoTaxiDetector/dataset/positivos/recortes/augmented/taxi_recorte_aug_01004.jpg
1005,taxi_recorte_train_0369.jpg,taxi_recorte_aug_01005.jpg,/home/irar/Escritorio/ProyectoTaxiDetector/dataset/positivos/recortes/train/taxi_recorte_train_0369.jpg,/home/irar/Escritorio/ProyectoTaxiDetector/dataset/positivos/recortes/augmented/taxi_recorte_aug_01005.jpg
1006,taxi_recorte_train_0418.jpg,taxi_recorte_aug_01006.jpg,/home/irar/Escritorio/ProyectoTaxiDetector/dataset/positivos/recortes/train/taxi_recorte_train_0418.jpg,/home/irar/Escritorio/ProyectoTaxiDetector/dataset/positivos/recortes/augmented/taxi_recorte_aug_01006.jpg
1007,taxi_recorte_train_0314.jpg,taxi_recorte_aug_01007.jpg,/home/irar/Escritorio/ProyectoTaxiDetector/dataset/positivos/recortes/train/taxi_recorte_train_0314.jpg,/home/irar/Escritorio/ProyectoTaxiDetector/dataset/positivos/recortes/augmented/taxi_recorte_aug_01007.jpg
1008,taxi_recorte_train_0227.jpg,taxi_recorte_aug_01008.jpg,/home/irar/Escritorio/ProyectoTaxiDetector/dataset/positivos/recortes/train/taxi_recorte_train_0227.jpg,/home/irar/Escritorio/ProyectoTaxiDetector/dataset/positivos/recortes/augmented/taxi_recorte_aug_01008.jpg
1009,taxi_recorte_train_0457.jpg,taxi_recorte_aug_01009.jpg,/home/irar/Escritorio/ProyectoTaxiDetector/dataset/positivos/recortes/train/taxi_recorte_train_0457.jpg,/home/irar/Escritorio/ProyectoTaxiDetector/dataset/positivos/recortes/augmented/taxi_recorte_aug_01009.jpg
1010,taxi_recorte_train_0387.jpg,taxi_recorte_aug_01010.jpg,/home/irar/Escritorio/ProyectoTaxiDetector/dataset/positivos/recortes/train/taxi_recorte_train_0387.jpg,/home/irar/Escritorio/ProyectoTaxiDetector/dataset/positivos/recortes/augmented/taxi_recorte_aug_01010.jpg
1011,taxi_recorte_train_0163.jpg,taxi_recorte_aug_01011.jpg,/home/irar/Escritorio/ProyectoTaxiDetector/dataset/positivos/recortes/train/taxi_recorte_train_0163.jpg,/home/irar/Escritorio/ProyectoTaxiDetector/dataset/positivos/recortes/augmented/taxi_recorte_aug_01011.jpg
1012,taxi_recorte_train_0305.jpg,taxi_recorte_aug_01012.jpg,/home/irar/Escritorio/ProyectoTaxiDetector/dataset/positivos/recortes/train/taxi_recorte_train_0305.jpg,/home/irar/Escritorio/ProyectoTaxiDetector/dataset/positivos/recortes/augmented/taxi_recorte_aug_01012.jpg
1013,taxi_recorte_train_0287.jpg,taxi_recorte_aug_01013.jpg,/home/irar/Escritorio/ProyectoTaxiDetector/dataset/positivos/recortes/train/taxi_recorte_train_0287.jpg,/home/irar/Escritorio/ProyectoTaxiDetector/dataset/positivos/recortes/augmented/taxi_recorte_aug_01013.jpg
1014,taxi_recorte_train_0272.jpg,taxi_recorte_aug_01014.jpg,/home/irar/Escritorio/ProyectoTaxiDetector/dataset/positivos/recortes/train/taxi_recorte_train_0272.jpg,/home/irar/Escritorio/ProyectoTaxiDetector/dataset/positivos/recortes/augmented/taxi_recorte_aug_01014.jpg
1015,taxi_recorte_train_0342.jpg,taxi_recorte_aug_01015.jpg,/home/irar/Escritorio/ProyectoTaxiDetector/dataset/positivos/recortes/train/taxi_recorte_train_0342.jpg,/home/irar/Escritorio/ProyectoTaxiDetector/dataset/positivos/recortes/augmented/taxi_recorte_aug_01015.jpg
1016,taxi_recorte_train_0483.jpg,taxi_recorte_aug_01016.jpg,/home/irar/Escritorio/ProyectoTaxiDetector/dataset/positivos/recortes/train/taxi_recorte_train_0483.jpg,/home/irar/Escritorio/ProyectoTaxiDetector/dataset/positivos/recortes/augmented/taxi_recorte_aug_01016.jpg
1017,taxi_recorte_train_0411.jpg,taxi_recorte_aug_01017.jpg,/home/irar/Escritorio/ProyectoTaxiDetector/dataset/positivos/recortes/train/taxi_recorte_train_0411.jpg,/home/irar/Escritorio/ProyectoTaxiDetector/dataset/positivos/recortes/augmented/taxi_recorte_aug_01017.jpg
1018,taxi_recorte_train_0069.jpg,taxi_recorte_aug_01018.jpg,/home/irar/Escritorio/ProyectoTaxiDetector/dataset/positivos/recortes/train/taxi_recorte_train_0069.jpg,/home/irar/Escritorio/ProyectoTaxiDetector/dataset/positivos/recortes/augmented/taxi_recorte_aug_01018.jpg
1019,taxi_recorte_train_0234.jpg,taxi_recorte_aug_01019.jpg,/home/irar/Escritorio/ProyectoTaxiDetector/dataset/positivos/recortes/train/taxi_recorte_train_0234.jpg,/home/irar/Escritorio/ProyectoTaxiDetector/dataset/positivos/recortes/augmented/taxi_recorte_aug_01019.jpg
1020,taxi_recorte_train_0063.jpg,taxi_recorte_aug_01020.jpg,/home/irar/Escritorio/ProyectoTaxiDetector/dataset/positivos/recortes/train/taxi_recorte_train_0063.jpg,/home/irar/Escritorio/ProyectoTaxiDetector/dataset/positivos/recortes/augmented/taxi_recorte_aug_01020.jpg
1021,taxi_recorte_train_0435.jpg,taxi_recorte_aug_01021.jpg,/home/irar/Escritorio/ProyectoTaxiDetector/dataset/positivos/recortes/train/taxi_recorte_train_0435.jpg,/home/irar/Escritorio/ProyectoTaxiDetector/dataset/positivos/recortes/augmented/taxi_recorte_aug_01021.jpg
1022,taxi_recorte_train_0470.jpg,taxi_recorte_aug_01022.jpg,/home/irar/Escritorio/ProyectoTaxiDetector/dataset/positivos/recortes/train/taxi_recorte_train_0470.jpg,/home/irar/Escritorio/ProyectoTaxiDetector/dataset/positivos/recortes/augmented/taxi_recorte_aug_01022.jpg
1023,taxi_recorte_train_0128.jpg,taxi_recorte_aug_01023.jpg,/home/irar/Escritorio/ProyectoTaxiDetector/dataset/positivos/recortes/train/taxi_recorte_train_0128.jpg,/home/irar/Escritorio/ProyectoTaxiDetector/dataset/positivos/recortes/augmented/taxi_recorte_aug_01023.jpg
1024,taxi_recorte_train_0286.jpg,taxi_recorte_aug_01024.jpg,/home/irar/Escritorio/ProyectoTaxiDetector/dataset/positivos/recortes/train/taxi_recorte_train_0286.jpg,/home/irar/Escritorio/ProyectoTaxiDetector/dataset/positivos/recortes/augmented/taxi_recorte_aug_01024.jpg
1025,taxi_recorte_train_0517.jpg,taxi_recorte_aug_01025.jpg,/home/irar/Escritorio/ProyectoTaxiDetector/dataset/positivos/recortes/train/taxi_recorte_train_0517.jpg,/home/irar/Escritorio/ProyectoTaxiDetector/dataset/positivos/recortes/augmented/taxi_recorte_aug_01025.jpg
1026,taxi_recorte_train_0238.jpg,taxi_recorte_aug_01026.jpg,/home/irar/Escritorio/ProyectoTaxiDetector/dataset/positivos/recortes/train/taxi_recorte_train_0238.jpg,/home/irar/Escritorio/ProyectoTaxiDetector/dataset/positivos/recortes/augmented/taxi_recorte_aug_01026.jpg
1027,taxi_recorte_train_0266.jpg,taxi_recorte_aug_01027.jpg,/home/irar/Escritorio/ProyectoTaxiDetector/dataset/positivos/recortes/train/taxi_recorte_train_0266.jpg,/home/irar/Escritorio/ProyectoTaxiDetector/dataset/positivos/recortes/augmented/taxi_recorte_aug_01027.jpg
1028,taxi_recorte_train_0505.jpg,taxi_recorte_aug_01028.jpg,/home/irar/Escritorio/ProyectoTaxiDetector/dataset/positivos/recortes/train/taxi_recorte_train_0505.jpg,/home/irar/Escritorio/ProyectoTaxiDetector/dataset/positivos/recortes/augmented/taxi_recorte_aug_01028.jpg
1029,taxi_recorte_train_0412.jpg,taxi_recorte_aug_01029.jpg,/home/irar/Escritorio/ProyectoTaxiDetector/dataset/positivos/recortes/train/taxi_recorte_train_0412.jpg,/home/irar/Escritorio/ProyectoTaxiDetector/dataset/positivos/recortes/augmented/taxi_recorte_aug_01029.jpg
1030,taxi_recorte_train_0091.jpg,taxi_recorte_aug_01030.jpg,/home/irar/Escritorio/ProyectoTaxiDetector/dataset/positivos/recortes/train/taxi_recorte_train_0091.jpg,/home/irar/Escritorio/ProyectoTaxiDetector/dataset/positivos/recortes/augmented/taxi_recorte_aug_01030.jpg
1031,taxi_recorte_train_0113.jpg,taxi_recorte_aug_01031.jpg,/home/irar/Escritorio/ProyectoTaxiDetector/dataset/positivos/recortes/train/taxi_recorte_train_0113.jpg,/home/irar/Escritorio/ProyectoTaxiDetector/dataset/positivos/recortes/augmented/taxi_recorte_aug_01031.jpg
1032,taxi_recorte_train_0218.jpg,taxi_recorte_aug_01032.jpg,/home/irar/Escritorio/ProyectoTaxiDetector/dataset/positivos/recortes/train/taxi_recorte_train_0218.jpg,/home/irar/Escritorio/ProyectoTaxiDetector/dataset/positivos/recortes/augmented/taxi_recorte_aug_01032.jpg
1033,taxi_recorte_train_0399.jpg,taxi_recorte_aug_01033.jpg,/home/irar/Escritorio/ProyectoTaxiDetector/dataset/positivos/recortes/train/taxi_recorte_train_0399.jpg,/home/irar/Escritorio/ProyectoTaxiDetector/dataset/positivos/recortes/augmented/taxi_recorte_aug_01033.jpg
1034,taxi_recorte_train_0055.jpg,taxi_recorte_aug_01034.jpg,/home/irar/Escritorio/ProyectoTaxiDetector/dataset/positivos/recortes/train/taxi_recorte_train_0055.jpg,/home/irar/Escritorio/ProyectoTaxiDetector/dataset/positivos/recortes/augmented/taxi_recorte_aug_01034.jpg
1035,taxi_recorte_train_0510.jpg,taxi_recorte_aug_01035.jpg,/home/irar/Escritorio/ProyectoTaxiDetector/dataset/positivos/recortes/train/taxi_recorte_train_0510.jpg,/home/irar/Escritorio/ProyectoTaxiDetector/dataset/positivos/recortes/augmented/taxi_recorte_aug_01035.jpg
1036,taxi_recorte_train_0395.jpg,taxi_recorte_aug_01036.jpg,/home/irar/Escritorio/ProyectoTaxiDetector/dataset/positivos/recortes/train/taxi_recorte_train_0395.jpg,/home/irar/Escritorio/ProyectoTaxiDetector/dataset/positivos/recortes/augmented/taxi_recorte_aug_01036.jpg
1037,taxi_recorte_train_0535.jpg,taxi_recorte_aug_01037.jpg,/home/irar/Escritorio/ProyectoTaxiDetector/dataset/positivos/recortes/train/taxi_recorte_train_0535.jpg,/home/irar/Escritorio/ProyectoTaxiDetector/dataset/positivos/recortes/augmented/taxi_recorte_aug_01037.jpg
1038,taxi_recorte_train_0385.jpg,taxi_recorte_aug_01038.jpg,/home/irar/Escritorio/ProyectoTaxiDetector/dataset/positivos/recortes/train/taxi_recorte_train_0385.jpg,/home/irar/Escritorio/ProyectoTaxiDetector/dataset/positivos/recortes/augmented/taxi_recorte_aug_01038.jpg
1039,taxi_recorte_train_0458.jpg,taxi_recorte_aug_01039.jpg,/home/irar/Escritorio/ProyectoTaxiDetector/dataset/positivos/recortes/train/taxi_recorte_train_0458.jpg,/home/irar/Escritorio/ProyectoTaxiDetector/dataset/positivos/recortes/augmented/taxi_recorte_aug_01039.jpg
1040,taxi_recorte_train_0003.jpg,taxi_recorte_aug_01040.jpg,/home/irar/Escritorio/ProyectoTaxiDetector/dataset/positivos/recortes/train/taxi_recorte_train_0003.jpg,/home/irar/Escritorio/ProyectoTaxiDetector/dataset/positivos/recortes/augmented/taxi_recorte_aug_01040.jpg
1041,taxi_recorte_train_0353.jpg,taxi_recorte_aug_01041.jpg,/home/irar/Escritorio/ProyectoTaxiDetector/dataset/positivos/recortes/train/taxi_recorte_train_0353.jpg,/home/irar/Escritorio/ProyectoTaxiDetector/dataset/positivos/recortes/augmented/taxi_recorte_aug_01041.jpg
1042,taxi_recorte_train_0336.jpg,taxi_recorte_aug_01042.jpg,/home/irar/Escritorio/ProyectoTaxiDetector/dataset/positivos/recortes/train/taxi_recorte_train_0336.jpg,/home/irar/Escritorio/ProyectoTaxiDetector/dataset/positivos/recortes/augmented/taxi_recorte_aug_01042.jpg
1043,taxi_recorte_train_0076.jpg,taxi_recorte_aug_01043.jpg,/home/irar/Escritorio/ProyectoTaxiDetector/dataset/positivos/recortes/train/taxi_recorte_train_0076.jpg,/home/irar/Escritorio/ProyectoTaxiDetector/dataset/positivos/recortes/augmented/taxi_recorte_aug_01043.jpg
1044,taxi_recorte_train_0125.jpg,taxi_recorte_aug_01044.jpg,/home/irar/Escritorio/ProyectoTaxiDetector/dataset/positivos/recortes/train/taxi_recorte_train_0125.jpg,/home/irar/Escritorio/ProyectoTaxiDetector/dataset/positivos/recortes/augmented/taxi_recorte_aug_01044.jpg
1045,taxi_recorte_train_0205.jpg,taxi_recorte_aug_01045.jpg,/home/irar/Escritorio/ProyectoTaxiDetector/dataset/positivos/recortes/train/taxi_recorte_train_0205.jpg,/home/irar/Escritorio/ProyectoTaxiDetector/dataset/positivos/recortes/augmented/taxi_recorte_aug_01045.jpg
1046,taxi_recorte_train_0254.jpg,taxi_recorte_aug_01046.jpg,/home/irar/Escritorio/ProyectoTaxiDetector/dataset/positivos/recortes/train/taxi_recorte_train_0254.jpg,/home/irar/Escritorio/ProyectoTaxiDetector/dataset/positivos/recortes/augmented/taxi_recorte_aug_01046.jpg
1047,taxi_recorte_train_0197.jpg,taxi_recorte_aug_01047.jpg,/home/irar/Escritorio/ProyectoTaxiDetector/dataset/positivos/recortes/train/taxi_recorte_train_0197.jpg,/home/irar/Escritorio/ProyectoTaxiDetector/dataset/positivos/recortes/augmented/taxi_recorte_aug_01047.jpg
1048,taxi_recorte_train_0357.jpg,taxi_recorte_aug_01048.jpg,/home/irar/Escritorio/ProyectoTaxiDetector/dataset/positivos/recortes/train/taxi_recorte_train_0357.jpg,/home/irar/Escritorio/ProyectoTaxiDetector/dataset/positivos/recortes/augmented/taxi_recorte_aug_01048.jpg
1049,taxi_recorte_train_0368.jpg,taxi_recorte_aug_01049.jpg,/home/irar/Escritorio/ProyectoTaxiDetector/dataset/positivos/recortes/train/taxi_recorte_train_0368.jpg,/home/irar/Escritorio/ProyectoTaxiDetector/dataset/positivos/recortes/augmented/taxi_recorte_aug_01049.jpg
1050,taxi_recorte_train_0100.jpg,taxi_recorte_aug_01050.jpg,/home/irar/Escritorio/ProyectoTaxiDetector/dataset/positivos/recortes/train/taxi_recorte_train_0100.jpg,/home/irar/Escritorio/ProyectoTaxiDetector/dataset/positivos/recortes/augmented/taxi_recorte_aug_01050.jpg
1051,taxi_recorte_train_0295.jpg,taxi_recorte_aug_01051.jpg,/home/irar/Escritorio/ProyectoTaxiDetector/dataset/positivos/recortes/train/taxi_recorte_train_0295.jpg,/home/irar/Escritorio/ProyectoTaxiDetector/dataset/positivos/recortes/augmented/taxi_recorte_aug_01051.jpg
1052,taxi_recorte_train_0323.jpg,taxi_recorte_aug_01052.jpg,/home/irar/Escritorio/ProyectoTaxiDetector/dataset/positivos/recortes/train/taxi_recorte_train_0323.jpg,/home/irar/Escritorio/ProyectoTaxiDetector/dataset/positivos/recortes/augmented/taxi_recorte_aug_01052.jpg
1053,taxi_recorte_train_0454.jpg,taxi_recorte_aug_01053.jpg,/home/irar/Escritorio/ProyectoTaxiDetector/dataset/positivos/recortes/train/taxi_recorte_train_0454.jpg,/home/irar/Escritorio/ProyectoTaxiDetector/dataset/positivos/recortes/augmented/taxi_recorte_aug_01053.jpg
1054,taxi_recorte_train_0213.jpg,taxi_recorte_aug_01054.jpg,/home/irar/Escritorio/ProyectoTaxiDetector/dataset/positivos/recortes/train/taxi_recorte_train_0213.jpg,/home/irar/Escritorio/ProyectoTaxiDetector/dataset/positivos/recortes/augmented/taxi_recorte_aug_01054.jpg
1055,taxi_recorte_train_0467.jpg,taxi_recorte_aug_01055.jpg,/home/irar/Escritorio/ProyectoTaxiDetector/dataset/positivos/recortes/train/taxi_recorte_train_0467.jpg,/home/irar/Escritorio/ProyectoTaxiDetector/dataset/positivos/recortes/augmented/taxi_recorte_aug_01055.jpg
1056,taxi_recorte_train_0075.jpg,taxi_recorte_aug_01056.jpg,/home/irar/Escritorio/ProyectoTaxiDetector/dataset/positivos/recortes/train/taxi_recorte_train_0075.jpg,/home/irar/Escritorio/ProyectoTaxiDetector/dataset/positivos/recortes/augmented/taxi_recorte_aug_01056.jpg
1057,taxi_recorte_train_0487.jpg,taxi_recorte_aug_01057.jpg,/home/irar/Escritorio/ProyectoTaxiDetector/dataset/positivos/recortes/train/taxi_recorte_train_0487.jpg,/home/irar/Escritorio/ProyectoTaxiDetector/dataset/positivos/recortes/augmented/taxi_recorte_aug_01057.jpg
1058,taxi_recorte_train_0251.jpg,taxi_recorte_aug_01058.jpg,/home/irar/Escritorio/ProyectoTaxiDetector/dataset/positivos/recortes/train/taxi_recorte_train_0251.jpg,/home/irar/Escritorio/ProyectoTaxiDetector/dataset/positivos/recortes/augmented/taxi_recorte_aug_01058.jpg
1059,taxi_recorte_train_0048.jpg,taxi_recorte_aug_01059.jpg,/home/irar/Escritorio/ProyectoTaxiDetector/dataset/positivos/recortes/train/taxi_recorte_train_0048.jpg,/home/irar/Escritorio/ProyectoTaxiDetector/dataset/positivos/recortes/augmented/taxi_recorte_aug_01059.jpg
1060,taxi_recorte_train_0026.jpg,taxi_recorte_aug_01060.jpg,/home/irar/Escritorio/ProyectoTaxiDetector/dataset/positivos/recortes/train/taxi_recorte_train_0026.jpg,/home/irar/Escritorio/ProyectoTaxiDetector/dataset/positivos/recortes/augmented/taxi_recorte_aug_01060.jpg
1061,taxi_recorte_train_0151.jpg,taxi_recorte_aug_01061.jpg,/home/irar/Escritorio/ProyectoTaxiDetector/dataset/positivos/recortes/train/taxi_recorte_train_0151.jpg,/home/irar/Escritorio/ProyectoTaxiDetector/dataset/positivos/recortes/augmented/taxi_recorte_aug_01061.jpg
1062,taxi_recorte_train_0204.jpg,taxi_recorte_aug_01062.jpg,/home/irar/Escritorio/ProyectoTaxiDetector/dataset/positivos/recortes/train/taxi_recorte_train_0204.jpg,/home/irar/Escritorio/ProyectoTaxiDetector/dataset/positivos/recortes/augmented/taxi_recorte_aug_01062.jpg
1063,taxi_recorte_train_0231.jpg,taxi_recorte_aug_01063.jpg,/home/irar/Escritorio/ProyectoTaxiDetector/dataset/positivos/recortes/train/taxi_recorte_train_0231.jpg,/home/irar/Escritorio/ProyectoTaxiDetector/dataset/positivos/recortes/augmented/taxi_recorte_aug_01063.jpg
1064,taxi_recorte_train_0318.jpg,taxi_recorte_aug_01064.jpg,/home/irar/Escritorio/ProyectoTaxiDetector/dataset/positivos/recortes/train/taxi_recorte_train_0318.jpg,/home/irar/Escritorio/ProyectoTaxiDetector/dataset/positivos/recortes/augmented/taxi_recorte_aug_01064.jpg
1065,taxi_recorte_train_0241.jpg,taxi_recorte_aug_01065.jpg,/home/irar/Escritorio/ProyectoTaxiDetector/dataset/positivos/recortes/train/taxi_recorte_train_0241.jpg,/home/irar/Escritorio/ProyectoTaxiDetector/dataset/positivos/recortes/augmented/taxi_recorte_aug_01065.jpg
1066,taxi_recorte_train_0096.jpg,taxi_recorte_aug_01066.jpg,/home/irar/Escritorio/ProyectoTaxiDetector/dataset/positivos/recortes/train/taxi_recorte_train_0096.jpg,/home/irar/Escritorio/ProyectoTaxiDetector/dataset/positivos/recortes/augmented/taxi_recorte_aug_01066.jpg
1067,taxi_recorte_train_0344.jpg,taxi_recorte_aug_01067.jpg,/home/irar/Escritorio/ProyectoTaxiDetector/dataset/positivos/recortes/train/taxi_recorte_train_0344.jpg,/home/irar/Escritorio/ProyectoTaxiDetector/dataset/positivos/recortes/augmented/taxi_recorte_aug_01067.jpg
1068,taxi_recorte_train_0291.jpg,taxi_recorte_aug_01068.jpg,/home/irar/Escritorio/ProyectoTaxiDetector/dataset/positivos/recortes/train/taxi_recorte_train_0291.jpg,/home/irar/Escritorio/ProyectoTaxiDetector/dataset/positivos/recortes/augmented/taxi_recorte_aug_01068.jpg
1069,taxi_recorte_train_0087.jpg,taxi_recorte_aug_01069.jpg,/home/irar/Escritorio/ProyectoTaxiDetector/dataset/positivos/recortes/train/taxi_recorte_train_0087.jpg,/home/irar/Escritorio/ProyectoTaxiDetector/dataset/positivos/recortes/augmented/taxi_recorte_aug_01069.jpg
1070,taxi_recorte_train_0174.jpg,taxi_recorte_aug_01070.jpg,/home/irar/Escritorio/ProyectoTaxiDetector/dataset/positivos/recortes/train/taxi_recorte_train_0174.jpg,/home/irar/Escritorio/ProyectoTaxiDetector/dataset/positivos/recortes/augmented/taxi_recorte_aug_01070.jpg
1071,taxi_recorte_train_0485.jpg,taxi_recorte_aug_01071.jpg,/home/irar/Escritorio/ProyectoTaxiDetector/dataset/positivos/recortes/train/taxi_recorte_train_0485.jpg,/home/irar/Escritorio/ProyectoTaxiDetector/dataset/positivos/recortes/augmented/taxi_recorte_aug_01071.jpg
1072,taxi_recorte_train_0524.jpg,taxi_recorte_aug_01072.jpg,/home/irar/Escritorio/ProyectoTaxiDetector/dataset/positivos/recortes/train/taxi_recorte_train_0524.jpg,/home/irar/Escritorio/ProyectoTaxiDetector/dataset/positivos/recortes/augmented/taxi_recorte_aug_01072.jpg
1073,taxi_recorte_train_0219.jpg,taxi_recorte_aug_01073.jpg,/home/irar/Escritorio/ProyectoTaxiDetector/dataset/positivos/recortes/train/taxi_recorte_train_0219.jpg,/home/irar/Escritorio/ProyectoTaxiDetector/dataset/positivos/recortes/augmented/taxi_recorte_aug_01073.jpg
1074,taxi_recorte_train_0532.jpg,taxi_recorte_aug_01074.jpg,/home/irar/Escritorio/ProyectoTaxiDetector/dataset/positivos/recortes/train/taxi_recorte_train_0532.jpg,/home/irar/Escritorio/ProyectoTaxiDetector/dataset/positivos/recortes/augmented/taxi_recorte_aug_01074.jpg
1075,taxi_recorte_train_0453.jpg,taxi_recorte_aug_01075.jpg,/home/irar/Escritorio/ProyectoTaxiDetector/dataset/positivos/recortes/train/taxi_recorte_train_0453.jpg,/home/irar/Escritorio/ProyectoTaxiDetector/dataset/positivos/recortes/augmented/taxi_recorte_aug_01075.jpg
1076,taxi_recorte_train_0477.jpg,taxi_recorte_aug_01076.jpg,/home/irar/Escritorio/ProyectoTaxiDetector/dataset/positivos/recortes/train/taxi_recorte_train_0477.jpg,/home/irar/Escritorio/ProyectoTaxiDetector/dataset/positivos/recortes/augmented/taxi_recorte_aug_01076.jpg
1077,taxi_recorte_train_0330.jpg,taxi_recorte_aug_01077.jpg,/home/irar/Escritorio/ProyectoTaxiDetector/dataset/positivos/recortes/train/taxi_recorte_train_0330.jpg,/home/irar/Escritorio/ProyectoTaxiDetector/dataset/positivos/recortes/augmented/taxi_recorte_aug_01077.jpg
1078,taxi_recorte_train_0441.jpg,taxi_recorte_aug_01078.jpg,/home/irar/Escritorio/ProyectoTaxiDetector/dataset/positivos/recortes/train/taxi_recorte_train_0441.jpg,/home/irar/Escritorio/ProyectoTaxiDetector/dataset/positivos/recortes/augmented/taxi_recorte_aug_01078.jpg
1079,taxi_recorte_train_0216.jpg,taxi_recorte_aug_01079.jpg,/home/irar/Escritorio/ProyectoTaxiDetector/dataset/positivos/recortes/train/taxi_recorte_train_0216.jpg,/home/irar/Escritorio/ProyectoTaxiDetector/dataset/positivos/recortes/augmented/taxi_recorte_aug_01079.jpg
1080,taxi_recorte_train_0294.jpg,taxi_recorte_aug_01080.jpg,/home/irar/Escritorio/ProyectoTaxiDetector/dataset/positivos/recortes/train/taxi_recorte_train_0294.jpg,/home/irar/Escritorio/ProyectoTaxiDetector/dataset/positivos/recortes/augmented/taxi_recorte_aug_01080.jpg
1081,taxi_recorte_train_0312.jpg,taxi_recorte_aug_01081.jpg,/home/irar/Escritorio/ProyectoTaxiDetector/dataset/positivos/recortes/train/taxi_recorte_train_0312.jpg,/home/irar/Escritorio/ProyectoTaxiDetector/dataset/positivos/recortes/augmented/taxi_recorte_aug_01081.jpg
1082,taxi_recorte_train_0001.jpg,taxi_recorte_aug_01082.jpg,/home/irar/Escritorio/ProyectoTaxiDetector/dataset/positivos/recortes/train/taxi_recorte_train_0001.jpg,/home/irar/Escritorio/ProyectoTaxiDetector/dataset/positivos/recortes/augmented/taxi_recorte_aug_01082.jpg
1083,taxi_recorte_train_0416.jpg,taxi_recorte_aug_01083.jpg,/home/irar/Escritorio/ProyectoTaxiDetector/dataset/positivos/recortes/train/taxi_recorte_train_0416.jpg,/home/irar/Escritorio/ProyectoTaxiDetector/dataset/positivos/recortes/augmented/taxi_recorte_aug_01083.jpg
1084,taxi_recorte_train_0309.jpg,taxi_recorte_aug_01084.jpg,/home/irar/Escritorio/ProyectoTaxiDetector/dataset/positivos/recortes/train/taxi_recorte_train_0309.jpg,/home/irar/Escritorio/ProyectoTaxiDetector/dataset/positivos/recortes/augmented/taxi_recorte_aug_01084.jpg
1085,taxi_recorte_train_0179.jpg,taxi_recorte_aug_01085.jpg,/home/irar/Escritorio/ProyectoTaxiDetector/dataset/positivos/recortes/train/taxi_recorte_train_0179.jpg,/home/irar/Escritorio/ProyectoTaxiDetector/dataset/positivos/recortes/augmented/taxi_recorte_aug_01085.jpg
1086,taxi_recorte_train_0389.jpg,taxi_recorte_aug_01086.jpg,/home/irar/Escritorio/ProyectoTaxiDetector/dataset/positivos/recortes/train/taxi_recorte_train_0389.jpg,/home/irar/Escritorio/ProyectoTaxiDetector/dataset/positivos/recortes/augmented/taxi_recorte_aug_01086.jpg
1087,taxi_recorte_train_0207.jpg,taxi_recorte_aug_01087.jpg,/home/irar/Escritorio/ProyectoTaxiDetector/dataset/positivos/recortes/train/taxi_recorte_train_0207.jpg,/home/irar/Escritorio/ProyectoTaxiDetector/dataset/positivos/recortes/augmented/taxi_recorte_aug_01087.jpg
1088,taxi_recorte_train_0224.jpg,taxi_recorte_aug_01088.jpg,/home/irar/Escritorio/ProyectoTaxiDetector/dataset/positivos/recortes/train/taxi_recorte_train_0224.jpg,/home/irar/Escritorio/ProyectoTaxiDetector/dataset/positivos/recortes/augmented/taxi_recorte_aug_01088.jpg
1089,taxi_recorte_train_0436.jpg,taxi_recorte_aug_01089.jpg,/home/irar/Escritorio/ProyectoTaxiDetector/dataset/positivos/recortes/train/taxi_recorte_train_0436.jpg,/home/irar/Escritorio/ProyectoTaxiDetector/dataset/positivos/recortes/augmented/taxi_recorte_aug_01089.jpg
1090,taxi_recorte_train_0360.jpg,taxi_recorte_aug_01090.jpg,/home/irar/Escritorio/ProyectoTaxiDetector/dataset/positivos/recortes/train/taxi_recorte_train_0360.jpg,/home/irar/Escritorio/ProyectoTaxiDetector/dataset/positivos/recortes/augmented/taxi_recorte_aug_01090.jpg
1091,taxi_recorte_train_0415.jpg,taxi_recorte_aug_01091.jpg,/home/irar/Escritorio/ProyectoTaxiDetector/dataset/positivos/recortes/train/taxi_recorte_train_0415.jpg,/home/irar/Escritorio/ProyectoTaxiDetector/dataset/positivos/recortes/augmented/taxi_recorte_aug_01091.jpg
1092,taxi_recorte_train_0479.jpg,taxi_recorte_aug_01092.jpg,/home/irar/Escritorio/ProyectoTaxiDetector/dataset/positivos/recortes/train/taxi_recorte_train_0479.jpg,/home/irar/Escritorio/ProyectoTaxiDetector/dataset/positivos/recortes/augmented/taxi_recorte_aug_01092.jpg
1093,taxi_recorte_train_0271.jpg,taxi_recorte_aug_01093.jpg,/home/irar/Escritorio/ProyectoTaxiDetector/dataset/positivos/recortes/train/taxi_recorte_train_0271.jpg,/home/irar/Escritorio/ProyectoTaxiDetector/dataset/positivos/recortes/augmented/taxi_recorte_aug_01093.jpg
1094,taxi_recorte_train_0281.jpg,taxi_recorte_aug_01094.jpg,/home/irar/Escritorio/ProyectoTaxiDetector/dataset/positivos/recortes/train/taxi_recorte_train_0281.jpg,/home/irar/Escritorio/ProyectoTaxiDetector/dataset/positivos/recortes/augmented/taxi_recorte_aug_01094.jpg
1095,taxi_recorte_train_0263.jpg,taxi_recorte_aug_01095.jpg,/home/irar/Escritorio/ProyectoTaxiDetector/dataset/positivos/recortes/train/taxi_recorte_train_0263.jpg,/home/irar/Escritorio/ProyectoTaxiDetector/dataset/positivos/recortes/augmented/taxi_recorte_aug_01095.jpg
1096,taxi_recorte_train_0371.jpg,taxi_recorte_aug_01096.jpg,/home/irar/Escritorio/ProyectoTaxiDetector/dataset/positivos/recortes/train/taxi_recorte_train_0371.jpg,/home/irar/Escritorio/ProyectoTaxiDetector/dataset/positivos/recortes/augmented/taxi_recorte_aug_01096.jpg
1097,taxi_recorte_train_0066.jpg,taxi_recorte_aug_01097.jpg,/home/irar/Escritorio/ProyectoTaxiDetector/dataset/positivos/recortes/train/taxi_recorte_train_0066.jpg,/home/irar/Escritorio/ProyectoTaxiDetector/dataset/positivos/recortes/augmented/taxi_recorte_aug_01097.jpg
1098,taxi_recorte_train_0031.jpg,taxi_recorte_aug_01098.jpg,/home/irar/Escritorio/ProyectoTaxiDetector/dataset/positivos/recortes/train/taxi_recorte_train_0031.jpg,/home/irar/Escritorio/ProyectoTaxiDetector/dataset/positivos/recortes/augmented/taxi_recorte_aug_01098.jpg
1099,taxi_recorte_train_0079.jpg,taxi_recorte_aug_01099.jpg,/home/irar/Escritorio/ProyectoTaxiDetector/dataset/positivos/recortes/train/taxi_recorte_train_0079.jpg,/home/irar/Escritorio/ProyectoTaxiDetector/dataset/positivos/recortes/augmented/taxi_recorte_aug_01099.jpg
1100,taxi_recorte_train_0100.jpg,taxi_recorte_aug_01100.jpg,/home/irar/Escritorio/ProyectoTaxiDetector/dataset/positivos/recortes/train/taxi_recorte_train_0100.jpg,/home/irar/Escritorio/ProyectoTaxiDetector/dataset/positivos/recortes/augmented/taxi_recorte_aug_01100.jpg
1101,taxi_recorte_train_0104.jpg,taxi_recorte_aug_01101.jpg,/home/irar/Escritorio/ProyectoTaxiDetector/dataset/positivos/recortes/train/taxi_recorte_train_0104.jpg,/home/irar/Escritorio/ProyectoTaxiDetector/dataset/positivos/recortes/augmented/taxi_recorte_aug_01101.jpg
1102,taxi_recorte_train_0087.jpg,taxi_recorte_aug_01102.jpg,/home/irar/Escritorio/ProyectoTaxiDetector/dataset/positivos/recortes/train/taxi_recorte_train_0087.jpg,/home/irar/Escritorio/ProyectoTaxiDetector/dataset/positivos/recortes/augmented/taxi_recorte_aug_01102.jpg
1103,taxi_recorte_train_0232.jpg,taxi_recorte_aug_01103.jpg,/home/irar/Escritorio/ProyectoTaxiDetector/dataset/positivos/recortes/train/taxi_recorte_train_0232.jpg,/home/irar/Escritorio/ProyectoTaxiDetector/dataset/positivos/recortes/augmented/taxi_recorte_aug_01103.jpg
1104,taxi_recorte_train_0162.jpg,taxi_recorte_aug_01104.jpg,/home/irar/Escritorio/ProyectoTaxiDetector/dataset/positivos/recortes/train/taxi_recorte_train_0162.jpg,/home/irar/Escritorio/ProyectoTaxiDetector/dataset/positivos/recortes/augmented/taxi_recorte_aug_01104.jpg
1105,taxi_recorte_train_0091.jpg,taxi_recorte_aug_01105.jpg,/home/irar/Escritorio/ProyectoTaxiDetector/dataset/positivos/recortes/train/taxi_recorte_train_0091.jpg,/home/irar/Escritorio/ProyectoTaxiDetector/dataset/positivos/recortes/augmented/taxi_recorte_aug_01105.jpg
1106,taxi_recorte_train_0069.jpg,taxi_recorte_aug_01106.jpg,/home/irar/Escritorio/ProyectoTaxiDetector/dataset/positivos/recortes/train/taxi_recorte_train_0069.jpg,/home/irar/Escritorio/ProyectoTaxiDetector/dataset/positivos/recortes/augmented/taxi_recorte_aug_01106.jpg
1107,taxi_recorte_train_0183.jpg,taxi_recorte_aug_01107.jpg,/home/irar/Escritorio/ProyectoTaxiDetector/dataset/positivos/recortes/train/taxi_recorte_train_0183.jpg,/home/irar/Escritorio/ProyectoTaxiDetector/dataset/positivos/recortes/augmented/taxi_recorte_aug_01107.jpg
1108,taxi_recorte_train_0363.jpg,taxi_recorte_aug_01108.jpg,/home/irar/Escritorio/ProyectoTaxiDetector/dataset/positivos/recortes/train/taxi_recorte_train_0363.jpg,/home/irar/Escritorio/ProyectoTaxiDetector/dataset/positivos/recortes/augmented/taxi_recorte_aug_01108.jpg
1109,taxi_recorte_train_0291.jpg,taxi_recorte_aug_01109.jpg,/home/irar/Escritorio/ProyectoTaxiDetector/dataset/positivos/recortes/train/taxi_recorte_train_0291.jpg,/home/irar/Escritorio/ProyectoTaxiDetector/dataset/positivos/recortes/augmented/taxi_recorte_aug_01109.jpg
1110,taxi_recorte_train_0536.jpg,taxi_recorte_aug_01110.jpg,/home/irar/Escritorio/ProyectoTaxiDetector/dataset/positivos/recortes/train/taxi_recorte_train_0536.jpg,/home/irar/Escritorio/ProyectoTaxiDetector/dataset/positivos/recortes/augmented/taxi_recorte_aug_01110.jpg
1111,taxi_recorte_train_0230.jpg,taxi_recorte_aug_01111.jpg,/home/irar/Escritorio/ProyectoTaxiDetector/dataset/positivos/recortes/train/taxi_recorte_train_0230.jpg,/home/irar/Escritorio/ProyectoTaxiDetector/dataset/positivos/recortes/augmented/taxi_recorte_aug_01111.jpg
1112,taxi_recorte_train_0514.jpg,taxi_recorte_aug_01112.jpg,/home/irar/Escritorio/ProyectoTaxiDetector/dataset/positivos/recortes/train/taxi_recorte_train_0514.jpg,/home/irar/Escritorio/ProyectoTaxiDetector/dataset/positivos/recortes/augmented/taxi_recorte_aug_01112.jpg
1113,taxi_recorte_train_0542.jpg,taxi_recorte_aug_01113.jpg,/home/irar/Escritorio/ProyectoTaxiDetector/dataset/positivos/recortes/train/taxi_recorte_train_0542.jpg,/home/irar/Escritorio/ProyectoTaxiDetector/dataset/positivos/recortes/augmented/taxi_recorte_aug_01113.jpg
1114,taxi_recorte_train_0146.jpg,taxi_recorte_aug_01114.jpg,/home/irar/Escritorio/ProyectoTaxiDetector/dataset/positivos/recortes/train/taxi_recorte_train_0146.jpg,/home/irar/Escritorio/ProyectoTaxiDetector/dataset/positivos/recortes/augmented/taxi_recorte_aug_01114.jpg
1115,taxi_recorte_train_0261.jpg,taxi_recorte_aug_01115.jpg,/home/irar/Escritorio/ProyectoTaxiDetector/dataset/positivos/recortes/train/taxi_recorte_train_0261.jpg,/home/irar/Escritorio/ProyectoTaxiDetector/dataset/positivos/recortes/augmented/taxi_recorte_aug_01115.jpg
1116,taxi_recorte_train_0438.jpg,taxi_recorte_aug_01116.jpg,/home/irar/Escritorio/ProyectoTaxiDetector/dataset/positivos/recortes/train/taxi_recorte_train_0438.jpg,/home/irar/Escritorio/ProyectoTaxiDetector/dataset/positivos/recortes/augmented/taxi_recorte_aug_01116.jpg
1117,taxi_recorte_train_0150.jpg,taxi_recorte_aug_01117.jpg,/home/irar/Escritorio/ProyectoTaxiDetector/dataset/positivos/recortes/train/taxi_recorte_train_0150.jpg,/home/irar/Escritorio/ProyectoTaxiDetector/dataset/positivos/recortes/augmented/taxi_recorte_aug_01117.jpg
1118,taxi_recorte_train_0173.jpg,taxi_recorte_aug_01118.jpg,/home/irar/Escritorio/ProyectoTaxiDetector/dataset/positivos/recortes/train/taxi_recorte_train_0173.jpg,/home/irar/Escritorio/ProyectoTaxiDetector/dataset/positivos/recortes/augmented/taxi_recorte_aug_01118.jpg
1119,taxi_recorte_train_0256.jpg,taxi_recorte_aug_01119.jpg,/home/irar/Escritorio/ProyectoTaxiDetector/dataset/positivos/recortes/train/taxi_recorte_train_0256.jpg,/home/irar/Escritorio/ProyectoTaxiDetector/dataset/positivos/recortes/augmented/taxi_recorte_aug_01119.jpg
1120,taxi_recorte_train_0474.jpg,taxi_recorte_aug_01120.jpg,/home/irar/Escritorio/ProyectoTaxiDetector/dataset/positivos/recortes/train/taxi_recorte_train_0474.jpg,/home/irar/Escritorio/ProyectoTaxiDetector/dataset/positivos/recortes/augmented/taxi_recorte_aug_01120.jpg
1121,taxi_recorte_train_0449.jpg,taxi_recorte_aug_01121.jpg,/home/irar/Escritorio/ProyectoTaxiDetector/dataset/positivos/recortes/train/taxi_recorte_train_0449.jpg,/home/irar/Escritorio/ProyectoTaxiDetector/dataset/positivos/recortes/augmented/taxi_recorte_aug_01121.jpg
1122,taxi_recorte_train_0260.jpg,taxi_recorte_aug_01122.jpg,/home/irar/Escritorio/ProyectoTaxiDetector/dataset/positivos/recortes/train/taxi_recorte_train_0260.jpg,/home/irar/Escritorio/ProyectoTaxiDetector/dataset/positivos/recortes/augmented/taxi_recorte_aug_01122.jpg
1123,taxi_recorte_train_0385.jpg,taxi_recorte_aug_01123.jpg,/home/irar/Escritorio/ProyectoTaxiDetector/dataset/positivos/recortes/train/taxi_recorte_train_0385.jpg,/home/irar/Escritorio/ProyectoTaxiDetector/dataset/positivos/recortes/augmented/taxi_recorte_aug_01123.jpg
1124,taxi_recorte_train_0300.jpg,taxi_recorte_aug_01124.jpg,/home/irar/Escritorio/ProyectoTaxiDetector/dataset/positivos/recortes/train/taxi_recorte_train_0300.jpg,/home/irar/Escritorio/ProyectoTaxiDetector/dataset/positivos/recortes/augmented/taxi_recorte_aug_01124.jpg
1125,taxi_recorte_train_0058.jpg,taxi_recorte_aug_01125.jpg,/home/irar/Escritorio/ProyectoTaxiDetector/dataset/positivos/recortes/train/taxi_recorte_train_0058.jpg,/home/irar/Escritorio/ProyectoTaxiDetector/dataset/positivos/recortes/augmented/taxi_recorte_aug_01125.jpg
1126,taxi_recorte_train_0404.jpg,taxi_recorte_aug_01126.jpg,/home/irar/Escritorio/ProyectoTaxiDetector/dataset/positivos/recortes/train/taxi_recorte_train_0404.jpg,/home/irar/Escritorio/ProyectoTaxiDetector/dataset/positivos/recortes/augmented/taxi_recorte_aug_01126.jpg
1127,taxi_recorte_train_0027.jpg,taxi_recorte_aug_01127.jpg,/home/irar/Escritorio/ProyectoTaxiDetector/dataset/positivos/recortes/train/taxi_recorte_train_0027.jpg,/home/irar/Escritorio/ProyectoTaxiDetector/dataset/positivos/recortes/augmented/taxi_recorte_aug_01127.jpg
1128,taxi_recorte_train_0025.jpg,taxi_recorte_aug_01128.jpg,/home/irar/Escritorio/ProyectoTaxiDetector/dataset/positivos/recortes/train/taxi_recorte_train_0025.jpg,/home/irar/Escritorio/ProyectoTaxiDetector/dataset/positivos/recortes/augmented/taxi_recorte_aug_01128.jpg
1129,taxi_recorte_train_0527.jpg,taxi_recorte_aug_01129.jpg,/home/irar/Escritorio/ProyectoTaxiDetector/dataset/positivos/recortes/train/taxi_recorte_train_0527.jpg,/home/irar/Escritorio/ProyectoTaxiDetector/dataset/positivos/recortes/augmented/taxi_recorte_aug_01129.jpg
1130,taxi_recorte_train_0185.jpg,taxi_recorte_aug_01130.jpg,/home/irar/Escritorio/ProyectoTaxiDetector/dataset/positivos/recortes/train/taxi_recorte_train_0185.jpg,/home/irar/Escritorio/ProyectoTaxiDetector/dataset/positivos/recortes/augmented/taxi_recorte_aug_01130.jpg
1131,taxi_recorte_train_0507.jpg,taxi_recorte_aug_01131.jpg,/home/irar/Escritorio/ProyectoTaxiDetector/dataset/positivos/recortes/train/taxi_recorte_train_0507.jpg,/home/irar/Escritorio/ProyectoTaxiDetector/dataset/positivos/recortes/augmented/taxi_recorte_aug_01131.jpg
1132,taxi_recorte_train_0002.jpg,taxi_recorte_aug_01132.jpg,/home/irar/Escritorio/ProyectoTaxiDetector/dataset/positivos/recortes/train/taxi_recorte_train_0002.jpg,/home/irar/Escritorio/ProyectoTaxiDetector/dataset/positivos/recortes/augmented/taxi_recorte_aug_01132.jpg
1133,taxi_recorte_train_0138.jpg,taxi_recorte_aug_01133.jpg,/home/irar/Escritorio/ProyectoTaxiDetector/dataset/positivos/recortes/train/taxi_recorte_train_0138.jpg,/home/irar/Escritorio/ProyectoTaxiDetector/dataset/positivos/recortes/augmented/taxi_recorte_aug_01133.jpg
1134,taxi_recorte_train_0296.jpg,taxi_recorte_aug_01134.jpg,/home/irar/Escritorio/ProyectoTaxiDetector/dataset/positivos/recortes/train/taxi_recorte_train_0296.jpg,/home/irar/Escritorio/ProyectoTaxiDetector/dataset/positivos/recortes/augmented/taxi_recorte_aug_01134.jpg
1135,taxi_recorte_train_0329.jpg,taxi_recorte_aug_01135.jpg,/home/irar/Escritorio/ProyectoTaxiDetector/dataset/positivos/recortes/train/taxi_recorte_train_0329.jpg,/home/irar/Escritorio/ProyectoTaxiDetector/dataset/positivos/recortes/augmented/taxi_recorte_aug_01135.jpg
1136,taxi_recorte_train_0179.jpg,taxi_recorte_aug_01136.jpg,/home/irar/Escritorio/ProyectoTaxiDetector/dataset/positivos/recortes/train/taxi_recorte_train_0179.jpg,/home/irar/Escritorio/ProyectoTaxiDetector/dataset/positivos/recortes/augmented/taxi_recorte_aug_01136.jpg
1137,taxi_recorte_train_0133.jpg,taxi_recorte_aug_01137.jpg,/home/irar/Escritorio/ProyectoTaxiDetector/dataset/positivos/recortes/train/taxi_recorte_train_0133.jpg,/home/irar/Escritorio/ProyectoTaxiDetector/dataset/positivos/recortes/augmented/taxi_recorte_aug_01137.jpg
1138,taxi_recorte_train_0262.jpg,taxi_recorte_aug_01138.jpg,/home/irar/Escritorio/ProyectoTaxiDetector/dataset/positivos/recortes/train/taxi_recorte_train_0262.jpg,/home/irar/Escritorio/ProyectoTaxiDetector/dataset/positivos/recortes/augmented/taxi_recorte_aug_01138.jpg
1139,taxi_recorte_train_0089.jpg,taxi_recorte_aug_01139.jpg,/home/irar/Escritorio/ProyectoTaxiDetector/dataset/positivos/recortes/train/taxi_recorte_train_0089.jpg,/home/irar/Escritorio/ProyectoTaxiDetector/dataset/positivos/recortes/augmented/taxi_recorte_aug_01139.jpg
1140,taxi_recorte_train_0010.jpg,taxi_recorte_aug_01140.jpg,/home/irar/Escritorio/ProyectoTaxiDetector/dataset/positivos/recortes/train/taxi_recorte_train_0010.jpg,/home/irar/Escritorio/ProyectoTaxiDetector/dataset/positivos/recortes/augmented/taxi_recorte_aug_01140.jpg
1141,taxi_recorte_train_0125.jpg,taxi_recorte_aug_01141.jpg,/home/irar/Escritorio/ProyectoTaxiDetector/dataset/positivos/recortes/train/taxi_recorte_train_0125.jpg,/home/irar/Escritorio/ProyectoTaxiDetector/dataset/positivos/recortes/augmented/taxi_recorte_aug_01141.jpg
1142,taxi_recorte_train_0459.jpg,taxi_recorte_aug_01142.jpg,/home/irar/Escritorio/ProyectoTaxiDetector/dataset/positivos/recortes/train/taxi_recorte_train_0459.jpg,/home/irar/Escritorio/ProyectoTaxiDetector/dataset/positivos/recortes/augmented/taxi_recorte_aug_01142.jpg
1143,taxi_recorte_train_0482.jpg,taxi_recorte_aug_01143.jpg,/home/irar/Escritorio/ProyectoTaxiDetector/dataset/positivos/recortes/train/taxi_recorte_train_0482.jpg,/home/irar/Escritorio/ProyectoTaxiDetector/dataset/positivos/recortes/augmented/taxi_recorte_aug_01143.jpg
1144,taxi_recorte_train_0022.jpg,taxi_recorte_aug_01144.jpg,/home/irar/Escritorio/ProyectoTaxiDetector/dataset/positivos/recortes/train/taxi_recorte_train_0022.jpg,/home/irar/Escritorio/ProyectoTaxiDetector/dataset/positivos/recortes/augmented/taxi_recorte_aug_01144.jpg
1145,taxi_recorte_train_0384.jpg,taxi_recorte_aug_01145.jpg,/home/irar/Escritorio/ProyectoTaxiDetector/dataset/positivos/recortes/train/taxi_recorte_train_0384.jpg,/home/irar/Escritorio/ProyectoTaxiDetector/dataset/positivos/recortes/augmented/taxi_recorte_aug_01145.jpg
1146,taxi_recorte_train_0161.jpg,taxi_recorte_aug_01146.jpg,/home/irar/Escritorio/ProyectoTaxiDetector/dataset/positivos/recortes/train/taxi_recorte_train_0161.jpg,/home/irar/Escritorio/ProyectoTaxiDetector/dataset/positivos/recortes/augmented/taxi_recorte_aug_01146.jpg
1147,taxi_recorte_train_0225.jpg,taxi_recorte_aug_01147.jpg,/home/irar/Escritorio/ProyectoTaxiDetector/dataset/positivos/recortes/train/taxi_recorte_train_0225.jpg,/home/irar/Escritorio/ProyectoTaxiDetector/dataset/positivos/recortes/augmented/taxi_recorte_aug_01147.jpg
1148,taxi_recorte_train_0430.jpg,taxi_recorte_aug_01148.jpg,/home/irar/Escritorio/ProyectoTaxiDetector/dataset/positivos/recortes/train/taxi_recorte_train_0430.jpg,/home/irar/Escritorio/ProyectoTaxiDetector/dataset/positivos/recortes/augmented/taxi_recorte_aug_01148.jpg
1149,taxi_recorte_train_0205.jpg,taxi_recorte_aug_01149.jpg,/home/irar/Escritorio/ProyectoTaxiDetector/dataset/positivos/recortes/train/taxi_recorte_train_0205.jpg,/home/irar/Escritorio/ProyectoTaxiDetector/dataset/positivos/recortes/augmented/taxi_recorte_aug_01149.jpg
1150,taxi_recorte_train_0220.jpg,taxi_recorte_aug_01150.jpg,/home/irar/Escritorio/ProyectoTaxiDetector/dataset/positivos/recortes/train/taxi_recorte_train_0220.jpg,/home/irar/Escritorio/ProyectoTaxiDetector/dataset/positivos/recortes/augmented/taxi_recorte_aug_01150.jpg
1151,taxi_recorte_train_0067.jpg,taxi_recorte_aug_01151.jpg,/home/irar/Escritorio/ProyectoTaxiDetector/dataset/positivos/recortes/train/taxi_recorte_train_0067.jpg,/home/irar/Escritorio/ProyectoTaxiDetector/dataset/positivos/recortes/augmented/taxi_recorte_aug_01151.jpg
1152,taxi_recorte_train_0035.jpg,taxi_recorte_aug_01152.jpg,/home/irar/Escritorio/ProyectoTaxiDetector/dataset/positivos/recortes/train/taxi_recorte_train_0035.jpg,/home/irar/Escritorio/ProyectoTaxiDetector/dataset/positivos/recortes/augmented/taxi_recorte_aug_01152.jpg
1153,taxi_recorte_train_0516.jpg,taxi_recorte_aug_01153.jpg,/home/irar/Escritorio/ProyectoTaxiDetector/dataset/positivos/recortes/train/taxi_recorte_train_0516.jpg,/home/irar/Escritorio/ProyectoTaxiDetector/dataset/positivos/recortes/augmented/taxi_recorte_aug_01153.jpg
1154,taxi_recorte_train_0112.jpg,taxi_recorte_aug_01154.jpg,/home/irar/Escritorio/ProyectoTaxiDetector/dataset/positivos/recortes/train/taxi_recorte_train_0112.jpg,/home/irar/Escritorio/ProyectoTaxiDetector/dataset/positivos/recortes/augmented/taxi_recorte_aug_01154.jpg
1155,taxi_recorte_train_0491.jpg,taxi_recorte_aug_01155.jpg,/home/irar/Escritorio/ProyectoTaxiDetector/dataset/positivos/recortes/train/taxi_recorte_train_0491.jpg,/home/irar/Escritorio/ProyectoTaxiDetector/dataset/positivos/recortes/augmented/taxi_recorte_aug_01155.jpg
1156,taxi_recorte_train_0424.jpg,taxi_recorte_aug_01156.jpg,/home/irar/Escritorio/ProyectoTaxiDetector/dataset/positivos/recortes/train/taxi_recorte_train_0424.jpg,/home/irar/Escritorio/ProyectoTaxiDetector/dataset/positivos/recortes/augmented/taxi_recorte_aug_01156.jpg
1157,taxi_recorte_train_0472.jpg,taxi_recorte_aug_01157.jpg,/home/irar/Escritorio/ProyectoTaxiDetector/dataset/positivos/recortes/train/taxi_recorte_train_0472.jpg,/home/irar/Escritorio/ProyectoTaxiDetector/dataset/positivos/recortes/augmented/taxi_recorte_aug_01157.jpg
1158,taxi_recorte_train_0101.jpg,taxi_recorte_aug_01158.jpg,/home/irar/Escritorio/ProyectoTaxiDetector/dataset/positivos/recortes/train/taxi_recorte_train_0101.jpg,/home/irar/Escritorio/ProyectoTaxiDetector/dataset/positivos/recortes/augmented/taxi_recorte_aug_01158.jpg
1159,taxi_recorte_train_0337.jpg,taxi_recorte_aug_01159.jpg,/home/irar/Escritorio/ProyectoTaxiDetector/dataset/positivos/recortes/train/taxi_recorte_train_0337.jpg,/home/irar/Escritorio/ProyectoTaxiDetector/dataset/positivos/recortes/augmented/taxi_recorte_aug_01159.jpg
1160,taxi_recorte_train_0178.jpg,taxi_recorte_aug_01160.jpg,/home/irar/Escritorio/ProyectoTaxiDetector/dataset/positivos/recortes/train/taxi_recorte_train_0178.jpg,/home/irar/Escritorio/ProyectoTaxiDetector/dataset/positivos/recortes/augmented/taxi_recorte_aug_01160.jpg
1161,taxi_recorte_train_0082.jpg,taxi_recorte_aug_01161.jpg,/home/irar/Escritorio/ProyectoTaxiDetector/dataset/positivos/recortes/train/taxi_recorte_train_0082.jpg,/home/irar/Escritorio/ProyectoTaxiDetector/dataset/positivos/recortes/augmented/taxi_recorte_aug_01161.jpg
1162,taxi_recorte_train_0292.jpg,taxi_recorte_aug_01162.jpg,/home/irar/Escritorio/ProyectoTaxiDetector/dataset/positivos/recortes/train/taxi_recorte_train_0292.jpg,/home/irar/Escritorio/ProyectoTaxiDetector/dataset/positivos/recortes/augmented/taxi_recorte_aug_01162.jpg
1163,taxi_recorte_train_0062.jpg,taxi_recorte_aug_01163.jpg,/home/irar/Escritorio/ProyectoTaxiDetector/dataset/positivos/recortes/train/taxi_recorte_train_0062.jpg,/home/irar/Escritorio/ProyectoTaxiDetector/dataset/positivos/recortes/augmented/taxi_recorte_aug_01163.jpg
1164,taxi_recorte_train_0332.jpg,taxi_recorte_aug_01164.jpg,/home/irar/Escritorio/ProyectoTaxiDetector/dataset/positivos/recortes/train/taxi_recorte_train_0332.jpg,/home/irar/Escritorio/ProyectoTaxiDetector/dataset/positivos/recortes/augmented/taxi_recorte_aug_01164.jpg
1165,taxi_recorte_train_0485.jpg,taxi_recorte_aug_01165.jpg,/home/irar/Escritorio/ProyectoTaxiDetector/dataset/positivos/recortes/train/taxi_recorte_train_0485.jpg,/home/irar/Escritorio/ProyectoTaxiDetector/dataset/positivos/recortes/augmented/taxi_recorte_aug_01165.jpg
1166,taxi_recorte_train_0465.jpg,taxi_recorte_aug_01166.jpg,/home/irar/Escritorio/ProyectoTaxiDetector/dataset/positivos/recortes/train/taxi_recorte_train_0465.jpg,/home/irar/Escritorio/ProyectoTaxiDetector/dataset/positivos/recortes/augmented/taxi_recorte_aug_01166.jpg
1167,taxi_recorte_train_0381.jpg,taxi_recorte_aug_01167.jpg,/home/irar/Escritorio/ProyectoTaxiDetector/dataset/positivos/recortes/train/taxi_recorte_train_0381.jpg,/home/irar/Escritorio/ProyectoTaxiDetector/dataset/positivos/recortes/augmented/taxi_recorte_aug_01167.jpg
1168,taxi_recorte_train_0490.jpg,taxi_recorte_aug_01168.jpg,/home/irar/Escritorio/ProyectoTaxiDetector/dataset/positivos/recortes/train/taxi_recorte_train_0490.jpg,/home/irar/Escritorio/ProyectoTaxiDetector/dataset/positivos/recortes/augmented/taxi_recorte_aug_01168.jpg
1169,taxi_recorte_train_0312.jpg,taxi_recorte_aug_01169.jpg,/home/irar/Escritorio/ProyectoTaxiDetector/dataset/positivos/recortes/train/taxi_recorte_train_0312.jpg,/home/irar/Escritorio/ProyectoTaxiDetector/dataset/positivos/recortes/augmented/taxi_recorte_aug_01169.jpg
1170,taxi_recorte_train_0040.jpg,taxi_recorte_aug_01170.jpg,/home/irar/Escritorio/ProyectoTaxiDetector/dataset/positivos/recortes/train/taxi_recorte_train_0040.jpg,/home/irar/Escritorio/ProyectoTaxiDetector/dataset/positivos/recortes/augmented/taxi_recorte_aug_01170.jpg
1171,taxi_recorte_train_0505.jpg,taxi_recorte_aug_01171.jpg,/home/irar/Escritorio/ProyectoTaxiDetector/dataset/positivos/recortes/train/taxi_recorte_train_0505.jpg,/home/irar/Escritorio/ProyectoTaxiDetector/dataset/positivos/recortes/augmented/taxi_recorte_aug_01171.jpg
1172,taxi_recorte_train_0037.jpg,taxi_recorte_aug_01172.jpg,/home/irar/Escritorio/ProyectoTaxiDetector/dataset/positivos/recortes/train/taxi_recorte_train_0037.jpg,/home/irar/Escritorio/ProyectoTaxiDetector/dataset/positivos/recortes/augmented/taxi_recorte_aug_01172.jpg
1173,taxi_recorte_train_0186.jpg,taxi_recorte_aug_01173.jpg,/home/irar/Escritorio/ProyectoTaxiDetector/dataset/positivos/recortes/train/taxi_recorte_train_0186.jpg,/home/irar/Escritorio/ProyectoTaxiDetector/dataset/positivos/recortes/augmented/taxi_recorte_aug_01173.jpg
1174,taxi_recorte_train_0157.jpg,taxi_recorte_aug_01174.jpg,/home/irar/Escritorio/ProyectoTaxiDetector/dataset/positivos/recortes/train/taxi_recorte_train_0157.jpg,/home/irar/Escritorio/ProyectoTaxiDetector/dataset/positivos/recortes/augmented/taxi_recorte_aug_01174.jpg
1175,taxi_recorte_train_0265.jpg,taxi_recorte_aug_01175.jpg,/home/irar/Escritorio/ProyectoTaxiDetector/dataset/positivos/recortes/train/taxi_recorte_train_0265.jpg,/home/irar/Escritorio/ProyectoTaxiDetector/dataset/positivos/recortes/augmented/taxi_recorte_aug_01175.jpg
1176,taxi_recorte_train_0046.jpg,taxi_recorte_aug_01176.jpg,/home/irar/Escritorio/ProyectoTaxiDetector/dataset/positivos/recortes/train/taxi_recorte_train_0046.jpg,/home/irar/Escritorio/ProyectoTaxiDetector/dataset/positivos/recortes/augmented/taxi_recorte_aug_01176.jpg
1177,taxi_recorte_train_0127.jpg,taxi_recorte_aug_01177.jpg,/home/irar/Escritorio/ProyectoTaxiDetector/dataset/positivos/recortes/train/taxi_recorte_train_0127.jpg,/home/irar/Escritorio/ProyectoTaxiDetector/dataset/positivos/recortes/augmented/taxi_recorte_aug_01177.jpg
1178,taxi_recorte_train_0307.jpg,taxi_recorte_aug_01178.jpg,/home/irar/Escritorio/ProyectoTaxiDetector/dataset/positivos/recortes/train/taxi_recorte_train_0307.jpg,/home/irar/Escritorio/ProyectoTaxiDetector/dataset/positivos/recortes/augmented/taxi_recorte_aug_01178.jpg
1179,taxi_recorte_train_0432.jpg,taxi_recorte_aug_01179.jpg,/home/irar/Escritorio/ProyectoTaxiDetector/dataset/positivos/recortes/train/taxi_recorte_train_0432.jpg,/home/irar/Escritorio/ProyectoTaxiDetector/dataset/positivos/recortes/augmented/taxi_recorte_aug_01179.jpg
1180,taxi_recorte_train_0043.jpg,taxi_recorte_aug_01180.jpg,/home/irar/Escritorio/ProyectoTaxiDetector/dataset/positivos/recortes/train/taxi_recorte_train_0043.jpg,/home/irar/Escritorio/ProyectoTaxiDetector/dataset/positivos/recortes/augmented/taxi_recorte_aug_01180.jpg
1181,taxi_recorte_train_0294.jpg,taxi_recorte_aug_01181.jpg,/home/irar/Escritorio/ProyectoTaxiDetector/dataset/positivos/recortes/train/taxi_recorte_train_0294.jpg,/home/irar/Escritorio/ProyectoTaxiDetector/dataset/positivos/recortes/augmented/taxi_recorte_aug_01181.jpg
1182,taxi_recorte_train_0099.jpg,taxi_recorte_aug_01182.jpg,/home/irar/Escritorio/ProyectoTaxiDetector/dataset/positivos/recortes/train/taxi_recorte_train_0099.jpg,/home/irar/Escritorio/ProyectoTaxiDetector/dataset/positivos/recortes/augmented/taxi_recorte_aug_01182.jpg
1183,taxi_recorte_train_0137.jpg,taxi_recorte_aug_01183.jpg,/home/irar/Escritorio/ProyectoTaxiDetector/dataset/positivos/recortes/train/taxi_recorte_train_0137.jpg,/home/irar/Escritorio/ProyectoTaxiDetector/dataset/positivos/recortes/augmented/taxi_recorte_aug_01183.jpg
1184,taxi_recorte_train_0266.jpg,taxi_recorte_aug_01184.jpg,/home/irar/Escritorio/ProyectoTaxiDetector/dataset/positivos/recortes/train/taxi_recorte_train_0266.jpg,/home/irar/Escritorio/ProyectoTaxiDetector/dataset/positivos/recortes/augmented/taxi_recorte_aug_01184.jpg
1185,taxi_recorte_train_0245.jpg,taxi_recorte_aug_01185.jpg,/home/irar/Escritorio/ProyectoTaxiDetector/dataset/positivos/recortes/train/taxi_recorte_train_0245.jpg,/home/irar/Escritorio/ProyectoTaxiDetector/dataset/positivos/recortes/augmented/taxi_recorte_aug_01185.jpg
1186,taxi_recorte_train_0144.jpg,taxi_recorte_aug_01186.jpg,/home/irar/Escritorio/ProyectoTaxiDetector/dataset/positivos/recortes/train/taxi_recorte_train_0144.jpg,/home/irar/Escritorio/ProyectoTaxiDetector/dataset/positivos/recortes/augmented/taxi_recorte_aug_01186.jpg
1187,taxi_recorte_train_0524.jpg,taxi_recorte_aug_01187.jpg,/home/irar/Escritorio/ProyectoTaxiDetector/dataset/positivos/recortes/train/taxi_recorte_train_0524.jpg,/home/irar/Escritorio/ProyectoTaxiDetector/dataset/positivos/recortes/augmented/taxi_recorte_aug_01187.jpg
1188,taxi_recorte_train_0259.jpg,taxi_recorte_aug_01188.jpg,/home/irar/Escritorio/ProyectoTaxiDetector/dataset/positivos/recortes/train/taxi_recorte_train_0259.jpg,/home/irar/Escritorio/ProyectoTaxiDetector/dataset/positivos/recortes/augmented/taxi_recorte_aug_01188.jpg
1189,taxi_recorte_train_0539.jpg,taxi_recorte_aug_01189.jpg,/home/irar/Escritorio/ProyectoTaxiDetector/dataset/positivos/recortes/train/taxi_recorte_train_0539.jpg,/home/irar/Escritorio/ProyectoTaxiDetector/dataset/positivos/recortes/augmented/taxi_recorte_aug_01189.jpg
1190,taxi_recorte_train_0497.jpg,taxi_recorte_aug_01190.jpg,/home/irar/Escritorio/ProyectoTaxiDetector/dataset/positivos/recortes/train/taxi_recorte_train_0497.jpg,/home/irar/Escritorio/ProyectoTaxiDetector/dataset/positivos/recortes/augmented/taxi_recorte_aug_01190.jpg
1191,taxi_recorte_train_0375.jpg,taxi_recorte_aug_01191.jpg,/home/irar/Escritorio/ProyectoTaxiDetector/dataset/positivos/recortes/train/taxi_recorte_train_0375.jpg,/home/irar/Escritorio/ProyectoTaxiDetector/dataset/positivos/recortes/augmented/taxi_recorte_aug_01191.jpg
1192,taxi_recorte_train_0109.jpg,taxi_recorte_aug_01192.jpg,/home/irar/Escritorio/ProyectoTaxiDetector/dataset/positivos/recortes/train/taxi_recorte_train_0109.jpg,/home/irar/Escritorio/ProyectoTaxiDetector/dataset/positivos/recortes/augmented/taxi_recorte_aug_01192.jpg
1193,taxi_recorte_train_0011.jpg,taxi_recorte_aug_01193.jpg,/home/irar/Escritorio/ProyectoTaxiDetector/dataset/positivos/recortes/train/taxi_recorte_train_0011.jpg,/home/irar/Escritorio/ProyectoTaxiDetector/dataset/positivos/recortes/augmented/taxi_recorte_aug_01193.jpg
1194,taxi_recorte_train_0477.jpg,taxi_recorte_aug_01194.jpg,/home/irar/Escritorio/ProyectoTaxiDetector/dataset/positivos/recortes/train/taxi_recorte_train_0477.jpg,/home/irar/Escritorio/ProyectoTaxiDetector/dataset/positivos/recortes/augmented/taxi_recorte_aug_01194.jpg
1195,taxi_recorte_train_0160.jpg,taxi_recorte_aug_01195.jpg,/home/irar/Escritorio/ProyectoTaxiDetector/dataset/positivos/recortes/train/taxi_recorte_train_0160.jpg,/home/irar/Escritorio/ProyectoTaxiDetector/dataset/positivos/recortes/augmented/taxi_recorte_aug_01195.jpg
1196,taxi_recorte_train_0246.jpg,taxi_recorte_aug_01196.jpg,/home/irar/Escritorio/ProyectoTaxiDetector/dataset/positivos/recortes/train/taxi_recorte_train_0246.jpg,/home/irar/Escritorio/ProyectoTaxiDetector/dataset/positivos/recortes/augmented/taxi_recorte_aug_01196.jpg
1197,taxi_recorte_train_0182.jpg,taxi_recorte_aug_01197.jpg,/home/irar/Escritorio/ProyectoTaxiDetector/dataset/positivos/recortes/train/taxi_recorte_train_0182.jpg,/home/irar/Escritorio/ProyectoTaxiDetector/dataset/positivos/recortes/augmented/taxi_recorte_aug_01197.jpg
1198,taxi_recorte_train_0498.jpg,taxi_recorte_aug_01198.jpg,/home/irar/Escritorio/ProyectoTaxiDetector/dataset/positivos/recortes/train/taxi_recorte_train_0498.jpg,/home/irar/Escritorio/ProyectoTaxiDetector/dataset/positivos/recortes/augmented/taxi_recorte_aug_01198.jpg
1199,taxi_recorte_train_0267.jpg,taxi_recorte_aug_01199.jpg,/home/irar/Escritorio/ProyectoTaxiDetector/dataset/positivos/recortes/train/taxi_recorte_train_0267.jpg,/home/irar/Escritorio/ProyectoTaxiDetector/dataset/positivos/recortes/augmented/taxi_recorte_aug_01199.jpg
1200,taxi_recorte_train_0048.jpg,taxi_recorte_aug_01200.jpg,/home/irar/Escritorio/ProyectoTaxiDetector/dataset/positivos/recortes/train/taxi_recorte_train_0048.jpg,/home/irar/Escritorio/ProyectoTaxiDetector/dataset/positivos/recortes/augmented/taxi_recorte_aug_01200.jpg
1201,taxi_recorte_train_0143.jpg,taxi_recorte_aug_01201.jpg,/home/irar/Escritorio/ProyectoTaxiDetector/dataset/positivos/recortes/train/taxi_recorte_train_0143.jpg,/home/irar/Escritorio/ProyectoTaxiDetector/dataset/positivos/recortes/augmented/taxi_recorte_aug_01201.jpg
1202,taxi_recorte_train_0222.jpg,taxi_recorte_aug_01202.jpg,/home/irar/Escritorio/ProyectoTaxiDetector/dataset/positivos/recortes/train/taxi_recorte_train_0222.jpg,/home/irar/Escritorio/ProyectoTaxiDetector/dataset/positivos/recortes/augmented/taxi_recorte_aug_01202.jpg
1203,taxi_recorte_train_0380.jpg,taxi_recorte_aug_01203.jpg,/home/irar/Escritorio/ProyectoTaxiDetector/dataset/positivos/recortes/train/taxi_recorte_train_0380.jpg,/home/irar/Escritorio/ProyectoTaxiDetector/dataset/positivos/recortes/augmented/taxi_recorte_aug_01203.jpg
1204,taxi_recorte_train_0476.jpg,taxi_recorte_aug_01204.jpg,/home/irar/Escritorio/ProyectoTaxiDetector/dataset/positivos/recortes/train/taxi_recorte_train_0476.jpg,/home/irar/Escritorio/ProyectoTaxiDetector/dataset/positivos/recortes/augmented/taxi_recorte_aug_01204.jpg
1205,taxi_recorte_train_0533.jpg,taxi_recorte_aug_01205.jpg,/home/irar/Escritorio/ProyectoTaxiDetector/dataset/positivos/recortes/train/taxi_recorte_train_0533.jpg,/home/irar/Escritorio/ProyectoTaxiDetector/dataset/positivos/recortes/augmented/taxi_recorte_aug_01205.jpg
1206,taxi_recorte_train_0388.jpg,taxi_recorte_aug_01206.jpg,/home/irar/Escritorio/ProyectoTaxiDetector/dataset/positivos/recortes/train/taxi_recorte_train_0388.jpg,/home/irar/Escritorio/ProyectoTaxiDetector/dataset/positivos/recortes/augmented/taxi_recorte_aug_01206.jpg
1207,taxi_recorte_train_0094.jpg,taxi_recorte_aug_01207.jpg,/home/irar/Escritorio/ProyectoTaxiDetector/dataset/positivos/recortes/train/taxi_recorte_train_0094.jpg,/home/irar/Escritorio/ProyectoTaxiDetector/dataset/positivos/recortes/augmented/taxi_recorte_aug_01207.jpg
1208,taxi_recorte_train_0208.jpg,taxi_recorte_aug_01208.jpg,/home/irar/Escritorio/ProyectoTaxiDetector/dataset/positivos/recortes/train/taxi_recorte_train_0208.jpg,/home/irar/Escritorio/ProyectoTaxiDetector/dataset/positivos/recortes/augmented/taxi_recorte_aug_01208.jpg
1209,taxi_recorte_train_0411.jpg,taxi_recorte_aug_01209.jpg,/home/irar/Escritorio/ProyectoTaxiDetector/dataset/positivos/recortes/train/taxi_recorte_train_0411.jpg,/home/irar/Escritorio/ProyectoTaxiDetector/dataset/positivos/recortes/augmented/taxi_recorte_aug_01209.jpg
1210,taxi_recorte_train_0128.jpg,taxi_recorte_aug_01210.jpg,/home/irar/Escritorio/ProyectoTaxiDetector/dataset/positivos/recortes/train/taxi_recorte_train_0128.jpg,/home/irar/Escritorio/ProyectoTaxiDetector/dataset/positivos/recortes/augmented/taxi_recorte_aug_01210.jpg
1211,taxi_recorte_train_0106.jpg,taxi_recorte_aug_01211.jpg,/home/irar/Escritorio/ProyectoTaxiDetector/dataset/positivos/recortes/train/taxi_recorte_train_0106.jpg,/home/irar/Escritorio/ProyectoTaxiDetector/dataset/positivos/recortes/augmented/taxi_recorte_aug_01211.jpg
1212,taxi_recorte_train_0044.jpg,taxi_recorte_aug_01212.jpg,/home/irar/Escritorio/ProyectoTaxiDetector/dataset/positivos/recortes/train/taxi_recorte_train_0044.jpg,/home/irar/Escritorio/ProyectoTaxiDetector/dataset/positivos/recortes/augmented/taxi_recorte_aug_01212.jpg
1213,taxi_recorte_train_0206.jpg,taxi_recorte_aug_01213.jpg,/home/irar/Escritorio/ProyectoTaxiDetector/dataset/positivos/recortes/train/taxi_recorte_train_0206.jpg,/home/irar/Escritorio/ProyectoTaxiDetector/dataset/positivos/recortes/augmented/taxi_recorte_aug_01213.jpg
1214,taxi_recorte_train_0480.jpg,taxi_recorte_aug_01214.jpg,/home/irar/Escritorio/ProyectoTaxiDetector/dataset/positivos/recortes/train/taxi_recorte_train_0480.jpg,/home/irar/Escritorio/ProyectoTaxiDetector/dataset/positivos/recortes/augmented/taxi_recorte_aug_01214.jpg
1215,taxi_recorte_train_0216.jpg,taxi_recorte_aug_01215.jpg,/home/irar/Escritorio/ProyectoTaxiDetector/dataset/positivos/recortes/train/taxi_recorte_train_0216.jpg,/home/irar/Escritorio/ProyectoTaxiDetector/dataset/positivos/recortes/augmented/taxi_recorte_aug_01215.jpg
1216,taxi_recorte_train_0422.jpg,taxi_recorte_aug_01216.jpg,/home/irar/Escritorio/ProyectoTaxiDetector/dataset/positivos/recortes/train/taxi_recorte_train_0422.jpg,/home/irar/Escritorio/ProyectoTaxiDetector/dataset/positivos/recortes/augmented/taxi_recorte_aug_01216.jpg
1217,taxi_recorte_train_0200.jpg,taxi_recorte_aug_01217.jpg,/home/irar/Escritorio/ProyectoTaxiDetector/dataset/positivos/recortes/train/taxi_recorte_train_0200.jpg,/home/irar/Escritorio/ProyectoTaxiDetector/dataset/positivos/recortes/augmented/taxi_recorte_aug_01217.jpg
1218,taxi_recorte_train_0172.jpg,taxi_recorte_aug_01218.jpg,/home/irar/Escritorio/ProyectoTaxiDetector/dataset/positivos/recortes/train/taxi_recorte_train_0172.jpg,/home/irar/Escritorio/ProyectoTaxiDetector/dataset/positivos/recortes/augmented/taxi_recorte_aug_01218.jpg
1219,taxi_recorte_train_0235.jpg,taxi_recorte_aug_01219.jpg,/home/irar/Escritorio/ProyectoTaxiDetector/dataset/positivos/recortes/train/taxi_recorte_train_0235.jpg,/home/irar/Escritorio/ProyectoTaxiDetector/dataset/positivos/recortes/augmented/taxi_recorte_aug_01219.jpg
1220,taxi_recorte_train_0111.jpg,taxi_recorte_aug_01220.jpg,/home/irar/Escritorio/ProyectoTaxiDetector/dataset/positivos/recortes/train/taxi_recorte_train_0111.jpg,/home/irar/Escritorio/ProyectoTaxiDetector/dataset/positivos/recortes/augmented/taxi_recorte_aug_01220.jpg
1221,taxi_recorte_train_0130.jpg,taxi_recorte_aug_01221.jpg,/home/irar/Escritorio/ProyectoTaxiDetector/dataset/positivos/recortes/train/taxi_recorte_train_0130.jpg,/home/irar/Escritorio/ProyectoTaxiDetector/dataset/positivos/recortes/augmented/taxi_recorte_aug_01221.jpg
1222,taxi_recorte_train_0399.jpg,taxi_recorte_aug_01222.jpg,/home/irar/Escritorio/ProyectoTaxiDetector/dataset/positivos/recortes/train/taxi_recorte_train_0399.jpg,/home/irar/Escritorio/ProyectoTaxiDetector/dataset/positivos/recortes/augmented/taxi_recorte_aug_01222.jpg
1223,taxi_recorte_train_0076.jpg,taxi_recorte_aug_01223.jpg,/home/irar/Escritorio/ProyectoTaxiDetector/dataset/positivos/recortes/train/taxi_recorte_train_0076.jpg,/home/irar/Escritorio/ProyectoTaxiDetector/dataset/positivos/recortes/augmented/taxi_recorte_aug_01223.jpg
1224,taxi_recorte_train_0288.jpg,taxi_recorte_aug_01224.jpg,/home/irar/Escritorio/ProyectoTaxiDetector/dataset/positivos/recortes/train/taxi_recorte_train_0288.jpg,/home/irar/Escritorio/ProyectoTaxiDetector/dataset/positivos/recortes/augmented/taxi_recorte_aug_01224.jpg
1225,taxi_recorte_train_0330.jpg,taxi_recorte_aug_01225.jpg,/home/irar/Escritorio/ProyectoTaxiDetector/dataset/positivos/recortes/train/taxi_recorte_train_0330.jpg,/home/irar/Escritorio/ProyectoTaxiDetector/dataset/positivos/recortes/augmented/taxi_recorte_aug_01225.jpg
1226,taxi_recorte_train_0084.jpg,taxi_recorte_aug_01226.jpg,/home/irar/Escritorio/ProyectoTaxiDetector/dataset/positivos/recortes/train/taxi_recorte_train_0084.jpg,/home/irar/Escritorio/ProyectoTaxiDetector/dataset/positivos/recortes/augmented/taxi_recorte_aug_01226.jpg
1227,taxi_recorte_train_0374.jpg,taxi_recorte_aug_01227.jpg,/home/irar/Escritorio/ProyectoTaxiDetector/dataset/positivos/recortes/train/taxi_recorte_train_0374.jpg,/home/irar/Escritorio/ProyectoTaxiDetector/dataset/positivos/recortes/augmented/taxi_recorte_aug_01227.jpg
1228,taxi_recorte_train_0496.jpg,taxi_recorte_aug_01228.jpg,/home/irar/Escritorio/ProyectoTaxiDetector/dataset/positivos/recortes/train/taxi_recorte_train_0496.jpg,/home/irar/Escritorio/ProyectoTaxiDetector/dataset/positivos/recortes/augmented/taxi_recorte_aug_01228.jpg
1229,taxi_recorte_train_0175.jpg,taxi_recorte_aug_01229.jpg,/home/irar/Escritorio/ProyectoTaxiDetector/dataset/positivos/recortes/train/taxi_recorte_train_0175.jpg,/home/irar/Escritorio/ProyectoTaxiDetector/dataset/positivos/recortes/augmented/taxi_recorte_aug_01229.jpg
1230,taxi_recorte_train_0500.jpg,taxi_recorte_aug_01230.jpg,/home/irar/Escritorio/ProyectoTaxiDetector/dataset/positivos/recortes/train/taxi_recorte_train_0500.jpg,/home/irar/Escritorio/ProyectoTaxiDetector/dataset/positivos/recortes/augmented/taxi_recorte_aug_01230.jpg
1231,taxi_recorte_train_0193.jpg,taxi_recorte_aug_01231.jpg,/home/irar/Escritorio/ProyectoTaxiDetector/dataset/positivos/recortes/train/taxi_recorte_train_0193.jpg,/home/irar/Escritorio/ProyectoTaxiDetector/dataset/positivos/recortes/augmented/taxi_recorte_aug_01231.jpg
1232,taxi_recorte_train_0180.jpg,taxi_recorte_aug_01232.jpg,/home/irar/Escritorio/ProyectoTaxiDetector/dataset/positivos/recortes/train/taxi_recorte_train_0180.jpg,/home/irar/Escritorio/ProyectoTaxiDetector/dataset/positivos/recortes/augmented/taxi_recorte_aug_01232.jpg
1233,taxi_recorte_train_0323.jpg,taxi_recorte_aug_01233.jpg,/home/irar/Escritorio/ProyectoTaxiDetector/dataset/positivos/recortes/train/taxi_recorte_train_0323.jpg,/home/irar/Escritorio/ProyectoTaxiDetector/dataset/positivos/recortes/augmented/taxi_recorte_aug_01233.jpg
1234,taxi_recorte_train_0529.jpg,taxi_recorte_aug_01234.jpg,/home/irar/Escritorio/ProyectoTaxiDetector/dataset/positivos/recortes/train/taxi_recorte_train_0529.jpg,/home/irar/Escritorio/ProyectoTaxiDetector/dataset/positivos/recortes/augmented/taxi_recorte_aug_01234.jpg
1235,taxi_recorte_train_0372.jpg,taxi_recorte_aug_01235.jpg,/home/irar/Escritorio/ProyectoTaxiDetector/dataset/positivos/recortes/train/taxi_recorte_train_0372.jpg,/home/irar/Escritorio/ProyectoTaxiDetector/dataset/positivos/recortes/augmented/taxi_recorte_aug_01235.jpg
1236,taxi_recorte_train_0428.jpg,taxi_recorte_aug_01236.jpg,/home/irar/Escritorio/ProyectoTaxiDetector/dataset/positivos/recortes/train/taxi_recorte_train_0428.jpg,/home/irar/Escritorio/ProyectoTaxiDetector/dataset/positivos/recortes/augmented/taxi_recorte_aug_01236.jpg
1237,taxi_recorte_train_0217.jpg,taxi_recorte_aug_01237.jpg,/home/irar/Escritorio/ProyectoTaxiDetector/dataset/positivos/recortes/train/taxi_recorte_train_0217.jpg,/home/irar/Escritorio/ProyectoTaxiDetector/dataset/positivos/recortes/augmented/taxi_recorte_aug_01237.jpg
1238,taxi_recorte_train_0110.jpg,taxi_recorte_aug_01238.jpg,/home/irar/Escritorio/ProyectoTaxiDetector/dataset/positivos/recortes/train/taxi_recorte_train_0110.jpg,/home/irar/Escritorio/ProyectoTaxiDetector/dataset/positivos/recortes/augmented/taxi_recorte_aug_01238.jpg
1239,taxi_recorte_train_0470.jpg,taxi_recorte_aug_01239.jpg,/home/irar/Escritorio/ProyectoTaxiDetector/dataset/positivos/recortes/train/taxi_recorte_train_0470.jpg,/home/irar/Escritorio/ProyectoTaxiDetector/dataset/positivos/recortes/augmented/taxi_recorte_aug_01239.jpg
1240,taxi_recorte_train_0489.jpg,taxi_recorte_aug_01240.jpg,/home/irar/Escritorio/ProyectoTaxiDetector/dataset/positivos/recortes/train/taxi_recorte_train_0489.jpg,/home/irar/Escritorio/ProyectoTaxiDetector/dataset/positivos/recortes/augmented/taxi_recorte_aug_01240.jpg
1241,taxi_recorte_train_0410.jpg,taxi_recorte_aug_01241.jpg,/home/irar/Escritorio/ProyectoTaxiDetector/dataset/positivos/recortes/train/taxi_recorte_train_0410.jpg,/home/irar/Escritorio/ProyectoTaxiDetector/dataset/positivos/recortes/augmented/taxi_recorte_aug_01241.jpg
1242,taxi_recorte_train_0289.jpg,taxi_recorte_aug_01242.jpg,/home/irar/Escritorio/ProyectoTaxiDetector/dataset/positivos/recortes/train/taxi_recorte_train_0289.jpg,/home/irar/Escritorio/ProyectoTaxiDetector/dataset/positivos/recortes/augmented/taxi_recorte_aug_01242.jpg
1243,taxi_recorte_train_0335.jpg,taxi_recorte_aug_01243.jpg,/home/irar/Escritorio/ProyectoTaxiDetector/dataset/positivos/recortes/train/taxi_recorte_train_0335.jpg,/home/irar/Escritorio/ProyectoTaxiDetector/dataset/positivos/recortes/augmented/taxi_recorte_aug_01243.jpg
1244,taxi_recorte_train_0469.jpg,taxi_recorte_aug_01244.jpg,/home/irar/Escritorio/ProyectoTaxiDetector/dataset/positivos/recortes/train/taxi_recorte_train_0469.jpg,/home/irar/Escritorio/ProyectoTaxiDetector/dataset/positivos/recortes/augmented/taxi_recorte_aug_01244.jpg
1245,taxi_recorte_train_0134.jpg,taxi_recorte_aug_01245.jpg,/home/irar/Escritorio/ProyectoTaxiDetector/dataset/positivos/recortes/train/taxi_recorte_train_0134.jpg,/home/irar/Escritorio/ProyectoTaxiDetector/dataset/positivos/recortes/augmented/taxi_recorte_aug_01245.jpg
1246,taxi_recorte_train_0345.jpg,taxi_recorte_aug_01246.jpg,/home/irar/Escritorio/ProyectoTaxiDetector/dataset/positivos/recortes/train/taxi_recorte_train_0345.jpg,/home/irar/Escritorio/ProyectoTaxiDetector/dataset/positivos/recortes/augmented/taxi_recorte_aug_01246.jpg
1247,taxi_recorte_train_0249.jpg,taxi_recorte_aug_01247.jpg,/home/irar/Escritorio/ProyectoTaxiDetector/dataset/positivos/recortes/train/taxi_recorte_train_0249.jpg,/home/irar/Escritorio/ProyectoTaxiDetector/dataset/positivos/recortes/augmented/taxi_recorte_aug_01247.jpg
1248,taxi_recorte_train_0057.jpg,taxi_recorte_aug_01248.jpg,/home/irar/Escritorio/ProyectoTaxiDetector/dataset/positivos/recortes/train/taxi_recorte_train_0057.jpg,/home/irar/Escritorio/ProyectoTaxiDetector/dataset/positivos/recortes/augmented/taxi_recorte_aug_01248.jpg
1249,taxi_recorte_train_0494.jpg,taxi_recorte_aug_01249.jpg,/home/irar/Escritorio/ProyectoTaxiDetector/dataset/positivos/recortes/train/taxi_recorte_train_0494.jpg,/home/irar/Escritorio/ProyectoTaxiDetector/dataset/positivos/recortes/augmented/taxi_recorte_aug_01249.jpg
1250,taxi_recorte_train_0348.jpg,taxi_recorte_aug_01250.jpg,/home/irar/Escritorio/ProyectoTaxiDetector/dataset/positivos/recortes/train/taxi_recorte_train_0348.jpg,/home/irar/Escritorio/ProyectoTaxiDetector/dataset/positivos/recortes/augmented/taxi_recorte_aug_01250.jpg
1251,taxi_recorte_train_0028.jpg,taxi_recorte_aug_01251.jpg,/home/irar/Escritorio/ProyectoTaxiDetector/dataset/positivos/recortes/train/taxi_recorte_train_0028.jpg,/home/irar/Escritorio/ProyectoTaxiDetector/dataset/positivos/recortes/augmented/taxi_recorte_aug_01251.jpg
1252,taxi_recorte_train_0364.jpg,taxi_recorte_aug_01252.jpg,/home/irar/Escritorio/ProyectoTaxiDetector/dataset/positivos/recortes/train/taxi_recorte_train_0364.jpg,/home/irar/Escritorio/ProyectoTaxiDetector/dataset/positivos/recortes/augmented/taxi_recorte_aug_01252.jpg
1253,taxi_recorte_train_0464.jpg,taxi_recorte_aug_01253.jpg,/home/irar/Escritorio/ProyectoTaxiDetector/dataset/positivos/recortes/train/taxi_recorte_train_0464.jpg,/home/irar/Escritorio/ProyectoTaxiDetector/dataset/positivos/recortes/augmented/taxi_recorte_aug_01253.jpg
1254,taxi_recorte_train_0376.jpg,taxi_recorte_aug_01254.jpg,/home/irar/Escritorio/ProyectoTaxiDetector/dataset/positivos/recortes/train/taxi_recorte_train_0376.jpg,/home/irar/Escritorio/ProyectoTaxiDetector/dataset/positivos/recortes/augmented/taxi_recorte_aug_01254.jpg
1255,taxi_recorte_train_0115.jpg,taxi_recorte_aug_01255.jpg,/home/irar/Escritorio/ProyectoTaxiDetector/dataset/positivos/recortes/train/taxi_recorte_train_0115.jpg,/home/irar/Escritorio/ProyectoTaxiDetector/dataset/positivos/recortes/augmented/taxi_recorte_aug_01255.jpg
1256,taxi_recorte_train_0352.jpg,taxi_recorte_aug_01256.jpg,/home/irar/Escritorio/ProyectoTaxiDetector/dataset/positivos/recortes/train/taxi_recorte_train_0352.jpg,/home/irar/Escritorio/ProyectoTaxiDetector/dataset/positivos/recortes/augmented/taxi_recorte_aug_01256.jpg
1257,taxi_recorte_train_0017.jpg,taxi_recorte_aug_01257.jpg,/home/irar/Escritorio/ProyectoTaxiDetector/dataset/positivos/recortes/train/taxi_recorte_train_0017.jpg,/home/irar/Escritorio/ProyectoTaxiDetector/dataset/positivos/recortes/augmented/taxi_recorte_aug_01257.jpg
1258,taxi_recorte_train_0030.jpg,taxi_recorte_aug_01258.jpg,/home/irar/Escritorio/ProyectoTaxiDetector/dataset/positivos/recortes/train/taxi_recorte_train_0030.jpg,/home/irar/Escritorio/ProyectoTaxiDetector/dataset/positivos/recortes/augmented/taxi_recorte_aug_01258.jpg
1259,taxi_recorte_train_0499.jpg,taxi_recorte_aug_01259.jpg,/home/irar/Escritorio/ProyectoTaxiDetector/dataset/positivos/recortes/train/taxi_recorte_train_0499.jpg,/home/irar/Escritorio/ProyectoTaxiDetector/dataset/positivos/recortes/augmented/taxi_recorte_aug_01259.jpg
1260,taxi_recorte_train_0108.jpg,taxi_recorte_aug_01260.jpg,/home/irar/Escritorio/ProyectoTaxiDetector/dataset/positivos/recortes/train/taxi_recorte_train_0108.jpg,/home/irar/Escritorio/ProyectoTaxiDetector/dataset/positivos/recortes/augmented/taxi_recorte_aug_01260.jpg
1261,taxi_recorte_train_0209.jpg,taxi_recorte_aug_01261.jpg,/home/irar/Escritorio/ProyectoTaxiDetector/dataset/positivos/recortes/train/taxi_recorte_train_0209.jpg,/home/irar/Escritorio/ProyectoTaxiDetector/dataset/positivos/recortes/augmented/taxi_recorte_aug_01261.jpg
1262,taxi_recorte_train_0014.jpg,taxi_recorte_aug_01262.jpg,/home/irar/Escritorio/ProyectoTaxiDetector/dataset/positivos/recortes/train/taxi_recorte_train_0014.jpg,/home/irar/Escritorio/ProyectoTaxiDetector/dataset/positivos/recortes/augmented/taxi_recorte_aug_01262.jpg
1263,taxi_recorte_train_0310.jpg,taxi_recorte_aug_01263.jpg,/home/irar/Escritorio/ProyectoTaxiDetector/dataset/positivos/recortes/train/taxi_recorte_train_0310.jpg,/home/irar/Escritorio/ProyectoTaxiDetector/dataset/positivos/recortes/augmented/taxi_recorte_aug_01263.jpg
1264,taxi_recorte_train_0284.jpg,taxi_recorte_aug_01264.jpg,/home/irar/Escritorio/ProyectoTaxiDetector/dataset/positivos/recortes/train/taxi_recorte_train_0284.jpg,/home/irar/Escritorio/ProyectoTaxiDetector/dataset/positivos/recortes/augmented/taxi_recorte_aug_01264.jpg
1265,taxi_recorte_train_0341.jpg,taxi_recorte_aug_01265.jpg,/home/irar/Escritorio/ProyectoTaxiDetector/dataset/positivos/recortes/train/taxi_recorte_train_0341.jpg,/home/irar/Escritorio/ProyectoTaxiDetector/dataset/positivos/recortes/augmented/taxi_recorte_aug_01265.jpg
1266,taxi_recorte_train_0083.jpg,taxi_recorte_aug_01266.jpg,/home/irar/Escritorio/ProyectoTaxiDetector/dataset/positivos/recortes/train/taxi_recorte_train_0083.jpg,/home/irar/Escritorio/ProyectoTaxiDetector/dataset/positivos/recortes/augmented/taxi_recorte_aug_01266.jpg
1267,taxi_recorte_train_0201.jpg,taxi_recorte_aug_01267.jpg,/home/irar/Escritorio/ProyectoTaxiDetector/dataset/positivos/recortes/train/taxi_recorte_train_0201.jpg,/home/irar/Escritorio/ProyectoTaxiDetector/dataset/positivos/recortes/augmented/taxi_recorte_aug_01267.jpg
1268,taxi_recorte_train_0273.jpg,taxi_recorte_aug_01268.jpg,/home/irar/Escritorio/ProyectoTaxiDetector/dataset/positivos/recortes/train/taxi_recorte_train_0273.jpg,/home/irar/Escritorio/ProyectoTaxiDetector/dataset/positivos/recortes/augmented/taxi_recorte_aug_01268.jpg
1269,taxi_recorte_train_0504.jpg,taxi_recorte_aug_01269.jpg,/home/irar/Escritorio/ProyectoTaxiDetector/dataset/positivos/recortes/train/taxi_recorte_train_0504.jpg,/home/irar/Escritorio/ProyectoTaxiDetector/dataset/positivos/recortes/augmented/taxi_recorte_aug_01269.jpg
1270,taxi_recorte_train_0004.jpg,taxi_recorte_aug_01270.jpg,/home/irar/Escritorio/ProyectoTaxiDetector/dataset/positivos/recortes/train/taxi_recorte_train_0004.jpg,/home/irar/Escritorio/ProyectoTaxiDetector/dataset/positivos/recortes/augmented/taxi_recorte_aug_01270.jpg
1271,taxi_recorte_train_0400.jpg,taxi_recorte_aug_01271.jpg,/home/irar/Escritorio/ProyectoTaxiDetector/dataset/positivos/recortes/train/taxi_recorte_train_0400.jpg,/home/irar/Escritorio/ProyectoTaxiDetector/dataset/positivos/recortes/augmented/taxi_recorte_aug_01271.jpg
1272,taxi_recorte_train_0007.jpg,taxi_recorte_aug_01272.jpg,/home/irar/Escritorio/ProyectoTaxiDetector/dataset/positivos/recortes/train/taxi_recorte_train_0007.jpg,/home/irar/Escritorio/ProyectoTaxiDetector/dataset/positivos/recortes/augmented/taxi_recorte_aug_01272.jpg
1273,taxi_recorte_train_0379.jpg,taxi_recorte_aug_01273.jpg,/home/irar/Escritorio/ProyectoTaxiDetector/dataset/positivos/recortes/train/taxi_recorte_train_0379.jpg,/home/irar/Escritorio/ProyectoTaxiDetector/dataset/positivos/recortes/augmented/taxi_recorte_aug_01273.jpg
1274,taxi_recorte_train_0403.jpg,taxi_recorte_aug_01274.jpg,/home/irar/Escritorio/ProyectoTaxiDetector/dataset/positivos/recortes/train/taxi_recorte_train_0403.jpg,/home/irar/Escritorio/ProyectoTaxiDetector/dataset/positivos/recortes/augmented/taxi_recorte_aug_01274.jpg
1275,taxi_recorte_train_0045.jpg,taxi_recorte_aug_01275.jpg,/home/irar/Escritorio/ProyectoTaxiDetector/dataset/positivos/recortes/train/taxi_recorte_train_0045.jpg,/home/irar/Escritorio/ProyectoTaxiDetector/dataset/positivos/recortes/augmented/taxi_recorte_aug_01275.jpg
1276,taxi_recorte_train_0466.jpg,taxi_recorte_aug_01276.jpg,/home/irar/Escritorio/ProyectoTaxiDetector/dataset/positivos/recortes/train/taxi_recorte_train_0466.jpg,/home/irar/Escritorio/ProyectoTaxiDetector/dataset/positivos/recortes/augmented/taxi_recorte_aug_01276.jpg
1277,taxi_recorte_train_0139.jpg,taxi_recorte_aug_01277.jpg,/home/irar/Escritorio/ProyectoTaxiDetector/dataset/positivos/recortes/train/taxi_recorte_train_0139.jpg,/home/irar/Escritorio/ProyectoTaxiDetector/dataset/positivos/recortes/augmented/taxi_recorte_aug_01277.jpg
1278,taxi_recorte_train_0034.jpg,taxi_recorte_aug_01278.jpg,/home/irar/Escritorio/ProyectoTaxiDetector/dataset/positivos/recortes/train/taxi_recorte_train_0034.jpg,/home/irar/Escritorio/ProyectoTaxiDetector/dataset/positivos/recortes/augmented/taxi_recorte_aug_01278.jpg
1279,taxi_recorte_train_0441.jpg,taxi_recorte_aug_01279.jpg,/home/irar/Escritorio/ProyectoTaxiDetector/dataset/positivos/recortes/train/taxi_recorte_train_0441.jpg,/home/irar/Escritorio/ProyectoTaxiDetector/dataset/positivos/recortes/augmented/taxi_recorte_aug_01279.jpg
1280,taxi_recorte_train_0431.jpg,taxi_recorte_aug_01280.jpg,/home/irar/Escritorio/ProyectoTaxiDetector/dataset/positivos/recortes/train/taxi_recorte_train_0431.jpg,/home/irar/Escritorio/ProyectoTaxiDetector/dataset/positivos/recortes/augmented/taxi_recorte_aug_01280.jpg
1281,taxi_recorte_train_0001.jpg,taxi_recorte_aug_01281.jpg,/home/irar/Escritorio/ProyectoTaxiDetector/dataset/positivos/recortes/train/taxi_recorte_train_0001.jpg,/home/irar/Escritorio/ProyectoTaxiDetector/dataset/positivos/recortes/augmented/taxi_recorte_aug_01281.jpg
1282,taxi_recorte_train_0512.jpg,taxi_recorte_aug_01282.jpg,/home/irar/Escritorio/ProyectoTaxiDetector/dataset/positivos/recortes/train/taxi_recorte_train_0512.jpg,/home/irar/Escritorio/ProyectoTaxiDetector/dataset/positivos/recortes/augmented/taxi_recorte_aug_01282.jpg
1283,taxi_recorte_train_0367.jpg,taxi_recorte_aug_01283.jpg,/home/irar/Escritorio/ProyectoTaxiDetector/dataset/positivos/recortes/train/taxi_recorte_train_0367.jpg,/home/irar/Escritorio/ProyectoTaxiDetector/dataset/positivos/recortes/augmented/taxi_recorte_aug_01283.jpg
1284,taxi_recorte_train_0304.jpg,taxi_recorte_aug_01284.jpg,/home/irar/Escritorio/ProyectoTaxiDetector/dataset/positivos/recortes/train/taxi_recorte_train_0304.jpg,/home/irar/Escritorio/ProyectoTaxiDetector/dataset/positivos/recortes/augmented/taxi_recorte_aug_01284.jpg
1285,taxi_recorte_train_0264.jpg,taxi_recorte_aug_01285.jpg,/home/irar/Escritorio/ProyectoTaxiDetector/dataset/positivos/recortes/train/taxi_recorte_train_0264.jpg,/home/irar/Escritorio/ProyectoTaxiDetector/dataset/positivos/recortes/augmented/taxi_recorte_aug_01285.jpg
1286,taxi_recorte_train_0302.jpg,taxi_recorte_aug_01286.jpg,/home/irar/Escritorio/ProyectoTaxiDetector/dataset/positivos/recortes/train/taxi_recorte_train_0302.jpg,/home/irar/Escritorio/ProyectoTaxiDetector/dataset/positivos/recortes/augmented/taxi_recorte_aug_01286.jpg
1287,taxi_recorte_train_0402.jpg,taxi_recorte_aug_01287.jpg,/home/irar/Escritorio/ProyectoTaxiDetector/dataset/positivos/recortes/train/taxi_recorte_train_0402.jpg,/home/irar/Escritorio/ProyectoTaxiDetector/dataset/positivos/recortes/augmented/taxi_recorte_aug_01287.jpg
1288,taxi_recorte_train_0054.jpg,taxi_recorte_aug_01288.jpg,/home/irar/Escritorio/ProyectoTaxiDetector/dataset/positivos/recortes/train/taxi_recorte_train_0054.jpg,/home/irar/Escritorio/ProyectoTaxiDetector/dataset/positivos/recortes/augmented/taxi_recorte_aug_01288.jpg
1289,taxi_recorte_train_0142.jpg,taxi_recorte_aug_01289.jpg,/home/irar/Escritorio/ProyectoTaxiDetector/dataset/positivos/recortes/train/taxi_recorte_train_0142.jpg,/home/irar/Escritorio/ProyectoTaxiDetector/dataset/positivos/recortes/augmented/taxi_recorte_aug_01289.jpg
1290,taxi_recorte_train_0282.jpg,taxi_recorte_aug_01290.jpg,/home/irar/Escritorio/ProyectoTaxiDetector/dataset/positivos/recortes/train/taxi_recorte_train_0282.jpg,/home/irar/Escritorio/ProyectoTaxiDetector/dataset/positivos/recortes/augmented/taxi_recorte_aug_01290.jpg
1291,taxi_recorte_train_0442.jpg,taxi_recorte_aug_01291.jpg,/home/irar/Escritorio/ProyectoTaxiDetector/dataset/positivos/recortes/train/taxi_recorte_train_0442.jpg,/home/irar/Escritorio/ProyectoTaxiDetector/dataset/positivos/recortes/augmented/taxi_recorte_aug_01291.jpg
1292,taxi_recorte_train_0053.jpg,taxi_recorte_aug_01292.jpg,/home/irar/Escritorio/ProyectoTaxiDetector/dataset/positivos/recortes/train/taxi_recorte_train_0053.jpg,/home/irar/Escritorio/ProyectoTaxiDetector/dataset/positivos/recortes/augmented/taxi_recorte_aug_01292.jpg
1293,taxi_recorte_train_0145.jpg,taxi_recorte_aug_01293.jpg,/home/irar/Escritorio/ProyectoTaxiDetector/dataset/positivos/recortes/train/taxi_recorte_train_0145.jpg,/home/irar/Escritorio/ProyectoTaxiDetector/dataset/positivos/recortes/augmented/taxi_recorte_aug_01293.jpg
1294,taxi_recorte_train_0212.jpg,taxi_recorte_aug_01294.jpg,/home/irar/Escritorio/ProyectoTaxiDetector/dataset/positivos/recortes/train/taxi_recorte_train_0212.jpg,/home/irar/Escritorio/ProyectoTaxiDetector/dataset/positivos/recortes/augmented/taxi_recorte_aug_01294.jpg
1295,taxi_recorte_train_0434.jpg,taxi_recorte_aug_01295.jpg,/home/irar/Escritorio/ProyectoTaxiDetector/dataset/positivos/recortes/train/taxi_recorte_train_0434.jpg,/home/irar/Escritorio/ProyectoTaxiDetector/dataset/positivos/recortes/augmented/taxi_recorte_aug_01295.jpg
1296,taxi_recorte_train_0063.jpg,taxi_recorte_aug_01296.jpg,/home/irar/Escritorio/ProyectoTaxiDetector/dataset/positivos/recortes/train/taxi_recorte_train_0063.jpg,/home/irar/Escritorio/ProyectoTaxiDetector/dataset/positivos/recortes/augmented/taxi_recorte_aug_01296.jpg
1297,taxi_recorte_train_0409.jpg,taxi_recorte_aug_01297.jpg,/home/irar/Escritorio/ProyectoTaxiDetector/dataset/positivos/recortes/train/taxi_recorte_train_0409.jpg,/home/irar/Escritorio/ProyectoTaxiDetector/dataset/positivos/recortes/augmented/taxi_recorte_aug_01297.jpg
1298,taxi_recorte_train_0202.jpg,taxi_recorte_aug_01298.jpg,/home/irar/Escritorio/ProyectoTaxiDetector/dataset/positivos/recortes/train/taxi_recorte_train_0202.jpg,/home/irar/Escritorio/ProyectoTaxiDetector/dataset/positivos/recortes/augmented/taxi_recorte_aug_01298.jpg
1299,taxi_recorte_train_0309.jpg,taxi_recorte_aug_01299.jpg,/home/irar/Escritorio/ProyectoTaxiDetector/dataset/positivos/recortes/train/taxi_recorte_train_0309.jpg,/home/irar/Escritorio/ProyectoTaxiDetector/dataset/positivos/recortes/augmented/taxi_recorte_aug_01299.jpg
1300,taxi_recorte_train_0006.jpg,taxi_recorte_aug_01300.jpg,/home/irar/Escritorio/ProyectoTaxiDetector/dataset/positivos/recortes/train/taxi_recorte_train_0006.jpg,/home/irar/Escritorio/ProyectoTaxiDetector/dataset/positivos/recortes/augmented/taxi_recorte_aug_01300.jpg
1301,taxi_recorte_train_0153.jpg,taxi_recorte_aug_01301.jpg,/home/irar/Escritorio/ProyectoTaxiDetector/dataset/positivos/recortes/train/taxi_recorte_train_0153.jpg,/home/irar/Escritorio/ProyectoTaxiDetector/dataset/positivos/recortes/augmented/taxi_recorte_aug_01301.jpg
1302,taxi_recorte_train_0164.jpg,taxi_recorte_aug_01302.jpg,/home/irar/Escritorio/ProyectoTaxiDetector/dataset/positivos/recortes/train/taxi_recorte_train_0164.jpg,/home/irar/Escritorio/ProyectoTaxiDetector/dataset/positivos/recortes/augmented/taxi_recorte_aug_01302.jpg
1303,taxi_recorte_train_0493.jpg,taxi_recorte_aug_01303.jpg,/home/irar/Escritorio/ProyectoTaxiDetector/dataset/positivos/recortes/train/taxi_recorte_train_0493.jpg,/home/irar/Escritorio/ProyectoTaxiDetector/dataset/positivos/recortes/augmented/taxi_recorte_aug_01303.jpg
1304,taxi_recorte_train_0353.jpg,taxi_recorte_aug_01304.jpg,/home/irar/Escritorio/ProyectoTaxiDetector/dataset/positivos/recortes/train/taxi_recorte_train_0353.jpg,/home/irar/Escritorio/ProyectoTaxiDetector/dataset/positivos/recortes/augmented/taxi_recorte_aug_01304.jpg
1305,taxi_recorte_train_0463.jpg,taxi_recorte_aug_01305.jpg,/home/irar/Escritorio/ProyectoTaxiDetector/dataset/positivos/recortes/train/taxi_recorte_train_0463.jpg,/home/irar/Escritorio/ProyectoTaxiDetector/dataset/positivos/recortes/augmented/taxi_recorte_aug_01305.jpg
1306,taxi_recorte_train_0268.jpg,taxi_recorte_aug_01306.jpg,/home/irar/Escritorio/ProyectoTaxiDetector/dataset/positivos/recortes/train/taxi_recorte_train_0268.jpg,/home/irar/Escritorio/ProyectoTaxiDetector/dataset/positivos/recortes/augmented/taxi_recorte_aug_01306.jpg
1307,taxi_recorte_train_0419.jpg,taxi_recorte_aug_01307.jpg,/home/irar/Escritorio/ProyectoTaxiDetector/dataset/positivos/recortes/train/taxi_recorte_train_0419.jpg,/home/irar/Escritorio/ProyectoTaxiDetector/dataset/positivos/recortes/augmented/taxi_recorte_aug_01307.jpg
1308,taxi_recorte_train_0395.jpg,taxi_recorte_aug_01308.jpg,/home/irar/Escritorio/ProyectoTaxiDetector/dataset/positivos/recortes/train/taxi_recorte_train_0395.jpg,/home/irar/Escritorio/ProyectoTaxiDetector/dataset/positivos/recortes/augmented/taxi_recorte_aug_01308.jpg
1309,taxi_recorte_train_0412.jpg,taxi_recorte_aug_01309.jpg,/home/irar/Escritorio/ProyectoTaxiDetector/dataset/positivos/recortes/train/taxi_recorte_train_0412.jpg,/home/irar/Escritorio/ProyectoTaxiDetector/dataset/positivos/recortes/augmented/taxi_recorte_aug_01309.jpg
1310,taxi_recorte_train_0032.jpg,taxi_recorte_aug_01310.jpg,/home/irar/Escritorio/ProyectoTaxiDetector/dataset/positivos/recortes/train/taxi_recorte_train_0032.jpg,/home/irar/Escritorio/ProyectoTaxiDetector/dataset/positivos/recortes/augmented/taxi_recorte_aug_01310.jpg
1311,taxi_recorte_train_0049.jpg,taxi_recorte_aug_01311.jpg,/home/irar/Escritorio/ProyectoTaxiDetector/dataset/positivos/recortes/train/taxi_recorte_train_0049.jpg,/home/irar/Escritorio/ProyectoTaxiDetector/dataset/positivos/recortes/augmented/taxi_recorte_aug_01311.jpg
1312,taxi_recorte_train_0378.jpg,taxi_recorte_aug_01312.jpg,/home/irar/Escritorio/ProyectoTaxiDetector/dataset/positivos/recortes/train/taxi_recorte_train_0378.jpg,/home/irar/Escritorio/ProyectoTaxiDetector/dataset/positivos/recortes/augmented/taxi_recorte_aug_01312.jpg
1313,taxi_recorte_train_0408.jpg,taxi_recorte_aug_01313.jpg,/home/irar/Escritorio/ProyectoTaxiDetector/dataset/positivos/recortes/train/taxi_recorte_train_0408.jpg,/home/irar/Escritorio/ProyectoTaxiDetector/dataset/positivos/recortes/augmented/taxi_recorte_aug_01313.jpg
1314,taxi_recorte_train_0016.jpg,taxi_recorte_aug_01314.jpg,/home/irar/Escritorio/ProyectoTaxiDetector/dataset/positivos/recortes/train/taxi_recorte_train_0016.jpg,/home/irar/Escritorio/ProyectoTaxiDetector/dataset/positivos/recortes/augmented/taxi_recorte_aug_01314.jpg
1315,taxi_recorte_train_0092.jpg,taxi_recorte_aug_01315.jpg,/home/irar/Escritorio/ProyectoTaxiDetector/dataset/positivos/recortes/train/taxi_recorte_train_0092.jpg,/home/irar/Escritorio/ProyectoTaxiDetector/dataset/positivos/recortes/augmented/taxi_recorte_aug_01315.jpg
1316,taxi_recorte_train_0166.jpg,taxi_recorte_aug_01316.jpg,/home/irar/Escritorio/ProyectoTaxiDetector/dataset/positivos/recortes/train/taxi_recorte_train_0166.jpg,/home/irar/Escritorio/ProyectoTaxiDetector/dataset/positivos/recortes/augmented/taxi_recorte_aug_01316.jpg
1317,taxi_recorte_train_0538.jpg,taxi_recorte_aug_01317.jpg,/home/irar/Escritorio/ProyectoTaxiDetector/dataset/positivos/recortes/train/taxi_recorte_train_0538.jpg,/home/irar/Escritorio/ProyectoTaxiDetector/dataset/positivos/recortes/augmented/taxi_recorte_aug_01317.jpg
1318,taxi_recorte_train_0305.jpg,taxi_recorte_aug_01318.jpg,/home/irar/Escritorio/ProyectoTaxiDetector/dataset/positivos/recortes/train/taxi_recorte_train_0305.jpg,/home/irar/Escritorio/ProyectoTaxiDetector/dataset/positivos/recortes/augmented/taxi_recorte_aug_01318.jpg
1319,taxi_recorte_train_0427.jpg,taxi_recorte_aug_01319.jpg,/home/irar/Escritorio/ProyectoTaxiDetector/dataset/positivos/recortes/train/taxi_recorte_train_0427.jpg,/home/irar/Escritorio/ProyectoTaxiDetector/dataset/positivos/recortes/augmented/taxi_recorte_aug_01319.jpg
1320,taxi_recorte_train_0176.jpg,taxi_recorte_aug_01320.jpg,/home/irar/Escritorio/ProyectoTaxiDetector/dataset/positivos/recortes/train/taxi_recorte_train_0176.jpg,/home/irar/Escritorio/ProyectoTaxiDetector/dataset/positivos/recortes/augmented/taxi_recorte_aug_01320.jpg
1321,taxi_recorte_train_0252.jpg,taxi_recorte_aug_01321.jpg,/home/irar/Escritorio/ProyectoTaxiDetector/dataset/positivos/recortes/train/taxi_recorte_train_0252.jpg,/home/irar/Escritorio/ProyectoTaxiDetector/dataset/positivos/recortes/augmented/taxi_recorte_aug_01321.jpg
1322,taxi_recorte_train_0392.jpg,taxi_recorte_aug_01322.jpg,/home/irar/Escritorio/ProyectoTaxiDetector/dataset/positivos/recortes/train/taxi_recorte_train_0392.jpg,/home/irar/Escritorio/ProyectoTaxiDetector/dataset/positivos/recortes/augmented/taxi_recorte_aug_01322.jpg
1323,taxi_recorte_train_0219.jpg,taxi_recorte_aug_01323.jpg,/home/irar/Escritorio/ProyectoTaxiDetector/dataset/positivos/recortes/train/taxi_recorte_train_0219.jpg,/home/irar/Escritorio/ProyectoTaxiDetector/dataset/positivos/recortes/augmented/taxi_recorte_aug_01323.jpg
1324,taxi_recorte_train_0061.jpg,taxi_recorte_aug_01324.jpg,/home/irar/Escritorio/ProyectoTaxiDetector/dataset/positivos/recortes/train/taxi_recorte_train_0061.jpg,/home/irar/Escritorio/ProyectoTaxiDetector/dataset/positivos/recortes/augmented/taxi_recorte_aug_01324.jpg
1325,taxi_recorte_train_0298.jpg,taxi_recorte_aug_01325.jpg,/home/irar/Escritorio/ProyectoTaxiDetector/dataset/positivos/recortes/train/taxi_recorte_train_0298.jpg,/home/irar/Escritorio/ProyectoTaxiDetector/dataset/positivos/recortes/augmented/taxi_recorte_aug_01325.jpg
1326,taxi_recorte_train_0287.jpg,taxi_recorte_aug_01326.jpg,/home/irar/Escritorio/ProyectoTaxiDetector/dataset/positivos/recortes/train/taxi_recorte_train_0287.jpg,/home/irar/Escritorio/ProyectoTaxiDetector/dataset/positivos/recortes/augmented/taxi_recorte_aug_01326.jpg
1327,taxi_recorte_train_0369.jpg,taxi_recorte_aug_01327.jpg,/home/irar/Escritorio/ProyectoTaxiDetector/dataset/positivos/recortes/train/taxi_recorte_train_0369.jpg,/home/irar/Escritorio/ProyectoTaxiDetector/dataset/positivos/recortes/augmented/taxi_recorte_aug_01327.jpg
1328,taxi_recorte_train_0095.jpg,taxi_recorte_aug_01328.jpg,/home/irar/Escritorio/ProyectoTaxiDetector/dataset/positivos/recortes/train/taxi_recorte_train_0095.jpg,/home/irar/Escritorio/ProyectoTaxiDetector/dataset/positivos/recortes/augmented/taxi_recorte_aug_01328.jpg
1329,taxi_recorte_train_0365.jpg,taxi_recorte_aug_01329.jpg,/home/irar/Escritorio/ProyectoTaxiDetector/dataset/positivos/recortes/train/taxi_recorte_train_0365.jpg,/home/irar/Escritorio/ProyectoTaxiDetector/dataset/positivos/recortes/augmented/taxi_recorte_aug_01329.jpg
1330,taxi_recorte_train_0009.jpg,taxi_recorte_aug_01330.jpg,/home/irar/Escritorio/ProyectoTaxiDetector/dataset/positivos/recortes/train/taxi_recorte_train_0009.jpg,/home/irar/Escritorio/ProyectoTaxiDetector/dataset/positivos/recortes/augmented/taxi_recorte_aug_01330.jpg
1331,taxi_recorte_train_0269.jpg,taxi_recorte_aug_01331.jpg,/home/irar/Escritorio/ProyectoTaxiDetector/dataset/positivos/recortes/train/taxi_recorte_train_0269.jpg,/home/irar/Escritorio/ProyectoTaxiDetector/dataset/positivos/recortes/augmented/taxi_recorte_aug_01331.jpg
1332,taxi_recorte_train_0244.jpg,taxi_recorte_aug_01332.jpg,/home/irar/Escritorio/ProyectoTaxiDetector/dataset/positivos/recortes/train/taxi_recorte_train_0244.jpg,/home/irar/Escritorio/ProyectoTaxiDetector/dataset/positivos/recortes/augmented/taxi_recorte_aug_01332.jpg
1333,taxi_recorte_train_0450.jpg,taxi_recorte_aug_01333.jpg,/home/irar/Escritorio/ProyectoTaxiDetector/dataset/positivos/recortes/train/taxi_recorte_train_0450.jpg,/home/irar/Escritorio/ProyectoTaxiDetector/dataset/positivos/recortes/augmented/taxi_recorte_aug_01333.jpg
1334,taxi_recorte_train_0105.jpg,taxi_recorte_aug_01334.jpg,/home/irar/Escritorio/ProyectoTaxiDetector/dataset/positivos/recortes/train/taxi_recorte_train_0105.jpg,/home/irar/Escritorio/ProyectoTaxiDetector/dataset/positivos/recortes/augmented/taxi_recorte_aug_01334.jpg
1335,taxi_recorte_train_0534.jpg,taxi_recorte_aug_01335.jpg,/home/irar/Escritorio/ProyectoTaxiDetector/dataset/positivos/recortes/train/taxi_recorte_train_0534.jpg,/home/irar/Escritorio/ProyectoTaxiDetector/dataset/positivos/recortes/augmented/taxi_recorte_aug_01335.jpg
1336,taxi_recorte_train_0397.jpg,taxi_recorte_aug_01336.jpg,/home/irar/Escritorio/ProyectoTaxiDetector/dataset/positivos/recortes/train/taxi_recorte_train_0397.jpg,/home/irar/Escritorio/ProyectoTaxiDetector/dataset/positivos/recortes/augmented/taxi_recorte_aug_01336.jpg
1337,taxi_recorte_train_0214.jpg,taxi_recorte_aug_01337.jpg,/home/irar/Escritorio/ProyectoTaxiDetector/dataset/positivos/recortes/train/taxi_recorte_train_0214.jpg,/home/irar/Escritorio/ProyectoTaxiDetector/dataset/positivos/recortes/augmented/taxi_recorte_aug_01337.jpg
1338,taxi_recorte_train_0339.jpg,taxi_recorte_aug_01338.jpg,/home/irar/Escritorio/ProyectoTaxiDetector/dataset/positivos/recortes/train/taxi_recorte_train_0339.jpg,/home/irar/Escritorio/ProyectoTaxiDetector/dataset/positivos/recortes/augmented/taxi_recorte_aug_01338.jpg
1339,taxi_recorte_train_0503.jpg,taxi_recorte_aug_01339.jpg,/home/irar/Escritorio/ProyectoTaxiDetector/dataset/positivos/recortes/train/taxi_recorte_train_0503.jpg,/home/irar/Escritorio/ProyectoTaxiDetector/dataset/positivos/recortes/augmented/taxi_recorte_aug_01339.jpg
1340,taxi_recorte_train_0107.jpg,taxi_recorte_aug_01340.jpg,/home/irar/Escritorio/ProyectoTaxiDetector/dataset/positivos/recortes/train/taxi_recorte_train_0107.jpg,/home/irar/Escritorio/ProyectoTaxiDetector/dataset/positivos/recortes/augmented/taxi_recorte_aug_01340.jpg
1341,taxi_recorte_train_0366.jpg,taxi_recorte_aug_01341.jpg,/home/irar/Escritorio/ProyectoTaxiDetector/dataset/positivos/recortes/train/taxi_recorte_train_0366.jpg,/home/irar/Escritorio/ProyectoTaxiDetector/dataset/positivos/recortes/augmented/taxi_recorte_aug_01341.jpg
1342,taxi_recorte_train_0460.jpg,taxi_recorte_aug_01342.jpg,/home/irar/Escritorio/ProyectoTaxiDetector/dataset/positivos/recortes/train/taxi_recorte_train_0460.jpg,/home/irar/Escritorio/ProyectoTaxiDetector/dataset/positivos/recortes/augmented/taxi_recorte_aug_01342.jpg
1343,taxi_recorte_train_0215.jpg,taxi_recorte_aug_01343.jpg,/home/irar/Escritorio/ProyectoTaxiDetector/dataset/positivos/recortes/train/taxi_recorte_train_0215.jpg,/home/irar/Escritorio/ProyectoTaxiDetector/dataset/positivos/recortes/augmented/taxi_recorte_aug_01343.jpg
1344,taxi_recorte_train_0190.jpg,taxi_recorte_aug_01344.jpg,/home/irar/Escritorio/ProyectoTaxiDetector/dataset/positivos/recortes/train/taxi_recorte_train_0190.jpg,/home/irar/Escritorio/ProyectoTaxiDetector/dataset/positivos/recortes/augmented/taxi_recorte_aug_01344.jpg
1345,taxi_recorte_train_0285.jpg,taxi_recorte_aug_01345.jpg,/home/irar/Escritorio/ProyectoTaxiDetector/dataset/positivos/recortes/train/taxi_recorte_train_0285.jpg,/home/irar/Escritorio/ProyectoTaxiDetector/dataset/positivos/recortes/augmented/taxi_recorte_aug_01345.jpg
1346,taxi_recorte_train_0199.jpg,taxi_recorte_aug_01346.jpg,/home/irar/Escritorio/ProyectoTaxiDetector/dataset/positivos/recortes/train/taxi_recorte_train_0199.jpg,/home/irar/Escritorio/ProyectoTaxiDetector/dataset/positivos/recortes/augmented/taxi_recorte_aug_01346.jpg
1347,taxi_recorte_train_0070.jpg,taxi_recorte_aug_01347.jpg,/home/irar/Escritorio/ProyectoTaxiDetector/dataset/positivos/recortes/train/taxi_recorte_train_0070.jpg,/home/irar/Escritorio/ProyectoTaxiDetector/dataset/positivos/recortes/augmented/taxi_recorte_aug_01347.jpg
1348,taxi_recorte_train_0423.jpg,taxi_recorte_aug_01348.jpg,/home/irar/Escritorio/ProyectoTaxiDetector/dataset/positivos/recortes/train/taxi_recorte_train_0423.jpg,/home/irar/Escritorio/ProyectoTaxiDetector/dataset/positivos/recortes/augmented/taxi_recorte_aug_01348.jpg
1349,taxi_recorte_train_0413.jpg,taxi_recorte_aug_01349.jpg,/home/irar/Escritorio/ProyectoTaxiDetector/dataset/positivos/recortes/train/taxi_recorte_train_0413.jpg,/home/irar/Escritorio/ProyectoTaxiDetector/dataset/positivos/recortes/augmented/taxi_recorte_aug_01349.jpg
1350,taxi_recorte_train_0456.jpg,taxi_recorte_aug_01350.jpg,/home/irar/Escritorio/ProyectoTaxiDetector/dataset/positivos/recortes/train/taxi_recorte_train_0456.jpg,/home/irar/Escritorio/ProyectoTaxiDetector/dataset/positivos/recortes/augmented/taxi_recorte_aug_01350.jpg
1351,taxi_recorte_train_0253.jpg,taxi_recorte_aug_01351.jpg,/home/irar/Escritorio/ProyectoTaxiDetector/dataset/positivos/recortes/train/taxi_recorte_train_0253.jpg,/home/irar/Escritorio/ProyectoTaxiDetector/dataset/positivos/recortes/augmented/taxi_recorte_aug_01351.jpg
1352,taxi_recorte_train_0156.jpg,taxi_recorte_aug_01352.jpg,/home/irar/Escritorio/ProyectoTaxiDetector/dataset/positivos/recortes/train/taxi_recorte_train_0156.jpg,/home/irar/Escritorio/ProyectoTaxiDetector/dataset/positivos/recortes/augmented/taxi_recorte_aug_01352.jpg
1353,taxi_recorte_train_0020.jpg,taxi_recorte_aug_01353.jpg,/home/irar/Escritorio/ProyectoTaxiDetector/dataset/positivos/recortes/train/taxi_recorte_train_0020.jpg,/home/irar/Escritorio/ProyectoTaxiDetector/dataset/positivos/recortes/augmented/taxi_recorte_aug_01353.jpg
1354,taxi_recorte_train_0405.jpg,taxi_recorte_aug_01354.jpg,/home/irar/Escritorio/ProyectoTaxiDetector/dataset/positivos/recortes/train/taxi_recorte_train_0405.jpg,/home/irar/Escritorio/ProyectoTaxiDetector/dataset/positivos/recortes/augmented/taxi_recorte_aug_01354.jpg
1355,taxi_recorte_train_0519.jpg,taxi_recorte_aug_01355.jpg,/home/irar/Escritorio/ProyectoTaxiDetector/dataset/positivos/recortes/train/taxi_recorte_train_0519.jpg,/home/irar/Escritorio/ProyectoTaxiDetector/dataset/positivos/recortes/augmented/taxi_recorte_aug_01355.jpg
1356,taxi_recorte_train_0060.jpg,taxi_recorte_aug_01356.jpg,/home/irar/Escritorio/ProyectoTaxiDetector/dataset/positivos/recortes/train/taxi_recorte_train_0060.jpg,/home/irar/Escritorio/ProyectoTaxiDetector/dataset/positivos/recortes/augmented/taxi_recorte_aug_01356.jpg
1357,taxi_recorte_train_0451.jpg,taxi_recorte_aug_01357.jpg,/home/irar/Escritorio/ProyectoTaxiDetector/dataset/positivos/recortes/train/taxi_recorte_train_0451.jpg,/home/irar/Escritorio/ProyectoTaxiDetector/dataset/positivos/recortes/augmented/taxi_recorte_aug_01357.jpg
1358,taxi_recorte_train_0357.jpg,taxi_recorte_aug_01358.jpg,/home/irar/Escritorio/ProyectoTaxiDetector/dataset/positivos/recortes/train/taxi_recorte_train_0357.jpg,/home/irar/Escritorio/ProyectoTaxiDetector/dataset/positivos/recortes/augmented/taxi_recorte_aug_01358.jpg
1359,taxi_recorte_train_0238.jpg,taxi_recorte_aug_01359.jpg,/home/irar/Escritorio/ProyectoTaxiDetector/dataset/positivos/recortes/train/taxi_recorte_train_0238.jpg,/home/irar/Escritorio/ProyectoTaxiDetector/dataset/positivos/recortes/augmented/taxi_recorte_aug_01359.jpg
1360,taxi_recorte_train_0033.jpg,taxi_recorte_aug_01360.jpg,/home/irar/Escritorio/ProyectoTaxiDetector/dataset/positivos/recortes/train/taxi_recorte_train_0033.jpg,/home/irar/Escritorio/ProyectoTaxiDetector/dataset/positivos/recortes/augmented/taxi_recorte_aug_01360.jpg
1361,taxi_recorte_train_0114.jpg,taxi_recorte_aug_01361.jpg,/home/irar/Escritorio/ProyectoTaxiDetector/dataset/positivos/recortes/train/taxi_recorte_train_0114.jpg,/home/irar/Escritorio/ProyectoTaxiDetector/dataset/positivos/recortes/augmented/taxi_recorte_aug_01361.jpg
1362,taxi_recorte_train_0314.jpg,taxi_recorte_aug_01362.jpg,/home/irar/Escritorio/ProyectoTaxiDetector/dataset/positivos/recortes/train/taxi_recorte_train_0314.jpg,/home/irar/Escritorio/ProyectoTaxiDetector/dataset/positivos/recortes/augmented/taxi_recorte_aug_01362.jpg
1363,taxi_recorte_train_0013.jpg,taxi_recorte_aug_01363.jpg,/home/irar/Escritorio/ProyectoTaxiDetector/dataset/positivos/recortes/train/taxi_recorte_train_0013.jpg,/home/irar/Escritorio/ProyectoTaxiDetector/dataset/positivos/recortes/augmented/taxi_recorte_aug_01363.jpg
1364,taxi_recorte_train_0242.jpg,taxi_recorte_aug_01364.jpg,/home/irar/Escritorio/ProyectoTaxiDetector/dataset/positivos/recortes/train/taxi_recorte_train_0242.jpg,/home/irar/Escritorio/ProyectoTaxiDetector/dataset/positivos/recortes/augmented/taxi_recorte_aug_01364.jpg
1365,taxi_recorte_train_0486.jpg,taxi_recorte_aug_01365.jpg,/home/irar/Escritorio/ProyectoTaxiDetector/dataset/positivos/recortes/train/taxi_recorte_train_0486.jpg,/home/irar/Escritorio/ProyectoTaxiDetector/dataset/positivos/recortes/augmented/taxi_recorte_aug_01365.jpg
1366,taxi_recorte_train_0056.jpg,taxi_recorte_aug_01366.jpg,/home/irar/Escritorio/ProyectoTaxiDetector/dataset/positivos/recortes/train/taxi_recorte_train_0056.jpg,/home/irar/Escritorio/ProyectoTaxiDetector/dataset/positivos/recortes/augmented/taxi_recorte_aug_01366.jpg
1367,taxi_recorte_train_0191.jpg,taxi_recorte_aug_01367.jpg,/home/irar/Escritorio/ProyectoTaxiDetector/dataset/positivos/recortes/train/taxi_recorte_train_0191.jpg,/home/irar/Escritorio/ProyectoTaxiDetector/dataset/positivos/recortes/augmented/taxi_recorte_aug_01367.jpg
1368,taxi_recorte_train_0471.jpg,taxi_recorte_aug_01368.jpg,/home/irar/Escritorio/ProyectoTaxiDetector/dataset/positivos/recortes/train/taxi_recorte_train_0471.jpg,/home/irar/Escritorio/ProyectoTaxiDetector/dataset/positivos/recortes/augmented/taxi_recorte_aug_01368.jpg
1369,taxi_recorte_train_0135.jpg,taxi_recorte_aug_01369.jpg,/home/irar/Escritorio/ProyectoTaxiDetector/dataset/positivos/recortes/train/taxi_recorte_train_0135.jpg,/home/irar/Escritorio/ProyectoTaxiDetector/dataset/positivos/recortes/augmented/taxi_recorte_aug_01369.jpg
1370,taxi_recorte_train_0189.jpg,taxi_recorte_aug_01370.jpg,/home/irar/Escritorio/ProyectoTaxiDetector/dataset/positivos/recortes/train/taxi_recorte_train_0189.jpg,/home/irar/Escritorio/ProyectoTaxiDetector/dataset/positivos/recortes/augmented/taxi_recorte_aug_01370.jpg
1371,taxi_recorte_train_0233.jpg,taxi_recorte_aug_01371.jpg,/home/irar/Escritorio/ProyectoTaxiDetector/dataset/positivos/recortes/train/taxi_recorte_train_0233.jpg,/home/irar/Escritorio/ProyectoTaxiDetector/dataset/positivos/recortes/augmented/taxi_recorte_aug_01371.jpg
1372,taxi_recorte_train_0064.jpg,taxi_recorte_aug_01372.jpg,/home/irar/Escritorio/ProyectoTaxiDetector/dataset/positivos/recortes/train/taxi_recorte_train_0064.jpg,/home/irar/Escritorio/ProyectoTaxiDetector/dataset/positivos/recortes/augmented/taxi_recorte_aug_01372.jpg
1373,taxi_recorte_train_0275.jpg,taxi_recorte_aug_01373.jpg,/home/irar/Escritorio/ProyectoTaxiDetector/dataset/positivos/recortes/train/taxi_recorte_train_0275.jpg,/home/irar/Escritorio/ProyectoTaxiDetector/dataset/positivos/recortes/augmented/taxi_recorte_aug_01373.jpg
1374,taxi_recorte_train_0506.jpg,taxi_recorte_aug_01374.jpg,/home/irar/Escritorio/ProyectoTaxiDetector/dataset/positivos/recortes/train/taxi_recorte_train_0506.jpg,/home/irar/Escritorio/ProyectoTaxiDetector/dataset/positivos/recortes/augmented/taxi_recorte_aug_01374.jpg
1375,taxi_recorte_train_0454.jpg,taxi_recorte_aug_01375.jpg,/home/irar/Escritorio/ProyectoTaxiDetector/dataset/positivos/recortes/train/taxi_recorte_train_0454.jpg,/home/irar/Escritorio/ProyectoTaxiDetector/dataset/positivos/recortes/augmented/taxi_recorte_aug_01375.jpg
1376,taxi_recorte_train_0343.jpg,taxi_recorte_aug_01376.jpg,/home/irar/Escritorio/ProyectoTaxiDetector/dataset/positivos/recortes/train/taxi_recorte_train_0343.jpg,/home/irar/Escritorio/ProyectoTaxiDetector/dataset/positivos/recortes/augmented/taxi_recorte_aug_01376.jpg
1377,taxi_recorte_train_0316.jpg,taxi_recorte_aug_01377.jpg,/home/irar/Escritorio/ProyectoTaxiDetector/dataset/positivos/recortes/train/taxi_recorte_train_0316.jpg,/home/irar/Escritorio/ProyectoTaxiDetector/dataset/positivos/recortes/augmented/taxi_recorte_aug_01377.jpg
1378,taxi_recorte_train_0308.jpg,taxi_recorte_aug_01378.jpg,/home/irar/Escritorio/ProyectoTaxiDetector/dataset/positivos/recortes/train/taxi_recorte_train_0308.jpg,/home/irar/Escritorio/ProyectoTaxiDetector/dataset/positivos/recortes/augmented/taxi_recorte_aug_01378.jpg
1379,taxi_recorte_train_0286.jpg,taxi_recorte_aug_01379.jpg,/home/irar/Escritorio/ProyectoTaxiDetector/dataset/positivos/recortes/train/taxi_recorte_train_0286.jpg,/home/irar/Escritorio/ProyectoTaxiDetector/dataset/positivos/recortes/augmented/taxi_recorte_aug_01379.jpg
1380,taxi_recorte_train_0440.jpg,taxi_recorte_aug_01380.jpg,/home/irar/Escritorio/ProyectoTaxiDetector/dataset/positivos/recortes/train/taxi_recorte_train_0440.jpg,/home/irar/Escritorio/ProyectoTaxiDetector/dataset/positivos/recortes/augmented/taxi_recorte_aug_01380.jpg
1381,taxi_recorte_train_0116.jpg,taxi_recorte_aug_01381.jpg,/home/irar/Escritorio/ProyectoTaxiDetector/dataset/positivos/recortes/train/taxi_recorte_train_0116.jpg,/home/irar/Escritorio/ProyectoTaxiDetector/dataset/positivos/recortes/augmented/taxi_recorte_aug_01381.jpg
1382,taxi_recorte_train_0073.jpg,taxi_recorte_aug_01382.jpg,/home/irar/Escritorio/ProyectoTaxiDetector/dataset/positivos/recortes/train/taxi_recorte_train_0073.jpg,/home/irar/Escritorio/ProyectoTaxiDetector/dataset/positivos/recortes/augmented/taxi_recorte_aug_01382.jpg
1383,taxi_recorte_train_0447.jpg,taxi_recorte_aug_01383.jpg,/home/irar/Escritorio/ProyectoTaxiDetector/dataset/positivos/recortes/train/taxi_recorte_train_0447.jpg,/home/irar/Escritorio/ProyectoTaxiDetector/dataset/positivos/recortes/augmented/taxi_recorte_aug_01383.jpg
1384,taxi_recorte_train_0240.jpg,taxi_recorte_aug_01384.jpg,/home/irar/Escritorio/ProyectoTaxiDetector/dataset/positivos/recortes/train/taxi_recorte_train_0240.jpg,/home/irar/Escritorio/ProyectoTaxiDetector/dataset/positivos/recortes/augmented/taxi_recorte_aug_01384.jpg
1385,taxi_recorte_train_0059.jpg,taxi_recorte_aug_01385.jpg,/home/irar/Escritorio/ProyectoTaxiDetector/dataset/positivos/recortes/train/taxi_recorte_train_0059.jpg,/home/irar/Escritorio/ProyectoTaxiDetector/dataset/positivos/recortes/augmented/taxi_recorte_aug_01385.jpg
1386,taxi_recorte_train_0443.jpg,taxi_recorte_aug_01386.jpg,/home/irar/Escritorio/ProyectoTaxiDetector/dataset/positivos/recortes/train/taxi_recorte_train_0443.jpg,/home/irar/Escritorio/ProyectoTaxiDetector/dataset/positivos/recortes/augmented/taxi_recorte_aug_01386.jpg
1387,taxi_recorte_train_0315.jpg,taxi_recorte_aug_01387.jpg,/home/irar/Escritorio/ProyectoTaxiDetector/dataset/positivos/recortes/train/taxi_recorte_train_0315.jpg,/home/irar/Escritorio/ProyectoTaxiDetector/dataset/positivos/recortes/augmented/taxi_recorte_aug_01387.jpg
1388,taxi_recorte_train_0247.jpg,taxi_recorte_aug_01388.jpg,/home/irar/Escritorio/ProyectoTaxiDetector/dataset/positivos/recortes/train/taxi_recorte_train_0247.jpg,/home/irar/Escritorio/ProyectoTaxiDetector/dataset/positivos/recortes/augmented/taxi_recorte_aug_01388.jpg
1389,taxi_recorte_train_0132.jpg,taxi_recorte_aug_01389.jpg,/home/irar/Escritorio/ProyectoTaxiDetector/dataset/positivos/recortes/train/taxi_recorte_train_0132.jpg,/home/irar/Escritorio/ProyectoTaxiDetector/dataset/positivos/recortes/augmented/taxi_recorte_aug_01389.jpg
1390,taxi_recorte_train_0085.jpg,taxi_recorte_aug_01390.jpg,/home/irar/Escritorio/ProyectoTaxiDetector/dataset/positivos/recortes/train/taxi_recorte_train_0085.jpg,/home/irar/Escritorio/ProyectoTaxiDetector/dataset/positivos/recortes/augmented/taxi_recorte_aug_01390.jpg
1391,taxi_recorte_train_0520.jpg,taxi_recorte_aug_01391.jpg,/home/irar/Escritorio/ProyectoTaxiDetector/dataset/positivos/recortes/train/taxi_recorte_train_0520.jpg,/home/irar/Escritorio/ProyectoTaxiDetector/dataset/positivos/recortes/augmented/taxi_recorte_aug_01391.jpg
1392,taxi_recorte_train_0257.jpg,taxi_recorte_aug_01392.jpg,/home/irar/Escritorio/ProyectoTaxiDetector/dataset/positivos/recortes/train/taxi_recorte_train_0257.jpg,/home/irar/Escritorio/ProyectoTaxiDetector/dataset/positivos/recortes/augmented/taxi_recorte_aug_01392.jpg
1393,taxi_recorte_train_0396.jpg,taxi_recorte_aug_01393.jpg,/home/irar/Escritorio/ProyectoTaxiDetector/dataset/positivos/recortes/train/taxi_recorte_train_0396.jpg,/home/irar/Escritorio/ProyectoTaxiDetector/dataset/positivos/recortes/augmented/taxi_recorte_aug_01393.jpg
1394,taxi_recorte_train_0188.jpg,taxi_recorte_aug_01394.jpg,/home/irar/Escritorio/ProyectoTaxiDetector/dataset/positivos/recortes/train/taxi_recorte_train_0188.jpg,/home/irar/Escritorio/ProyectoTaxiDetector/dataset/positivos/recortes/augmented/taxi_recorte_aug_01394.jpg
1395,taxi_recorte_train_0277.jpg,taxi_recorte_aug_01395.jpg,/home/irar/Escritorio/ProyectoTaxiDetector/dataset/positivos/recortes/train/taxi_recorte_train_0277.jpg,/home/irar/Escritorio/ProyectoTaxiDetector/dataset/positivos/recortes/augmented/taxi_recorte_aug_01395.jpg
1396,taxi_recorte_train_0517.jpg,taxi_recorte_aug_01396.jpg,/home/irar/Escritorio/ProyectoTaxiDetector/dataset/positivos/recortes/train/taxi_recorte_train_0517.jpg,/home/irar/Escritorio/ProyectoTaxiDetector/dataset/positivos/recortes/augmented/taxi_recorte_aug_01396.jpg
1397,taxi_recorte_train_0103.jpg,taxi_recorte_aug_01397.jpg,/home/irar/Escritorio/ProyectoTaxiDetector/dataset/positivos/recortes/train/taxi_recorte_train_0103.jpg,/home/irar/Escritorio/ProyectoTaxiDetector/dataset/positivos/recortes/augmented/taxi_recorte_aug_01397.jpg
1398,taxi_recorte_train_0414.jpg,taxi_recorte_aug_01398.jpg,/home/irar/Escritorio/ProyectoTaxiDetector/dataset/positivos/recortes/train/taxi_recorte_train_0414.jpg,/home/irar/Escritorio/ProyectoTaxiDetector/dataset/positivos/recortes/augmented/taxi_recorte_aug_01398.jpg
1399,taxi_recorte_train_0213.jpg,taxi_recorte_aug_01399.jpg,/home/irar/Escritorio/ProyectoTaxiDetector/dataset/positivos/recortes/train/taxi_recorte_train_0213.jpg,/home/irar/Escritorio/ProyectoTaxiDetector/dataset/positivos/recortes/augmented/taxi_recorte_aug_01399.jpg
1400,taxi_recorte_train_0168.jpg,taxi_recorte_aug_01400.jpg,/home/irar/Escritorio/ProyectoTaxiDetector/dataset/positivos/recortes/train/taxi_recorte_train_0168.jpg,/home/irar/Escritorio/ProyectoTaxiDetector/dataset/positivos/recortes/augmented/taxi_recorte_aug_01400.jpg
1401,taxi_recorte_train_0435.jpg,taxi_recorte_aug_01401.jpg,/home/irar/Escritorio/ProyectoTaxiDetector/dataset/positivos/recortes/train/taxi_recorte_train_0435.jpg,/home/irar/Escritorio/ProyectoTaxiDetector/dataset/positivos/recortes/augmented/taxi_recorte_aug_01401.jpg
1402,taxi_recorte_train_0417.jpg,taxi_recorte_aug_01402.jpg,/home/irar/Escritorio/ProyectoTaxiDetector/dataset/positivos/recortes/train/taxi_recorte_train_0417.jpg,/home/irar/Escritorio/ProyectoTaxiDetector/dataset/positivos/recortes/augmented/taxi_recorte_aug_01402.jpg
1403,taxi_recorte_train_0068.jpg,taxi_recorte_aug_01403.jpg,/home/irar/Escritorio/ProyectoTaxiDetector/dataset/positivos/recortes/train/taxi_recorte_train_0068.jpg,/home/irar/Escritorio/ProyectoTaxiDetector/dataset/positivos/recortes/augmented/taxi_recorte_aug_01403.jpg
1404,taxi_recorte_train_0187.jpg,taxi_recorte_aug_01404.jpg,/home/irar/Escritorio/ProyectoTaxiDetector/dataset/positivos/recortes/train/taxi_recorte_train_0187.jpg,/home/irar/Escritorio/ProyectoTaxiDetector/dataset/positivos/recortes/augmented/taxi_recorte_aug_01404.jpg
1405,taxi_recorte_train_0509.jpg,taxi_recorte_aug_01405.jpg,/home/irar/Escritorio/ProyectoTaxiDetector/dataset/positivos/recortes/train/taxi_recorte_train_0509.jpg,/home/irar/Escritorio/ProyectoTaxiDetector/dataset/positivos/recortes/augmented/taxi_recorte_aug_01405.jpg
1406,taxi_recorte_train_0018.jpg,taxi_recorte_aug_01406.jpg,/home/irar/Escritorio/ProyectoTaxiDetector/dataset/positivos/recortes/train/taxi_recorte_train_0018.jpg,/home/irar/Escritorio/ProyectoTaxiDetector/dataset/positivos/recortes/augmented/taxi_recorte_aug_01406.jpg
1407,taxi_recorte_train_0458.jpg,taxi_recorte_aug_01407.jpg,/home/irar/Escritorio/ProyectoTaxiDetector/dataset/positivos/recortes/train/taxi_recorte_train_0458.jpg,/home/irar/Escritorio/ProyectoTaxiDetector/dataset/positivos/recortes/augmented/taxi_recorte_aug_01407.jpg
1408,taxi_recorte_train_0159.jpg,taxi_recorte_aug_01408.jpg,/home/irar/Escritorio/ProyectoTaxiDetector/dataset/positivos/recortes/train/taxi_recorte_train_0159.jpg,/home/irar/Escritorio/ProyectoTaxiDetector/dataset/positivos/recortes/augmented/taxi_recorte_aug_01408.jpg
1409,taxi_recorte_train_0021.jpg,taxi_recorte_aug_01409.jpg,/home/irar/Escritorio/ProyectoTaxiDetector/dataset/positivos/recortes/train/taxi_recorte_train_0021.jpg,/home/irar/Escritorio/ProyectoTaxiDetector/dataset/positivos/recortes/augmented/taxi_recorte_aug_01409.jpg
1410,taxi_recorte_train_0331.jpg,taxi_recorte_aug_01410.jpg,/home/irar/Escritorio/ProyectoTaxiDetector/dataset/positivos/recortes/train/taxi_recorte_train_0331.jpg,/home/irar/Escritorio/ProyectoTaxiDetector/dataset/positivos/recortes/augmented/taxi_recorte_aug_01410.jpg
1411,taxi_recorte_train_0050.jpg,taxi_recorte_aug_01411.jpg,/home/irar/Escritorio/ProyectoTaxiDetector/dataset/positivos/recortes/train/taxi_recorte_train_0050.jpg,/home/irar/Escritorio/ProyectoTaxiDetector/dataset/positivos/recortes/augmented/taxi_recorte_aug_01411.jpg
1412,taxi_recorte_train_0322.jpg,taxi_recorte_aug_01412.jpg,/home/irar/Escritorio/ProyectoTaxiDetector/dataset/positivos/recortes/train/taxi_recorte_train_0322.jpg,/home/irar/Escritorio/ProyectoTaxiDetector/dataset/positivos/recortes/augmented/taxi_recorte_aug_01412.jpg
1413,taxi_recorte_train_0071.jpg,taxi_recorte_aug_01413.jpg,/home/irar/Escritorio/ProyectoTaxiDetector/dataset/positivos/recortes/train/taxi_recorte_train_0071.jpg,/home/irar/Escritorio/ProyectoTaxiDetector/dataset/positivos/recortes/augmented/taxi_recorte_aug_01413.jpg
1414,taxi_recorte_train_0359.jpg,taxi_recorte_aug_01414.jpg,/home/irar/Escritorio/ProyectoTaxiDetector/dataset/positivos/recortes/train/taxi_recorte_train_0359.jpg,/home/irar/Escritorio/ProyectoTaxiDetector/dataset/positivos/recortes/augmented/taxi_recorte_aug_01414.jpg
1415,taxi_recorte_train_0386.jpg,taxi_recorte_aug_01415.jpg,/home/irar/Escritorio/ProyectoTaxiDetector/dataset/positivos/recortes/train/taxi_recorte_train_0386.jpg,/home/irar/Escritorio/ProyectoTaxiDetector/dataset/positivos/recortes/augmented/taxi_recorte_aug_01415.jpg
1416,taxi_recorte_train_0098.jpg,taxi_recorte_aug_01416.jpg,/home/irar/Escritorio/ProyectoTaxiDetector/dataset/positivos/recortes/train/taxi_recorte_train_0098.jpg,/home/irar/Escritorio/ProyectoTaxiDetector/dataset/positivos/recortes/augmented/taxi_recorte_aug_01416.jpg
1417,taxi_recorte_train_0326.jpg,taxi_recorte_aug_01417.jpg,/home/irar/Escritorio/ProyectoTaxiDetector/dataset/positivos/recortes/train/taxi_recorte_train_0326.jpg,/home/irar/Escritorio/ProyectoTaxiDetector/dataset/positivos/recortes/augmented/taxi_recorte_aug_01417.jpg
1418,taxi_recorte_train_0113.jpg,taxi_recorte_aug_01418.jpg,/home/irar/Escritorio/ProyectoTaxiDetector/dataset/positivos/recortes/train/taxi_recorte_train_0113.jpg,/home/irar/Escritorio/ProyectoTaxiDetector/dataset/positivos/recortes/augmented/taxi_recorte_aug_01418.jpg
1419,taxi_recorte_train_0181.jpg,taxi_recorte_aug_01419.jpg,/home/irar/Escritorio/ProyectoTaxiDetector/dataset/positivos/recortes/train/taxi_recorte_train_0181.jpg,/home/irar/Escritorio/ProyectoTaxiDetector/dataset/positivos/recortes/augmented/taxi_recorte_aug_01419.jpg
1420,taxi_recorte_train_0344.jpg,taxi_recorte_aug_01420.jpg,/home/irar/Escritorio/ProyectoTaxiDetector/dataset/positivos/recortes/train/taxi_recorte_train_0344.jpg,/home/irar/Escritorio/ProyectoTaxiDetector/dataset/positivos/recortes/augmented/taxi_recorte_aug_01420.jpg
1421,taxi_recorte_train_0118.jpg,taxi_recorte_aug_01421.jpg,/home/irar/Escritorio/ProyectoTaxiDetector/dataset/positivos/recortes/train/taxi_recorte_train_0118.jpg,/home/irar/Escritorio/ProyectoTaxiDetector/dataset/positivos/recortes/augmented/taxi_recorte_aug_01421.jpg
1422,taxi_recorte_train_0147.jpg,taxi_recorte_aug_01422.jpg,/home/irar/Escritorio/ProyectoTaxiDetector/dataset/positivos/recortes/train/taxi_recorte_train_0147.jpg,/home/irar/Escritorio/ProyectoTaxiDetector/dataset/positivos/recortes/augmented/taxi_recorte_aug_01422.jpg
1423,taxi_recorte_train_0540.jpg,taxi_recorte_aug_01423.jpg,/home/irar/Escritorio/ProyectoTaxiDetector/dataset/positivos/recortes/train/taxi_recorte_train_0540.jpg,/home/irar/Escritorio/ProyectoTaxiDetector/dataset/positivos/recortes/augmented/taxi_recorte_aug_01423.jpg
1424,taxi_recorte_train_0311.jpg,taxi_recorte_aug_01424.jpg,/home/irar/Escritorio/ProyectoTaxiDetector/dataset/positivos/recortes/train/taxi_recorte_train_0311.jpg,/home/irar/Escritorio/ProyectoTaxiDetector/dataset/positivos/recortes/augmented/taxi_recorte_aug_01424.jpg
1425,taxi_recorte_train_0026.jpg,taxi_recorte_aug_01425.jpg,/home/irar/Escritorio/ProyectoTaxiDetector/dataset/positivos/recortes/train/taxi_recorte_train_0026.jpg,/home/irar/Escritorio/ProyectoTaxiDetector/dataset/positivos/recortes/augmented/taxi_recorte_aug_01425.jpg
1426,taxi_recorte_train_0394.jpg,taxi_recorte_aug_01426.jpg,/home/irar/Escritorio/ProyectoTaxiDetector/dataset/positivos/recortes/train/taxi_recorte_train_0394.jpg,/home/irar/Escritorio/ProyectoTaxiDetector/dataset/positivos/recortes/augmented/taxi_recorte_aug_01426.jpg
1427,taxi_recorte_train_0373.jpg,taxi_recorte_aug_01427.jpg,/home/irar/Escritorio/ProyectoTaxiDetector/dataset/positivos/recortes/train/taxi_recorte_train_0373.jpg,/home/irar/Escritorio/ProyectoTaxiDetector/dataset/positivos/recortes/augmented/taxi_recorte_aug_01427.jpg
1428,taxi_recorte_train_0141.jpg,taxi_recorte_aug_01428.jpg,/home/irar/Escritorio/ProyectoTaxiDetector/dataset/positivos/recortes/train/taxi_recorte_train_0141.jpg,/home/irar/Escritorio/ProyectoTaxiDetector/dataset/positivos/recortes/augmented/taxi_recorte_aug_01428.jpg
1429,taxi_recorte_train_0203.jpg,taxi_recorte_aug_01429.jpg,/home/irar/Escritorio/ProyectoTaxiDetector/dataset/positivos/recortes/train/taxi_recorte_train_0203.jpg,/home/irar/Escritorio/ProyectoTaxiDetector/dataset/positivos/recortes/augmented/taxi_recorte_aug_01429.jpg
1430,taxi_recorte_train_0508.jpg,taxi_recorte_aug_01430.jpg,/home/irar/Escritorio/ProyectoTaxiDetector/dataset/positivos/recortes/train/taxi_recorte_train_0508.jpg,/home/irar/Escritorio/ProyectoTaxiDetector/dataset/positivos/recortes/augmented/taxi_recorte_aug_01430.jpg
1431,taxi_recorte_train_0012.jpg,taxi_recorte_aug_01431.jpg,/home/irar/Escritorio/ProyectoTaxiDetector/dataset/positivos/recortes/train/taxi_recorte_train_0012.jpg,/home/irar/Escritorio/ProyectoTaxiDetector/dataset/positivos/recortes/augmented/taxi_recorte_aug_01431.jpg
1432,taxi_recorte_train_0453.jpg,taxi_recorte_aug_01432.jpg,/home/irar/Escritorio/ProyectoTaxiDetector/dataset/positivos/recortes/train/taxi_recorte_train_0453.jpg,/home/irar/Escritorio/ProyectoTaxiDetector/dataset/positivos/recortes/augmented/taxi_recorte_aug_01432.jpg
1433,taxi_recorte_train_0152.jpg,taxi_recorte_aug_01433.jpg,/home/irar/Escritorio/ProyectoTaxiDetector/dataset/positivos/recortes/train/taxi_recorte_train_0152.jpg,/home/irar/Escritorio/ProyectoTaxiDetector/dataset/positivos/recortes/augmented/taxi_recorte_aug_01433.jpg
1434,taxi_recorte_train_0295.jpg,taxi_recorte_aug_01434.jpg,/home/irar/Escritorio/ProyectoTaxiDetector/dataset/positivos/recortes/train/taxi_recorte_train_0295.jpg,/home/irar/Escritorio/ProyectoTaxiDetector/dataset/positivos/recortes/augmented/taxi_recorte_aug_01434.jpg
1435,taxi_recorte_train_0445.jpg,taxi_recorte_aug_01435.jpg,/home/irar/Escritorio/ProyectoTaxiDetector/dataset/positivos/recortes/train/taxi_recorte_train_0445.jpg,/home/irar/Escritorio/ProyectoTaxiDetector/dataset/positivos/recortes/augmented/taxi_recorte_aug_01435.jpg
1436,taxi_recorte_train_0488.jpg,taxi_recorte_aug_01436.jpg,/home/irar/Escritorio/ProyectoTaxiDetector/dataset/positivos/recortes/train/taxi_recorte_train_0488.jpg,/home/irar/Escritorio/ProyectoTaxiDetector/dataset/positivos/recortes/augmented/taxi_recorte_aug_01436.jpg
1437,taxi_recorte_train_0387.jpg,taxi_recorte_aug_01437.jpg,/home/irar/Escritorio/ProyectoTaxiDetector/dataset/positivos/recortes/train/taxi_recorte_train_0387.jpg,/home/irar/Escritorio/ProyectoTaxiDetector/dataset/positivos/recortes/augmented/taxi_recorte_aug_01437.jpg
1438,taxi_recorte_train_0122.jpg,taxi_recorte_aug_01438.jpg,/home/irar/Escritorio/ProyectoTaxiDetector/dataset/positivos/recortes/train/taxi_recorte_train_0122.jpg,/home/irar/Escritorio/ProyectoTaxiDetector/dataset/positivos/recortes/augmented/taxi_recorte_aug_01438.jpg
1439,taxi_recorte_train_0055.jpg,taxi_recorte_aug_01439.jpg,/home/irar/Escritorio/ProyectoTaxiDetector/dataset/positivos/recortes/train/taxi_recorte_train_0055.jpg,/home/irar/Escritorio/ProyectoTaxiDetector/dataset/positivos/recortes/augmented/taxi_recorte_aug_01439.jpg
1440,taxi_recorte_train_0502.jpg,taxi_recorte_aug_01440.jpg,/home/irar/Escritorio/ProyectoTaxiDetector/dataset/positivos/recortes/train/taxi_recorte_train_0502.jpg,/home/irar/Escritorio/ProyectoTaxiDetector/dataset/positivos/recortes/augmented/taxi_recorte_aug_01440.jpg
1441,taxi_recorte_train_0487.jpg,taxi_recorte_aug_01441.jpg,/home/irar/Escritorio/ProyectoTaxiDetector/dataset/positivos/recortes/train/taxi_recorte_train_0487.jpg,/home/irar/Escritorio/ProyectoTaxiDetector/dataset/positivos/recortes/augmented/taxi_recorte_aug_01441.jpg
1442,taxi_recorte_train_0102.jpg,taxi_recorte_aug_01442.jpg,/home/irar/Escritorio/ProyectoTaxiDetector/dataset/positivos/recortes/train/taxi_recorte_train_0102.jpg,/home/irar/Escritorio/ProyectoTaxiDetector/dataset/positivos/recortes/augmented/taxi_recorte_aug_01442.jpg
1443,taxi_recorte_train_0155.jpg,taxi_recorte_aug_01443.jpg,/home/irar/Escritorio/ProyectoTaxiDetector/dataset/positivos/recortes/train/taxi_recorte_train_0155.jpg,/home/irar/Escritorio/ProyectoTaxiDetector/dataset/positivos/recortes/augmented/taxi_recorte_aug_01443.jpg
1444,taxi_recorte_train_0455.jpg,taxi_recorte_aug_01444.jpg,/home/irar/Escritorio/ProyectoTaxiDetector/dataset/positivos/recortes/train/taxi_recorte_train_0455.jpg,/home/irar/Escritorio/ProyectoTaxiDetector/dataset/positivos/recortes/augmented/taxi_recorte_aug_01444.jpg
1445,taxi_recorte_train_0129.jpg,taxi_recorte_aug_01445.jpg,/home/irar/Escritorio/ProyectoTaxiDetector/dataset/positivos/recortes/train/taxi_recorte_train_0129.jpg,/home/irar/Escritorio/ProyectoTaxiDetector/dataset/positivos/recortes/augmented/taxi_recorte_aug_01445.jpg
1446,taxi_recorte_train_0354.jpg,taxi_recorte_aug_01446.jpg,/home/irar/Escritorio/ProyectoTaxiDetector/dataset/positivos/recortes/train/taxi_recorte_train_0354.jpg,/home/irar/Escritorio/ProyectoTaxiDetector/dataset/positivos/recortes/augmented/taxi_recorte_aug_01446.jpg
1447,taxi_recorte_train_0218.jpg,taxi_recorte_aug_01447.jpg,/home/irar/Escritorio/ProyectoTaxiDetector/dataset/positivos/recortes/train/taxi_recorte_train_0218.jpg,/home/irar/Escritorio/ProyectoTaxiDetector/dataset/positivos/recortes/augmented/taxi_recorte_aug_01447.jpg
1448,taxi_recorte_train_0328.jpg,taxi_recorte_aug_01448.jpg,/home/irar/Escritorio/ProyectoTaxiDetector/dataset/positivos/recortes/train/taxi_recorte_train_0328.jpg,/home/irar/Escritorio/ProyectoTaxiDetector/dataset/positivos/recortes/augmented/taxi_recorte_aug_01448.jpg
1449,taxi_recorte_train_0407.jpg,taxi_recorte_aug_01449.jpg,/home/irar/Escritorio/ProyectoTaxiDetector/dataset/positivos/recortes/train/taxi_recorte_train_0407.jpg,/home/irar/Escritorio/ProyectoTaxiDetector/dataset/positivos/recortes/augmented/taxi_recorte_aug_01449.jpg
1450,taxi_recorte_train_0510.jpg,taxi_recorte_aug_01450.jpg,/home/irar/Escritorio/ProyectoTaxiDetector/dataset/positivos/recortes/train/taxi_recorte_train_0510.jpg,/home/irar/Escritorio/ProyectoTaxiDetector/dataset/positivos/recortes/augmented/taxi_recorte_aug_01450.jpg
1451,taxi_recorte_train_0501.jpg,taxi_recorte_aug_01451.jpg,/home/irar/Escritorio/ProyectoTaxiDetector/dataset/positivos/recortes/train/taxi_recorte_train_0501.jpg,/home/irar/Escritorio/ProyectoTaxiDetector/dataset/positivos/recortes/augmented/taxi_recorte_aug_01451.jpg
1452,taxi_recorte_train_0227.jpg,taxi_recorte_aug_01452.jpg,/home/irar/Escritorio/ProyectoTaxiDetector/dataset/positivos/recortes/train/taxi_recorte_train_0227.jpg,/home/irar/Escritorio/ProyectoTaxiDetector/dataset/positivos/recortes/augmented/taxi_recorte_aug_01452.jpg
1453,taxi_recorte_train_0038.jpg,taxi_recorte_aug_01453.jpg,/home/irar/Escritorio/ProyectoTaxiDetector/dataset/positivos/recortes/train/taxi_recorte_train_0038.jpg,/home/irar/Escritorio/ProyectoTaxiDetector/dataset/positivos/recortes/augmented/taxi_recorte_aug_01453.jpg
1454,taxi_recorte_train_0081.jpg,taxi_recorte_aug_01454.jpg,/home/irar/Escritorio/ProyectoTaxiDetector/dataset/positivos/recortes/train/taxi_recorte_train_0081.jpg,/home/irar/Escritorio/ProyectoTaxiDetector/dataset/positivos/recortes/augmented/taxi_recorte_aug_01454.jpg
1455,taxi_recorte_train_0530.jpg,taxi_recorte_aug_01455.jpg,/home/irar/Escritorio/ProyectoTaxiDetector/dataset/positivos/recortes/train/taxi_recorte_train_0530.jpg,/home/irar/Escritorio/ProyectoTaxiDetector/dataset/positivos/recortes/augmented/taxi_recorte_aug_01455.jpg
1456,taxi_recorte_train_0347.jpg,taxi_recorte_aug_01456.jpg,/home/irar/Escritorio/ProyectoTaxiDetector/dataset/positivos/recortes/train/taxi_recorte_train_0347.jpg,/home/irar/Escritorio/ProyectoTaxiDetector/dataset/positivos/recortes/augmented/taxi_recorte_aug_01456.jpg
1457,taxi_recorte_train_0420.jpg,taxi_recorte_aug_01457.jpg,/home/irar/Escritorio/ProyectoTaxiDetector/dataset/positivos/recortes/train/taxi_recorte_train_0420.jpg,/home/irar/Escritorio/ProyectoTaxiDetector/dataset/positivos/recortes/augmented/taxi_recorte_aug_01457.jpg
1458,taxi_recorte_train_0239.jpg,taxi_recorte_aug_01458.jpg,/home/irar/Escritorio/ProyectoTaxiDetector/dataset/positivos/recortes/train/taxi_recorte_train_0239.jpg,/home/irar/Escritorio/ProyectoTaxiDetector/dataset/positivos/recortes/augmented/taxi_recorte_aug_01458.jpg
1459,taxi_recorte_train_0005.jpg,taxi_recorte_aug_01459.jpg,/home/irar/Escritorio/ProyectoTaxiDetector/dataset/positivos/recortes/train/taxi_recorte_train_0005.jpg,/home/irar/Escritorio/ProyectoTaxiDetector/dataset/positivos/recortes/augmented/taxi_recorte_aug_01459.jpg
1460,taxi_recorte_train_0342.jpg,taxi_recorte_aug_01460.jpg,/home/irar/Escritorio/ProyectoTaxiDetector/dataset/positivos/recortes/train/taxi_recorte_train_0342.jpg,/home/irar/Escritorio/ProyectoTaxiDetector/dataset/positivos/recortes/augmented/taxi_recorte_aug_01460.jpg
1461,taxi_recorte_train_0377.jpg,taxi_recorte_aug_01461.jpg,/home/irar/Escritorio/ProyectoTaxiDetector/dataset/positivos/recortes/train/taxi_recorte_train_0377.jpg,/home/irar/Escritorio/ProyectoTaxiDetector/dataset/positivos/recortes/augmented/taxi_recorte_aug_01461.jpg
1462,taxi_recorte_train_0236.jpg,taxi_recorte_aug_01462.jpg,/home/irar/Escritorio/ProyectoTaxiDetector/dataset/positivos/recortes/train/taxi_recorte_train_0236.jpg,/home/irar/Escritorio/ProyectoTaxiDetector/dataset/positivos/recortes/augmented/taxi_recorte_aug_01462.jpg
1463,taxi_recorte_train_0131.jpg,taxi_recorte_aug_01463.jpg,/home/irar/Escritorio/ProyectoTaxiDetector/dataset/positivos/recortes/train/taxi_recorte_train_0131.jpg,/home/irar/Escritorio/ProyectoTaxiDetector/dataset/positivos/recortes/augmented/taxi_recorte_aug_01463.jpg
1464,taxi_recorte_train_0327.jpg,taxi_recorte_aug_01464.jpg,/home/irar/Escritorio/ProyectoTaxiDetector/dataset/positivos/recortes/train/taxi_recorte_train_0327.jpg,/home/irar/Escritorio/ProyectoTaxiDetector/dataset/positivos/recortes/augmented/taxi_recorte_aug_01464.jpg
1465,taxi_recorte_train_0237.jpg,taxi_recorte_aug_01465.jpg,/home/irar/Escritorio/ProyectoTaxiDetector/dataset/positivos/recortes/train/taxi_recorte_train_0237.jpg,/home/irar/Escritorio/ProyectoTaxiDetector/dataset/positivos/recortes/augmented/taxi_recorte_aug_01465.jpg
1466,taxi_recorte_train_0119.jpg,taxi_recorte_aug_01466.jpg,/home/irar/Escritorio/ProyectoTaxiDetector/dataset/positivos/recortes/train/taxi_recorte_train_0119.jpg,/home/irar/Escritorio/ProyectoTaxiDetector/dataset/positivos/recortes/augmented/taxi_recorte_aug_01466.jpg
1467,taxi_recorte_train_0452.jpg,taxi_recorte_aug_01467.jpg,/home/irar/Escritorio/ProyectoTaxiDetector/dataset/positivos/recortes/train/taxi_recorte_train_0452.jpg,/home/irar/Escritorio/ProyectoTaxiDetector/dataset/positivos/recortes/augmented/taxi_recorte_aug_01467.jpg
1468,taxi_recorte_train_0532.jpg,taxi_recorte_aug_01468.jpg,/home/irar/Escritorio/ProyectoTaxiDetector/dataset/positivos/recortes/train/taxi_recorte_train_0532.jpg,/home/irar/Escritorio/ProyectoTaxiDetector/dataset/positivos/recortes/augmented/taxi_recorte_aug_01468.jpg
1469,taxi_recorte_train_0255.jpg,taxi_recorte_aug_01469.jpg,/home/irar/Escritorio/ProyectoTaxiDetector/dataset/positivos/recortes/train/taxi_recorte_train_0255.jpg,/home/irar/Escritorio/ProyectoTaxiDetector/dataset/positivos/recortes/augmented/taxi_recorte_aug_01469.jpg
1470,taxi_recorte_train_0124.jpg,taxi_recorte_aug_01470.jpg,/home/irar/Escritorio/ProyectoTaxiDetector/dataset/positivos/recortes/train/taxi_recorte_train_0124.jpg,/home/irar/Escritorio/ProyectoTaxiDetector/dataset/positivos/recortes/augmented/taxi_recorte_aug_01470.jpg
1471,taxi_recorte_train_0523.jpg,taxi_recorte_aug_01471.jpg,/home/irar/Escritorio/ProyectoTaxiDetector/dataset/positivos/recortes/train/taxi_recorte_train_0523.jpg,/home/irar/Escritorio/ProyectoTaxiDetector/dataset/positivos/recortes/augmented/taxi_recorte_aug_01471.jpg
1472,taxi_recorte_train_0318.jpg,taxi_recorte_aug_01472.jpg,/home/irar/Escritorio/ProyectoTaxiDetector/dataset/positivos/recortes/train/taxi_recorte_train_0318.jpg,/home/irar/Escritorio/ProyectoTaxiDetector/dataset/positivos/recortes/augmented/taxi_recorte_aug_01472.jpg
1473,taxi_recorte_train_0475.jpg,taxi_recorte_aug_01473.jpg,/home/irar/Escritorio/ProyectoTaxiDetector/dataset/positivos/recortes/train/taxi_recorte_train_0475.jpg,/home/irar/Escritorio/ProyectoTaxiDetector/dataset/positivos/recortes/augmented/taxi_recorte_aug_01473.jpg
1474,taxi_recorte_train_0313.jpg,taxi_recorte_aug_01474.jpg,/home/irar/Escritorio/ProyectoTaxiDetector/dataset/positivos/recortes/train/taxi_recorte_train_0313.jpg,/home/irar/Escritorio/ProyectoTaxiDetector/dataset/positivos/recortes/augmented/taxi_recorte_aug_01474.jpg
1475,taxi_recorte_train_0041.jpg,taxi_recorte_aug_01475.jpg,/home/irar/Escritorio/ProyectoTaxiDetector/dataset/positivos/recortes/train/taxi_recorte_train_0041.jpg,/home/irar/Escritorio/ProyectoTaxiDetector/dataset/positivos/recortes/augmented/taxi_recorte_aug_01475.jpg
1476,taxi_recorte_train_0090.jpg,taxi_recorte_aug_01476.jpg,/home/irar/Escritorio/ProyectoTaxiDetector/dataset/positivos/recortes/train/taxi_recorte_train_0090.jpg,/home/irar/Escritorio/ProyectoTaxiDetector/dataset/positivos/recortes/augmented/taxi_recorte_aug_01476.jpg
1477,taxi_recorte_train_0088.jpg,taxi_recorte_aug_01477.jpg,/home/irar/Escritorio/ProyectoTaxiDetector/dataset/positivos/recortes/train/taxi_recorte_train_0088.jpg,/home/irar/Escritorio/ProyectoTaxiDetector/dataset/positivos/recortes/augmented/taxi_recorte_aug_01477.jpg
1478,taxi_recorte_train_0093.jpg,taxi_recorte_aug_01478.jpg,/home/irar/Escritorio/ProyectoTaxiDetector/dataset/positivos/recortes/train/taxi_recorte_train_0093.jpg,/home/irar/Escritorio/ProyectoTaxiDetector/dataset/positivos/recortes/augmented/taxi_recorte_aug_01478.jpg
1479,taxi_recorte_train_0350.jpg,taxi_recorte_aug_01479.jpg,/home/irar/Escritorio/ProyectoTaxiDetector/dataset/positivos/recortes/train/taxi_recorte_train_0350.jpg,/home/irar/Escritorio/ProyectoTaxiDetector/dataset/positivos/recortes/augmented/taxi_recorte_aug_01479.jpg
1480,taxi_recorte_train_0513.jpg,taxi_recorte_aug_01480.jpg,/home/irar/Escritorio/ProyectoTaxiDetector/dataset/positivos/recortes/train/taxi_recorte_train_0513.jpg,/home/irar/Escritorio/ProyectoTaxiDetector/dataset/positivos/recortes/augmented/taxi_recorte_aug_01480.jpg
1481,taxi_recorte_train_0483.jpg,taxi_recorte_aug_01481.jpg,/home/irar/Escritorio/ProyectoTaxiDetector/dataset/positivos/recortes/train/taxi_recorte_train_0483.jpg,/home/irar/Escritorio/ProyectoTaxiDetector/dataset/positivos/recortes/augmented/taxi_recorte_aug_01481.jpg
1482,taxi_recorte_train_0272.jpg,taxi_recorte_aug_01482.jpg,/home/irar/Escritorio/ProyectoTaxiDetector/dataset/positivos/recortes/train/taxi_recorte_train_0272.jpg,/home/irar/Escritorio/ProyectoTaxiDetector/dataset/positivos/recortes/augmented/taxi_recorte_aug_01482.jpg
1483,taxi_recorte_train_0126.jpg,taxi_recorte_aug_01483.jpg,/home/irar/Escritorio/ProyectoTaxiDetector/dataset/positivos/recortes/train/taxi_recorte_train_0126.jpg,/home/irar/Escritorio/ProyectoTaxiDetector/dataset/positivos/recortes/augmented/taxi_recorte_aug_01483.jpg
1484,taxi_recorte_train_0075.jpg,taxi_recorte_aug_01484.jpg,/home/irar/Escritorio/ProyectoTaxiDetector/dataset/positivos/recortes/train/taxi_recorte_train_0075.jpg,/home/irar/Escritorio/ProyectoTaxiDetector/dataset/positivos/recortes/augmented/taxi_recorte_aug_01484.jpg
1485,taxi_recorte_train_0221.jpg,taxi_recorte_aug_01485.jpg,/home/irar/Escritorio/ProyectoTaxiDetector/dataset/positivos/recortes/train/taxi_recorte_train_0221.jpg,/home/irar/Escritorio/ProyectoTaxiDetector/dataset/positivos/recortes/augmented/taxi_recorte_aug_01485.jpg
1486,taxi_recorte_train_0192.jpg,taxi_recorte_aug_01486.jpg,/home/irar/Escritorio/ProyectoTaxiDetector/dataset/positivos/recortes/train/taxi_recorte_train_0192.jpg,/home/irar/Escritorio/ProyectoTaxiDetector/dataset/positivos/recortes/augmented/taxi_recorte_aug_01486.jpg
1487,taxi_recorte_train_0184.jpg,taxi_recorte_aug_01487.jpg,/home/irar/Escritorio/ProyectoTaxiDetector/dataset/positivos/recortes/train/taxi_recorte_train_0184.jpg,/home/irar/Escritorio/ProyectoTaxiDetector/dataset/positivos/recortes/augmented/taxi_recorte_aug_01487.jpg
1488,taxi_recorte_train_0151.jpg,taxi_recorte_aug_01488.jpg,/home/irar/Escritorio/ProyectoTaxiDetector/dataset/positivos/recortes/train/taxi_recorte_train_0151.jpg,/home/irar/Escritorio/ProyectoTaxiDetector/dataset/positivos/recortes/augmented/taxi_recorte_aug_01488.jpg
1489,taxi_recorte_train_0029.jpg,taxi_recorte_aug_01489.jpg,/home/irar/Escritorio/ProyectoTaxiDetector/dataset/positivos/recortes/train/taxi_recorte_train_0029.jpg,/home/irar/Escritorio/ProyectoTaxiDetector/dataset/positivos/recortes/augmented/taxi_recorte_aug_01489.jpg
1490,taxi_recorte_train_0167.jpg,taxi_recorte_aug_01490.jpg,/home/irar/Escritorio/ProyectoTaxiDetector/dataset/positivos/recortes/train/taxi_recorte_train_0167.jpg,/home/irar/Escritorio/ProyectoTaxiDetector/dataset/positivos/recortes/augmented/taxi_recorte_aug_01490.jpg
1491,taxi_recorte_train_0024.jpg,taxi_recorte_aug_01491.jpg,/home/irar/Escritorio/ProyectoTaxiDetector/dataset/positivos/recortes/train/taxi_recorte_train_0024.jpg,/home/irar/Escritorio/ProyectoTaxiDetector/dataset/positivos/recortes/augmented/taxi_recorte_aug_01491.jpg
1492,taxi_recorte_train_0541.jpg,taxi_recorte_aug_01492.jpg,/home/irar/Escritorio/ProyectoTaxiDetector/dataset/positivos/recortes/train/taxi_recorte_train_0541.jpg,/home/irar/Escritorio/ProyectoTaxiDetector/dataset/positivos/recortes/augmented/taxi_recorte_aug_01492.jpg
1493,taxi_recorte_train_0154.jpg,taxi_recorte_aug_01493.jpg,/home/irar/Escritorio/ProyectoTaxiDetector/dataset/positivos/recortes/train/taxi_recorte_train_0154.jpg,/home/irar/Escritorio/ProyectoTaxiDetector/dataset/positivos/recortes/augmented/taxi_recorte_aug_01493.jpg
1494,taxi_recorte_train_0356.jpg,taxi_recorte_aug_01494.jpg,/home/irar/Escritorio/ProyectoTaxiDetector/dataset/positivos/recortes/train/taxi_recorte_train_0356.jpg,/home/irar/Escritorio/ProyectoTaxiDetector/dataset/positivos/recortes/augmented/taxi_recorte_aug_01494.jpg
1495,taxi_recorte_train_0086.jpg,taxi_recorte_aug_01495.jpg,/home/irar/Escritorio/ProyectoTaxiDetector/dataset/positivos/recortes/train/taxi_recorte_train_0086.jpg,/home/irar/Escritorio/ProyectoTaxiDetector/dataset/positivos/recortes/augmented/taxi_recorte_aug_01495.jpg
1496,taxi_recorte_train_0228.jpg,taxi_recorte_aug_01496.jpg,/home/irar/Escritorio/ProyectoTaxiDetector/dataset/positivos/recortes/train/taxi_recorte_train_0228.jpg,/home/irar/Escritorio/ProyectoTaxiDetector/dataset/positivos/recortes/augmented/taxi_recorte_aug_01496.jpg
1497,taxi_recorte_train_0457.jpg,taxi_recorte_aug_01497.jpg,/home/irar/Escritorio/ProyectoTaxiDetector/dataset/positivos/recortes/train/taxi_recorte_train_0457.jpg,/home/irar/Escritorio/ProyectoTaxiDetector/dataset/positivos/recortes/augmented/taxi_recorte_aug_01497.jpg
1498,taxi_recorte_train_0361.jpg,taxi_recorte_aug_01498.jpg,/home/irar/Escritorio/ProyectoTaxiDetector/dataset/positivos/recortes/train/taxi_recorte_train_0361.jpg,/home/irar/Escritorio/ProyectoTaxiDetector/dataset/positivos/recortes/augmented/taxi_recorte_aug_01498.jpg
1499,taxi_recorte_train_0325.jpg,taxi_recorte_aug_01499.jpg,/home/irar/Escritorio/ProyectoTaxiDetector/dataset/positivos/recortes/train/taxi_recorte_train_0325.jpg,/home/irar/Escritorio/ProyectoTaxiDetector/dataset/positivos/recortes/augmented/taxi_recorte_aug_01499.jpg
1500,taxi_recorte_train_0390.jpg,taxi_recorte_aug_01500.jpg,/home/irar/Escritorio/ProyectoTaxiDetector/dataset/positivos/recortes/train/taxi_recorte_train_0390.jpg,/home/irar/Escritorio/ProyectoTaxiDetector/dataset/positivos/recortes/augmented/taxi_recorte_aug_01500.jpg
1501,taxi_recorte_train_0051.jpg,taxi_recorte_aug_01501.jpg,/home/irar/Escritorio/ProyectoTaxiDetector/dataset/positivos/recortes/train/taxi_recorte_train_0051.jpg,/home/irar/Escritorio/ProyectoTaxiDetector/dataset/positivos/recortes/augmented/taxi_recorte_aug_01501.jpg
1502,taxi_recorte_train_0223.jpg,taxi_recorte_aug_01502.jpg,/home/irar/Escritorio/ProyectoTaxiDetector/dataset/positivos/recortes/train/taxi_recorte_train_0223.jpg,/home/irar/Escritorio/ProyectoTaxiDetector/dataset/positivos/recortes/augmented/taxi_recorte_aug_01502.jpg
1503,taxi_recorte_train_0047.jpg,taxi_recorte_aug_01503.jpg,/home/irar/Escritorio/ProyectoTaxiDetector/dataset/positivos/recortes/train/taxi_recorte_train_0047.jpg,/home/irar/Escritorio/ProyectoTaxiDetector/dataset/positivos/recortes/augmented/taxi_recorte_aug_01503.jpg
1504,taxi_recorte_train_0383.jpg,taxi_recorte_aug_01504.jpg,/home/irar/Escritorio/ProyectoTaxiDetector/dataset/positivos/recortes/train/taxi_recorte_train_0383.jpg,/home/irar/Escritorio/ProyectoTaxiDetector/dataset/positivos/recortes/augmented/taxi_recorte_aug_01504.jpg
1505,taxi_recorte_train_0537.jpg,taxi_recorte_aug_01505.jpg,/home/irar/Escritorio/ProyectoTaxiDetector/dataset/positivos/recortes/train/taxi_recorte_train_0537.jpg,/home/irar/Escritorio/ProyectoTaxiDetector/dataset/positivos/recortes/augmented/taxi_recorte_aug_01505.jpg
1506,taxi_recorte_train_0148.jpg,taxi_recorte_aug_01506.jpg,/home/irar/Escritorio/ProyectoTaxiDetector/dataset/positivos/recortes/train/taxi_recorte_train_0148.jpg,/home/irar/Escritorio/ProyectoTaxiDetector/dataset/positivos/recortes/augmented/taxi_recorte_aug_01506.jpg
1507,taxi_recorte_train_0351.jpg,taxi_recorte_aug_01507.jpg,/home/irar/Escritorio/ProyectoTaxiDetector/dataset/positivos/recortes/train/taxi_recorte_train_0351.jpg,/home/irar/Escritorio/ProyectoTaxiDetector/dataset/positivos/recortes/augmented/taxi_recorte_aug_01507.jpg
1508,taxi_recorte_train_0324.jpg,taxi_recorte_aug_01508.jpg,/home/irar/Escritorio/ProyectoTaxiDetector/dataset/positivos/recortes/train/taxi_recorte_train_0324.jpg,/home/irar/Escritorio/ProyectoTaxiDetector/dataset/positivos/recortes/augmented/taxi_recorte_aug_01508.jpg
1509,taxi_recorte_train_0535.jpg,taxi_recorte_aug_01509.jpg,/home/irar/Escritorio/ProyectoTaxiDetector/dataset/positivos/recortes/train/taxi_recorte_train_0535.jpg,/home/irar/Escritorio/ProyectoTaxiDetector/dataset/positivos/recortes/augmented/taxi_recorte_aug_01509.jpg
1510,taxi_recorte_train_0036.jpg,taxi_recorte_aug_01510.jpg,/home/irar/Escritorio/ProyectoTaxiDetector/dataset/positivos/recortes/train/taxi_recorte_train_0036.jpg,/home/irar/Escritorio/ProyectoTaxiDetector/dataset/positivos/recortes/augmented/taxi_recorte_aug_01510.jpg
1511,taxi_recorte_train_0317.jpg,taxi_recorte_aug_01511.jpg,/home/irar/Escritorio/ProyectoTaxiDetector/dataset/positivos/recortes/train/taxi_recorte_train_0317.jpg,/home/irar/Escritorio/ProyectoTaxiDetector/dataset/positivos/recortes/augmented/taxi_recorte_aug_01511.jpg
1512,taxi_recorte_train_0467.jpg,taxi_recorte_aug_01512.jpg,/home/irar/Escritorio/ProyectoTaxiDetector/dataset/positivos/recortes/train/taxi_recorte_train_0467.jpg,/home/irar/Escritorio/ProyectoTaxiDetector/dataset/positivos/recortes/augmented/taxi_recorte_aug_01512.jpg
1513,taxi_recorte_train_0278.jpg,taxi_recorte_aug_01513.jpg,/home/irar/Escritorio/ProyectoTaxiDetector/dataset/positivos/recortes/train/taxi_recorte_train_0278.jpg,/home/irar/Escritorio/ProyectoTaxiDetector/dataset/positivos/recortes/augmented/taxi_recorte_aug_01513.jpg
1514,taxi_recorte_train_0526.jpg,taxi_recorte_aug_01514.jpg,/home/irar/Escritorio/ProyectoTaxiDetector/dataset/positivos/recortes/train/taxi_recorte_train_0526.jpg,/home/irar/Escritorio/ProyectoTaxiDetector/dataset/positivos/recortes/augmented/taxi_recorte_aug_01514.jpg
1515,taxi_recorte_train_0389.jpg,taxi_recorte_aug_01515.jpg,/home/irar/Escritorio/ProyectoTaxiDetector/dataset/positivos/recortes/train/taxi_recorte_train_0389.jpg,/home/irar/Escritorio/ProyectoTaxiDetector/dataset/positivos/recortes/augmented/taxi_recorte_aug_01515.jpg
1516,taxi_recorte_train_0368.jpg,taxi_recorte_aug_01516.jpg,/home/irar/Escritorio/ProyectoTaxiDetector/dataset/positivos/recortes/train/taxi_recorte_train_0368.jpg,/home/irar/Escritorio/ProyectoTaxiDetector/dataset/positivos/recortes/augmented/taxi_recorte_aug_01516.jpg
1517,taxi_recorte_train_0321.jpg,taxi_recorte_aug_01517.jpg,/home/irar/Escritorio/ProyectoTaxiDetector/dataset/positivos/recortes/train/taxi_recorte_train_0321.jpg,/home/irar/Escritorio/ProyectoTaxiDetector/dataset/positivos/recortes/augmented/taxi_recorte_aug_01517.jpg
1518,taxi_recorte_train_0481.jpg,taxi_recorte_aug_01518.jpg,/home/irar/Escritorio/ProyectoTaxiDetector/dataset/positivos/recortes/train/taxi_recorte_train_0481.jpg,/home/irar/Escritorio/ProyectoTaxiDetector/dataset/positivos/recortes/augmented/taxi_recorte_aug_01518.jpg
1519,taxi_recorte_train_0195.jpg,taxi_recorte_aug_01519.jpg,/home/irar/Escritorio/ProyectoTaxiDetector/dataset/positivos/recortes/train/taxi_recorte_train_0195.jpg,/home/irar/Escritorio/ProyectoTaxiDetector/dataset/positivos/recortes/augmented/taxi_recorte_aug_01519.jpg
1520,taxi_recorte_train_0515.jpg,taxi_recorte_aug_01520.jpg,/home/irar/Escritorio/ProyectoTaxiDetector/dataset/positivos/recortes/train/taxi_recorte_train_0515.jpg,/home/irar/Escritorio/ProyectoTaxiDetector/dataset/positivos/recortes/augmented/taxi_recorte_aug_01520.jpg
1521,taxi_recorte_train_0346.jpg,taxi_recorte_aug_01521.jpg,/home/irar/Escritorio/ProyectoTaxiDetector/dataset/positivos/recortes/train/taxi_recorte_train_0346.jpg,/home/irar/Escritorio/ProyectoTaxiDetector/dataset/positivos/recortes/augmented/taxi_recorte_aug_01521.jpg
1522,taxi_recorte_train_0169.jpg,taxi_recorte_aug_01522.jpg,/home/irar/Escritorio/ProyectoTaxiDetector/dataset/positivos/recortes/train/taxi_recorte_train_0169.jpg,/home/irar/Escritorio/ProyectoTaxiDetector/dataset/positivos/recortes/augmented/taxi_recorte_aug_01522.jpg
1523,taxi_recorte_train_0437.jpg,taxi_recorte_aug_01523.jpg,/home/irar/Escritorio/ProyectoTaxiDetector/dataset/positivos/recortes/train/taxi_recorte_train_0437.jpg,/home/irar/Escritorio/ProyectoTaxiDetector/dataset/positivos/recortes/augmented/taxi_recorte_aug_01523.jpg
1524,taxi_recorte_train_0042.jpg,taxi_recorte_aug_01524.jpg,/home/irar/Escritorio/ProyectoTaxiDetector/dataset/positivos/recortes/train/taxi_recorte_train_0042.jpg,/home/irar/Escritorio/ProyectoTaxiDetector/dataset/positivos/recortes/augmented/taxi_recorte_aug_01524.jpg
1525,taxi_recorte_train_0333.jpg,taxi_recorte_aug_01525.jpg,/home/irar/Escritorio/ProyectoTaxiDetector/dataset/positivos/recortes/train/taxi_recorte_train_0333.jpg,/home/irar/Escritorio/ProyectoTaxiDetector/dataset/positivos/recortes/augmented/taxi_recorte_aug_01525.jpg
1526,taxi_recorte_train_0204.jpg,taxi_recorte_aug_01526.jpg,/home/irar/Escritorio/ProyectoTaxiDetector/dataset/positivos/recortes/train/taxi_recorte_train_0204.jpg,/home/irar/Escritorio/ProyectoTaxiDetector/dataset/positivos/recortes/augmented/taxi_recorte_aug_01526.jpg
1527,taxi_recorte_train_0355.jpg,taxi_recorte_aug_01527.jpg,/home/irar/Escritorio/ProyectoTaxiDetector/dataset/positivos/recortes/train/taxi_recorte_train_0355.jpg,/home/irar/Escritorio/ProyectoTaxiDetector/dataset/positivos/recortes/augmented/taxi_recorte_aug_01527.jpg
1528,taxi_recorte_train_0320.jpg,taxi_recorte_aug_01528.jpg,/home/irar/Escritorio/ProyectoTaxiDetector/dataset/positivos/recortes/train/taxi_recorte_train_0320.jpg,/home/irar/Escritorio/ProyectoTaxiDetector/dataset/positivos/recortes/augmented/taxi_recorte_aug_01528.jpg
1529,taxi_recorte_train_0174.jpg,taxi_recorte_aug_01529.jpg,/home/irar/Escritorio/ProyectoTaxiDetector/dataset/positivos/recortes/train/taxi_recorte_train_0174.jpg,/home/irar/Escritorio/ProyectoTaxiDetector/dataset/positivos/recortes/augmented/taxi_recorte_aug_01529.jpg
1530,taxi_recorte_train_0136.jpg,taxi_recorte_aug_01530.jpg,/home/irar/Escritorio/ProyectoTaxiDetector/dataset/positivos/recortes/train/taxi_recorte_train_0136.jpg,/home/irar/Escritorio/ProyectoTaxiDetector/dataset/positivos/recortes/augmented/taxi_recorte_aug_01530.jpg
1531,taxi_recorte_train_0401.jpg,taxi_recorte_aug_01531.jpg,/home/irar/Escritorio/ProyectoTaxiDetector/dataset/positivos/recortes/train/taxi_recorte_train_0401.jpg,/home/irar/Escritorio/ProyectoTaxiDetector/dataset/positivos/recortes/augmented/taxi_recorte_aug_01531.jpg
1532,taxi_recorte_train_0241.jpg,taxi_recorte_aug_01532.jpg,/home/irar/Escritorio/ProyectoTaxiDetector/dataset/positivos/recortes/train/taxi_recorte_train_0241.jpg,/home/irar/Escritorio/ProyectoTaxiDetector/dataset/positivos/recortes/augmented/taxi_recorte_aug_01532.jpg
1533,taxi_recorte_train_0039.jpg,taxi_recorte_aug_01533.jpg,/home/irar/Escritorio/ProyectoTaxiDetector/dataset/positivos/recortes/train/taxi_recorte_train_0039.jpg,/home/irar/Escritorio/ProyectoTaxiDetector/dataset/positivos/recortes/augmented/taxi_recorte_aug_01533.jpg
1534,taxi_recorte_train_0080.jpg,taxi_recorte_aug_01534.jpg,/home/irar/Escritorio/ProyectoTaxiDetector/dataset/positivos/recortes/train/taxi_recorte_train_0080.jpg,/home/irar/Escritorio/ProyectoTaxiDetector/dataset/positivos/recortes/augmented/taxi_recorte_aug_01534.jpg
1535,taxi_recorte_train_0336.jpg,taxi_recorte_aug_01535.jpg,/home/irar/Escritorio/ProyectoTaxiDetector/dataset/positivos/recortes/train/taxi_recorte_train_0336.jpg,/home/irar/Escritorio/ProyectoTaxiDetector/dataset/positivos/recortes/augmented/taxi_recorte_aug_01535.jpg
1536,taxi_recorte_train_0462.jpg,taxi_recorte_aug_01536.jpg,/home/irar/Escritorio/ProyectoTaxiDetector/dataset/positivos/recortes/train/taxi_recorte_train_0462.jpg,/home/irar/Escritorio/ProyectoTaxiDetector/dataset/positivos/recortes/augmented/taxi_recorte_aug_01536.jpg
1537,taxi_recorte_train_0210.jpg,taxi_recorte_aug_01537.jpg,/home/irar/Escritorio/ProyectoTaxiDetector/dataset/positivos/recortes/train/taxi_recorte_train_0210.jpg,/home/irar/Escritorio/ProyectoTaxiDetector/dataset/positivos/recortes/augmented/taxi_recorte_aug_01537.jpg
1538,taxi_recorte_train_0074.jpg,taxi_recorte_aug_01538.jpg,/home/irar/Escritorio/ProyectoTaxiDetector/dataset/positivos/recortes/train/taxi_recorte_train_0074.jpg,/home/irar/Escritorio/ProyectoTaxiDetector/dataset/positivos/recortes/augmented/taxi_recorte_aug_01538.jpg
1539,taxi_recorte_train_0370.jpg,taxi_recorte_aug_01539.jpg,/home/irar/Escritorio/ProyectoTaxiDetector/dataset/positivos/recortes/train/taxi_recorte_train_0370.jpg,/home/irar/Escritorio/ProyectoTaxiDetector/dataset/positivos/recortes/augmented/taxi_recorte_aug_01539.jpg
1540,taxi_recorte_train_0008.jpg,taxi_recorte_aug_01540.jpg,/home/irar/Escritorio/ProyectoTaxiDetector/dataset/positivos/recortes/train/taxi_recorte_train_0008.jpg,/home/irar/Escritorio/ProyectoTaxiDetector/dataset/positivos/recortes/augmented/taxi_recorte_aug_01540.jpg
1541,taxi_recorte_train_0528.jpg,taxi_recorte_aug_01541.jpg,/home/irar/Escritorio/ProyectoTaxiDetector/dataset/positivos/recortes/train/taxi_recorte_train_0528.jpg,/home/irar/Escritorio/ProyectoTaxiDetector/dataset/positivos/recortes/augmented/taxi_recorte_aug_01541.jpg
1542,taxi_recorte_train_0270.jpg,taxi_recorte_aug_01542.jpg,/home/irar/Escritorio/ProyectoTaxiDetector/dataset/positivos/recortes/train/taxi_recorte_train_0270.jpg,/home/irar/Escritorio/ProyectoTaxiDetector/dataset/positivos/recortes/augmented/taxi_recorte_aug_01542.jpg
1543,taxi_recorte_train_0461.jpg,taxi_recorte_aug_01543.jpg,/home/irar/Escritorio/ProyectoTaxiDetector/dataset/positivos/recortes/train/taxi_recorte_train_0461.jpg,/home/irar/Escritorio/ProyectoTaxiDetector/dataset/positivos/recortes/augmented/taxi_recorte_aug_01543.jpg
1544,taxi_recorte_train_0226.jpg,taxi_recorte_aug_01544.jpg,/home/irar/Escritorio/ProyectoTaxiDetector/dataset/positivos/recortes/train/taxi_recorte_train_0226.jpg,/home/irar/Escritorio/ProyectoTaxiDetector/dataset/positivos/recortes/augmented/taxi_recorte_aug_01544.jpg
1545,taxi_recorte_train_0433.jpg,taxi_recorte_aug_01545.jpg,/home/irar/Escritorio/ProyectoTaxiDetector/dataset/positivos/recortes/train/taxi_recorte_train_0433.jpg,/home/irar/Escritorio/ProyectoTaxiDetector/dataset/positivos/recortes/augmented/taxi_recorte_aug_01545.jpg
1546,taxi_recorte_train_0448.jpg,taxi_recorte_aug_01546.jpg,/home/irar/Escritorio/ProyectoTaxiDetector/dataset/positivos/recortes/train/taxi_recorte_train_0448.jpg,/home/irar/Escritorio/ProyectoTaxiDetector/dataset/positivos/recortes/augmented/taxi_recorte_aug_01546.jpg
1547,taxi_recorte_train_0052.jpg,taxi_recorte_aug_01547.jpg,/home/irar/Escritorio/ProyectoTaxiDetector/dataset/positivos/recortes/train/taxi_recorte_train_0052.jpg,/home/irar/Escritorio/ProyectoTaxiDetector/dataset/positivos/recortes/augmented/taxi_recorte_aug_01547.jpg
1548,taxi_recorte_train_0492.jpg,taxi_recorte_aug_01548.jpg,/home/irar/Escritorio/ProyectoTaxiDetector/dataset/positivos/recortes/train/taxi_recorte_train_0492.jpg,/home/irar/Escritorio/ProyectoTaxiDetector/dataset/positivos/recortes/augmented/taxi_recorte_aug_01548.jpg
1549,taxi_recorte_train_0170.jpg,taxi_recorte_aug_01549.jpg,/home/irar/Escritorio/ProyectoTaxiDetector/dataset/positivos/recortes/train/taxi_recorte_train_0170.jpg,/home/irar/Escritorio/ProyectoTaxiDetector/dataset/positivos/recortes/augmented/taxi_recorte_aug_01549.jpg
1550,taxi_recorte_train_0303.jpg,taxi_recorte_aug_01550.jpg,/home/irar/Escritorio/ProyectoTaxiDetector/dataset/positivos/recortes/train/taxi_recorte_train_0303.jpg,/home/irar/Escritorio/ProyectoTaxiDetector/dataset/positivos/recortes/augmented/taxi_recorte_aug_01550.jpg
1551,taxi_recorte_train_0258.jpg,taxi_recorte_aug_01551.jpg,/home/irar/Escritorio/ProyectoTaxiDetector/dataset/positivos/recortes/train/taxi_recorte_train_0258.jpg,/home/irar/Escritorio/ProyectoTaxiDetector/dataset/positivos/recortes/augmented/taxi_recorte_aug_01551.jpg
1552,taxi_recorte_train_0065.jpg,taxi_recorte_aug_01552.jpg,/home/irar/Escritorio/ProyectoTaxiDetector/dataset/positivos/recortes/train/taxi_recorte_train_0065.jpg,/home/irar/Escritorio/ProyectoTaxiDetector/dataset/positivos/recortes/augmented/taxi_recorte_aug_01552.jpg
1553,taxi_recorte_train_0019.jpg,taxi_recorte_aug_01553.jpg,/home/irar/Escritorio/ProyectoTaxiDetector/dataset/positivos/recortes/train/taxi_recorte_train_0019.jpg,/home/irar/Escritorio/ProyectoTaxiDetector/dataset/positivos/recortes/augmented/taxi_recorte_aug_01553.jpg
1554,taxi_recorte_train_0254.jpg,taxi_recorte_aug_01554.jpg,/home/irar/Escritorio/ProyectoTaxiDetector/dataset/positivos/recortes/train/taxi_recorte_train_0254.jpg,/home/irar/Escritorio/ProyectoTaxiDetector/dataset/positivos/recortes/augmented/taxi_recorte_aug_01554.jpg
1555,taxi_recorte_train_0078.jpg,taxi_recorte_aug_01555.jpg,/home/irar/Escritorio/ProyectoTaxiDetector/dataset/positivos/recortes/train/taxi_recorte_train_0078.jpg,/home/irar/Escritorio/ProyectoTaxiDetector/dataset/positivos/recortes/augmented/taxi_recorte_aug_01555.jpg
1556,taxi_recorte_train_0334.jpg,taxi_recorte_aug_01556.jpg,/home/irar/Escritorio/ProyectoTaxiDetector/dataset/positivos/recortes/train/taxi_recorte_train_0334.jpg,/home/irar/Escritorio/ProyectoTaxiDetector/dataset/positivos/recortes/augmented/taxi_recorte_aug_01556.jpg
1557,taxi_recorte_train_0421.jpg,taxi_recorte_aug_01557.jpg,/home/irar/Escritorio/ProyectoTaxiDetector/dataset/positivos/recortes/train/taxi_recorte_train_0421.jpg,/home/irar/Escritorio/ProyectoTaxiDetector/dataset/positivos/recortes/augmented/taxi_recorte_aug_01557.jpg
1558,taxi_recorte_train_0406.jpg,taxi_recorte_aug_01558.jpg,/home/irar/Escritorio/ProyectoTaxiDetector/dataset/positivos/recortes/train/taxi_recorte_train_0406.jpg,/home/irar/Escritorio/ProyectoTaxiDetector/dataset/positivos/recortes/augmented/taxi_recorte_aug_01558.jpg
1559,taxi_recorte_train_0340.jpg,taxi_recorte_aug_01559.jpg,/home/irar/Escritorio/ProyectoTaxiDetector/dataset/positivos/recortes/train/taxi_recorte_train_0340.jpg,/home/irar/Escritorio/ProyectoTaxiDetector/dataset/positivos/recortes/augmented/taxi_recorte_aug_01559.jpg
1560,taxi_recorte_train_0198.jpg,taxi_recorte_aug_01560.jpg,/home/irar/Escritorio/ProyectoTaxiDetector/dataset/positivos/recortes/train/taxi_recorte_train_0198.jpg,/home/irar/Escritorio/ProyectoTaxiDetector/dataset/positivos/recortes/augmented/taxi_recorte_aug_01560.jpg
1561,taxi_recorte_train_0531.jpg,taxi_recorte_aug_01561.jpg,/home/irar/Escritorio/ProyectoTaxiDetector/dataset/positivos/recortes/train/taxi_recorte_train_0531.jpg,/home/irar/Escritorio/ProyectoTaxiDetector/dataset/positivos/recortes/augmented/taxi_recorte_aug_01561.jpg
1562,taxi_recorte_train_0416.jpg,taxi_recorte_aug_01562.jpg,/home/irar/Escritorio/ProyectoTaxiDetector/dataset/positivos/recortes/train/taxi_recorte_train_0416.jpg,/home/irar/Escritorio/ProyectoTaxiDetector/dataset/positivos/recortes/augmented/taxi_recorte_aug_01562.jpg
1563,taxi_recorte_train_0525.jpg,taxi_recorte_aug_01563.jpg,/home/irar/Escritorio/ProyectoTaxiDetector/dataset/positivos/recortes/train/taxi_recorte_train_0525.jpg,/home/irar/Escritorio/ProyectoTaxiDetector/dataset/positivos/recortes/augmented/taxi_recorte_aug_01563.jpg
1564,taxi_recorte_train_0362.jpg,taxi_recorte_aug_01564.jpg,/home/irar/Escritorio/ProyectoTaxiDetector/dataset/positivos/recortes/train/taxi_recorte_train_0362.jpg,/home/irar/Escritorio/ProyectoTaxiDetector/dataset/positivos/recortes/augmented/taxi_recorte_aug_01564.jpg
1565,taxi_recorte_train_0243.jpg,taxi_recorte_aug_01565.jpg,/home/irar/Escritorio/ProyectoTaxiDetector/dataset/positivos/recortes/train/taxi_recorte_train_0243.jpg,/home/irar/Escritorio/ProyectoTaxiDetector/dataset/positivos/recortes/augmented/taxi_recorte_aug_01565.jpg
1566,taxi_recorte_train_0382.jpg,taxi_recorte_aug_01566.jpg,/home/irar/Escritorio/ProyectoTaxiDetector/dataset/positivos/recortes/train/taxi_recorte_train_0382.jpg,/home/irar/Escritorio/ProyectoTaxiDetector/dataset/positivos/recortes/augmented/taxi_recorte_aug_01566.jpg
1567,taxi_recorte_train_0543.jpg,taxi_recorte_aug_01567.jpg,/home/irar/Escritorio/ProyectoTaxiDetector/dataset/positivos/recortes/train/taxi_recorte_train_0543.jpg,/home/irar/Escritorio/ProyectoTaxiDetector/dataset/positivos/recortes/augmented/taxi_recorte_aug_01567.jpg
1568,taxi_recorte_train_0023.jpg,taxi_recorte_aug_01568.jpg,/home/irar/Escritorio/ProyectoTaxiDetector/dataset/positivos/recortes/train/taxi_recorte_train_0023.jpg,/home/irar/Escritorio/ProyectoTaxiDetector/dataset/positivos/recortes/augmented/taxi_recorte_aug_01568.jpg
1569,taxi_recorte_train_0211.jpg,taxi_recorte_aug_01569.jpg,/home/irar/Escritorio/ProyectoTaxiDetector/dataset/positivos/recortes/train/taxi_recorte_train_0211.jpg,/home/irar/Escritorio/ProyectoTaxiDetector/dataset/positivos/recortes/augmented/taxi_recorte_aug_01569.jpg
1570,taxi_recorte_train_0398.jpg,taxi_recorte_aug_01570.jpg,/home/irar/Escritorio/ProyectoTaxiDetector/dataset/positivos/recortes/train/taxi_recorte_train_0398.jpg,/home/irar/Escritorio/ProyectoTaxiDetector/dataset/positivos/recortes/augmented/taxi_recorte_aug_01570.jpg
1571,taxi_recorte_train_0439.jpg,taxi_recorte_aug_01571.jpg,/home/irar/Escritorio/ProyectoTaxiDetector/dataset/positivos/recortes/train/taxi_recorte_train_0439.jpg,/home/irar/Escritorio/ProyectoTaxiDetector/dataset/positivos/recortes/augmented/taxi_recorte_aug_01571.jpg
1572,taxi_recorte_train_0120.jpg,taxi_recorte_aug_01572.jpg,/home/irar/Escritorio/ProyectoTaxiDetector/dataset/positivos/recortes/train/taxi_recorte_train_0120.jpg,/home/irar/Escritorio/ProyectoTaxiDetector/dataset/positivos/recortes/augmented/taxi_recorte_aug_01572.jpg
1573,taxi_recorte_train_0197.jpg,taxi_recorte_aug_01573.jpg,/home/irar/Escritorio/ProyectoTaxiDetector/dataset/positivos/recortes/train/taxi_recorte_train_0197.jpg,/home/irar/Escritorio/ProyectoTaxiDetector/dataset/positivos/recortes/augmented/taxi_recorte_aug_01573.jpg
1574,taxi_recorte_train_0293.jpg,taxi_recorte_aug_01574.jpg,/home/irar/Escritorio/ProyectoTaxiDetector/dataset/positivos/recortes/train/taxi_recorte_train_0293.jpg,/home/irar/Escritorio/ProyectoTaxiDetector/dataset/positivos/recortes/augmented/taxi_recorte_aug_01574.jpg
1575,taxi_recorte_train_0123.jpg,taxi_recorte_aug_01575.jpg,/home/irar/Escritorio/ProyectoTaxiDetector/dataset/positivos/recortes/train/taxi_recorte_train_0123.jpg,/home/irar/Escritorio/ProyectoTaxiDetector/dataset/positivos/recortes/augmented/taxi_recorte_aug_01575.jpg
1576,taxi_recorte_train_0358.jpg,taxi_recorte_aug_01576.jpg,/home/irar/Escritorio/ProyectoTaxiDetector/dataset/positivos/recortes/train/taxi_recorte_train_0358.jpg,/home/irar/Escritorio/ProyectoTaxiDetector/dataset/positivos/recortes/augmented/taxi_recorte_aug_01576.jpg
1577,taxi_recorte_train_0097.jpg,taxi_recorte_aug_01577.jpg,/home/irar/Escritorio/ProyectoTaxiDetector/dataset/positivos/recortes/train/taxi_recorte_train_0097.jpg,/home/irar/Escritorio/ProyectoTaxiDetector/dataset/positivos/recortes/augmented/taxi_recorte_aug_01577.jpg
1578,taxi_recorte_train_0446.jpg,taxi_recorte_aug_01578.jpg,/home/irar/Escritorio/ProyectoTaxiDetector/dataset/positivos/recortes/train/taxi_recorte_train_0446.jpg,/home/irar/Escritorio/ProyectoTaxiDetector/dataset/positivos/recortes/augmented/taxi_recorte_aug_01578.jpg
1579,taxi_recorte_train_0165.jpg,taxi_recorte_aug_01579.jpg,/home/irar/Escritorio/ProyectoTaxiDetector/dataset/positivos/recortes/train/taxi_recorte_train_0165.jpg,/home/irar/Escritorio/ProyectoTaxiDetector/dataset/positivos/recortes/augmented/taxi_recorte_aug_01579.jpg
1580,taxi_recorte_train_0478.jpg,taxi_recorte_aug_01580.jpg,/home/irar/Escritorio/ProyectoTaxiDetector/dataset/positivos/recortes/train/taxi_recorte_train_0478.jpg,/home/irar/Escritorio/ProyectoTaxiDetector/dataset/positivos/recortes/augmented/taxi_recorte_aug_01580.jpg
1581,taxi_recorte_train_0234.jpg,taxi_recorte_aug_01581.jpg,/home/irar/Escritorio/ProyectoTaxiDetector/dataset/positivos/recortes/train/taxi_recorte_train_0234.jpg,/home/irar/Escritorio/ProyectoTaxiDetector/dataset/positivos/recortes/augmented/taxi_recorte_aug_01581.jpg
1582,taxi_recorte_train_0194.jpg,taxi_recorte_aug_01582.jpg,/home/irar/Escritorio/ProyectoTaxiDetector/dataset/positivos/recortes/train/taxi_recorte_train_0194.jpg,/home/irar/Escritorio/ProyectoTaxiDetector/dataset/positivos/recortes/augmented/taxi_recorte_aug_01582.jpg
1583,taxi_recorte_train_0279.jpg,taxi_recorte_aug_01583.jpg,/home/irar/Escritorio/ProyectoTaxiDetector/dataset/positivos/recortes/train/taxi_recorte_train_0279.jpg,/home/irar/Escritorio/ProyectoTaxiDetector/dataset/positivos/recortes/augmented/taxi_recorte_aug_01583.jpg
1584,taxi_recorte_train_0391.jpg,taxi_recorte_aug_01584.jpg,/home/irar/Escritorio/ProyectoTaxiDetector/dataset/positivos/recortes/train/taxi_recorte_train_0391.jpg,/home/irar/Escritorio/ProyectoTaxiDetector/dataset/positivos/recortes/augmented/taxi_recorte_aug_01584.jpg
1585,taxi_recorte_train_0518.jpg,taxi_recorte_aug_01585.jpg,/home/irar/Escritorio/ProyectoTaxiDetector/dataset/positivos/recortes/train/taxi_recorte_train_0518.jpg,/home/irar/Escritorio/ProyectoTaxiDetector/dataset/positivos/recortes/augmented/taxi_recorte_aug_01585.jpg
1586,taxi_recorte_train_0171.jpg,taxi_recorte_aug_01586.jpg,/home/irar/Escritorio/ProyectoTaxiDetector/dataset/positivos/recortes/train/taxi_recorte_train_0171.jpg,/home/irar/Escritorio/ProyectoTaxiDetector/dataset/positivos/recortes/augmented/taxi_recorte_aug_01586.jpg
1587,taxi_recorte_train_0177.jpg,taxi_recorte_aug_01587.jpg,/home/irar/Escritorio/ProyectoTaxiDetector/dataset/positivos/recortes/train/taxi_recorte_train_0177.jpg,/home/irar/Escritorio/ProyectoTaxiDetector/dataset/positivos/recortes/augmented/taxi_recorte_aug_01587.jpg
1588,taxi_recorte_train_0248.jpg,taxi_recorte_aug_01588.jpg,/home/irar/Escritorio/ProyectoTaxiDetector/dataset/positivos/recortes/train/taxi_recorte_train_0248.jpg,/home/irar/Escritorio/ProyectoTaxiDetector/dataset/positivos/recortes/augmented/taxi_recorte_aug_01588.jpg
1589,taxi_recorte_train_0276.jpg,taxi_recorte_aug_01589.jpg,/home/irar/Escritorio/ProyectoTaxiDetector/dataset/positivos/recortes/train/taxi_recorte_train_0276.jpg,/home/irar/Escritorio/ProyectoTaxiDetector/dataset/positivos/recortes/augmented/taxi_recorte_aug_01589.jpg
1590,taxi_recorte_train_0229.jpg,taxi_recorte_aug_01590.jpg,/home/irar/Escritorio/ProyectoTaxiDetector/dataset/positivos/recortes/train/taxi_recorte_train_0229.jpg,/home/irar/Escritorio/ProyectoTaxiDetector/dataset/positivos/recortes/augmented/taxi_recorte_aug_01590.jpg
1591,taxi_recorte_train_0077.jpg,taxi_recorte_aug_01591.jpg,/home/irar/Escritorio/ProyectoTaxiDetector/dataset/positivos/recortes/train/taxi_recorte_train_0077.jpg,/home/irar/Escritorio/ProyectoTaxiDetector/dataset/positivos/recortes/augmented/taxi_recorte_aug_01591.jpg
1592,taxi_recorte_train_0444.jpg,taxi_recorte_aug_01592.jpg,/home/irar/Escritorio/ProyectoTaxiDetector/dataset/positivos/recortes/train/taxi_recorte_train_0444.jpg,/home/irar/Escritorio/ProyectoTaxiDetector/dataset/positivos/recortes/augmented/taxi_recorte_aug_01592.jpg
1593,taxi_recorte_train_0251.jpg,taxi_recorte_aug_01593.jpg,/home/irar/Escritorio/ProyectoTaxiDetector/dataset/positivos/recortes/train/taxi_recorte_train_0251.jpg,/home/irar/Escritorio/ProyectoTaxiDetector/dataset/positivos/recortes/augmented/taxi_recorte_aug_01593.jpg
1594,taxi_recorte_train_0338.jpg,taxi_recorte_aug_01594.jpg,/home/irar/Escritorio/ProyectoTaxiDetector/dataset/positivos/recortes/train/taxi_recorte_train_0338.jpg,/home/irar/Escritorio/ProyectoTaxiDetector/dataset/positivos/recortes/augmented/taxi_recorte_aug_01594.jpg
1595,taxi_recorte_train_0297.jpg,taxi_recorte_aug_01595.jpg,/home/irar/Escritorio/ProyectoTaxiDetector/dataset/positivos/recortes/train/taxi_recorte_train_0297.jpg,/home/irar/Escritorio/ProyectoTaxiDetector/dataset/positivos/recortes/augmented/taxi_recorte_aug_01595.jpg
1596,taxi_recorte_train_0301.jpg,taxi_recorte_aug_01596.jpg,/home/irar/Escritorio/ProyectoTaxiDetector/dataset/positivos/recortes/train/taxi_recorte_train_0301.jpg,/home/irar/Escritorio/ProyectoTaxiDetector/dataset/positivos/recortes/augmented/taxi_recorte_aug_01596.jpg
1597,taxi_recorte_train_0429.jpg,taxi_recorte_aug_01597.jpg,/home/irar/Escritorio/ProyectoTaxiDetector/dataset/positivos/recortes/train/taxi_recorte_train_0429.jpg,/home/irar/Escritorio/ProyectoTaxiDetector/dataset/positivos/recortes/augmented/taxi_recorte_aug_01597.jpg
1598,taxi_recorte_train_0306.jpg,taxi_recorte_aug_01598.jpg,/home/irar/Escritorio/ProyectoTaxiDetector/dataset/positivos/recortes/train/taxi_recorte_train_0306.jpg,/home/irar/Escritorio/ProyectoTaxiDetector/dataset/positivos/recortes/augmented/taxi_recorte_aug_01598.jpg
1599,taxi_recorte_train_0290.jpg,taxi_recorte_aug_01599.jpg,/home/irar/Escritorio/ProyectoTaxiDetector/dataset/positivos/recortes/train/taxi_recorte_train_0290.jpg,/home/irar/Escritorio/ProyectoTaxiDetector/dataset/positivos/recortes/augmented/taxi_recorte_aug_01599.jpg
1600,taxi_recorte_train_0003.jpg,taxi_recorte_aug_01600.jpg,/home/irar/Escritorio/ProyectoTaxiDetector/dataset/positivos/recortes/train/taxi_recorte_train_0003.jpg,/home/irar/Escritorio/ProyectoTaxiDetector/dataset/positivos/recortes/augmented/taxi_recorte_aug_01600.jpg
1601,taxi_recorte_train_0274.jpg,taxi_recorte_aug_01601.jpg,/home/irar/Escritorio/ProyectoTaxiDetector/dataset/positivos/recortes/train/taxi_recorte_train_0274.jpg,/home/irar/Escritorio/ProyectoTaxiDetector/dataset/positivos/recortes/augmented/taxi_recorte_aug_01601.jpg
1602,taxi_recorte_train_0349.jpg,taxi_recorte_aug_01602.jpg,/home/irar/Escritorio/ProyectoTaxiDetector/dataset/positivos/recortes/train/taxi_recorte_train_0349.jpg,/home/irar/Escritorio/ProyectoTaxiDetector/dataset/positivos/recortes/augmented/taxi_recorte_aug_01602.jpg
1603,taxi_recorte_train_0425.jpg,taxi_recorte_aug_01603.jpg,/home/irar/Escritorio/ProyectoTaxiDetector/dataset/positivos/recortes/train/taxi_recorte_train_0425.jpg,/home/irar/Escritorio/ProyectoTaxiDetector/dataset/positivos/recortes/augmented/taxi_recorte_aug_01603.jpg
1604,taxi_recorte_train_0283.jpg,taxi_recorte_aug_01604.jpg,/home/irar/Escritorio/ProyectoTaxiDetector/dataset/positivos/recortes/train/taxi_recorte_train_0283.jpg,/home/irar/Escritorio/ProyectoTaxiDetector/dataset/positivos/recortes/augmented/taxi_recorte_aug_01604.jpg
1605,taxi_recorte_train_0072.jpg,taxi_recorte_aug_01605.jpg,/home/irar/Escritorio/ProyectoTaxiDetector/dataset/positivos/recortes/train/taxi_recorte_train_0072.jpg,/home/irar/Escritorio/ProyectoTaxiDetector/dataset/positivos/recortes/augmented/taxi_recorte_aug_01605.jpg
1606,taxi_recorte_train_0140.jpg,taxi_recorte_aug_01606.jpg,/home/irar/Escritorio/ProyectoTaxiDetector/dataset/positivos/recortes/train/taxi_recorte_train_0140.jpg,/home/irar/Escritorio/ProyectoTaxiDetector/dataset/positivos/recortes/augmented/taxi_recorte_aug_01606.jpg
1607,taxi_recorte_train_0521.jpg,taxi_recorte_aug_01607.jpg,/home/irar/Escritorio/ProyectoTaxiDetector/dataset/positivos/recortes/train/taxi_recorte_train_0521.jpg,/home/irar/Escritorio/ProyectoTaxiDetector/dataset/positivos/recortes/augmented/taxi_recorte_aug_01607.jpg
1608,taxi_recorte_train_0196.jpg,taxi_recorte_aug_01608.jpg,/home/irar/Escritorio/ProyectoTaxiDetector/dataset/positivos/recortes/train/taxi_recorte_train_0196.jpg,/home/irar/Escritorio/ProyectoTaxiDetector/dataset/positivos/recortes/augmented/taxi_recorte_aug_01608.jpg
1609,taxi_recorte_train_0393.jpg,taxi_recorte_aug_01609.jpg,/home/irar/Escritorio/ProyectoTaxiDetector/dataset/positivos/recortes/train/taxi_recorte_train_0393.jpg,/home/irar/Escritorio/ProyectoTaxiDetector/dataset/positivos/recortes/augmented/taxi_recorte_aug_01609.jpg
1610,taxi_recorte_train_0149.jpg,taxi_recorte_aug_01610.jpg,/home/irar/Escritorio/ProyectoTaxiDetector/dataset/positivos/recortes/train/taxi_recorte_train_0149.jpg,/home/irar/Escritorio/ProyectoTaxiDetector/dataset/positivos/recortes/augmented/taxi_recorte_aug_01610.jpg
1611,taxi_recorte_train_0468.jpg,taxi_recorte_aug_01611.jpg,/home/irar/Escritorio/ProyectoTaxiDetector/dataset/positivos/recortes/train/taxi_recorte_train_0468.jpg,/home/irar/Escritorio/ProyectoTaxiDetector/dataset/positivos/recortes/augmented/taxi_recorte_aug_01611.jpg
1612,taxi_recorte_train_0250.jpg,taxi_recorte_aug_01612.jpg,/home/irar/Escritorio/ProyectoTaxiDetector/dataset/positivos/recortes/train/taxi_recorte_train_0250.jpg,/home/irar/Escritorio/ProyectoTaxiDetector/dataset/positivos/recortes/augmented/taxi_recorte_aug_01612.jpg
1613,taxi_recorte_train_0484.jpg,taxi_recorte_aug_01613.jpg,/home/irar/Escritorio/ProyectoTaxiDetector/dataset/positivos/recortes/train/taxi_recorte_train_0484.jpg,/home/irar/Escritorio/ProyectoTaxiDetector/dataset/positivos/recortes/augmented/taxi_recorte_aug_01613.jpg
1614,taxi_recorte_train_0495.jpg,taxi_recorte_aug_01614.jpg,/home/irar/Escritorio/ProyectoTaxiDetector/dataset/positivos/recortes/train/taxi_recorte_train_0495.jpg,/home/irar/Escritorio/ProyectoTaxiDetector/dataset/positivos/recortes/augmented/taxi_recorte_aug_01614.jpg
1615,taxi_recorte_train_0426.jpg,taxi_recorte_aug_01615.jpg,/home/irar/Escritorio/ProyectoTaxiDetector/dataset/positivos/recortes/train/taxi_recorte_train_0426.jpg,/home/irar/Escritorio/ProyectoTaxiDetector/dataset/positivos/recortes/augmented/taxi_recorte_aug_01615.jpg
1616,taxi_recorte_train_0280.jpg,taxi_recorte_aug_01616.jpg,/home/irar/Escritorio/ProyectoTaxiDetector/dataset/positivos/recortes/train/taxi_recorte_train_0280.jpg,/home/irar/Escritorio/ProyectoTaxiDetector/dataset/positivos/recortes/augmented/taxi_recorte_aug_01616.jpg
1617,taxi_recorte_train_0522.jpg,taxi_recorte_aug_01617.jpg,/home/irar/Escritorio/ProyectoTaxiDetector/dataset/positivos/recortes/train/taxi_recorte_train_0522.jpg,/home/irar/Escritorio/ProyectoTaxiDetector/dataset/positivos/recortes/augmented/taxi_recorte_aug_01617.jpg
1618,taxi_recorte_train_0299.jpg,taxi_recorte_aug_01618.jpg,/home/irar/Escritorio/ProyectoTaxiDetector/dataset/positivos/recortes/train/taxi_recorte_train_0299.jpg,/home/irar/Escritorio/ProyectoTaxiDetector/dataset/positivos/recortes/augmented/taxi_recorte_aug_01618.jpg
1619,taxi_recorte_train_0511.jpg,taxi_recorte_aug_01619.jpg,/home/irar/Escritorio/ProyectoTaxiDetector/dataset/positivos/recortes/train/taxi_recorte_train_0511.jpg,/home/irar/Escritorio/ProyectoTaxiDetector/dataset/positivos/recortes/augmented/taxi_recorte_aug_01619.jpg
1620,taxi_recorte_train_0158.jpg,taxi_recorte_aug_01620.jpg,/home/irar/Escritorio/ProyectoTaxiDetector/dataset/positivos/recortes/train/taxi_recorte_train_0158.jpg,/home/irar/Escritorio/ProyectoTaxiDetector/dataset/positivos/recortes/augmented/taxi_recorte_aug_01620.jpg
1621,taxi_recorte_train_0121.jpg,taxi_recorte_aug_01621.jpg,/home/irar/Escritorio/ProyectoTaxiDetector/dataset/positivos/recortes/train/taxi_recorte_train_0121.jpg,/home/irar/Escritorio/ProyectoTaxiDetector/dataset/positivos/recortes/augmented/taxi_recorte_aug_01621.jpg
1622,taxi_recorte_train_0473.jpg,taxi_recorte_aug_01622.jpg,/home/irar/Escritorio/ProyectoTaxiDetector/dataset/positivos/recortes/train/taxi_recorte_train_0473.jpg,/home/irar/Escritorio/ProyectoTaxiDetector/dataset/positivos/recortes/augmented/taxi_recorte_aug_01622.jpg
1623,taxi_recorte_train_0117.jpg,taxi_recorte_aug_01623.jpg,/home/irar/Escritorio/ProyectoTaxiDetector/dataset/positivos/recortes/train/taxi_recorte_train_0117.jpg,/home/irar/Escritorio/ProyectoTaxiDetector/dataset/positivos/recortes/augmented/taxi_recorte_aug_01623.jpg
1624,taxi_recorte_train_0231.jpg,taxi_recorte_aug_01624.jpg,/home/irar/Escritorio/ProyectoTaxiDetector/dataset/positivos/recortes/train/taxi_recorte_train_0231.jpg,/home/irar/Escritorio/ProyectoTaxiDetector/dataset/positivos/recortes/augmented/taxi_recorte_aug_01624.jpg
1625,taxi_recorte_train_0096.jpg,taxi_recorte_aug_01625.jpg,/home/irar/Escritorio/ProyectoTaxiDetector/dataset/positivos/recortes/train/taxi_recorte_train_0096.jpg,/home/irar/Escritorio/ProyectoTaxiDetector/dataset/positivos/recortes/augmented/taxi_recorte_aug_01625.jpg
1626,taxi_recorte_train_0418.jpg,taxi_recorte_aug_01626.jpg,/home/irar/Escritorio/ProyectoTaxiDetector/dataset/positivos/recortes/train/taxi_recorte_train_0418.jpg,/home/irar/Escritorio/ProyectoTaxiDetector/dataset/positivos/recortes/augmented/taxi_recorte_aug_01626.jpg
1627,taxi_recorte_train_0015.jpg,taxi_recorte_aug_01627.jpg,/home/irar/Escritorio/ProyectoTaxiDetector/dataset/positivos/recortes/train/taxi_recorte_train_0015.jpg,/home/irar/Escritorio/ProyectoTaxiDetector/dataset/positivos/recortes/augmented/taxi_recorte_aug_01627.jpg
1628,taxi_recorte_train_0319.jpg,taxi_recorte_aug_01628.jpg,/home/irar/Escritorio/ProyectoTaxiDetector/dataset/positivos/recortes/train/taxi_recorte_train_0319.jpg,/home/irar/Escritorio/ProyectoTaxiDetector/dataset/positivos/recortes/augmented/taxi_recorte_aug_01628.jpg
1629,taxi_recorte_train_0163.jpg,taxi_recorte_aug_01629.jpg,/home/irar/Escritorio/ProyectoTaxiDetector/dataset/positivos/recortes/train/taxi_recorte_train_0163.jpg,/home/irar/Escritorio/ProyectoTaxiDetector/dataset/positivos/recortes/augmented/taxi_recorte_aug_01629.jpg
1630,taxi_recorte_train_0204.jpg,taxi_recorte_aug_01630.jpg,/home/irar/Escritorio/ProyectoTaxiDetector/dataset/positivos/recortes/train/taxi_recorte_train_0204.jpg,/home/irar/Escritorio/ProyectoTaxiDetector/dataset/positivos/recortes/augmented/taxi_recorte_aug_01630.jpg
1631,taxi_recorte_train_0031.jpg,taxi_recorte_aug_01631.jpg,/home/irar/Escritorio/ProyectoTaxiDetector/dataset/positivos/recortes/train/taxi_recorte_train_0031.jpg,/home/irar/Escritorio/ProyectoTaxiDetector/dataset/positivos/recortes/augmented/taxi_recorte_aug_01631.jpg
1632,taxi_recorte_train_0188.jpg,taxi_recorte_aug_01632.jpg,/home/irar/Escritorio/ProyectoTaxiDetector/dataset/positivos/recortes/train/taxi_recorte_train_0188.jpg,/home/irar/Escritorio/ProyectoTaxiDetector/dataset/positivos/recortes/augmented/taxi_recorte_aug_01632.jpg
1633,taxi_recorte_train_0190.jpg,taxi_recorte_aug_01633.jpg,/home/irar/Escritorio/ProyectoTaxiDetector/dataset/positivos/recortes/train/taxi_recorte_train_0190.jpg,/home/irar/Escritorio/ProyectoTaxiDetector/dataset/positivos/recortes/augmented/taxi_recorte_aug_01633.jpg
1634,taxi_recorte_train_0104.jpg,taxi_recorte_aug_01634.jpg,/home/irar/Escritorio/ProyectoTaxiDetector/dataset/positivos/recortes/train/taxi_recorte_train_0104.jpg,/home/irar/Escritorio/ProyectoTaxiDetector/dataset/positivos/recortes/augmented/taxi_recorte_aug_01634.jpg
1635,taxi_recorte_train_0252.jpg,taxi_recorte_aug_01635.jpg,/home/irar/Escritorio/ProyectoTaxiDetector/dataset/positivos/recortes/train/taxi_recorte_train_0252.jpg,/home/irar/Escritorio/ProyectoTaxiDetector/dataset/positivos/recortes/augmented/taxi_recorte_aug_01635.jpg
1636,taxi_recorte_train_0288.jpg,taxi_recorte_aug_01636.jpg,/home/irar/Escritorio/ProyectoTaxiDetector/dataset/positivos/recortes/train/taxi_recorte_train_0288.jpg,/home/irar/Escritorio/ProyectoTaxiDetector/dataset/positivos/recortes/augmented/taxi_recorte_aug_01636.jpg
1637,taxi_recorte_train_0507.jpg,taxi_recorte_aug_01637.jpg,/home/irar/Escritorio/ProyectoTaxiDetector/dataset/positivos/recortes/train/taxi_recorte_train_0507.jpg,/home/irar/Escritorio/ProyectoTaxiDetector/dataset/positivos/recortes/augmented/taxi_recorte_aug_01637.jpg
1638,taxi_recorte_train_0240.jpg,taxi_recorte_aug_01638.jpg,/home/irar/Escritorio/ProyectoTaxiDetector/dataset/positivos/recortes/train/taxi_recorte_train_0240.jpg,/home/irar/Escritorio/ProyectoTaxiDetector/dataset/positivos/recortes/augmented/taxi_recorte_aug_01638.jpg
1639,taxi_recorte_train_0194.jpg,taxi_recorte_aug_01639.jpg,/home/irar/Escritorio/ProyectoTaxiDetector/dataset/positivos/recortes/train/taxi_recorte_train_0194.jpg,/home/irar/Escritorio/ProyectoTaxiDetector/dataset/positivos/recortes/augmented/taxi_recorte_aug_01639.jpg
1640,taxi_recorte_train_0341.jpg,taxi_recorte_aug_01640.jpg,/home/irar/Escritorio/ProyectoTaxiDetector/dataset/positivos/recortes/train/taxi_recorte_train_0341.jpg,/home/irar/Escritorio/ProyectoTaxiDetector/dataset/positivos/recortes/augmented/taxi_recorte_aug_01640.jpg
1641,taxi_recorte_train_0489.jpg,taxi_recorte_aug_01641.jpg,/home/irar/Escritorio/ProyectoTaxiDetector/dataset/positivos/recortes/train/taxi_recorte_train_0489.jpg,/home/irar/Escritorio/ProyectoTaxiDetector/dataset/positivos/recortes/augmented/taxi_recorte_aug_01641.jpg
1642,taxi_recorte_train_0351.jpg,taxi_recorte_aug_01642.jpg,/home/irar/Escritorio/ProyectoTaxiDetector/dataset/positivos/recortes/train/taxi_recorte_train_0351.jpg,/home/irar/Escritorio/ProyectoTaxiDetector/dataset/positivos/recortes/augmented/taxi_recorte_aug_01642.jpg
1643,taxi_recorte_train_0475.jpg,taxi_recorte_aug_01643.jpg,/home/irar/Escritorio/ProyectoTaxiDetector/dataset/positivos/recortes/train/taxi_recorte_train_0475.jpg,/home/irar/Escritorio/ProyectoTaxiDetector/dataset/positivos/recortes/augmented/taxi_recorte_aug_01643.jpg
1644,taxi_recorte_train_0346.jpg,taxi_recorte_aug_01644.jpg,/home/irar/Escritorio/ProyectoTaxiDetector/dataset/positivos/recortes/train/taxi_recorte_train_0346.jpg,/home/irar/Escritorio/ProyectoTaxiDetector/dataset/positivos/recortes/augmented/taxi_recorte_aug_01644.jpg
1645,taxi_recorte_train_0280.jpg,taxi_recorte_aug_01645.jpg,/home/irar/Escritorio/ProyectoTaxiDetector/dataset/positivos/recortes/train/taxi_recorte_train_0280.jpg,/home/irar/Escritorio/ProyectoTaxiDetector/dataset/positivos/recortes/augmented/taxi_recorte_aug_01645.jpg
1646,taxi_recorte_train_0394.jpg,taxi_recorte_aug_01646.jpg,/home/irar/Escritorio/ProyectoTaxiDetector/dataset/positivos/recortes/train/taxi_recorte_train_0394.jpg,/home/irar/Escritorio/ProyectoTaxiDetector/dataset/positivos/recortes/augmented/taxi_recorte_aug_01646.jpg
1647,taxi_recorte_train_0477.jpg,taxi_recorte_aug_01647.jpg,/home/irar/Escritorio/ProyectoTaxiDetector/dataset/positivos/recortes/train/taxi_recorte_train_0477.jpg,/home/irar/Escritorio/ProyectoTaxiDetector/dataset/positivos/recortes/augmented/taxi_recorte_aug_01647.jpg
1648,taxi_recorte_train_0154.jpg,taxi_recorte_aug_01648.jpg,/home/irar/Escritorio/ProyectoTaxiDetector/dataset/positivos/recortes/train/taxi_recorte_train_0154.jpg,/home/irar/Escritorio/ProyectoTaxiDetector/dataset/positivos/recortes/augmented/taxi_recorte_aug_01648.jpg
1649,taxi_recorte_train_0476.jpg,taxi_recorte_aug_01649.jpg,/home/irar/Escritorio/ProyectoTaxiDetector/dataset/positivos/recortes/train/taxi_recorte_train_0476.jpg,/home/irar/Escritorio/ProyectoTaxiDetector/dataset/positivos/recortes/augmented/taxi_recorte_aug_01649.jpg
1650,taxi_recorte_train_0051.jpg,taxi_recorte_aug_01650.jpg,/home/irar/Escritorio/ProyectoTaxiDetector/dataset/positivos/recortes/train/taxi_recorte_train_0051.jpg,/home/irar/Escritorio/ProyectoTaxiDetector/dataset/positivos/recortes/augmented/taxi_recorte_aug_01650.jpg
1651,taxi_recorte_train_0352.jpg,taxi_recorte_aug_01651.jpg,/home/irar/Escritorio/ProyectoTaxiDetector/dataset/positivos/recortes/train/taxi_recorte_train_0352.jpg,/home/irar/Escritorio/ProyectoTaxiDetector/dataset/positivos/recortes/augmented/taxi_recorte_aug_01651.jpg
1652,taxi_recorte_train_0292.jpg,taxi_recorte_aug_01652.jpg,/home/irar/Escritorio/ProyectoTaxiDetector/dataset/positivos/recortes/train/taxi_recorte_train_0292.jpg,/home/irar/Escritorio/ProyectoTaxiDetector/dataset/positivos/recortes/augmented/taxi_recorte_aug_01652.jpg
1653,taxi_recorte_train_0015.jpg,taxi_recorte_aug_01653.jpg,/home/irar/Escritorio/ProyectoTaxiDetector/dataset/positivos/recortes/train/taxi_recorte_train_0015.jpg,/home/irar/Escritorio/ProyectoTaxiDetector/dataset/positivos/recortes/augmented/taxi_recorte_aug_01653.jpg
1654,taxi_recorte_train_0357.jpg,taxi_recorte_aug_01654.jpg,/home/irar/Escritorio/ProyectoTaxiDetector/dataset/positivos/recortes/train/taxi_recorte_train_0357.jpg,/home/irar/Escritorio/ProyectoTaxiDetector/dataset/positivos/recortes/augmented/taxi_recorte_aug_01654.jpg
1655,taxi_recorte_train_0028.jpg,taxi_recorte_aug_01655.jpg,/home/irar/Escritorio/ProyectoTaxiDetector/dataset/positivos/recortes/train/taxi_recorte_train_0028.jpg,/home/irar/Escritorio/ProyectoTaxiDetector/dataset/positivos/recortes/augmented/taxi_recorte_aug_01655.jpg
1656,taxi_recorte_train_0033.jpg,taxi_recorte_aug_01656.jpg,/home/irar/Escritorio/ProyectoTaxiDetector/dataset/positivos/recortes/train/taxi_recorte_train_0033.jpg,/home/irar/Escritorio/ProyectoTaxiDetector/dataset/positivos/recortes/augmented/taxi_recorte_aug_01656.jpg
1657,taxi_recorte_train_0117.jpg,taxi_recorte_aug_01657.jpg,/home/irar/Escritorio/ProyectoTaxiDetector/dataset/positivos/recortes/train/taxi_recorte_train_0117.jpg,/home/irar/Escritorio/ProyectoTaxiDetector/dataset/positivos/recortes/augmented/taxi_recorte_aug_01657.jpg
1658,taxi_recorte_train_0487.jpg,taxi_recorte_aug_01658.jpg,/home/irar/Escritorio/ProyectoTaxiDetector/dataset/positivos/recortes/train/taxi_recorte_train_0487.jpg,/home/irar/Escritorio/ProyectoTaxiDetector/dataset/positivos/recortes/augmented/taxi_recorte_aug_01658.jpg
1659,taxi_recorte_train_0314.jpg,taxi_recorte_aug_01659.jpg,/home/irar/Escritorio/ProyectoTaxiDetector/dataset/positivos/recortes/train/taxi_recorte_train_0314.jpg,/home/irar/Escritorio/ProyectoTaxiDetector/dataset/positivos/recortes/augmented/taxi_recorte_aug_01659.jpg
1660,taxi_recorte_train_0515.jpg,taxi_recorte_aug_01660.jpg,/home/irar/Escritorio/ProyectoTaxiDetector/dataset/positivos/recortes/train/taxi_recorte_train_0515.jpg,/home/irar/Escritorio/ProyectoTaxiDetector/dataset/positivos/recortes/augmented/taxi_recorte_aug_01660.jpg
1661,taxi_recorte_train_0529.jpg,taxi_recorte_aug_01661.jpg,/home/irar/Escritorio/ProyectoTaxiDetector/dataset/positivos/recortes/train/taxi_recorte_train_0529.jpg,/home/irar/Escritorio/ProyectoTaxiDetector/dataset/positivos/recortes/augmented/taxi_recorte_aug_01661.jpg
1662,taxi_recorte_train_0205.jpg,taxi_recorte_aug_01662.jpg,/home/irar/Escritorio/ProyectoTaxiDetector/dataset/positivos/recortes/train/taxi_recorte_train_0205.jpg,/home/irar/Escritorio/ProyectoTaxiDetector/dataset/positivos/recortes/augmented/taxi_recorte_aug_01662.jpg
1663,taxi_recorte_train_0212.jpg,taxi_recorte_aug_01663.jpg,/home/irar/Escritorio/ProyectoTaxiDetector/dataset/positivos/recortes/train/taxi_recorte_train_0212.jpg,/home/irar/Escritorio/ProyectoTaxiDetector/dataset/positivos/recortes/augmented/taxi_recorte_aug_01663.jpg
1664,taxi_recorte_train_0222.jpg,taxi_recorte_aug_01664.jpg,/home/irar/Escritorio/ProyectoTaxiDetector/dataset/positivos/recortes/train/taxi_recorte_train_0222.jpg,/home/irar/Escritorio/ProyectoTaxiDetector/dataset/positivos/recortes/augmented/taxi_recorte_aug_01664.jpg
1665,taxi_recorte_train_0072.jpg,taxi_recorte_aug_01665.jpg,/home/irar/Escritorio/ProyectoTaxiDetector/dataset/positivos/recortes/train/taxi_recorte_train_0072.jpg,/home/irar/Escritorio/ProyectoTaxiDetector/dataset/positivos/recortes/augmented/taxi_recorte_aug_01665.jpg
1666,taxi_recorte_train_0060.jpg,taxi_recorte_aug_01666.jpg,/home/irar/Escritorio/ProyectoTaxiDetector/dataset/positivos/recortes/train/taxi_recorte_train_0060.jpg,/home/irar/Escritorio/ProyectoTaxiDetector/dataset/positivos/recortes/augmented/taxi_recorte_aug_01666.jpg
1667,taxi_recorte_train_0157.jpg,taxi_recorte_aug_01667.jpg,/home/irar/Escritorio/ProyectoTaxiDetector/dataset/positivos/recortes/train/taxi_recorte_train_0157.jpg,/home/irar/Escritorio/ProyectoTaxiDetector/dataset/positivos/recortes/augmented/taxi_recorte_aug_01667.jpg
1668,taxi_recorte_train_0101.jpg,taxi_recorte_aug_01668.jpg,/home/irar/Escritorio/ProyectoTaxiDetector/dataset/positivos/recortes/train/taxi_recorte_train_0101.jpg,/home/irar/Escritorio/ProyectoTaxiDetector/dataset/positivos/recortes/augmented/taxi_recorte_aug_01668.jpg
1669,taxi_recorte_train_0242.jpg,taxi_recorte_aug_01669.jpg,/home/irar/Escritorio/ProyectoTaxiDetector/dataset/positivos/recortes/train/taxi_recorte_train_0242.jpg,/home/irar/Escritorio/ProyectoTaxiDetector/dataset/positivos/recortes/augmented/taxi_recorte_aug_01669.jpg
1670,taxi_recorte_train_0069.jpg,taxi_recorte_aug_01670.jpg,/home/irar/Escritorio/ProyectoTaxiDetector/dataset/positivos/recortes/train/taxi_recorte_train_0069.jpg,/home/irar/Escritorio/ProyectoTaxiDetector/dataset/positivos/recortes/augmented/taxi_recorte_aug_01670.jpg
1671,taxi_recorte_train_0361.jpg,taxi_recorte_aug_01671.jpg,/home/irar/Escritorio/ProyectoTaxiDetector/dataset/positivos/recortes/train/taxi_recorte_train_0361.jpg,/home/irar/Escritorio/ProyectoTaxiDetector/dataset/positivos/recortes/augmented/taxi_recorte_aug_01671.jpg
1672,taxi_recorte_train_0155.jpg,taxi_recorte_aug_01672.jpg,/home/irar/Escritorio/ProyectoTaxiDetector/dataset/positivos/recortes/train/taxi_recorte_train_0155.jpg,/home/irar/Escritorio/ProyectoTaxiDetector/dataset/positivos/recortes/augmented/taxi_recorte_aug_01672.jpg
1673,taxi_recorte_train_0054.jpg,taxi_recorte_aug_01673.jpg,/home/irar/Escritorio/ProyectoTaxiDetector/dataset/positivos/recortes/train/taxi_recorte_train_0054.jpg,/home/irar/Escritorio/ProyectoTaxiDetector/dataset/positivos/recortes/augmented/taxi_recorte_aug_01673.jpg
1674,taxi_recorte_train_0207.jpg,taxi_recorte_aug_01674.jpg,/home/irar/Escritorio/ProyectoTaxiDetector/dataset/positivos/recortes/train/taxi_recorte_train_0207.jpg,/home/irar/Escritorio/ProyectoTaxiDetector/dataset/positivos/recortes/augmented/taxi_recorte_aug_01674.jpg
1675,taxi_recorte_train_0359.jpg,taxi_recorte_aug_01675.jpg,/home/irar/Escritorio/ProyectoTaxiDetector/dataset/positivos/recortes/train/taxi_recorte_train_0359.jpg,/home/irar/Escritorio/ProyectoTaxiDetector/dataset/positivos/recortes/augmented/taxi_recorte_aug_01675.jpg
1676,taxi_recorte_train_0131.jpg,taxi_recorte_aug_01676.jpg,/home/irar/Escritorio/ProyectoTaxiDetector/dataset/positivos/recortes/train/taxi_recorte_train_0131.jpg,/home/irar/Escritorio/ProyectoTaxiDetector/dataset/positivos/recortes/augmented/taxi_recorte_aug_01676.jpg
1677,taxi_recorte_train_0511.jpg,taxi_recorte_aug_01677.jpg,/home/irar/Escritorio/ProyectoTaxiDetector/dataset/positivos/recortes/train/taxi_recorte_train_0511.jpg,/home/irar/Escritorio/ProyectoTaxiDetector/dataset/positivos/recortes/augmented/taxi_recorte_aug_01677.jpg
1678,taxi_recorte_train_0406.jpg,taxi_recorte_aug_01678.jpg,/home/irar/Escritorio/ProyectoTaxiDetector/dataset/positivos/recortes/train/taxi_recorte_train_0406.jpg,/home/irar/Escritorio/ProyectoTaxiDetector/dataset/positivos/recortes/augmented/taxi_recorte_aug_01678.jpg
1679,taxi_recorte_train_0481.jpg,taxi_recorte_aug_01679.jpg,/home/irar/Escritorio/ProyectoTaxiDetector/dataset/positivos/recortes/train/taxi_recorte_train_0481.jpg,/home/irar/Escritorio/ProyectoTaxiDetector/dataset/positivos/recortes/augmented/taxi_recorte_aug_01679.jpg
1680,taxi_recorte_train_0276.jpg,taxi_recorte_aug_01680.jpg,/home/irar/Escritorio/ProyectoTaxiDetector/dataset/positivos/recortes/train/taxi_recorte_train_0276.jpg,/home/irar/Escritorio/ProyectoTaxiDetector/dataset/positivos/recortes/augmented/taxi_recorte_aug_01680.jpg
1681,taxi_recorte_train_0216.jpg,taxi_recorte_aug_01681.jpg,/home/irar/Escritorio/ProyectoTaxiDetector/dataset/positivos/recortes/train/taxi_recorte_train_0216.jpg,/home/irar/Escritorio/ProyectoTaxiDetector/dataset/positivos/recortes/augmented/taxi_recorte_aug_01681.jpg
1682,taxi_recorte_train_0063.jpg,taxi_recorte_aug_01682.jpg,/home/irar/Escritorio/ProyectoTaxiDetector/dataset/positivos/recortes/train/taxi_recorte_train_0063.jpg,/home/irar/Escritorio/ProyectoTaxiDetector/dataset/positivos/recortes/augmented/taxi_recorte_aug_01682.jpg
1683,taxi_recorte_train_0124.jpg,taxi_recorte_aug_01683.jpg,/home/irar/Escritorio/ProyectoTaxiDetector/dataset/positivos/recortes/train/taxi_recorte_train_0124.jpg,/home/irar/Escritorio/ProyectoTaxiDetector/dataset/positivos/recortes/augmented/taxi_recorte_aug_01683.jpg
1684,taxi_recorte_train_0494.jpg,taxi_recorte_aug_01684.jpg,/home/irar/Escritorio/ProyectoTaxiDetector/dataset/positivos/recortes/train/taxi_recorte_train_0494.jpg,/home/irar/Escritorio/ProyectoTaxiDetector/dataset/positivos/recortes/augmented/taxi_recorte_aug_01684.jpg
1685,taxi_recorte_train_0385.jpg,taxi_recorte_aug_01685.jpg,/home/irar/Escritorio/ProyectoTaxiDetector/dataset/positivos/recortes/train/taxi_recorte_train_0385.jpg,/home/irar/Escritorio/ProyectoTaxiDetector/dataset/positivos/recortes/augmented/taxi_recorte_aug_01685.jpg
1686,taxi_recorte_train_0308.jpg,taxi_recorte_aug_01686.jpg,/home/irar/Escritorio/ProyectoTaxiDetector/dataset/positivos/recortes/train/taxi_recorte_train_0308.jpg,/home/irar/Escritorio/ProyectoTaxiDetector/dataset/positivos/recortes/augmented/taxi_recorte_aug_01686.jpg
1687,taxi_recorte_train_0345.jpg,taxi_recorte_aug_01687.jpg,/home/irar/Escritorio/ProyectoTaxiDetector/dataset/positivos/recortes/train/taxi_recorte_train_0345.jpg,/home/irar/Escritorio/ProyectoTaxiDetector/dataset/positivos/recortes/augmented/taxi_recorte_aug_01687.jpg
1688,taxi_recorte_train_0202.jpg,taxi_recorte_aug_01688.jpg,/home/irar/Escritorio/ProyectoTaxiDetector/dataset/positivos/recortes/train/taxi_recorte_train_0202.jpg,/home/irar/Escritorio/ProyectoTaxiDetector/dataset/positivos/recortes/augmented/taxi_recorte_aug_01688.jpg
1689,taxi_recorte_train_0328.jpg,taxi_recorte_aug_01689.jpg,/home/irar/Escritorio/ProyectoTaxiDetector/dataset/positivos/recortes/train/taxi_recorte_train_0328.jpg,/home/irar/Escritorio/ProyectoTaxiDetector/dataset/positivos/recortes/augmented/taxi_recorte_aug_01689.jpg
1690,taxi_recorte_train_0445.jpg,taxi_recorte_aug_01690.jpg,/home/irar/Escritorio/ProyectoTaxiDetector/dataset/positivos/recortes/train/taxi_recorte_train_0445.jpg,/home/irar/Escritorio/ProyectoTaxiDetector/dataset/positivos/recortes/augmented/taxi_recorte_aug_01690.jpg
1691,taxi_recorte_train_0009.jpg,taxi_recorte_aug_01691.jpg,/home/irar/Escritorio/ProyectoTaxiDetector/dataset/positivos/recortes/train/taxi_recorte_train_0009.jpg,/home/irar/Escritorio/ProyectoTaxiDetector/dataset/positivos/recortes/augmented/taxi_recorte_aug_01691.jpg
1692,taxi_recorte_train_0003.jpg,taxi_recorte_aug_01692.jpg,/home/irar/Escritorio/ProyectoTaxiDetector/dataset/positivos/recortes/train/taxi_recorte_train_0003.jpg,/home/irar/Escritorio/ProyectoTaxiDetector/dataset/positivos/recortes/augmented/taxi_recorte_aug_01692.jpg
1693,taxi_recorte_train_0304.jpg,taxi_recorte_aug_01693.jpg,/home/irar/Escritorio/ProyectoTaxiDetector/dataset/positivos/recortes/train/taxi_recorte_train_0304.jpg,/home/irar/Escritorio/ProyectoTaxiDetector/dataset/positivos/recortes/augmented/taxi_recorte_aug_01693.jpg
1694,taxi_recorte_train_0019.jpg,taxi_recorte_aug_01694.jpg,/home/irar/Escritorio/ProyectoTaxiDetector/dataset/positivos/recortes/train/taxi_recorte_train_0019.jpg,/home/irar/Escritorio/ProyectoTaxiDetector/dataset/positivos/recortes/augmented/taxi_recorte_aug_01694.jpg
1695,taxi_recorte_train_0004.jpg,taxi_recorte_aug_01695.jpg,/home/irar/Escritorio/ProyectoTaxiDetector/dataset/positivos/recortes/train/taxi_recorte_train_0004.jpg,/home/irar/Escritorio/ProyectoTaxiDetector/dataset/positivos/recortes/augmented/taxi_recorte_aug_01695.jpg
1696,taxi_recorte_train_0221.jpg,taxi_recorte_aug_01696.jpg,/home/irar/Escritorio/ProyectoTaxiDetector/dataset/positivos/recortes/train/taxi_recorte_train_0221.jpg,/home/irar/Escritorio/ProyectoTaxiDetector/dataset/positivos/recortes/augmented/taxi_recorte_aug_01696.jpg
1697,taxi_recorte_train_0219.jpg,taxi_recorte_aug_01697.jpg,/home/irar/Escritorio/ProyectoTaxiDetector/dataset/positivos/recortes/train/taxi_recorte_train_0219.jpg,/home/irar/Escritorio/ProyectoTaxiDetector/dataset/positivos/recortes/augmented/taxi_recorte_aug_01697.jpg
1698,taxi_recorte_train_0143.jpg,taxi_recorte_aug_01698.jpg,/home/irar/Escritorio/ProyectoTaxiDetector/dataset/positivos/recortes/train/taxi_recorte_train_0143.jpg,/home/irar/Escritorio/ProyectoTaxiDetector/dataset/positivos/recortes/augmented/taxi_recorte_aug_01698.jpg
1699,taxi_recorte_train_0283.jpg,taxi_recorte_aug_01699.jpg,/home/irar/Escritorio/ProyectoTaxiDetector/dataset/positivos/recortes/train/taxi_recorte_train_0283.jpg,/home/irar/Escritorio/ProyectoTaxiDetector/dataset/positivos/recortes/augmented/taxi_recorte_aug_01699.jpg
1700,taxi_recorte_train_0282.jpg,taxi_recorte_aug_01700.jpg,/home/irar/Escritorio/ProyectoTaxiDetector/dataset/positivos/recortes/train/taxi_recorte_train_0282.jpg,/home/irar/Escritorio/ProyectoTaxiDetector/dataset/positivos/recortes/augmented/taxi_recorte_aug_01700.jpg
1701,taxi_recorte_train_0245.jpg,taxi_recorte_aug_01701.jpg,/home/irar/Escritorio/ProyectoTaxiDetector/dataset/positivos/recortes/train/taxi_recorte_train_0245.jpg,/home/irar/Escritorio/ProyectoTaxiDetector/dataset/positivos/recortes/augmented/taxi_recorte_aug_01701.jpg
1702,taxi_recorte_train_0295.jpg,taxi_recorte_aug_01702.jpg,/home/irar/Escritorio/ProyectoTaxiDetector/dataset/positivos/recortes/train/taxi_recorte_train_0295.jpg,/home/irar/Escritorio/ProyectoTaxiDetector/dataset/positivos/recortes/augmented/taxi_recorte_aug_01702.jpg
1703,taxi_recorte_train_0095.jpg,taxi_recorte_aug_01703.jpg,/home/irar/Escritorio/ProyectoTaxiDetector/dataset/positivos/recortes/train/taxi_recorte_train_0095.jpg,/home/irar/Escritorio/ProyectoTaxiDetector/dataset/positivos/recortes/augmented/taxi_recorte_aug_01703.jpg
1704,taxi_recorte_train_0144.jpg,taxi_recorte_aug_01704.jpg,/home/irar/Escritorio/ProyectoTaxiDetector/dataset/positivos/recortes/train/taxi_recorte_train_0144.jpg,/home/irar/Escritorio/ProyectoTaxiDetector/dataset/positivos/recortes/augmented/taxi_recorte_aug_01704.jpg
1705,taxi_recorte_train_0436.jpg,taxi_recorte_aug_01705.jpg,/home/irar/Escritorio/ProyectoTaxiDetector/dataset/positivos/recortes/train/taxi_recorte_train_0436.jpg,/home/irar/Escritorio/ProyectoTaxiDetector/dataset/positivos/recortes/augmented/taxi_recorte_aug_01705.jpg
1706,taxi_recorte_train_0126.jpg,taxi_recorte_aug_01706.jpg,/home/irar/Escritorio/ProyectoTaxiDetector/dataset/positivos/recortes/train/taxi_recorte_train_0126.jpg,/home/irar/Escritorio/ProyectoTaxiDetector/dataset/positivos/recortes/augmented/taxi_recorte_aug_01706.jpg
1707,taxi_recorte_train_0376.jpg,taxi_recorte_aug_01707.jpg,/home/irar/Escritorio/ProyectoTaxiDetector/dataset/positivos/recortes/train/taxi_recorte_train_0376.jpg,/home/irar/Escritorio/ProyectoTaxiDetector/dataset/positivos/recortes/augmented/taxi_recorte_aug_01707.jpg
1708,taxi_recorte_train_0404.jpg,taxi_recorte_aug_01708.jpg,/home/irar/Escritorio/ProyectoTaxiDetector/dataset/positivos/recortes/train/taxi_recorte_train_0404.jpg,/home/irar/Escritorio/ProyectoTaxiDetector/dataset/positivos/recortes/augmented/taxi_recorte_aug_01708.jpg
1709,taxi_recorte_train_0517.jpg,taxi_recorte_aug_01709.jpg,/home/irar/Escritorio/ProyectoTaxiDetector/dataset/positivos/recortes/train/taxi_recorte_train_0517.jpg,/home/irar/Escritorio/ProyectoTaxiDetector/dataset/positivos/recortes/augmented/taxi_recorte_aug_01709.jpg
1710,taxi_recorte_train_0381.jpg,taxi_recorte_aug_01710.jpg,/home/irar/Escritorio/ProyectoTaxiDetector/dataset/positivos/recortes/train/taxi_recorte_train_0381.jpg,/home/irar/Escritorio/ProyectoTaxiDetector/dataset/positivos/recortes/augmented/taxi_recorte_aug_01710.jpg
1711,taxi_recorte_train_0098.jpg,taxi_recorte_aug_01711.jpg,/home/irar/Escritorio/ProyectoTaxiDetector/dataset/positivos/recortes/train/taxi_recorte_train_0098.jpg,/home/irar/Escritorio/ProyectoTaxiDetector/dataset/positivos/recortes/augmented/taxi_recorte_aug_01711.jpg
1712,taxi_recorte_train_0246.jpg,taxi_recorte_aug_01712.jpg,/home/irar/Escritorio/ProyectoTaxiDetector/dataset/positivos/recortes/train/taxi_recorte_train_0246.jpg,/home/irar/Escritorio/ProyectoTaxiDetector/dataset/positivos/recortes/augmented/taxi_recorte_aug_01712.jpg
1713,taxi_recorte_train_0409.jpg,taxi_recorte_aug_01713.jpg,/home/irar/Escritorio/ProyectoTaxiDetector/dataset/positivos/recortes/train/taxi_recorte_train_0409.jpg,/home/irar/Escritorio/ProyectoTaxiDetector/dataset/positivos/recortes/augmented/taxi_recorte_aug_01713.jpg
1714,taxi_recorte_train_0429.jpg,taxi_recorte_aug_01714.jpg,/home/irar/Escritorio/ProyectoTaxiDetector/dataset/positivos/recortes/train/taxi_recorte_train_0429.jpg,/home/irar/Escritorio/ProyectoTaxiDetector/dataset/positivos/recortes/augmented/taxi_recorte_aug_01714.jpg
1715,taxi_recorte_train_0301.jpg,taxi_recorte_aug_01715.jpg,/home/irar/Escritorio/ProyectoTaxiDetector/dataset/positivos/recortes/train/taxi_recorte_train_0301.jpg,/home/irar/Escritorio/ProyectoTaxiDetector/dataset/positivos/recortes/augmented/taxi_recorte_aug_01715.jpg
1716,taxi_recorte_train_0090.jpg,taxi_recorte_aug_01716.jpg,/home/irar/Escritorio/ProyectoTaxiDetector/dataset/positivos/recortes/train/taxi_recorte_train_0090.jpg,/home/irar/Escritorio/ProyectoTaxiDetector/dataset/positivos/recortes/augmented/taxi_recorte_aug_01716.jpg
1717,taxi_recorte_train_0185.jpg,taxi_recorte_aug_01717.jpg,/home/irar/Escritorio/ProyectoTaxiDetector/dataset/positivos/recortes/train/taxi_recorte_train_0185.jpg,/home/irar/Escritorio/ProyectoTaxiDetector/dataset/positivos/recortes/augmented/taxi_recorte_aug_01717.jpg
1718,taxi_recorte_train_0254.jpg,taxi_recorte_aug_01718.jpg,/home/irar/Escritorio/ProyectoTaxiDetector/dataset/positivos/recortes/train/taxi_recorte_train_0254.jpg,/home/irar/Escritorio/ProyectoTaxiDetector/dataset/positivos/recortes/augmented/taxi_recorte_aug_01718.jpg
1719,taxi_recorte_train_0531.jpg,taxi_recorte_aug_01719.jpg,/home/irar/Escritorio/ProyectoTaxiDetector/dataset/positivos/recortes/train/taxi_recorte_train_0531.jpg,/home/irar/Escritorio/ProyectoTaxiDetector/dataset/positivos/recortes/augmented/taxi_recorte_aug_01719.jpg
1720,taxi_recorte_train_0503.jpg,taxi_recorte_aug_01720.jpg,/home/irar/Escritorio/ProyectoTaxiDetector/dataset/positivos/recortes/train/taxi_recorte_train_0503.jpg,/home/irar/Escritorio/ProyectoTaxiDetector/dataset/positivos/recortes/augmented/taxi_recorte_aug_01720.jpg
1721,taxi_recorte_train_0070.jpg,taxi_recorte_aug_01721.jpg,/home/irar/Escritorio/ProyectoTaxiDetector/dataset/positivos/recortes/train/taxi_recorte_train_0070.jpg,/home/irar/Escritorio/ProyectoTaxiDetector/dataset/positivos/recortes/augmented/taxi_recorte_aug_01721.jpg
1722,taxi_recorte_train_0106.jpg,taxi_recorte_aug_01722.jpg,/home/irar/Escritorio/ProyectoTaxiDetector/dataset/positivos/recortes/train/taxi_recorte_train_0106.jpg,/home/irar/Escritorio/ProyectoTaxiDetector/dataset/positivos/recortes/augmented/taxi_recorte_aug_01722.jpg
1723,taxi_recorte_train_0491.jpg,taxi_recorte_aug_01723.jpg,/home/irar/Escritorio/ProyectoTaxiDetector/dataset/positivos/recortes/train/taxi_recorte_train_0491.jpg,/home/irar/Escritorio/ProyectoTaxiDetector/dataset/positivos/recortes/augmented/taxi_recorte_aug_01723.jpg
1724,taxi_recorte_train_0112.jpg,taxi_recorte_aug_01724.jpg,/home/irar/Escritorio/ProyectoTaxiDetector/dataset/positivos/recortes/train/taxi_recorte_train_0112.jpg,/home/irar/Escritorio/ProyectoTaxiDetector/dataset/positivos/recortes/augmented/taxi_recorte_aug_01724.jpg
1725,taxi_recorte_train_0437.jpg,taxi_recorte_aug_01725.jpg,/home/irar/Escritorio/ProyectoTaxiDetector/dataset/positivos/recortes/train/taxi_recorte_train_0437.jpg,/home/irar/Escritorio/ProyectoTaxiDetector/dataset/positivos/recortes/augmented/taxi_recorte_aug_01725.jpg
1726,taxi_recorte_train_0509.jpg,taxi_recorte_aug_01726.jpg,/home/irar/Escritorio/ProyectoTaxiDetector/dataset/positivos/recortes/train/taxi_recorte_train_0509.jpg,/home/irar/Escritorio/ProyectoTaxiDetector/dataset/positivos/recortes/augmented/taxi_recorte_aug_01726.jpg
1727,taxi_recorte_train_0094.jpg,taxi_recorte_aug_01727.jpg,/home/irar/Escritorio/ProyectoTaxiDetector/dataset/positivos/recortes/train/taxi_recorte_train_0094.jpg,/home/irar/Escritorio/ProyectoTaxiDetector/dataset/positivos/recortes/augmented/taxi_recorte_aug_01727.jpg
1728,taxi_recorte_train_0134.jpg,taxi_recorte_aug_01728.jpg,/home/irar/Escritorio/ProyectoTaxiDetector/dataset/positivos/recortes/train/taxi_recorte_train_0134.jpg,/home/irar/Escritorio/ProyectoTaxiDetector/dataset/positivos/recortes/augmented/taxi_recorte_aug_01728.jpg
1729,taxi_recorte_train_0318.jpg,taxi_recorte_aug_01729.jpg,/home/irar/Escritorio/ProyectoTaxiDetector/dataset/positivos/recortes/train/taxi_recorte_train_0318.jpg,/home/irar/Escritorio/ProyectoTaxiDetector/dataset/positivos/recortes/augmented/taxi_recorte_aug_01729.jpg
1730,taxi_recorte_train_0342.jpg,taxi_recorte_aug_01730.jpg,/home/irar/Escritorio/ProyectoTaxiDetector/dataset/positivos/recortes/train/taxi_recorte_train_0342.jpg,/home/irar/Escritorio/ProyectoTaxiDetector/dataset/positivos/recortes/augmented/taxi_recorte_aug_01730.jpg
1731,taxi_recorte_train_0113.jpg,taxi_recorte_aug_01731.jpg,/home/irar/Escritorio/ProyectoTaxiDetector/dataset/positivos/recortes/train/taxi_recorte_train_0113.jpg,/home/irar/Escritorio/ProyectoTaxiDetector/dataset/positivos/recortes/augmented/taxi_recorte_aug_01731.jpg
1732,taxi_recorte_train_0105.jpg,taxi_recorte_aug_01732.jpg,/home/irar/Escritorio/ProyectoTaxiDetector/dataset/positivos/recortes/train/taxi_recorte_train_0105.jpg,/home/irar/Escritorio/ProyectoTaxiDetector/dataset/positivos/recortes/augmented/taxi_recorte_aug_01732.jpg
1733,taxi_recorte_train_0229.jpg,taxi_recorte_aug_01733.jpg,/home/irar/Escritorio/ProyectoTaxiDetector/dataset/positivos/recortes/train/taxi_recorte_train_0229.jpg,/home/irar/Escritorio/ProyectoTaxiDetector/dataset/positivos/recortes/augmented/taxi_recorte_aug_01733.jpg
1734,taxi_recorte_train_0377.jpg,taxi_recorte_aug_01734.jpg,/home/irar/Escritorio/ProyectoTaxiDetector/dataset/positivos/recortes/train/taxi_recorte_train_0377.jpg,/home/irar/Escritorio/ProyectoTaxiDetector/dataset/positivos/recortes/augmented/taxi_recorte_aug_01734.jpg
1735,taxi_recorte_train_0024.jpg,taxi_recorte_aug_01735.jpg,/home/irar/Escritorio/ProyectoTaxiDetector/dataset/positivos/recortes/train/taxi_recorte_train_0024.jpg,/home/irar/Escritorio/ProyectoTaxiDetector/dataset/positivos/recortes/augmented/taxi_recorte_aug_01735.jpg
1736,taxi_recorte_train_0338.jpg,taxi_recorte_aug_01736.jpg,/home/irar/Escritorio/ProyectoTaxiDetector/dataset/positivos/recortes/train/taxi_recorte_train_0338.jpg,/home/irar/Escritorio/ProyectoTaxiDetector/dataset/positivos/recortes/augmented/taxi_recorte_aug_01736.jpg
1737,taxi_recorte_train_0050.jpg,taxi_recorte_aug_01737.jpg,/home/irar/Escritorio/ProyectoTaxiDetector/dataset/positivos/recortes/train/taxi_recorte_train_0050.jpg,/home/irar/Escritorio/ProyectoTaxiDetector/dataset/positivos/recortes/augmented/taxi_recorte_aug_01737.jpg
1738,taxi_recorte_train_0543.jpg,taxi_recorte_aug_01738.jpg,/home/irar/Escritorio/ProyectoTaxiDetector/dataset/positivos/recortes/train/taxi_recorte_train_0543.jpg,/home/irar/Escritorio/ProyectoTaxiDetector/dataset/positivos/recortes/augmented/taxi_recorte_aug_01738.jpg
1739,taxi_recorte_train_0161.jpg,taxi_recorte_aug_01739.jpg,/home/irar/Escritorio/ProyectoTaxiDetector/dataset/positivos/recortes/train/taxi_recorte_train_0161.jpg,/home/irar/Escritorio/ProyectoTaxiDetector/dataset/positivos/recortes/augmented/taxi_recorte_aug_01739.jpg
1740,taxi_recorte_train_0177.jpg,taxi_recorte_aug_01740.jpg,/home/irar/Escritorio/ProyectoTaxiDetector/dataset/positivos/recortes/train/taxi_recorte_train_0177.jpg,/home/irar/Escritorio/ProyectoTaxiDetector/dataset/positivos/recortes/augmented/taxi_recorte_aug_01740.jpg
1741,taxi_recorte_train_0218.jpg,taxi_recorte_aug_01741.jpg,/home/irar/Escritorio/ProyectoTaxiDetector/dataset/positivos/recortes/train/taxi_recorte_train_0218.jpg,/home/irar/Escritorio/ProyectoTaxiDetector/dataset/positivos/recortes/augmented/taxi_recorte_aug_01741.jpg
1742,taxi_recorte_train_0178.jpg,taxi_recorte_aug_01742.jpg,/home/irar/Escritorio/ProyectoTaxiDetector/dataset/positivos/recortes/train/taxi_recorte_train_0178.jpg,/home/irar/Escritorio/ProyectoTaxiDetector/dataset/positivos/recortes/augmented/taxi_recorte_aug_01742.jpg
1743,taxi_recorte_train_0311.jpg,taxi_recorte_aug_01743.jpg,/home/irar/Escritorio/ProyectoTaxiDetector/dataset/positivos/recortes/train/taxi_recorte_train_0311.jpg,/home/irar/Escritorio/ProyectoTaxiDetector/dataset/positivos/recortes/augmented/taxi_recorte_aug_01743.jpg
1744,taxi_recorte_train_0016.jpg,taxi_recorte_aug_01744.jpg,/home/irar/Escritorio/ProyectoTaxiDetector/dataset/positivos/recortes/train/taxi_recorte_train_0016.jpg,/home/irar/Escritorio/ProyectoTaxiDetector/dataset/positivos/recortes/augmented/taxi_recorte_aug_01744.jpg
1745,taxi_recorte_train_0243.jpg,taxi_recorte_aug_01745.jpg,/home/irar/Escritorio/ProyectoTaxiDetector/dataset/positivos/recortes/train/taxi_recorte_train_0243.jpg,/home/irar/Escritorio/ProyectoTaxiDetector/dataset/positivos/recortes/augmented/taxi_recorte_aug_01745.jpg
1746,taxi_recorte_train_0267.jpg,taxi_recorte_aug_01746.jpg,/home/irar/Escritorio/ProyectoTaxiDetector/dataset/positivos/recortes/train/taxi_recorte_train_0267.jpg,/home/irar/Escritorio/ProyectoTaxiDetector/dataset/positivos/recortes/augmented/taxi_recorte_aug_01746.jpg
1747,taxi_recorte_train_0424.jpg,taxi_recorte_aug_01747.jpg,/home/irar/Escritorio/ProyectoTaxiDetector/dataset/positivos/recortes/train/taxi_recorte_train_0424.jpg,/home/irar/Escritorio/ProyectoTaxiDetector/dataset/positivos/recortes/augmented/taxi_recorte_aug_01747.jpg
1748,taxi_recorte_train_0168.jpg,taxi_recorte_aug_01748.jpg,/home/irar/Escritorio/ProyectoTaxiDetector/dataset/positivos/recortes/train/taxi_recorte_train_0168.jpg,/home/irar/Escritorio/ProyectoTaxiDetector/dataset/positivos/recortes/augmented/taxi_recorte_aug_01748.jpg
1749,taxi_recorte_train_0007.jpg,taxi_recorte_aug_01749.jpg,/home/irar/Escritorio/ProyectoTaxiDetector/dataset/positivos/recortes/train/taxi_recorte_train_0007.jpg,/home/irar/Escritorio/ProyectoTaxiDetector/dataset/positivos/recortes/augmented/taxi_recorte_aug_01749.jpg
1750,taxi_recorte_train_0192.jpg,taxi_recorte_aug_01750.jpg,/home/irar/Escritorio/ProyectoTaxiDetector/dataset/positivos/recortes/train/taxi_recorte_train_0192.jpg,/home/irar/Escritorio/ProyectoTaxiDetector/dataset/positivos/recortes/augmented/taxi_recorte_aug_01750.jpg
1751,taxi_recorte_train_0111.jpg,taxi_recorte_aug_01751.jpg,/home/irar/Escritorio/ProyectoTaxiDetector/dataset/positivos/recortes/train/taxi_recorte_train_0111.jpg,/home/irar/Escritorio/ProyectoTaxiDetector/dataset/positivos/recortes/augmented/taxi_recorte_aug_01751.jpg
1752,taxi_recorte_train_0498.jpg,taxi_recorte_aug_01752.jpg,/home/irar/Escritorio/ProyectoTaxiDetector/dataset/positivos/recortes/train/taxi_recorte_train_0498.jpg,/home/irar/Escritorio/ProyectoTaxiDetector/dataset/positivos/recortes/augmented/taxi_recorte_aug_01752.jpg
1753,taxi_recorte_train_0329.jpg,taxi_recorte_aug_01753.jpg,/home/irar/Escritorio/ProyectoTaxiDetector/dataset/positivos/recortes/train/taxi_recorte_train_0329.jpg,/home/irar/Escritorio/ProyectoTaxiDetector/dataset/positivos/recortes/augmented/taxi_recorte_aug_01753.jpg
1754,taxi_recorte_train_0025.jpg,taxi_recorte_aug_01754.jpg,/home/irar/Escritorio/ProyectoTaxiDetector/dataset/positivos/recortes/train/taxi_recorte_train_0025.jpg,/home/irar/Escritorio/ProyectoTaxiDetector/dataset/positivos/recortes/augmented/taxi_recorte_aug_01754.jpg
1755,taxi_recorte_train_0266.jpg,taxi_recorte_aug_01755.jpg,/home/irar/Escritorio/ProyectoTaxiDetector/dataset/positivos/recortes/train/taxi_recorte_train_0266.jpg,/home/irar/Escritorio/ProyectoTaxiDetector/dataset/positivos/recortes/augmented/taxi_recorte_aug_01755.jpg
1756,taxi_recorte_train_0397.jpg,taxi_recorte_aug_01756.jpg,/home/irar/Escritorio/ProyectoTaxiDetector/dataset/positivos/recortes/train/taxi_recorte_train_0397.jpg,/home/irar/Escritorio/ProyectoTaxiDetector/dataset/positivos/recortes/augmented/taxi_recorte_aug_01756.jpg
1757,taxi_recorte_train_0139.jpg,taxi_recorte_aug_01757.jpg,/home/irar/Escritorio/ProyectoTaxiDetector/dataset/positivos/recortes/train/taxi_recorte_train_0139.jpg,/home/irar/Escritorio/ProyectoTaxiDetector/dataset/positivos/recortes/augmented/taxi_recorte_aug_01757.jpg
1758,taxi_recorte_train_0200.jpg,taxi_recorte_aug_01758.jpg,/home/irar/Escritorio/ProyectoTaxiDetector/dataset/positivos/recortes/train/taxi_recorte_train_0200.jpg,/home/irar/Escritorio/ProyectoTaxiDetector/dataset/positivos/recortes/augmented/taxi_recorte_aug_01758.jpg
1759,taxi_recorte_train_0296.jpg,taxi_recorte_aug_01759.jpg,/home/irar/Escritorio/ProyectoTaxiDetector/dataset/positivos/recortes/train/taxi_recorte_train_0296.jpg,/home/irar/Escritorio/ProyectoTaxiDetector/dataset/positivos/recortes/augmented/taxi_recorte_aug_01759.jpg
1760,taxi_recorte_train_0448.jpg,taxi_recorte_aug_01760.jpg,/home/irar/Escritorio/ProyectoTaxiDetector/dataset/positivos/recortes/train/taxi_recorte_train_0448.jpg,/home/irar/Escritorio/ProyectoTaxiDetector/dataset/positivos/recortes/augmented/taxi_recorte_aug_01760.jpg
1761,taxi_recorte_train_0316.jpg,taxi_recorte_aug_01761.jpg,/home/irar/Escritorio/ProyectoTaxiDetector/dataset/positivos/recortes/train/taxi_recorte_train_0316.jpg,/home/irar/Escritorio/ProyectoTaxiDetector/dataset/positivos/recortes/augmented/taxi_recorte_aug_01761.jpg
1762,taxi_recorte_train_0081.jpg,taxi_recorte_aug_01762.jpg,/home/irar/Escritorio/ProyectoTaxiDetector/dataset/positivos/recortes/train/taxi_recorte_train_0081.jpg,/home/irar/Escritorio/ProyectoTaxiDetector/dataset/positivos/recortes/augmented/taxi_recorte_aug_01762.jpg
1763,taxi_recorte_train_0532.jpg,taxi_recorte_aug_01763.jpg,/home/irar/Escritorio/ProyectoTaxiDetector/dataset/positivos/recortes/train/taxi_recorte_train_0532.jpg,/home/irar/Escritorio/ProyectoTaxiDetector/dataset/positivos/recortes/augmented/taxi_recorte_aug_01763.jpg
1764,taxi_recorte_train_0137.jpg,taxi_recorte_aug_01764.jpg,/home/irar/Escritorio/ProyectoTaxiDetector/dataset/positivos/recortes/train/taxi_recorte_train_0137.jpg,/home/irar/Escritorio/ProyectoTaxiDetector/dataset/positivos/recortes/augmented/taxi_recorte_aug_01764.jpg
1765,taxi_recorte_train_0150.jpg,taxi_recorte_aug_01765.jpg,/home/irar/Escritorio/ProyectoTaxiDetector/dataset/positivos/recortes/train/taxi_recorte_train_0150.jpg,/home/irar/Escritorio/ProyectoTaxiDetector/dataset/positivos/recortes/augmented/taxi_recorte_aug_01765.jpg
1766,taxi_recorte_train_0375.jpg,taxi_recorte_aug_01766.jpg,/home/irar/Escritorio/ProyectoTaxiDetector/dataset/positivos/recortes/train/taxi_recorte_train_0375.jpg,/home/irar/Escritorio/ProyectoTaxiDetector/dataset/positivos/recortes/augmented/taxi_recorte_aug_01766.jpg
1767,taxi_recorte_train_0474.jpg,taxi_recorte_aug_01767.jpg,/home/irar/Escritorio/ProyectoTaxiDetector/dataset/positivos/recortes/train/taxi_recorte_train_0474.jpg,/home/irar/Escritorio/ProyectoTaxiDetector/dataset/positivos/recortes/augmented/taxi_recorte_aug_01767.jpg
1768,taxi_recorte_train_0234.jpg,taxi_recorte_aug_01768.jpg,/home/irar/Escritorio/ProyectoTaxiDetector/dataset/positivos/recortes/train/taxi_recorte_train_0234.jpg,/home/irar/Escritorio/ProyectoTaxiDetector/dataset/positivos/recortes/augmented/taxi_recorte_aug_01768.jpg
1769,taxi_recorte_train_0209.jpg,taxi_recorte_aug_01769.jpg,/home/irar/Escritorio/ProyectoTaxiDetector/dataset/positivos/recortes/train/taxi_recorte_train_0209.jpg,/home/irar/Escritorio/ProyectoTaxiDetector/dataset/positivos/recortes/augmented/taxi_recorte_aug_01769.jpg
1770,taxi_recorte_train_0356.jpg,taxi_recorte_aug_01770.jpg,/home/irar/Escritorio/ProyectoTaxiDetector/dataset/positivos/recortes/train/taxi_recorte_train_0356.jpg,/home/irar/Escritorio/ProyectoTaxiDetector/dataset/positivos/recortes/augmented/taxi_recorte_aug_01770.jpg
1771,taxi_recorte_train_0151.jpg,taxi_recorte_aug_01771.jpg,/home/irar/Escritorio/ProyectoTaxiDetector/dataset/positivos/recortes/train/taxi_recorte_train_0151.jpg,/home/irar/Escritorio/ProyectoTaxiDetector/dataset/positivos/recortes/augmented/taxi_recorte_aug_01771.jpg
1772,taxi_recorte_train_0312.jpg,taxi_recorte_aug_01772.jpg,/home/irar/Escritorio/ProyectoTaxiDetector/dataset/positivos/recortes/train/taxi_recorte_train_0312.jpg,/home/irar/Escritorio/ProyectoTaxiDetector/dataset/positivos/recortes/augmented/taxi_recorte_aug_01772.jpg
1773,taxi_recorte_train_0516.jpg,taxi_recorte_aug_01773.jpg,/home/irar/Escritorio/ProyectoTaxiDetector/dataset/positivos/recortes/train/taxi_recorte_train_0516.jpg,/home/irar/Escritorio/ProyectoTaxiDetector/dataset/positivos/recortes/augmented/taxi_recorte_aug_01773.jpg
1774,taxi_recorte_train_0119.jpg,taxi_recorte_aug_01774.jpg,/home/irar/Escritorio/ProyectoTaxiDetector/dataset/positivos/recortes/train/taxi_recorte_train_0119.jpg,/home/irar/Escritorio/ProyectoTaxiDetector/dataset/positivos/recortes/augmented/taxi_recorte_aug_01774.jpg
1775,taxi_recorte_train_0045.jpg,taxi_recorte_aug_01775.jpg,/home/irar/Escritorio/ProyectoTaxiDetector/dataset/positivos/recortes/train/taxi_recorte_train_0045.jpg,/home/irar/Escritorio/ProyectoTaxiDetector/dataset/positivos/recortes/augmented/taxi_recorte_aug_01775.jpg
1776,taxi_recorte_train_0480.jpg,taxi_recorte_aug_01776.jpg,/home/irar/Escritorio/ProyectoTaxiDetector/dataset/positivos/recortes/train/taxi_recorte_train_0480.jpg,/home/irar/Escritorio/ProyectoTaxiDetector/dataset/positivos/recortes/augmented/taxi_recorte_aug_01776.jpg
1777,taxi_recorte_train_0170.jpg,taxi_recorte_aug_01777.jpg,/home/irar/Escritorio/ProyectoTaxiDetector/dataset/positivos/recortes/train/taxi_recorte_train_0170.jpg,/home/irar/Escritorio/ProyectoTaxiDetector/dataset/positivos/recortes/augmented/taxi_recorte_aug_01777.jpg
1778,taxi_recorte_train_0182.jpg,taxi_recorte_aug_01778.jpg,/home/irar/Escritorio/ProyectoTaxiDetector/dataset/positivos/recortes/train/taxi_recorte_train_0182.jpg,/home/irar/Escritorio/ProyectoTaxiDetector/dataset/positivos/recortes/augmented/taxi_recorte_aug_01778.jpg
1779,taxi_recorte_train_0163.jpg,taxi_recorte_aug_01779.jpg,/home/irar/Escritorio/ProyectoTaxiDetector/dataset/positivos/recortes/train/taxi_recorte_train_0163.jpg,/home/irar/Escritorio/ProyectoTaxiDetector/dataset/positivos/recortes/augmented/taxi_recorte_aug_01779.jpg
1780,taxi_recorte_train_0431.jpg,taxi_recorte_aug_01780.jpg,/home/irar/Escritorio/ProyectoTaxiDetector/dataset/positivos/recortes/train/taxi_recorte_train_0431.jpg,/home/irar/Escritorio/ProyectoTaxiDetector/dataset/positivos/recortes/augmented/taxi_recorte_aug_01780.jpg
1781,taxi_recorte_train_0521.jpg,taxi_recorte_aug_01781.jpg,/home/irar/Escritorio/ProyectoTaxiDetector/dataset/positivos/recortes/train/taxi_recorte_train_0521.jpg,/home/irar/Escritorio/ProyectoTaxiDetector/dataset/positivos/recortes/augmented/taxi_recorte_aug_01781.jpg
1782,taxi_recorte_train_0149.jpg,taxi_recorte_aug_01782.jpg,/home/irar/Escritorio/ProyectoTaxiDetector/dataset/positivos/recortes/train/taxi_recorte_train_0149.jpg,/home/irar/Escritorio/ProyectoTaxiDetector/dataset/positivos/recortes/augmented/taxi_recorte_aug_01782.jpg
1783,taxi_recorte_train_0291.jpg,taxi_recorte_aug_01783.jpg,/home/irar/Escritorio/ProyectoTaxiDetector/dataset/positivos/recortes/train/taxi_recorte_train_0291.jpg,/home/irar/Escritorio/ProyectoTaxiDetector/dataset/positivos/recortes/augmented/taxi_recorte_aug_01783.jpg
1784,taxi_recorte_train_0285.jpg,taxi_recorte_aug_01784.jpg,/home/irar/Escritorio/ProyectoTaxiDetector/dataset/positivos/recortes/train/taxi_recorte_train_0285.jpg,/home/irar/Escritorio/ProyectoTaxiDetector/dataset/positivos/recortes/augmented/taxi_recorte_aug_01784.jpg
1785,taxi_recorte_train_0383.jpg,taxi_recorte_aug_01785.jpg,/home/irar/Escritorio/ProyectoTaxiDetector/dataset/positivos/recortes/train/taxi_recorte_train_0383.jpg,/home/irar/Escritorio/ProyectoTaxiDetector/dataset/positivos/recortes/augmented/taxi_recorte_aug_01785.jpg
1786,taxi_recorte_train_0388.jpg,taxi_recorte_aug_01786.jpg,/home/irar/Escritorio/ProyectoTaxiDetector/dataset/positivos/recortes/train/taxi_recorte_train_0388.jpg,/home/irar/Escritorio/ProyectoTaxiDetector/dataset/positivos/recortes/augmented/taxi_recorte_aug_01786.jpg
1787,taxi_recorte_train_0092.jpg,taxi_recorte_aug_01787.jpg,/home/irar/Escritorio/ProyectoTaxiDetector/dataset/positivos/recortes/train/taxi_recorte_train_0092.jpg,/home/irar/Escritorio/ProyectoTaxiDetector/dataset/positivos/recortes/augmented/taxi_recorte_aug_01787.jpg
1788,taxi_recorte_train_0339.jpg,taxi_recorte_aug_01788.jpg,/home/irar/Escritorio/ProyectoTaxiDetector/dataset/positivos/recortes/train/taxi_recorte_train_0339.jpg,/home/irar/Escritorio/ProyectoTaxiDetector/dataset/positivos/recortes/augmented/taxi_recorte_aug_01788.jpg
1789,taxi_recorte_train_0065.jpg,taxi_recorte_aug_01789.jpg,/home/irar/Escritorio/ProyectoTaxiDetector/dataset/positivos/recortes/train/taxi_recorte_train_0065.jpg,/home/irar/Escritorio/ProyectoTaxiDetector/dataset/positivos/recortes/augmented/taxi_recorte_aug_01789.jpg
1790,taxi_recorte_train_0273.jpg,taxi_recorte_aug_01790.jpg,/home/irar/Escritorio/ProyectoTaxiDetector/dataset/positivos/recortes/train/taxi_recorte_train_0273.jpg,/home/irar/Escritorio/ProyectoTaxiDetector/dataset/positivos/recortes/augmented/taxi_recorte_aug_01790.jpg
1791,taxi_recorte_train_0450.jpg,taxi_recorte_aug_01791.jpg,/home/irar/Escritorio/ProyectoTaxiDetector/dataset/positivos/recortes/train/taxi_recorte_train_0450.jpg,/home/irar/Escritorio/ProyectoTaxiDetector/dataset/positivos/recortes/augmented/taxi_recorte_aug_01791.jpg
1792,taxi_recorte_train_0012.jpg,taxi_recorte_aug_01792.jpg,/home/irar/Escritorio/ProyectoTaxiDetector/dataset/positivos/recortes/train/taxi_recorte_train_0012.jpg,/home/irar/Escritorio/ProyectoTaxiDetector/dataset/positivos/recortes/augmented/taxi_recorte_aug_01792.jpg
1793,taxi_recorte_train_0300.jpg,taxi_recorte_aug_01793.jpg,/home/irar/Escritorio/ProyectoTaxiDetector/dataset/positivos/recortes/train/taxi_recorte_train_0300.jpg,/home/irar/Escritorio/ProyectoTaxiDetector/dataset/positivos/recortes/augmented/taxi_recorte_aug_01793.jpg
1794,taxi_recorte_train_0343.jpg,taxi_recorte_aug_01794.jpg,/home/irar/Escritorio/ProyectoTaxiDetector/dataset/positivos/recortes/train/taxi_recorte_train_0343.jpg,/home/irar/Escritorio/ProyectoTaxiDetector/dataset/positivos/recortes/augmented/taxi_recorte_aug_01794.jpg
1795,taxi_recorte_train_0006.jpg,taxi_recorte_aug_01795.jpg,/home/irar/Escritorio/ProyectoTaxiDetector/dataset/positivos/recortes/train/taxi_recorte_train_0006.jpg,/home/irar/Escritorio/ProyectoTaxiDetector/dataset/positivos/recortes/augmented/taxi_recorte_aug_01795.jpg
1796,taxi_recorte_train_0142.jpg,taxi_recorte_aug_01796.jpg,/home/irar/Escritorio/ProyectoTaxiDetector/dataset/positivos/recortes/train/taxi_recorte_train_0142.jpg,/home/irar/Escritorio/ProyectoTaxiDetector/dataset/positivos/recortes/augmented/taxi_recorte_aug_01796.jpg
1797,taxi_recorte_train_0333.jpg,taxi_recorte_aug_01797.jpg,/home/irar/Escritorio/ProyectoTaxiDetector/dataset/positivos/recortes/train/taxi_recorte_train_0333.jpg,/home/irar/Escritorio/ProyectoTaxiDetector/dataset/positivos/recortes/augmented/taxi_recorte_aug_01797.jpg
1798,taxi_recorte_train_0501.jpg,taxi_recorte_aug_01798.jpg,/home/irar/Escritorio/ProyectoTaxiDetector/dataset/positivos/recortes/train/taxi_recorte_train_0501.jpg,/home/irar/Escritorio/ProyectoTaxiDetector/dataset/positivos/recortes/augmented/taxi_recorte_aug_01798.jpg
1799,taxi_recorte_train_0395.jpg,taxi_recorte_aug_01799.jpg,/home/irar/Escritorio/ProyectoTaxiDetector/dataset/positivos/recortes/train/taxi_recorte_train_0395.jpg,/home/irar/Escritorio/ProyectoTaxiDetector/dataset/positivos/recortes/augmented/taxi_recorte_aug_01799.jpg
1800,taxi_recorte_train_0368.jpg,taxi_recorte_aug_01800.jpg,/home/irar/Escritorio/ProyectoTaxiDetector/dataset/positivos/recortes/train/taxi_recorte_train_0368.jpg,/home/irar/Escritorio/ProyectoTaxiDetector/dataset/positivos/recortes/augmented/taxi_recorte_aug_01800.jpg
1801,taxi_recorte_train_0018.jpg,taxi_recorte_aug_01801.jpg,/home/irar/Escritorio/ProyectoTaxiDetector/dataset/positivos/recortes/train/taxi_recorte_train_0018.jpg,/home/irar/Escritorio/ProyectoTaxiDetector/dataset/positivos/recortes/augmented/taxi_recorte_aug_01801.jpg
1802,taxi_recorte_train_0492.jpg,taxi_recorte_aug_01802.jpg,/home/irar/Escritorio/ProyectoTaxiDetector/dataset/positivos/recortes/train/taxi_recorte_train_0492.jpg,/home/irar/Escritorio/ProyectoTaxiDetector/dataset/positivos/recortes/augmented/taxi_recorte_aug_01802.jpg
1803,taxi_recorte_train_0135.jpg,taxi_recorte_aug_01803.jpg,/home/irar/Escritorio/ProyectoTaxiDetector/dataset/positivos/recortes/train/taxi_recorte_train_0135.jpg,/home/irar/Escritorio/ProyectoTaxiDetector/dataset/positivos/recortes/augmented/taxi_recorte_aug_01803.jpg
1804,taxi_recorte_train_0401.jpg,taxi_recorte_aug_01804.jpg,/home/irar/Escritorio/ProyectoTaxiDetector/dataset/positivos/recortes/train/taxi_recorte_train_0401.jpg,/home/irar/Escritorio/ProyectoTaxiDetector/dataset/positivos/recortes/augmented/taxi_recorte_aug_01804.jpg
1805,taxi_recorte_train_0362.jpg,taxi_recorte_aug_01805.jpg,/home/irar/Escritorio/ProyectoTaxiDetector/dataset/positivos/recortes/train/taxi_recorte_train_0362.jpg,/home/irar/Escritorio/ProyectoTaxiDetector/dataset/positivos/recortes/augmented/taxi_recorte_aug_01805.jpg
1806,taxi_recorte_train_0350.jpg,taxi_recorte_aug_01806.jpg,/home/irar/Escritorio/ProyectoTaxiDetector/dataset/positivos/recortes/train/taxi_recorte_train_0350.jpg,/home/irar/Escritorio/ProyectoTaxiDetector/dataset/positivos/recortes/augmented/taxi_recorte_aug_01806.jpg
1807,taxi_recorte_train_0500.jpg,taxi_recorte_aug_01807.jpg,/home/irar/Escritorio/ProyectoTaxiDetector/dataset/positivos/recortes/train/taxi_recorte_train_0500.jpg,/home/irar/Escritorio/ProyectoTaxiDetector/dataset/positivos/recortes/augmented/taxi_recorte_aug_01807.jpg
1808,taxi_recorte_train_0255.jpg,taxi_recorte_aug_01808.jpg,/home/irar/Escritorio/ProyectoTaxiDetector/dataset/positivos/recortes/train/taxi_recorte_train_0255.jpg,/home/irar/Escritorio/ProyectoTaxiDetector/dataset/positivos/recortes/augmented/taxi_recorte_aug_01808.jpg
1809,taxi_recorte_train_0413.jpg,taxi_recorte_aug_01809.jpg,/home/irar/Escritorio/ProyectoTaxiDetector/dataset/positivos/recortes/train/taxi_recorte_train_0413.jpg,/home/irar/Escritorio/ProyectoTaxiDetector/dataset/positivos/recortes/augmented/taxi_recorte_aug_01809.jpg
1810,taxi_recorte_train_0358.jpg,taxi_recorte_aug_01810.jpg,/home/irar/Escritorio/ProyectoTaxiDetector/dataset/positivos/recortes/train/taxi_recorte_train_0358.jpg,/home/irar/Escritorio/ProyectoTaxiDetector/dataset/positivos/recortes/augmented/taxi_recorte_aug_01810.jpg
1811,taxi_recorte_train_0451.jpg,taxi_recorte_aug_01811.jpg,/home/irar/Escritorio/ProyectoTaxiDetector/dataset/positivos/recortes/train/taxi_recorte_train_0451.jpg,/home/irar/Escritorio/ProyectoTaxiDetector/dataset/positivos/recortes/augmented/taxi_recorte_aug_01811.jpg
1812,taxi_recorte_train_0223.jpg,taxi_recorte_aug_01812.jpg,/home/irar/Escritorio/ProyectoTaxiDetector/dataset/positivos/recortes/train/taxi_recorte_train_0223.jpg,/home/irar/Escritorio/ProyectoTaxiDetector/dataset/positivos/recortes/augmented/taxi_recorte_aug_01812.jpg
1813,taxi_recorte_train_0001.jpg,taxi_recorte_aug_01813.jpg,/home/irar/Escritorio/ProyectoTaxiDetector/dataset/positivos/recortes/train/taxi_recorte_train_0001.jpg,/home/irar/Escritorio/ProyectoTaxiDetector/dataset/positivos/recortes/augmented/taxi_recorte_aug_01813.jpg
1814,taxi_recorte_train_0435.jpg,taxi_recorte_aug_01814.jpg,/home/irar/Escritorio/ProyectoTaxiDetector/dataset/positivos/recortes/train/taxi_recorte_train_0435.jpg,/home/irar/Escritorio/ProyectoTaxiDetector/dataset/positivos/recortes/augmented/taxi_recorte_aug_01814.jpg
1815,taxi_recorte_train_0461.jpg,taxi_recorte_aug_01815.jpg,/home/irar/Escritorio/ProyectoTaxiDetector/dataset/positivos/recortes/train/taxi_recorte_train_0461.jpg,/home/irar/Escritorio/ProyectoTaxiDetector/dataset/positivos/recortes/augmented/taxi_recorte_aug_01815.jpg
1816,taxi_recorte_train_0037.jpg,taxi_recorte_aug_01816.jpg,/home/irar/Escritorio/ProyectoTaxiDetector/dataset/positivos/recortes/train/taxi_recorte_train_0037.jpg,/home/irar/Escritorio/ProyectoTaxiDetector/dataset/positivos/recortes/augmented/taxi_recorte_aug_01816.jpg
1817,taxi_recorte_train_0184.jpg,taxi_recorte_aug_01817.jpg,/home/irar/Escritorio/ProyectoTaxiDetector/dataset/positivos/recortes/train/taxi_recorte_train_0184.jpg,/home/irar/Escritorio/ProyectoTaxiDetector/dataset/positivos/recortes/augmented/taxi_recorte_aug_01817.jpg
1818,taxi_recorte_train_0403.jpg,taxi_recorte_aug_01818.jpg,/home/irar/Escritorio/ProyectoTaxiDetector/dataset/positivos/recortes/train/taxi_recorte_train_0403.jpg,/home/irar/Escritorio/ProyectoTaxiDetector/dataset/positivos/recortes/augmented/taxi_recorte_aug_01818.jpg
1819,taxi_recorte_train_0148.jpg,taxi_recorte_aug_01819.jpg,/home/irar/Escritorio/ProyectoTaxiDetector/dataset/positivos/recortes/train/taxi_recorte_train_0148.jpg,/home/irar/Escritorio/ProyectoTaxiDetector/dataset/positivos/recortes/augmented/taxi_recorte_aug_01819.jpg
1820,taxi_recorte_train_0460.jpg,taxi_recorte_aug_01820.jpg,/home/irar/Escritorio/ProyectoTaxiDetector/dataset/positivos/recortes/train/taxi_recorte_train_0460.jpg,/home/irar/Escritorio/ProyectoTaxiDetector/dataset/positivos/recortes/augmented/taxi_recorte_aug_01820.jpg
1821,taxi_recorte_train_0434.jpg,taxi_recorte_aug_01821.jpg,/home/irar/Escritorio/ProyectoTaxiDetector/dataset/positivos/recortes/train/taxi_recorte_train_0434.jpg,/home/irar/Escritorio/ProyectoTaxiDetector/dataset/positivos/recortes/augmented/taxi_recorte_aug_01821.jpg
1822,taxi_recorte_train_0220.jpg,taxi_recorte_aug_01822.jpg,/home/irar/Escritorio/ProyectoTaxiDetector/dataset/positivos/recortes/train/taxi_recorte_train_0220.jpg,/home/irar/Escritorio/ProyectoTaxiDetector/dataset/positivos/recortes/augmented/taxi_recorte_aug_01822.jpg
1823,taxi_recorte_train_0138.jpg,taxi_recorte_aug_01823.jpg,/home/irar/Escritorio/ProyectoTaxiDetector/dataset/positivos/recortes/train/taxi_recorte_train_0138.jpg,/home/irar/Escritorio/ProyectoTaxiDetector/dataset/positivos/recortes/augmented/taxi_recorte_aug_01823.jpg
1824,taxi_recorte_train_0153.jpg,taxi_recorte_aug_01824.jpg,/home/irar/Escritorio/ProyectoTaxiDetector/dataset/positivos/recortes/train/taxi_recorte_train_0153.jpg,/home/irar/Escritorio/ProyectoTaxiDetector/dataset/positivos/recortes/augmented/taxi_recorte_aug_01824.jpg
1825,taxi_recorte_train_0128.jpg,taxi_recorte_aug_01825.jpg,/home/irar/Escritorio/ProyectoTaxiDetector/dataset/positivos/recortes/train/taxi_recorte_train_0128.jpg,/home/irar/Escritorio/ProyectoTaxiDetector/dataset/positivos/recortes/augmented/taxi_recorte_aug_01825.jpg
1826,taxi_recorte_train_0369.jpg,taxi_recorte_aug_01826.jpg,/home/irar/Escritorio/ProyectoTaxiDetector/dataset/positivos/recortes/train/taxi_recorte_train_0369.jpg,/home/irar/Escritorio/ProyectoTaxiDetector/dataset/positivos/recortes/augmented/taxi_recorte_aug_01826.jpg
1827,taxi_recorte_train_0017.jpg,taxi_recorte_aug_01827.jpg,/home/irar/Escritorio/ProyectoTaxiDetector/dataset/positivos/recortes/train/taxi_recorte_train_0017.jpg,/home/irar/Escritorio/ProyectoTaxiDetector/dataset/positivos/recortes/augmented/taxi_recorte_aug_01827.jpg
1828,taxi_recorte_train_0512.jpg,taxi_recorte_aug_01828.jpg,/home/irar/Escritorio/ProyectoTaxiDetector/dataset/positivos/recortes/train/taxi_recorte_train_0512.jpg,/home/irar/Escritorio/ProyectoTaxiDetector/dataset/positivos/recortes/augmented/taxi_recorte_aug_01828.jpg
1829,taxi_recorte_train_0160.jpg,taxi_recorte_aug_01829.jpg,/home/irar/Escritorio/ProyectoTaxiDetector/dataset/positivos/recortes/train/taxi_recorte_train_0160.jpg,/home/irar/Escritorio/ProyectoTaxiDetector/dataset/positivos/recortes/augmented/taxi_recorte_aug_01829.jpg
1830,taxi_recorte_train_0164.jpg,taxi_recorte_aug_01830.jpg,/home/irar/Escritorio/ProyectoTaxiDetector/dataset/positivos/recortes/train/taxi_recorte_train_0164.jpg,/home/irar/Escritorio/ProyectoTaxiDetector/dataset/positivos/recortes/augmented/taxi_recorte_aug_01830.jpg
1831,taxi_recorte_train_0108.jpg,taxi_recorte_aug_01831.jpg,/home/irar/Escritorio/ProyectoTaxiDetector/dataset/positivos/recortes/train/taxi_recorte_train_0108.jpg,/home/irar/Escritorio/ProyectoTaxiDetector/dataset/positivos/recortes/augmented/taxi_recorte_aug_01831.jpg
1832,taxi_recorte_train_0062.jpg,taxi_recorte_aug_01832.jpg,/home/irar/Escritorio/ProyectoTaxiDetector/dataset/positivos/recortes/train/taxi_recorte_train_0062.jpg,/home/irar/Escritorio/ProyectoTaxiDetector/dataset/positivos/recortes/augmented/taxi_recorte_aug_01832.jpg
1833,taxi_recorte_train_0013.jpg,taxi_recorte_aug_01833.jpg,/home/irar/Escritorio/ProyectoTaxiDetector/dataset/positivos/recortes/train/taxi_recorte_train_0013.jpg,/home/irar/Escritorio/ProyectoTaxiDetector/dataset/positivos/recortes/augmented/taxi_recorte_aug_01833.jpg
1834,taxi_recorte_train_0391.jpg,taxi_recorte_aug_01834.jpg,/home/irar/Escritorio/ProyectoTaxiDetector/dataset/positivos/recortes/train/taxi_recorte_train_0391.jpg,/home/irar/Escritorio/ProyectoTaxiDetector/dataset/positivos/recortes/augmented/taxi_recorte_aug_01834.jpg
1835,taxi_recorte_train_0392.jpg,taxi_recorte_aug_01835.jpg,/home/irar/Escritorio/ProyectoTaxiDetector/dataset/positivos/recortes/train/taxi_recorte_train_0392.jpg,/home/irar/Escritorio/ProyectoTaxiDetector/dataset/positivos/recortes/augmented/taxi_recorte_aug_01835.jpg
1836,taxi_recorte_train_0250.jpg,taxi_recorte_aug_01836.jpg,/home/irar/Escritorio/ProyectoTaxiDetector/dataset/positivos/recortes/train/taxi_recorte_train_0250.jpg,/home/irar/Escritorio/ProyectoTaxiDetector/dataset/positivos/recortes/augmented/taxi_recorte_aug_01836.jpg
1837,taxi_recorte_train_0233.jpg,taxi_recorte_aug_01837.jpg,/home/irar/Escritorio/ProyectoTaxiDetector/dataset/positivos/recortes/train/taxi_recorte_train_0233.jpg,/home/irar/Escritorio/ProyectoTaxiDetector/dataset/positivos/recortes/augmented/taxi_recorte_aug_01837.jpg
1838,taxi_recorte_train_0370.jpg,taxi_recorte_aug_01838.jpg,/home/irar/Escritorio/ProyectoTaxiDetector/dataset/positivos/recortes/train/taxi_recorte_train_0370.jpg,/home/irar/Escritorio/ProyectoTaxiDetector/dataset/positivos/recortes/augmented/taxi_recorte_aug_01838.jpg
1839,taxi_recorte_train_0423.jpg,taxi_recorte_aug_01839.jpg,/home/irar/Escritorio/ProyectoTaxiDetector/dataset/positivos/recortes/train/taxi_recorte_train_0423.jpg,/home/irar/Escritorio/ProyectoTaxiDetector/dataset/positivos/recortes/augmented/taxi_recorte_aug_01839.jpg
1840,taxi_recorte_train_0109.jpg,taxi_recorte_aug_01840.jpg,/home/irar/Escritorio/ProyectoTaxiDetector/dataset/positivos/recortes/train/taxi_recorte_train_0109.jpg,/home/irar/Escritorio/ProyectoTaxiDetector/dataset/positivos/recortes/augmented/taxi_recorte_aug_01840.jpg
1841,taxi_recorte_train_0136.jpg,taxi_recorte_aug_01841.jpg,/home/irar/Escritorio/ProyectoTaxiDetector/dataset/positivos/recortes/train/taxi_recorte_train_0136.jpg,/home/irar/Escritorio/ProyectoTaxiDetector/dataset/positivos/recortes/augmented/taxi_recorte_aug_01841.jpg
1842,taxi_recorte_train_0427.jpg,taxi_recorte_aug_01842.jpg,/home/irar/Escritorio/ProyectoTaxiDetector/dataset/positivos/recortes/train/taxi_recorte_train_0427.jpg,/home/irar/Escritorio/ProyectoTaxiDetector/dataset/positivos/recortes/augmented/taxi_recorte_aug_01842.jpg
1843,taxi_recorte_train_0443.jpg,taxi_recorte_aug_01843.jpg,/home/irar/Escritorio/ProyectoTaxiDetector/dataset/positivos/recortes/train/taxi_recorte_train_0443.jpg,/home/irar/Escritorio/ProyectoTaxiDetector/dataset/positivos/recortes/augmented/taxi_recorte_aug_01843.jpg
1844,taxi_recorte_train_0425.jpg,taxi_recorte_aug_01844.jpg,/home/irar/Escritorio/ProyectoTaxiDetector/dataset/positivos/recortes/train/taxi_recorte_train_0425.jpg,/home/irar/Escritorio/ProyectoTaxiDetector/dataset/positivos/recortes/augmented/taxi_recorte_aug_01844.jpg
1845,taxi_recorte_train_0452.jpg,taxi_recorte_aug_01845.jpg,/home/irar/Escritorio/ProyectoTaxiDetector/dataset/positivos/recortes/train/taxi_recorte_train_0452.jpg,/home/irar/Escritorio/ProyectoTaxiDetector/dataset/positivos/recortes/augmented/taxi_recorte_aug_01845.jpg
1846,taxi_recorte_train_0214.jpg,taxi_recorte_aug_01846.jpg,/home/irar/Escritorio/ProyectoTaxiDetector/dataset/positivos/recortes/train/taxi_recorte_train_0214.jpg,/home/irar/Escritorio/ProyectoTaxiDetector/dataset/positivos/recortes/augmented/taxi_recorte_aug_01846.jpg
1847,taxi_recorte_train_0056.jpg,taxi_recorte_aug_01847.jpg,/home/irar/Escritorio/ProyectoTaxiDetector/dataset/positivos/recortes/train/taxi_recorte_train_0056.jpg,/home/irar/Escritorio/ProyectoTaxiDetector/dataset/positivos/recortes/augmented/taxi_recorte_aug_01847.jpg
1848,taxi_recorte_train_0380.jpg,taxi_recorte_aug_01848.jpg,/home/irar/Escritorio/ProyectoTaxiDetector/dataset/positivos/recortes/train/taxi_recorte_train_0380.jpg,/home/irar/Escritorio/ProyectoTaxiDetector/dataset/positivos/recortes/augmented/taxi_recorte_aug_01848.jpg
1849,taxi_recorte_train_0005.jpg,taxi_recorte_aug_01849.jpg,/home/irar/Escritorio/ProyectoTaxiDetector/dataset/positivos/recortes/train/taxi_recorte_train_0005.jpg,/home/irar/Escritorio/ProyectoTaxiDetector/dataset/positivos/recortes/augmented/taxi_recorte_aug_01849.jpg
1850,taxi_recorte_train_0248.jpg,taxi_recorte_aug_01850.jpg,/home/irar/Escritorio/ProyectoTaxiDetector/dataset/positivos/recortes/train/taxi_recorte_train_0248.jpg,/home/irar/Escritorio/ProyectoTaxiDetector/dataset/positivos/recortes/augmented/taxi_recorte_aug_01850.jpg
1851,taxi_recorte_train_0002.jpg,taxi_recorte_aug_01851.jpg,/home/irar/Escritorio/ProyectoTaxiDetector/dataset/positivos/recortes/train/taxi_recorte_train_0002.jpg,/home/irar/Escritorio/ProyectoTaxiDetector/dataset/positivos/recortes/augmented/taxi_recorte_aug_01851.jpg
1852,taxi_recorte_train_0158.jpg,taxi_recorte_aug_01852.jpg,/home/irar/Escritorio/ProyectoTaxiDetector/dataset/positivos/recortes/train/taxi_recorte_train_0158.jpg,/home/irar/Escritorio/ProyectoTaxiDetector/dataset/positivos/recortes/augmented/taxi_recorte_aug_01852.jpg
1853,taxi_recorte_train_0115.jpg,taxi_recorte_aug_01853.jpg,/home/irar/Escritorio/ProyectoTaxiDetector/dataset/positivos/recortes/train/taxi_recorte_train_0115.jpg,/home/irar/Escritorio/ProyectoTaxiDetector/dataset/positivos/recortes/augmented/taxi_recorte_aug_01853.jpg
1854,taxi_recorte_train_0281.jpg,taxi_recorte_aug_01854.jpg,/home/irar/Escritorio/ProyectoTaxiDetector/dataset/positivos/recortes/train/taxi_recorte_train_0281.jpg,/home/irar/Escritorio/ProyectoTaxiDetector/dataset/positivos/recortes/augmented/taxi_recorte_aug_01854.jpg
1855,taxi_recorte_train_0422.jpg,taxi_recorte_aug_01855.jpg,/home/irar/Escritorio/ProyectoTaxiDetector/dataset/positivos/recortes/train/taxi_recorte_train_0422.jpg,/home/irar/Escritorio/ProyectoTaxiDetector/dataset/positivos/recortes/augmented/taxi_recorte_aug_01855.jpg
1856,taxi_recorte_train_0195.jpg,taxi_recorte_aug_01856.jpg,/home/irar/Escritorio/ProyectoTaxiDetector/dataset/positivos/recortes/train/taxi_recorte_train_0195.jpg,/home/irar/Escritorio/ProyectoTaxiDetector/dataset/positivos/recortes/augmented/taxi_recorte_aug_01856.jpg
1857,taxi_recorte_train_0235.jpg,taxi_recorte_aug_01857.jpg,/home/irar/Escritorio/ProyectoTaxiDetector/dataset/positivos/recortes/train/taxi_recorte_train_0235.jpg,/home/irar/Escritorio/ProyectoTaxiDetector/dataset/positivos/recortes/augmented/taxi_recorte_aug_01857.jpg
1858,taxi_recorte_train_0417.jpg,taxi_recorte_aug_01858.jpg,/home/irar/Escritorio/ProyectoTaxiDetector/dataset/positivos/recortes/train/taxi_recorte_train_0417.jpg,/home/irar/Escritorio/ProyectoTaxiDetector/dataset/positivos/recortes/augmented/taxi_recorte_aug_01858.jpg
1859,taxi_recorte_train_0393.jpg,taxi_recorte_aug_01859.jpg,/home/irar/Escritorio/ProyectoTaxiDetector/dataset/positivos/recortes/train/taxi_recorte_train_0393.jpg,/home/irar/Escritorio/ProyectoTaxiDetector/dataset/positivos/recortes/augmented/taxi_recorte_aug_01859.jpg
1860,taxi_recorte_train_0463.jpg,taxi_recorte_aug_01860.jpg,/home/irar/Escritorio/ProyectoTaxiDetector/dataset/positivos/recortes/train/taxi_recorte_train_0463.jpg,/home/irar/Escritorio/ProyectoTaxiDetector/dataset/positivos/recortes/augmented/taxi_recorte_aug_01860.jpg
1861,taxi_recorte_train_0213.jpg,taxi_recorte_aug_01861.jpg,/home/irar/Escritorio/ProyectoTaxiDetector/dataset/positivos/recortes/train/taxi_recorte_train_0213.jpg,/home/irar/Escritorio/ProyectoTaxiDetector/dataset/positivos/recortes/augmented/taxi_recorte_aug_01861.jpg
1862,taxi_recorte_train_0524.jpg,taxi_recorte_aug_01862.jpg,/home/irar/Escritorio/ProyectoTaxiDetector/dataset/positivos/recortes/train/taxi_recorte_train_0524.jpg,/home/irar/Escritorio/ProyectoTaxiDetector/dataset/positivos/recortes/augmented/taxi_recorte_aug_01862.jpg
1863,taxi_recorte_train_0438.jpg,taxi_recorte_aug_01863.jpg,/home/irar/Escritorio/ProyectoTaxiDetector/dataset/positivos/recortes/train/taxi_recorte_train_0438.jpg,/home/irar/Escritorio/ProyectoTaxiDetector/dataset/positivos/recortes/augmented/taxi_recorte_aug_01863.jpg
1864,taxi_recorte_train_0036.jpg,taxi_recorte_aug_01864.jpg,/home/irar/Escritorio/ProyectoTaxiDetector/dataset/positivos/recortes/train/taxi_recorte_train_0036.jpg,/home/irar/Escritorio/ProyectoTaxiDetector/dataset/positivos/recortes/augmented/taxi_recorte_aug_01864.jpg
1865,taxi_recorte_train_0467.jpg,taxi_recorte_aug_01865.jpg,/home/irar/Escritorio/ProyectoTaxiDetector/dataset/positivos/recortes/train/taxi_recorte_train_0467.jpg,/home/irar/Escritorio/ProyectoTaxiDetector/dataset/positivos/recortes/augmented/taxi_recorte_aug_01865.jpg
1866,taxi_recorte_train_0488.jpg,taxi_recorte_aug_01866.jpg,/home/irar/Escritorio/ProyectoTaxiDetector/dataset/positivos/recortes/train/taxi_recorte_train_0488.jpg,/home/irar/Escritorio/ProyectoTaxiDetector/dataset/positivos/recortes/augmented/taxi_recorte_aug_01866.jpg
1867,taxi_recorte_train_0086.jpg,taxi_recorte_aug_01867.jpg,/home/irar/Escritorio/ProyectoTaxiDetector/dataset/positivos/recortes/train/taxi_recorte_train_0086.jpg,/home/irar/Escritorio/ProyectoTaxiDetector/dataset/positivos/recortes/augmented/taxi_recorte_aug_01867.jpg
1868,taxi_recorte_train_0508.jpg,taxi_recorte_aug_01868.jpg,/home/irar/Escritorio/ProyectoTaxiDetector/dataset/positivos/recortes/train/taxi_recorte_train_0508.jpg,/home/irar/Escritorio/ProyectoTaxiDetector/dataset/positivos/recortes/augmented/taxi_recorte_aug_01868.jpg
1869,taxi_recorte_train_0183.jpg,taxi_recorte_aug_01869.jpg,/home/irar/Escritorio/ProyectoTaxiDetector/dataset/positivos/recortes/train/taxi_recorte_train_0183.jpg,/home/irar/Escritorio/ProyectoTaxiDetector/dataset/positivos/recortes/augmented/taxi_recorte_aug_01869.jpg
1870,taxi_recorte_train_0279.jpg,taxi_recorte_aug_01870.jpg,/home/irar/Escritorio/ProyectoTaxiDetector/dataset/positivos/recortes/train/taxi_recorte_train_0279.jpg,/home/irar/Escritorio/ProyectoTaxiDetector/dataset/positivos/recortes/augmented/taxi_recorte_aug_01870.jpg
1871,taxi_recorte_train_0026.jpg,taxi_recorte_aug_01871.jpg,/home/irar/Escritorio/ProyectoTaxiDetector/dataset/positivos/recortes/train/taxi_recorte_train_0026.jpg,/home/irar/Escritorio/ProyectoTaxiDetector/dataset/positivos/recortes/augmented/taxi_recorte_aug_01871.jpg
1872,taxi_recorte_train_0239.jpg,taxi_recorte_aug_01872.jpg,/home/irar/Escritorio/ProyectoTaxiDetector/dataset/positivos/recortes/train/taxi_recorte_train_0239.jpg,/home/irar/Escritorio/ProyectoTaxiDetector/dataset/positivos/recortes/augmented/taxi_recorte_aug_01872.jpg
1873,taxi_recorte_train_0374.jpg,taxi_recorte_aug_01873.jpg,/home/irar/Escritorio/ProyectoTaxiDetector/dataset/positivos/recortes/train/taxi_recorte_train_0374.jpg,/home/irar/Escritorio/ProyectoTaxiDetector/dataset/positivos/recortes/augmented/taxi_recorte_aug_01873.jpg
1874,taxi_recorte_train_0533.jpg,taxi_recorte_aug_01874.jpg,/home/irar/Escritorio/ProyectoTaxiDetector/dataset/positivos/recortes/train/taxi_recorte_train_0533.jpg,/home/irar/Escritorio/ProyectoTaxiDetector/dataset/positivos/recortes/augmented/taxi_recorte_aug_01874.jpg
1875,taxi_recorte_train_0058.jpg,taxi_recorte_aug_01875.jpg,/home/irar/Escritorio/ProyectoTaxiDetector/dataset/positivos/recortes/train/taxi_recorte_train_0058.jpg,/home/irar/Escritorio/ProyectoTaxiDetector/dataset/positivos/recortes/augmented/taxi_recorte_aug_01875.jpg
1876,taxi_recorte_train_0251.jpg,taxi_recorte_aug_01876.jpg,/home/irar/Escritorio/ProyectoTaxiDetector/dataset/positivos/recortes/train/taxi_recorte_train_0251.jpg,/home/irar/Escritorio/ProyectoTaxiDetector/dataset/positivos/recortes/augmented/taxi_recorte_aug_01876.jpg
1877,taxi_recorte_train_0485.jpg,taxi_recorte_aug_01877.jpg,/home/irar/Escritorio/ProyectoTaxiDetector/dataset/positivos/recortes/train/taxi_recorte_train_0485.jpg,/home/irar/Escritorio/ProyectoTaxiDetector/dataset/positivos/recortes/augmented/taxi_recorte_aug_01877.jpg
1878,taxi_recorte_train_0319.jpg,taxi_recorte_aug_01878.jpg,/home/irar/Escritorio/ProyectoTaxiDetector/dataset/positivos/recortes/train/taxi_recorte_train_0319.jpg,/home/irar/Escritorio/ProyectoTaxiDetector/dataset/positivos/recortes/augmented/taxi_recorte_aug_01878.jpg
1879,taxi_recorte_train_0061.jpg,taxi_recorte_aug_01879.jpg,/home/irar/Escritorio/ProyectoTaxiDetector/dataset/positivos/recortes/train/taxi_recorte_train_0061.jpg,/home/irar/Escritorio/ProyectoTaxiDetector/dataset/positivos/recortes/augmented/taxi_recorte_aug_01879.jpg
1880,taxi_recorte_train_0096.jpg,taxi_recorte_aug_01880.jpg,/home/irar/Escritorio/ProyectoTaxiDetector/dataset/positivos/recortes/train/taxi_recorte_train_0096.jpg,/home/irar/Escritorio/ProyectoTaxiDetector/dataset/positivos/recortes/augmented/taxi_recorte_aug_01880.jpg
1881,taxi_recorte_train_0275.jpg,taxi_recorte_aug_01881.jpg,/home/irar/Escritorio/ProyectoTaxiDetector/dataset/positivos/recortes/train/taxi_recorte_train_0275.jpg,/home/irar/Escritorio/ProyectoTaxiDetector/dataset/positivos/recortes/augmented/taxi_recorte_aug_01881.jpg
1882,taxi_recorte_train_0459.jpg,taxi_recorte_aug_01882.jpg,/home/irar/Escritorio/ProyectoTaxiDetector/dataset/positivos/recortes/train/taxi_recorte_train_0459.jpg,/home/irar/Escritorio/ProyectoTaxiDetector/dataset/positivos/recortes/augmented/taxi_recorte_aug_01882.jpg
1883,taxi_recorte_train_0256.jpg,taxi_recorte_aug_01883.jpg,/home/irar/Escritorio/ProyectoTaxiDetector/dataset/positivos/recortes/train/taxi_recorte_train_0256.jpg,/home/irar/Escritorio/ProyectoTaxiDetector/dataset/positivos/recortes/augmented/taxi_recorte_aug_01883.jpg
1884,taxi_recorte_train_0107.jpg,taxi_recorte_aug_01884.jpg,/home/irar/Escritorio/ProyectoTaxiDetector/dataset/positivos/recortes/train/taxi_recorte_train_0107.jpg,/home/irar/Escritorio/ProyectoTaxiDetector/dataset/positivos/recortes/augmented/taxi_recorte_aug_01884.jpg
1885,taxi_recorte_train_0014.jpg,taxi_recorte_aug_01885.jpg,/home/irar/Escritorio/ProyectoTaxiDetector/dataset/positivos/recortes/train/taxi_recorte_train_0014.jpg,/home/irar/Escritorio/ProyectoTaxiDetector/dataset/positivos/recortes/augmented/taxi_recorte_aug_01885.jpg
1886,taxi_recorte_train_0470.jpg,taxi_recorte_aug_01886.jpg,/home/irar/Escritorio/ProyectoTaxiDetector/dataset/positivos/recortes/train/taxi_recorte_train_0470.jpg,/home/irar/Escritorio/ProyectoTaxiDetector/dataset/positivos/recortes/augmented/taxi_recorte_aug_01886.jpg
1887,taxi_recorte_train_0264.jpg,taxi_recorte_aug_01887.jpg,/home/irar/Escritorio/ProyectoTaxiDetector/dataset/positivos/recortes/train/taxi_recorte_train_0264.jpg,/home/irar/Escritorio/ProyectoTaxiDetector/dataset/positivos/recortes/augmented/taxi_recorte_aug_01887.jpg
1888,taxi_recorte_train_0483.jpg,taxi_recorte_aug_01888.jpg,/home/irar/Escritorio/ProyectoTaxiDetector/dataset/positivos/recortes/train/taxi_recorte_train_0483.jpg,/home/irar/Escritorio/ProyectoTaxiDetector/dataset/positivos/recortes/augmented/taxi_recorte_aug_01888.jpg
1889,taxi_recorte_train_0410.jpg,taxi_recorte_aug_01889.jpg,/home/irar/Escritorio/ProyectoTaxiDetector/dataset/positivos/recortes/train/taxi_recorte_train_0410.jpg,/home/irar/Escritorio/ProyectoTaxiDetector/dataset/positivos/recortes/augmented/taxi_recorte_aug_01889.jpg
1890,taxi_recorte_train_0493.jpg,taxi_recorte_aug_01890.jpg,/home/irar/Escritorio/ProyectoTaxiDetector/dataset/positivos/recortes/train/taxi_recorte_train_0493.jpg,/home/irar/Escritorio/ProyectoTaxiDetector/dataset/positivos/recortes/augmented/taxi_recorte_aug_01890.jpg
1891,taxi_recorte_train_0472.jpg,taxi_recorte_aug_01891.jpg,/home/irar/Escritorio/ProyectoTaxiDetector/dataset/positivos/recortes/train/taxi_recorte_train_0472.jpg,/home/irar/Escritorio/ProyectoTaxiDetector/dataset/positivos/recortes/augmented/taxi_recorte_aug_01891.jpg
1892,taxi_recorte_train_0263.jpg,taxi_recorte_aug_01892.jpg,/home/irar/Escritorio/ProyectoTaxiDetector/dataset/positivos/recortes/train/taxi_recorte_train_0263.jpg,/home/irar/Escritorio/ProyectoTaxiDetector/dataset/positivos/recortes/augmented/taxi_recorte_aug_01892.jpg
1893,taxi_recorte_train_0444.jpg,taxi_recorte_aug_01893.jpg,/home/irar/Escritorio/ProyectoTaxiDetector/dataset/positivos/recortes/train/taxi_recorte_train_0444.jpg,/home/irar/Escritorio/ProyectoTaxiDetector/dataset/positivos/recortes/augmented/taxi_recorte_aug_01893.jpg
1894,taxi_recorte_train_0140.jpg,taxi_recorte_aug_01894.jpg,/home/irar/Escritorio/ProyectoTaxiDetector/dataset/positivos/recortes/train/taxi_recorte_train_0140.jpg,/home/irar/Escritorio/ProyectoTaxiDetector/dataset/positivos/recortes/augmented/taxi_recorte_aug_01894.jpg
1895,taxi_recorte_train_0278.jpg,taxi_recorte_aug_01895.jpg,/home/irar/Escritorio/ProyectoTaxiDetector/dataset/positivos/recortes/train/taxi_recorte_train_0278.jpg,/home/irar/Escritorio/ProyectoTaxiDetector/dataset/positivos/recortes/augmented/taxi_recorte_aug_01895.jpg
1896,taxi_recorte_train_0043.jpg,taxi_recorte_aug_01896.jpg,/home/irar/Escritorio/ProyectoTaxiDetector/dataset/positivos/recortes/train/taxi_recorte_train_0043.jpg,/home/irar/Escritorio/ProyectoTaxiDetector/dataset/positivos/recortes/augmented/taxi_recorte_aug_01896.jpg
1897,taxi_recorte_train_0294.jpg,taxi_recorte_aug_01897.jpg,/home/irar/Escritorio/ProyectoTaxiDetector/dataset/positivos/recortes/train/taxi_recorte_train_0294.jpg,/home/irar/Escritorio/ProyectoTaxiDetector/dataset/positivos/recortes/augmented/taxi_recorte_aug_01897.jpg
1898,taxi_recorte_train_0064.jpg,taxi_recorte_aug_01898.jpg,/home/irar/Escritorio/ProyectoTaxiDetector/dataset/positivos/recortes/train/taxi_recorte_train_0064.jpg,/home/irar/Escritorio/ProyectoTaxiDetector/dataset/positivos/recortes/augmented/taxi_recorte_aug_01898.jpg
1899,taxi_recorte_train_0265.jpg,taxi_recorte_aug_01899.jpg,/home/irar/Escritorio/ProyectoTaxiDetector/dataset/positivos/recortes/train/taxi_recorte_train_0265.jpg,/home/irar/Escritorio/ProyectoTaxiDetector/dataset/positivos/recortes/augmented/taxi_recorte_aug_01899.jpg
1900,taxi_recorte_train_0454.jpg,taxi_recorte_aug_01900.jpg,/home/irar/Escritorio/ProyectoTaxiDetector/dataset/positivos/recortes/train/taxi_recorte_train_0454.jpg,/home/irar/Escritorio/ProyectoTaxiDetector/dataset/positivos/recortes/augmented/taxi_recorte_aug_01900.jpg
1901,taxi_recorte_train_0372.jpg,taxi_recorte_aug_01901.jpg,/home/irar/Escritorio/ProyectoTaxiDetector/dataset/positivos/recortes/train/taxi_recorte_train_0372.jpg,/home/irar/Escritorio/ProyectoTaxiDetector/dataset/positivos/recortes/augmented/taxi_recorte_aug_01901.jpg
1902,taxi_recorte_train_0247.jpg,taxi_recorte_aug_01902.jpg,/home/irar/Escritorio/ProyectoTaxiDetector/dataset/positivos/recortes/train/taxi_recorte_train_0247.jpg,/home/irar/Escritorio/ProyectoTaxiDetector/dataset/positivos/recortes/augmented/taxi_recorte_aug_01902.jpg
1903,taxi_recorte_train_0365.jpg,taxi_recorte_aug_01903.jpg,/home/irar/Escritorio/ProyectoTaxiDetector/dataset/positivos/recortes/train/taxi_recorte_train_0365.jpg,/home/irar/Escritorio/ProyectoTaxiDetector/dataset/positivos/recortes/augmented/taxi_recorte_aug_01903.jpg
1904,taxi_recorte_train_0129.jpg,taxi_recorte_aug_01904.jpg,/home/irar/Escritorio/ProyectoTaxiDetector/dataset/positivos/recortes/train/taxi_recorte_train_0129.jpg,/home/irar/Escritorio/ProyectoTaxiDetector/dataset/positivos/recortes/augmented/taxi_recorte_aug_01904.jpg
1905,taxi_recorte_train_0504.jpg,taxi_recorte_aug_01905.jpg,/home/irar/Escritorio/ProyectoTaxiDetector/dataset/positivos/recortes/train/taxi_recorte_train_0504.jpg,/home/irar/Escritorio/ProyectoTaxiDetector/dataset/positivos/recortes/augmented/taxi_recorte_aug_01905.jpg
1906,taxi_recorte_train_0103.jpg,taxi_recorte_aug_01906.jpg,/home/irar/Escritorio/ProyectoTaxiDetector/dataset/positivos/recortes/train/taxi_recorte_train_0103.jpg,/home/irar/Escritorio/ProyectoTaxiDetector/dataset/positivos/recortes/augmented/taxi_recorte_aug_01906.jpg
1907,taxi_recorte_train_0083.jpg,taxi_recorte_aug_01907.jpg,/home/irar/Escritorio/ProyectoTaxiDetector/dataset/positivos/recortes/train/taxi_recorte_train_0083.jpg,/home/irar/Escritorio/ProyectoTaxiDetector/dataset/positivos/recortes/augmented/taxi_recorte_aug_01907.jpg
1908,taxi_recorte_train_0215.jpg,taxi_recorte_aug_01908.jpg,/home/irar/Escritorio/ProyectoTaxiDetector/dataset/positivos/recortes/train/taxi_recorte_train_0215.jpg,/home/irar/Escritorio/ProyectoTaxiDetector/dataset/positivos/recortes/augmented/taxi_recorte_aug_01908.jpg
1909,taxi_recorte_train_0271.jpg,taxi_recorte_aug_01909.jpg,/home/irar/Escritorio/ProyectoTaxiDetector/dataset/positivos/recortes/train/taxi_recorte_train_0271.jpg,/home/irar/Escritorio/ProyectoTaxiDetector/dataset/positivos/recortes/augmented/taxi_recorte_aug_01909.jpg
1910,taxi_recorte_train_0258.jpg,taxi_recorte_aug_01910.jpg,/home/irar/Escritorio/ProyectoTaxiDetector/dataset/positivos/recortes/train/taxi_recorte_train_0258.jpg,/home/irar/Escritorio/ProyectoTaxiDetector/dataset/positivos/recortes/augmented/taxi_recorte_aug_01910.jpg
1911,taxi_recorte_train_0196.jpg,taxi_recorte_aug_01911.jpg,/home/irar/Escritorio/ProyectoTaxiDetector/dataset/positivos/recortes/train/taxi_recorte_train_0196.jpg,/home/irar/Escritorio/ProyectoTaxiDetector/dataset/positivos/recortes/augmented/taxi_recorte_aug_01911.jpg
1912,taxi_recorte_train_0371.jpg,taxi_recorte_aug_01912.jpg,/home/irar/Escritorio/ProyectoTaxiDetector/dataset/positivos/recortes/train/taxi_recorte_train_0371.jpg,/home/irar/Escritorio/ProyectoTaxiDetector/dataset/positivos/recortes/augmented/taxi_recorte_aug_01912.jpg
1913,taxi_recorte_train_0405.jpg,taxi_recorte_aug_01913.jpg,/home/irar/Escritorio/ProyectoTaxiDetector/dataset/positivos/recortes/train/taxi_recorte_train_0405.jpg,/home/irar/Escritorio/ProyectoTaxiDetector/dataset/positivos/recortes/augmented/taxi_recorte_aug_01913.jpg
1914,taxi_recorte_train_0432.jpg,taxi_recorte_aug_01914.jpg,/home/irar/Escritorio/ProyectoTaxiDetector/dataset/positivos/recortes/train/taxi_recorte_train_0432.jpg,/home/irar/Escritorio/ProyectoTaxiDetector/dataset/positivos/recortes/augmented/taxi_recorte_aug_01914.jpg
1915,taxi_recorte_train_0414.jpg,taxi_recorte_aug_01915.jpg,/home/irar/Escritorio/ProyectoTaxiDetector/dataset/positivos/recortes/train/taxi_recorte_train_0414.jpg,/home/irar/Escritorio/ProyectoTaxiDetector/dataset/positivos/recortes/augmented/taxi_recorte_aug_01915.jpg
1916,taxi_recorte_train_0473.jpg,taxi_recorte_aug_01916.jpg,/home/irar/Escritorio/ProyectoTaxiDetector/dataset/positivos/recortes/train/taxi_recorte_train_0473.jpg,/home/irar/Escritorio/ProyectoTaxiDetector/dataset/positivos/recortes/augmented/taxi_recorte_aug_01916.jpg
1917,taxi_recorte_train_0430.jpg,taxi_recorte_aug_01917.jpg,/home/irar/Escritorio/ProyectoTaxiDetector/dataset/positivos/recortes/train/taxi_recorte_train_0430.jpg,/home/irar/Escritorio/ProyectoTaxiDetector/dataset/positivos/recortes/augmented/taxi_recorte_aug_01917.jpg
1918,taxi_recorte_train_0364.jpg,taxi_recorte_aug_01918.jpg,/home/irar/Escritorio/ProyectoTaxiDetector/dataset/positivos/recortes/train/taxi_recorte_train_0364.jpg,/home/irar/Escritorio/ProyectoTaxiDetector/dataset/positivos/recortes/augmented/taxi_recorte_aug_01918.jpg
1919,taxi_recorte_train_0534.jpg,taxi_recorte_aug_01919.jpg,/home/irar/Escritorio/ProyectoTaxiDetector/dataset/positivos/recortes/train/taxi_recorte_train_0534.jpg,/home/irar/Escritorio/ProyectoTaxiDetector/dataset/positivos/recortes/augmented/taxi_recorte_aug_01919.jpg
1920,taxi_recorte_train_0274.jpg,taxi_recorte_aug_01920.jpg,/home/irar/Escritorio/ProyectoTaxiDetector/dataset/positivos/recortes/train/taxi_recorte_train_0274.jpg,/home/irar/Escritorio/ProyectoTaxiDetector/dataset/positivos/recortes/augmented/taxi_recorte_aug_01920.jpg
1921,taxi_recorte_train_0120.jpg,taxi_recorte_aug_01921.jpg,/home/irar/Escritorio/ProyectoTaxiDetector/dataset/positivos/recortes/train/taxi_recorte_train_0120.jpg,/home/irar/Escritorio/ProyectoTaxiDetector/dataset/positivos/recortes/augmented/taxi_recorte_aug_01921.jpg
1922,taxi_recorte_train_0442.jpg,taxi_recorte_aug_01922.jpg,/home/irar/Escritorio/ProyectoTaxiDetector/dataset/positivos/recortes/train/taxi_recorte_train_0442.jpg,/home/irar/Escritorio/ProyectoTaxiDetector/dataset/positivos/recortes/augmented/taxi_recorte_aug_01922.jpg
1923,taxi_recorte_train_0355.jpg,taxi_recorte_aug_01923.jpg,/home/irar/Escritorio/ProyectoTaxiDetector/dataset/positivos/recortes/train/taxi_recorte_train_0355.jpg,/home/irar/Escritorio/ProyectoTaxiDetector/dataset/positivos/recortes/augmented/taxi_recorte_aug_01923.jpg
1924,taxi_recorte_train_0228.jpg,taxi_recorte_aug_01924.jpg,/home/irar/Escritorio/ProyectoTaxiDetector/dataset/positivos/recortes/train/taxi_recorte_train_0228.jpg,/home/irar/Escritorio/ProyectoTaxiDetector/dataset/positivos/recortes/augmented/taxi_recorte_aug_01924.jpg
1925,taxi_recorte_train_0122.jpg,taxi_recorte_aug_01925.jpg,/home/irar/Escritorio/ProyectoTaxiDetector/dataset/positivos/recortes/train/taxi_recorte_train_0122.jpg,/home/irar/Escritorio/ProyectoTaxiDetector/dataset/positivos/recortes/augmented/taxi_recorte_aug_01925.jpg
1926,taxi_recorte_train_0468.jpg,taxi_recorte_aug_01926.jpg,/home/irar/Escritorio/ProyectoTaxiDetector/dataset/positivos/recortes/train/taxi_recorte_train_0468.jpg,/home/irar/Escritorio/ProyectoTaxiDetector/dataset/positivos/recortes/augmented/taxi_recorte_aug_01926.jpg
1927,taxi_recorte_train_0211.jpg,taxi_recorte_aug_01927.jpg,/home/irar/Escritorio/ProyectoTaxiDetector/dataset/positivos/recortes/train/taxi_recorte_train_0211.jpg,/home/irar/Escritorio/ProyectoTaxiDetector/dataset/positivos/recortes/augmented/taxi_recorte_aug_01927.jpg
1928,taxi_recorte_train_0023.jpg,taxi_recorte_aug_01928.jpg,/home/irar/Escritorio/ProyectoTaxiDetector/dataset/positivos/recortes/train/taxi_recorte_train_0023.jpg,/home/irar/Escritorio/ProyectoTaxiDetector/dataset/positivos/recortes/augmented/taxi_recorte_aug_01928.jpg
1929,taxi_recorte_train_0378.jpg,taxi_recorte_aug_01929.jpg,/home/irar/Escritorio/ProyectoTaxiDetector/dataset/positivos/recortes/train/taxi_recorte_train_0378.jpg,/home/irar/Escritorio/ProyectoTaxiDetector/dataset/positivos/recortes/augmented/taxi_recorte_aug_01929.jpg
1930,taxi_recorte_train_0085.jpg,taxi_recorte_aug_01930.jpg,/home/irar/Escritorio/ProyectoTaxiDetector/dataset/positivos/recortes/train/taxi_recorte_train_0085.jpg,/home/irar/Escritorio/ProyectoTaxiDetector/dataset/positivos/recortes/augmented/taxi_recorte_aug_01930.jpg
1931,taxi_recorte_train_0323.jpg,taxi_recorte_aug_01931.jpg,/home/irar/Escritorio/ProyectoTaxiDetector/dataset/positivos/recortes/train/taxi_recorte_train_0323.jpg,/home/irar/Escritorio/ProyectoTaxiDetector/dataset/positivos/recortes/augmented/taxi_recorte_aug_01931.jpg
1932,taxi_recorte_train_0084.jpg,taxi_recorte_aug_01932.jpg,/home/irar/Escritorio/ProyectoTaxiDetector/dataset/positivos/recortes/train/taxi_recorte_train_0084.jpg,/home/irar/Escritorio/ProyectoTaxiDetector/dataset/positivos/recortes/augmented/taxi_recorte_aug_01932.jpg
1933,taxi_recorte_train_0456.jpg,taxi_recorte_aug_01933.jpg,/home/irar/Escritorio/ProyectoTaxiDetector/dataset/positivos/recortes/train/taxi_recorte_train_0456.jpg,/home/irar/Escritorio/ProyectoTaxiDetector/dataset/positivos/recortes/augmented/taxi_recorte_aug_01933.jpg
1934,taxi_recorte_train_0335.jpg,taxi_recorte_aug_01934.jpg,/home/irar/Escritorio/ProyectoTaxiDetector/dataset/positivos/recortes/train/taxi_recorte_train_0335.jpg,/home/irar/Escritorio/ProyectoTaxiDetector/dataset/positivos/recortes/augmented/taxi_recorte_aug_01934.jpg
1935,taxi_recorte_train_0306.jpg,taxi_recorte_aug_01935.jpg,/home/irar/Escritorio/ProyectoTaxiDetector/dataset/positivos/recortes/train/taxi_recorte_train_0306.jpg,/home/irar/Escritorio/ProyectoTaxiDetector/dataset/positivos/recortes/augmented/taxi_recorte_aug_01935.jpg
1936,taxi_recorte_train_0068.jpg,taxi_recorte_aug_01936.jpg,/home/irar/Escritorio/ProyectoTaxiDetector/dataset/positivos/recortes/train/taxi_recorte_train_0068.jpg,/home/irar/Escritorio/ProyectoTaxiDetector/dataset/positivos/recortes/augmented/taxi_recorte_aug_01936.jpg
1937,taxi_recorte_train_0173.jpg,taxi_recorte_aug_01937.jpg,/home/irar/Escritorio/ProyectoTaxiDetector/dataset/positivos/recortes/train/taxi_recorte_train_0173.jpg,/home/irar/Escritorio/ProyectoTaxiDetector/dataset/positivos/recortes/augmented/taxi_recorte_aug_01937.jpg
1938,taxi_recorte_train_0416.jpg,taxi_recorte_aug_01938.jpg,/home/irar/Escritorio/ProyectoTaxiDetector/dataset/positivos/recortes/train/taxi_recorte_train_0416.jpg,/home/irar/Escritorio/ProyectoTaxiDetector/dataset/positivos/recortes/augmented/taxi_recorte_aug_01938.jpg
1939,taxi_recorte_train_0384.jpg,taxi_recorte_aug_01939.jpg,/home/irar/Escritorio/ProyectoTaxiDetector/dataset/positivos/recortes/train/taxi_recorte_train_0384.jpg,/home/irar/Escritorio/ProyectoTaxiDetector/dataset/positivos/recortes/augmented/taxi_recorte_aug_01939.jpg
1940,taxi_recorte_train_0277.jpg,taxi_recorte_aug_01940.jpg,/home/irar/Escritorio/ProyectoTaxiDetector/dataset/positivos/recortes/train/taxi_recorte_train_0277.jpg,/home/irar/Escritorio/ProyectoTaxiDetector/dataset/positivos/recortes/augmented/taxi_recorte_aug_01940.jpg
1941,taxi_recorte_train_0523.jpg,taxi_recorte_aug_01941.jpg,/home/irar/Escritorio/ProyectoTaxiDetector/dataset/positivos/recortes/train/taxi_recorte_train_0523.jpg,/home/irar/Escritorio/ProyectoTaxiDetector/dataset/positivos/recortes/augmented/taxi_recorte_aug_01941.jpg
1942,taxi_recorte_train_0052.jpg,taxi_recorte_aug_01942.jpg,/home/irar/Escritorio/ProyectoTaxiDetector/dataset/positivos/recortes/train/taxi_recorte_train_0052.jpg,/home/irar/Escritorio/ProyectoTaxiDetector/dataset/positivos/recortes/augmented/taxi_recorte_aug_01942.jpg
1943,taxi_recorte_train_0152.jpg,taxi_recorte_aug_01943.jpg,/home/irar/Escritorio/ProyectoTaxiDetector/dataset/positivos/recortes/train/taxi_recorte_train_0152.jpg,/home/irar/Escritorio/ProyectoTaxiDetector/dataset/positivos/recortes/augmented/taxi_recorte_aug_01943.jpg
1944,taxi_recorte_train_0412.jpg,taxi_recorte_aug_01944.jpg,/home/irar/Escritorio/ProyectoTaxiDetector/dataset/positivos/recortes/train/taxi_recorte_train_0412.jpg,/home/irar/Escritorio/ProyectoTaxiDetector/dataset/positivos/recortes/augmented/taxi_recorte_aug_01944.jpg
1945,taxi_recorte_train_0518.jpg,taxi_recorte_aug_01945.jpg,/home/irar/Escritorio/ProyectoTaxiDetector/dataset/positivos/recortes/train/taxi_recorte_train_0518.jpg,/home/irar/Escritorio/ProyectoTaxiDetector/dataset/positivos/recortes/augmented/taxi_recorte_aug_01945.jpg
1946,taxi_recorte_train_0071.jpg,taxi_recorte_aug_01946.jpg,/home/irar/Escritorio/ProyectoTaxiDetector/dataset/positivos/recortes/train/taxi_recorte_train_0071.jpg,/home/irar/Escritorio/ProyectoTaxiDetector/dataset/positivos/recortes/augmented/taxi_recorte_aug_01946.jpg
1947,taxi_recorte_train_0116.jpg,taxi_recorte_aug_01947.jpg,/home/irar/Escritorio/ProyectoTaxiDetector/dataset/positivos/recortes/train/taxi_recorte_train_0116.jpg,/home/irar/Escritorio/ProyectoTaxiDetector/dataset/positivos/recortes/augmented/taxi_recorte_aug_01947.jpg
1948,taxi_recorte_train_0099.jpg,taxi_recorte_aug_01948.jpg,/home/irar/Escritorio/ProyectoTaxiDetector/dataset/positivos/recortes/train/taxi_recorte_train_0099.jpg,/home/irar/Escritorio/ProyectoTaxiDetector/dataset/positivos/recortes/augmented/taxi_recorte_aug_01948.jpg
1949,taxi_recorte_train_0249.jpg,taxi_recorte_aug_01949.jpg,/home/irar/Escritorio/ProyectoTaxiDetector/dataset/positivos/recortes/train/taxi_recorte_train_0249.jpg,/home/irar/Escritorio/ProyectoTaxiDetector/dataset/positivos/recortes/augmented/taxi_recorte_aug_01949.jpg
1950,taxi_recorte_train_0175.jpg,taxi_recorte_aug_01950.jpg,/home/irar/Escritorio/ProyectoTaxiDetector/dataset/positivos/recortes/train/taxi_recorte_train_0175.jpg,/home/irar/Escritorio/ProyectoTaxiDetector/dataset/positivos/recortes/augmented/taxi_recorte_aug_01950.jpg
1951,taxi_recorte_train_0110.jpg,taxi_recorte_aug_01951.jpg,/home/irar/Escritorio/ProyectoTaxiDetector/dataset/positivos/recortes/train/taxi_recorte_train_0110.jpg,/home/irar/Escritorio/ProyectoTaxiDetector/dataset/positivos/recortes/augmented/taxi_recorte_aug_01951.jpg
1952,taxi_recorte_train_0093.jpg,taxi_recorte_aug_01952.jpg,/home/irar/Escritorio/ProyectoTaxiDetector/dataset/positivos/recortes/train/taxi_recorte_train_0093.jpg,/home/irar/Escritorio/ProyectoTaxiDetector/dataset/positivos/recortes/augmented/taxi_recorte_aug_01952.jpg
1953,taxi_recorte_train_0353.jpg,taxi_recorte_aug_01953.jpg,/home/irar/Escritorio/ProyectoTaxiDetector/dataset/positivos/recortes/train/taxi_recorte_train_0353.jpg,/home/irar/Escritorio/ProyectoTaxiDetector/dataset/positivos/recortes/augmented/taxi_recorte_aug_01953.jpg
1954,taxi_recorte_train_0327.jpg,taxi_recorte_aug_01954.jpg,/home/irar/Escritorio/ProyectoTaxiDetector/dataset/positivos/recortes/train/taxi_recorte_train_0327.jpg,/home/irar/Escritorio/ProyectoTaxiDetector/dataset/positivos/recortes/augmented/taxi_recorte_aug_01954.jpg
1955,taxi_recorte_train_0010.jpg,taxi_recorte_aug_01955.jpg,/home/irar/Escritorio/ProyectoTaxiDetector/dataset/positivos/recortes/train/taxi_recorte_train_0010.jpg,/home/irar/Escritorio/ProyectoTaxiDetector/dataset/positivos/recortes/augmented/taxi_recorte_aug_01955.jpg
1956,taxi_recorte_train_0499.jpg,taxi_recorte_aug_01956.jpg,/home/irar/Escritorio/ProyectoTaxiDetector/dataset/positivos/recortes/train/taxi_recorte_train_0499.jpg,/home/irar/Escritorio/ProyectoTaxiDetector/dataset/positivos/recortes/augmented/taxi_recorte_aug_01956.jpg
1957,taxi_recorte_train_0261.jpg,taxi_recorte_aug_01957.jpg,/home/irar/Escritorio/ProyectoTaxiDetector/dataset/positivos/recortes/train/taxi_recorte_train_0261.jpg,/home/irar/Escritorio/ProyectoTaxiDetector/dataset/positivos/recortes/augmented/taxi_recorte_aug_01957.jpg
1958,taxi_recorte_train_0539.jpg,taxi_recorte_aug_01958.jpg,/home/irar/Escritorio/ProyectoTaxiDetector/dataset/positivos/recortes/train/taxi_recorte_train_0539.jpg,/home/irar/Escritorio/ProyectoTaxiDetector/dataset/positivos/recortes/augmented/taxi_recorte_aug_01958.jpg
1959,taxi_recorte_train_0048.jpg,taxi_recorte_aug_01959.jpg,/home/irar/Escritorio/ProyectoTaxiDetector/dataset/positivos/recortes/train/taxi_recorte_train_0048.jpg,/home/irar/Escritorio/ProyectoTaxiDetector/dataset/positivos/recortes/augmented/taxi_recorte_aug_01959.jpg
1960,taxi_recorte_train_0270.jpg,taxi_recorte_aug_01960.jpg,/home/irar/Escritorio/ProyectoTaxiDetector/dataset/positivos/recortes/train/taxi_recorte_train_0270.jpg,/home/irar/Escritorio/ProyectoTaxiDetector/dataset/positivos/recortes/augmented/taxi_recorte_aug_01960.jpg
1961,taxi_recorte_train_0066.jpg,taxi_recorte_aug_01961.jpg,/home/irar/Escritorio/ProyectoTaxiDetector/dataset/positivos/recortes/train/taxi_recorte_train_0066.jpg,/home/irar/Escritorio/ProyectoTaxiDetector/dataset/positivos/recortes/augmented/taxi_recorte_aug_01961.jpg
1962,taxi_recorte_train_0360.jpg,taxi_recorte_aug_01962.jpg,/home/irar/Escritorio/ProyectoTaxiDetector/dataset/positivos/recortes/train/taxi_recorte_train_0360.jpg,/home/irar/Escritorio/ProyectoTaxiDetector/dataset/positivos/recortes/augmented/taxi_recorte_aug_01962.jpg
1963,taxi_recorte_train_0439.jpg,taxi_recorte_aug_01963.jpg,/home/irar/Escritorio/ProyectoTaxiDetector/dataset/positivos/recortes/train/taxi_recorte_train_0439.jpg,/home/irar/Escritorio/ProyectoTaxiDetector/dataset/positivos/recortes/augmented/taxi_recorte_aug_01963.jpg
1964,taxi_recorte_train_0193.jpg,taxi_recorte_aug_01964.jpg,/home/irar/Escritorio/ProyectoTaxiDetector/dataset/positivos/recortes/train/taxi_recorte_train_0193.jpg,/home/irar/Escritorio/ProyectoTaxiDetector/dataset/positivos/recortes/augmented/taxi_recorte_aug_01964.jpg
1965,taxi_recorte_train_0287.jpg,taxi_recorte_aug_01965.jpg,/home/irar/Escritorio/ProyectoTaxiDetector/dataset/positivos/recortes/train/taxi_recorte_train_0287.jpg,/home/irar/Escritorio/ProyectoTaxiDetector/dataset/positivos/recortes/augmented/taxi_recorte_aug_01965.jpg
1966,taxi_recorte_train_0344.jpg,taxi_recorte_aug_01966.jpg,/home/irar/Escritorio/ProyectoTaxiDetector/dataset/positivos/recortes/train/taxi_recorte_train_0344.jpg,/home/irar/Escritorio/ProyectoTaxiDetector/dataset/positivos/recortes/augmented/taxi_recorte_aug_01966.jpg
1967,taxi_recorte_train_0386.jpg,taxi_recorte_aug_01967.jpg,/home/irar/Escritorio/ProyectoTaxiDetector/dataset/positivos/recortes/train/taxi_recorte_train_0386.jpg,/home/irar/Escritorio/ProyectoTaxiDetector/dataset/positivos/recortes/augmented/taxi_recorte_aug_01967.jpg
1968,taxi_recorte_train_0502.jpg,taxi_recorte_aug_01968.jpg,/home/irar/Escritorio/ProyectoTaxiDetector/dataset/positivos/recortes/train/taxi_recorte_train_0502.jpg,/home/irar/Escritorio/ProyectoTaxiDetector/dataset/positivos/recortes/augmented/taxi_recorte_aug_01968.jpg
1969,taxi_recorte_train_0067.jpg,taxi_recorte_aug_01969.jpg,/home/irar/Escritorio/ProyectoTaxiDetector/dataset/positivos/recortes/train/taxi_recorte_train_0067.jpg,/home/irar/Escritorio/ProyectoTaxiDetector/dataset/positivos/recortes/augmented/taxi_recorte_aug_01969.jpg
1970,taxi_recorte_train_0201.jpg,taxi_recorte_aug_01970.jpg,/home/irar/Escritorio/ProyectoTaxiDetector/dataset/positivos/recortes/train/taxi_recorte_train_0201.jpg,/home/irar/Escritorio/ProyectoTaxiDetector/dataset/positivos/recortes/augmented/taxi_recorte_aug_01970.jpg
1971,taxi_recorte_train_0347.jpg,taxi_recorte_aug_01971.jpg,/home/irar/Escritorio/ProyectoTaxiDetector/dataset/positivos/recortes/train/taxi_recorte_train_0347.jpg,/home/irar/Escritorio/ProyectoTaxiDetector/dataset/positivos/recortes/augmented/taxi_recorte_aug_01971.jpg
1972,taxi_recorte_train_0453.jpg,taxi_recorte_aug_01972.jpg,/home/irar/Escritorio/ProyectoTaxiDetector/dataset/positivos/recortes/train/taxi_recorte_train_0453.jpg,/home/irar/Escritorio/ProyectoTaxiDetector/dataset/positivos/recortes/augmented/taxi_recorte_aug_01972.jpg
1973,taxi_recorte_train_0419.jpg,taxi_recorte_aug_01973.jpg,/home/irar/Escritorio/ProyectoTaxiDetector/dataset/positivos/recortes/train/taxi_recorte_train_0419.jpg,/home/irar/Escritorio/ProyectoTaxiDetector/dataset/positivos/recortes/augmented/taxi_recorte_aug_01973.jpg
1974,taxi_recorte_train_0469.jpg,taxi_recorte_aug_01974.jpg,/home/irar/Escritorio/ProyectoTaxiDetector/dataset/positivos/recortes/train/taxi_recorte_train_0469.jpg,/home/irar/Escritorio/ProyectoTaxiDetector/dataset/positivos/recortes/augmented/taxi_recorte_aug_01974.jpg
1975,taxi_recorte_train_0073.jpg,taxi_recorte_aug_01975.jpg,/home/irar/Escritorio/ProyectoTaxiDetector/dataset/positivos/recortes/train/taxi_recorte_train_0073.jpg,/home/irar/Escritorio/ProyectoTaxiDetector/dataset/positivos/recortes/augmented/taxi_recorte_aug_01975.jpg
1976,taxi_recorte_train_0340.jpg,taxi_recorte_aug_01976.jpg,/home/irar/Escritorio/ProyectoTaxiDetector/dataset/positivos/recortes/train/taxi_recorte_train_0340.jpg,/home/irar/Escritorio/ProyectoTaxiDetector/dataset/positivos/recortes/augmented/taxi_recorte_aug_01976.jpg
1977,taxi_recorte_train_0299.jpg,taxi_recorte_aug_01977.jpg,/home/irar/Escritorio/ProyectoTaxiDetector/dataset/positivos/recortes/train/taxi_recorte_train_0299.jpg,/home/irar/Escritorio/ProyectoTaxiDetector/dataset/positivos/recortes/augmented/taxi_recorte_aug_01977.jpg
1978,taxi_recorte_train_0042.jpg,taxi_recorte_aug_01978.jpg,/home/irar/Escritorio/ProyectoTaxiDetector/dataset/positivos/recortes/train/taxi_recorte_train_0042.jpg,/home/irar/Escritorio/ProyectoTaxiDetector/dataset/positivos/recortes/augmented/taxi_recorte_aug_01978.jpg
1979,taxi_recorte_train_0482.jpg,taxi_recorte_aug_01979.jpg,/home/irar/Escritorio/ProyectoTaxiDetector/dataset/positivos/recortes/train/taxi_recorte_train_0482.jpg,/home/irar/Escritorio/ProyectoTaxiDetector/dataset/positivos/recortes/augmented/taxi_recorte_aug_01979.jpg
1980,taxi_recorte_train_0077.jpg,taxi_recorte_aug_01980.jpg,/home/irar/Escritorio/ProyectoTaxiDetector/dataset/positivos/recortes/train/taxi_recorte_train_0077.jpg,/home/irar/Escritorio/ProyectoTaxiDetector/dataset/positivos/recortes/augmented/taxi_recorte_aug_01980.jpg
1981,taxi_recorte_train_0457.jpg,taxi_recorte_aug_01981.jpg,/home/irar/Escritorio/ProyectoTaxiDetector/dataset/positivos/recortes/train/taxi_recorte_train_0457.jpg,/home/irar/Escritorio/ProyectoTaxiDetector/dataset/positivos/recortes/augmented/taxi_recorte_aug_01981.jpg
1982,taxi_recorte_train_0337.jpg,taxi_recorte_aug_01982.jpg,/home/irar/Escritorio/ProyectoTaxiDetector/dataset/positivos/recortes/train/taxi_recorte_train_0337.jpg,/home/irar/Escritorio/ProyectoTaxiDetector/dataset/positivos/recortes/augmented/taxi_recorte_aug_01982.jpg
1983,taxi_recorte_train_0130.jpg,taxi_recorte_aug_01983.jpg,/home/irar/Escritorio/ProyectoTaxiDetector/dataset/positivos/recortes/train/taxi_recorte_train_0130.jpg,/home/irar/Escritorio/ProyectoTaxiDetector/dataset/positivos/recortes/augmented/taxi_recorte_aug_01983.jpg
1984,taxi_recorte_train_0146.jpg,taxi_recorte_aug_01984.jpg,/home/irar/Escritorio/ProyectoTaxiDetector/dataset/positivos/recortes/train/taxi_recorte_train_0146.jpg,/home/irar/Escritorio/ProyectoTaxiDetector/dataset/positivos/recortes/augmented/taxi_recorte_aug_01984.jpg
1985,taxi_recorte_train_0198.jpg,taxi_recorte_aug_01985.jpg,/home/irar/Escritorio/ProyectoTaxiDetector/dataset/positivos/recortes/train/taxi_recorte_train_0198.jpg,/home/irar/Escritorio/ProyectoTaxiDetector/dataset/positivos/recortes/augmented/taxi_recorte_aug_01985.jpg
1986,taxi_recorte_train_0367.jpg,taxi_recorte_aug_01986.jpg,/home/irar/Escritorio/ProyectoTaxiDetector/dataset/positivos/recortes/train/taxi_recorte_train_0367.jpg,/home/irar/Escritorio/ProyectoTaxiDetector/dataset/positivos/recortes/augmented/taxi_recorte_aug_01986.jpg
1987,taxi_recorte_train_0286.jpg,taxi_recorte_aug_01987.jpg,/home/irar/Escritorio/ProyectoTaxiDetector/dataset/positivos/recortes/train/taxi_recorte_train_0286.jpg,/home/irar/Escritorio/ProyectoTaxiDetector/dataset/positivos/recortes/augmented/taxi_recorte_aug_01987.jpg
1988,taxi_recorte_train_0049.jpg,taxi_recorte_aug_01988.jpg,/home/irar/Escritorio/ProyectoTaxiDetector/dataset/positivos/recortes/train/taxi_recorte_train_0049.jpg,/home/irar/Escritorio/ProyectoTaxiDetector/dataset/positivos/recortes/augmented/taxi_recorte_aug_01988.jpg
1989,taxi_recorte_train_0169.jpg,taxi_recorte_aug_01989.jpg,/home/irar/Escritorio/ProyectoTaxiDetector/dataset/positivos/recortes/train/taxi_recorte_train_0169.jpg,/home/irar/Escritorio/ProyectoTaxiDetector/dataset/positivos/recortes/augmented/taxi_recorte_aug_01989.jpg
1990,taxi_recorte_train_0034.jpg,taxi_recorte_aug_01990.jpg,/home/irar/Escritorio/ProyectoTaxiDetector/dataset/positivos/recortes/train/taxi_recorte_train_0034.jpg,/home/irar/Escritorio/ProyectoTaxiDetector/dataset/positivos/recortes/augmented/taxi_recorte_aug_01990.jpg
1991,taxi_recorte_train_0172.jpg,taxi_recorte_aug_01991.jpg,/home/irar/Escritorio/ProyectoTaxiDetector/dataset/positivos/recortes/train/taxi_recorte_train_0172.jpg,/home/irar/Escritorio/ProyectoTaxiDetector/dataset/positivos/recortes/augmented/taxi_recorte_aug_01991.jpg
1992,taxi_recorte_train_0332.jpg,taxi_recorte_aug_01992.jpg,/home/irar/Escritorio/ProyectoTaxiDetector/dataset/positivos/recortes/train/taxi_recorte_train_0332.jpg,/home/irar/Escritorio/ProyectoTaxiDetector/dataset/positivos/recortes/augmented/taxi_recorte_aug_01992.jpg
1993,taxi_recorte_train_0514.jpg,taxi_recorte_aug_01993.jpg,/home/irar/Escritorio/ProyectoTaxiDetector/dataset/positivos/recortes/train/taxi_recorte_train_0514.jpg,/home/irar/Escritorio/ProyectoTaxiDetector/dataset/positivos/recortes/augmented/taxi_recorte_aug_01993.jpg
1994,taxi_recorte_train_0027.jpg,taxi_recorte_aug_01994.jpg,/home/irar/Escritorio/ProyectoTaxiDetector/dataset/positivos/recortes/train/taxi_recorte_train_0027.jpg,/home/irar/Escritorio/ProyectoTaxiDetector/dataset/positivos/recortes/augmented/taxi_recorte_aug_01994.jpg
1995,taxi_recorte_train_0307.jpg,taxi_recorte_aug_01995.jpg,/home/irar/Escritorio/ProyectoTaxiDetector/dataset/positivos/recortes/train/taxi_recorte_train_0307.jpg,/home/irar/Escritorio/ProyectoTaxiDetector/dataset/positivos/recortes/augmented/taxi_recorte_aug_01995.jpg
1996,taxi_recorte_train_0348.jpg,taxi_recorte_aug_01996.jpg,/home/irar/Escritorio/ProyectoTaxiDetector/dataset/positivos/recortes/train/taxi_recorte_train_0348.jpg,/home/irar/Escritorio/ProyectoTaxiDetector/dataset/positivos/recortes/augmented/taxi_recorte_aug_01996.jpg
1997,taxi_recorte_train_0484.jpg,taxi_recorte_aug_01997.jpg,/home/irar/Escritorio/ProyectoTaxiDetector/dataset/positivos/recortes/train/taxi_recorte_train_0484.jpg,/home/irar/Escritorio/ProyectoTaxiDetector/dataset/positivos/recortes/augmented/taxi_recorte_aug_01997.jpg
1998,taxi_recorte_train_0541.jpg,taxi_recorte_aug_01998.jpg,/home/irar/Escritorio/ProyectoTaxiDetector/dataset/positivos/recortes/train/taxi_recorte_train_0541.jpg,/home/irar/Escritorio/ProyectoTaxiDetector/dataset/positivos/recortes/augmented/taxi_recorte_aug_01998.jpg
1999,taxi_recorte_train_0199.jpg,taxi_recorte_aug_01999.jpg,/home/irar/Escritorio/ProyectoTaxiDetector/dataset/positivos/recortes/train/taxi_recorte_train_0199.jpg,/home/irar/Escritorio/ProyectoTaxiDetector/dataset/positivos/recortes/augmented/taxi_recorte_aug_01999.jpg
2000,taxi_recorte_train_0145.jpg,taxi_recorte_aug_02000.jpg,/home/irar/Escritorio/ProyectoTaxiDetector/dataset/positivos/recortes/train/taxi_recorte_train_0145.jpg,/home/irar/Escritorio/ProyectoTaxiDetector/dataset/positivos/recortes/augmented/taxi_recorte_aug_02000.jpg
2001,taxi_recorte_train_0191.jpg,taxi_recorte_aug_02001.jpg,/home/irar/Escritorio/ProyectoTaxiDetector/dataset/positivos/recortes/train/taxi_recorte_train_0191.jpg,/home/irar/Escritorio/ProyectoTaxiDetector/dataset/positivos/recortes/augmented/taxi_recorte_aug_02001.jpg
2002,taxi_recorte_train_0187.jpg,taxi_recorte_aug_02002.jpg,/home/irar/Escritorio/ProyectoTaxiDetector/dataset/positivos/recortes/train/taxi_recorte_train_0187.jpg,/home/irar/Escritorio/ProyectoTaxiDetector/dataset/positivos/recortes/augmented/taxi_recorte_aug_02002.jpg
2003,taxi_recorte_train_0082.jpg,taxi_recorte_aug_02003.jpg,/home/irar/Escritorio/ProyectoTaxiDetector/dataset/positivos/recortes/train/taxi_recorte_train_0082.jpg,/home/irar/Escritorio/ProyectoTaxiDetector/dataset/positivos/recortes/augmented/taxi_recorte_aug_02003.jpg
2004,taxi_recorte_train_0313.jpg,taxi_recorte_aug_02004.jpg,/home/irar/Escritorio/ProyectoTaxiDetector/dataset/positivos/recortes/train/taxi_recorte_train_0313.jpg,/home/irar/Escritorio/ProyectoTaxiDetector/dataset/positivos/recortes/augmented/taxi_recorte_aug_02004.jpg
2005,taxi_recorte_train_0268.jpg,taxi_recorte_aug_02005.jpg,/home/irar/Escritorio/ProyectoTaxiDetector/dataset/positivos/recortes/train/taxi_recorte_train_0268.jpg,/home/irar/Escritorio/ProyectoTaxiDetector/dataset/positivos/recortes/augmented/taxi_recorte_aug_02005.jpg
2006,taxi_recorte_train_0490.jpg,taxi_recorte_aug_02006.jpg,/home/irar/Escritorio/ProyectoTaxiDetector/dataset/positivos/recortes/train/taxi_recorte_train_0490.jpg,/home/irar/Escritorio/ProyectoTaxiDetector/dataset/positivos/recortes/augmented/taxi_recorte_aug_02006.jpg
2007,taxi_recorte_train_0402.jpg,taxi_recorte_aug_02007.jpg,/home/irar/Escritorio/ProyectoTaxiDetector/dataset/positivos/recortes/train/taxi_recorte_train_0402.jpg,/home/irar/Escritorio/ProyectoTaxiDetector/dataset/positivos/recortes/augmented/taxi_recorte_aug_02007.jpg
2008,taxi_recorte_train_0225.jpg,taxi_recorte_aug_02008.jpg,/home/irar/Escritorio/ProyectoTaxiDetector/dataset/positivos/recortes/train/taxi_recorte_train_0225.jpg,/home/irar/Escritorio/ProyectoTaxiDetector/dataset/positivos/recortes/augmented/taxi_recorte_aug_02008.jpg
2009,taxi_recorte_train_0525.jpg,taxi_recorte_aug_02009.jpg,/home/irar/Escritorio/ProyectoTaxiDetector/dataset/positivos/recortes/train/taxi_recorte_train_0525.jpg,/home/irar/Escritorio/ProyectoTaxiDetector/dataset/positivos/recortes/augmented/taxi_recorte_aug_02009.jpg
2010,taxi_recorte_train_0127.jpg,taxi_recorte_aug_02010.jpg,/home/irar/Escritorio/ProyectoTaxiDetector/dataset/positivos/recortes/train/taxi_recorte_train_0127.jpg,/home/irar/Escritorio/ProyectoTaxiDetector/dataset/positivos/recortes/augmented/taxi_recorte_aug_02010.jpg
2011,taxi_recorte_train_0021.jpg,taxi_recorte_aug_02011.jpg,/home/irar/Escritorio/ProyectoTaxiDetector/dataset/positivos/recortes/train/taxi_recorte_train_0021.jpg,/home/irar/Escritorio/ProyectoTaxiDetector/dataset/positivos/recortes/augmented/taxi_recorte_aug_02011.jpg
2012,taxi_recorte_train_0458.jpg,taxi_recorte_aug_02012.jpg,/home/irar/Escritorio/ProyectoTaxiDetector/dataset/positivos/recortes/train/taxi_recorte_train_0458.jpg,/home/irar/Escritorio/ProyectoTaxiDetector/dataset/positivos/recortes/augmented/taxi_recorte_aug_02012.jpg
2013,taxi_recorte_train_0506.jpg,taxi_recorte_aug_02013.jpg,/home/irar/Escritorio/ProyectoTaxiDetector/dataset/positivos/recortes/train/taxi_recorte_train_0506.jpg,/home/irar/Escritorio/ProyectoTaxiDetector/dataset/positivos/recortes/augmented/taxi_recorte_aug_02013.jpg
2014,taxi_recorte_train_0259.jpg,taxi_recorte_aug_02014.jpg,/home/irar/Escritorio/ProyectoTaxiDetector/dataset/positivos/recortes/train/taxi_recorte_train_0259.jpg,/home/irar/Escritorio/ProyectoTaxiDetector/dataset/positivos/recortes/augmented/taxi_recorte_aug_02014.jpg
2015,taxi_recorte_train_0522.jpg,taxi_recorte_aug_02015.jpg,/home/irar/Escritorio/ProyectoTaxiDetector/dataset/positivos/recortes/train/taxi_recorte_train_0522.jpg,/home/irar/Escritorio/ProyectoTaxiDetector/dataset/positivos/recortes/augmented/taxi_recorte_aug_02015.jpg
2016,taxi_recorte_train_0366.jpg,taxi_recorte_aug_02016.jpg,/home/irar/Escritorio/ProyectoTaxiDetector/dataset/positivos/recortes/train/taxi_recorte_train_0366.jpg,/home/irar/Escritorio/ProyectoTaxiDetector/dataset/positivos/recortes/augmented/taxi_recorte_aug_02016.jpg
2017,taxi_recorte_train_0176.jpg,taxi_recorte_aug_02017.jpg,/home/irar/Escritorio/ProyectoTaxiDetector/dataset/positivos/recortes/train/taxi_recorte_train_0176.jpg,/home/irar/Escritorio/ProyectoTaxiDetector/dataset/positivos/recortes/augmented/taxi_recorte_aug_02017.jpg
2018,taxi_recorte_train_0462.jpg,taxi_recorte_aug_02018.jpg,/home/irar/Escritorio/ProyectoTaxiDetector/dataset/positivos/recortes/train/taxi_recorte_train_0462.jpg,/home/irar/Escritorio/ProyectoTaxiDetector/dataset/positivos/recortes/augmented/taxi_recorte_aug_02018.jpg
2019,taxi_recorte_train_0400.jpg,taxi_recorte_aug_02019.jpg,/home/irar/Escritorio/ProyectoTaxiDetector/dataset/positivos/recortes/train/taxi_recorte_train_0400.jpg,/home/irar/Escritorio/ProyectoTaxiDetector/dataset/positivos/recortes/augmented/taxi_recorte_aug_02019.jpg
2020,taxi_recorte_train_0032.jpg,taxi_recorte_aug_02020.jpg,/home/irar/Escritorio/ProyectoTaxiDetector/dataset/positivos/recortes/train/taxi_recorte_train_0032.jpg,/home/irar/Escritorio/ProyectoTaxiDetector/dataset/positivos/recortes/augmented/taxi_recorte_aug_02020.jpg
2021,taxi_recorte_train_0496.jpg,taxi_recorte_aug_02021.jpg,/home/irar/Escritorio/ProyectoTaxiDetector/dataset/positivos/recortes/train/taxi_recorte_train_0496.jpg,/home/irar/Escritorio/ProyectoTaxiDetector/dataset/positivos/recortes/augmented/taxi_recorte_aug_02021.jpg
2022,taxi_recorte_train_0257.jpg,taxi_recorte_aug_02022.jpg,/home/irar/Escritorio/ProyectoTaxiDetector/dataset/positivos/recortes/train/taxi_recorte_train_0257.jpg,/home/irar/Escritorio/ProyectoTaxiDetector/dataset/positivos/recortes/augmented/taxi_recorte_aug_02022.jpg
2023,taxi_recorte_train_0244.jpg,taxi_recorte_aug_02023.jpg,/home/irar/Escritorio/ProyectoTaxiDetector/dataset/positivos/recortes/train/taxi_recorte_train_0244.jpg,/home/irar/Escritorio/ProyectoTaxiDetector/dataset/positivos/recortes/augmented/taxi_recorte_aug_02023.jpg
2024,taxi_recorte_train_0310.jpg,taxi_recorte_aug_02024.jpg,/home/irar/Escritorio/ProyectoTaxiDetector/dataset/positivos/recortes/train/taxi_recorte_train_0310.jpg,/home/irar/Escritorio/ProyectoTaxiDetector/dataset/positivos/recortes/augmented/taxi_recorte_aug_02024.jpg
2025,taxi_recorte_train_0165.jpg,taxi_recorte_aug_02025.jpg,/home/irar/Escritorio/ProyectoTaxiDetector/dataset/positivos/recortes/train/taxi_recorte_train_0165.jpg,/home/irar/Escritorio/ProyectoTaxiDetector/dataset/positivos/recortes/augmented/taxi_recorte_aug_02025.jpg
2026,taxi_recorte_train_0097.jpg,taxi_recorte_aug_02026.jpg,/home/irar/Escritorio/ProyectoTaxiDetector/dataset/positivos/recortes/train/taxi_recorte_train_0097.jpg,/home/irar/Escritorio/ProyectoTaxiDetector/dataset/positivos/recortes/augmented/taxi_recorte_aug_02026.jpg
2027,taxi_recorte_train_0334.jpg,taxi_recorte_aug_02027.jpg,/home/irar/Escritorio/ProyectoTaxiDetector/dataset/positivos/recortes/train/taxi_recorte_train_0334.jpg,/home/irar/Escritorio/ProyectoTaxiDetector/dataset/positivos/recortes/augmented/taxi_recorte_aug_02027.jpg
2028,taxi_recorte_train_0293.jpg,taxi_recorte_aug_02028.jpg,/home/irar/Escritorio/ProyectoTaxiDetector/dataset/positivos/recortes/train/taxi_recorte_train_0293.jpg,/home/irar/Escritorio/ProyectoTaxiDetector/dataset/positivos/recortes/augmented/taxi_recorte_aug_02028.jpg
2029,taxi_recorte_train_0231.jpg,taxi_recorte_aug_02029.jpg,/home/irar/Escritorio/ProyectoTaxiDetector/dataset/positivos/recortes/train/taxi_recorte_train_0231.jpg,/home/irar/Escritorio/ProyectoTaxiDetector/dataset/positivos/recortes/augmented/taxi_recorte_aug_02029.jpg
2030,taxi_recorte_train_0022.jpg,taxi_recorte_aug_02030.jpg,/home/irar/Escritorio/ProyectoTaxiDetector/dataset/positivos/recortes/train/taxi_recorte_train_0022.jpg,/home/irar/Escritorio/ProyectoTaxiDetector/dataset/positivos/recortes/augmented/taxi_recorte_aug_02030.jpg
2031,taxi_recorte_train_0379.jpg,taxi_recorte_aug_02031.jpg,/home/irar/Escritorio/ProyectoTaxiDetector/dataset/positivos/recortes/train/taxi_recorte_train_0379.jpg,/home/irar/Escritorio/ProyectoTaxiDetector/dataset/positivos/recortes/augmented/taxi_recorte_aug_02031.jpg
2032,taxi_recorte_train_0284.jpg,taxi_recorte_aug_02032.jpg,/home/irar/Escritorio/ProyectoTaxiDetector/dataset/positivos/recortes/train/taxi_recorte_train_0284.jpg,/home/irar/Escritorio/ProyectoTaxiDetector/dataset/positivos/recortes/augmented/taxi_recorte_aug_02032.jpg
2033,taxi_recorte_train_0298.jpg,taxi_recorte_aug_02033.jpg,/home/irar/Escritorio/ProyectoTaxiDetector/dataset/positivos/recortes/train/taxi_recorte_train_0298.jpg,/home/irar/Escritorio/ProyectoTaxiDetector/dataset/positivos/recortes/augmented/taxi_recorte_aug_02033.jpg
2034,taxi_recorte_train_0465.jpg,taxi_recorte_aug_02034.jpg,/home/irar/Escritorio/ProyectoTaxiDetector/dataset/positivos/recortes/train/taxi_recorte_train_0465.jpg,/home/irar/Escritorio/ProyectoTaxiDetector/dataset/positivos/recortes/augmented/taxi_recorte_aug_02034.jpg
2035,taxi_recorte_train_0197.jpg,taxi_recorte_aug_02035.jpg,/home/irar/Escritorio/ProyectoTaxiDetector/dataset/positivos/recortes/train/taxi_recorte_train_0197.jpg,/home/irar/Escritorio/ProyectoTaxiDetector/dataset/positivos/recortes/augmented/taxi_recorte_aug_02035.jpg
2036,taxi_recorte_train_0421.jpg,taxi_recorte_aug_02036.jpg,/home/irar/Escritorio/ProyectoTaxiDetector/dataset/positivos/recortes/train/taxi_recorte_train_0421.jpg,/home/irar/Escritorio/ProyectoTaxiDetector/dataset/positivos/recortes/augmented/taxi_recorte_aug_02036.jpg
2037,taxi_recorte_train_0305.jpg,taxi_recorte_aug_02037.jpg,/home/irar/Escritorio/ProyectoTaxiDetector/dataset/positivos/recortes/train/taxi_recorte_train_0305.jpg,/home/irar/Escritorio/ProyectoTaxiDetector/dataset/positivos/recortes/augmented/taxi_recorte_aug_02037.jpg
2038,taxi_recorte_train_0315.jpg,taxi_recorte_aug_02038.jpg,/home/irar/Escritorio/ProyectoTaxiDetector/dataset/positivos/recortes/train/taxi_recorte_train_0315.jpg,/home/irar/Escritorio/ProyectoTaxiDetector/dataset/positivos/recortes/augmented/taxi_recorte_aug_02038.jpg
2039,taxi_recorte_train_0047.jpg,taxi_recorte_aug_02039.jpg,/home/irar/Escritorio/ProyectoTaxiDetector/dataset/positivos/recortes/train/taxi_recorte_train_0047.jpg,/home/irar/Escritorio/ProyectoTaxiDetector/dataset/positivos/recortes/augmented/taxi_recorte_aug_02039.jpg
2040,taxi_recorte_train_0466.jpg,taxi_recorte_aug_02040.jpg,/home/irar/Escritorio/ProyectoTaxiDetector/dataset/positivos/recortes/train/taxi_recorte_train_0466.jpg,/home/irar/Escritorio/ProyectoTaxiDetector/dataset/positivos/recortes/augmented/taxi_recorte_aug_02040.jpg
2041,taxi_recorte_train_0479.jpg,taxi_recorte_aug_02041.jpg,/home/irar/Escritorio/ProyectoTaxiDetector/dataset/positivos/recortes/train/taxi_recorte_train_0479.jpg,/home/irar/Escritorio/ProyectoTaxiDetector/dataset/positivos/recortes/augmented/taxi_recorte_aug_02041.jpg
2042,taxi_recorte_train_0147.jpg,taxi_recorte_aug_02042.jpg,/home/irar/Escritorio/ProyectoTaxiDetector/dataset/positivos/recortes/train/taxi_recorte_train_0147.jpg,/home/irar/Escritorio/ProyectoTaxiDetector/dataset/positivos/recortes/augmented/taxi_recorte_aug_02042.jpg
2043,taxi_recorte_train_0189.jpg,taxi_recorte_aug_02043.jpg,/home/irar/Escritorio/ProyectoTaxiDetector/dataset/positivos/recortes/train/taxi_recorte_train_0189.jpg,/home/irar/Escritorio/ProyectoTaxiDetector/dataset/positivos/recortes/augmented/taxi_recorte_aug_02043.jpg
2044,taxi_recorte_train_0030.jpg,taxi_recorte_aug_02044.jpg,/home/irar/Escritorio/ProyectoTaxiDetector/dataset/positivos/recortes/train/taxi_recorte_train_0030.jpg,/home/irar/Escritorio/ProyectoTaxiDetector/dataset/positivos/recortes/augmented/taxi_recorte_aug_02044.jpg
2045,taxi_recorte_train_0520.jpg,taxi_recorte_aug_02045.jpg,/home/irar/Escritorio/ProyectoTaxiDetector/dataset/positivos/recortes/train/taxi_recorte_train_0520.jpg,/home/irar/Escritorio/ProyectoTaxiDetector/dataset/positivos/recortes/augmented/taxi_recorte_aug_02045.jpg
2046,taxi_recorte_train_0232.jpg,taxi_recorte_aug_02046.jpg,/home/irar/Escritorio/ProyectoTaxiDetector/dataset/positivos/recortes/train/taxi_recorte_train_0232.jpg,/home/irar/Escritorio/ProyectoTaxiDetector/dataset/positivos/recortes/augmented/taxi_recorte_aug_02046.jpg
2047,taxi_recorte_train_0237.jpg,taxi_recorte_aug_02047.jpg,/home/irar/Escritorio/ProyectoTaxiDetector/dataset/positivos/recortes/train/taxi_recorte_train_0237.jpg,/home/irar/Escritorio/ProyectoTaxiDetector/dataset/positivos/recortes/augmented/taxi_recorte_aug_02047.jpg
2048,taxi_recorte_train_0505.jpg,taxi_recorte_aug_02048.jpg,/home/irar/Escritorio/ProyectoTaxiDetector/dataset/positivos/recortes/train/taxi_recorte_train_0505.jpg,/home/irar/Escritorio/ProyectoTaxiDetector/dataset/positivos/recortes/augmented/taxi_recorte_aug_02048.jpg
2049,taxi_recorte_train_0038.jpg,taxi_recorte_aug_02049.jpg,/home/irar/Escritorio/ProyectoTaxiDetector/dataset/positivos/recortes/train/taxi_recorte_train_0038.jpg,/home/irar/Escritorio/ProyectoTaxiDetector/dataset/positivos/recortes/augmented/taxi_recorte_aug_02049.jpg
2050,taxi_recorte_train_0260.jpg,taxi_recorte_aug_02050.jpg,/home/irar/Escritorio/ProyectoTaxiDetector/dataset/positivos/recortes/train/taxi_recorte_train_0260.jpg,/home/irar/Escritorio/ProyectoTaxiDetector/dataset/positivos/recortes/augmented/taxi_recorte_aug_02050.jpg
2051,taxi_recorte_train_0181.jpg,taxi_recorte_aug_02051.jpg,/home/irar/Escritorio/ProyectoTaxiDetector/dataset/positivos/recortes/train/taxi_recorte_train_0181.jpg,/home/irar/Escritorio/ProyectoTaxiDetector/dataset/positivos/recortes/augmented/taxi_recorte_aug_02051.jpg
2052,taxi_recorte_train_0029.jpg,taxi_recorte_aug_02052.jpg,/home/irar/Escritorio/ProyectoTaxiDetector/dataset/positivos/recortes/train/taxi_recorte_train_0029.jpg,/home/irar/Escritorio/ProyectoTaxiDetector/dataset/positivos/recortes/augmented/taxi_recorte_aug_02052.jpg
2053,taxi_recorte_train_0303.jpg,taxi_recorte_aug_02053.jpg,/home/irar/Escritorio/ProyectoTaxiDetector/dataset/positivos/recortes/train/taxi_recorte_train_0303.jpg,/home/irar/Escritorio/ProyectoTaxiDetector/dataset/positivos/recortes/augmented/taxi_recorte_aug_02053.jpg
2054,taxi_recorte_train_0538.jpg,taxi_recorte_aug_02054.jpg,/home/irar/Escritorio/ProyectoTaxiDetector/dataset/positivos/recortes/train/taxi_recorte_train_0538.jpg,/home/irar/Escritorio/ProyectoTaxiDetector/dataset/positivos/recortes/augmented/taxi_recorte_aug_02054.jpg
2055,taxi_recorte_train_0408.jpg,taxi_recorte_aug_02055.jpg,/home/irar/Escritorio/ProyectoTaxiDetector/dataset/positivos/recortes/train/taxi_recorte_train_0408.jpg,/home/irar/Escritorio/ProyectoTaxiDetector/dataset/positivos/recortes/augmented/taxi_recorte_aug_02055.jpg
2056,taxi_recorte_train_0156.jpg,taxi_recorte_aug_02056.jpg,/home/irar/Escritorio/ProyectoTaxiDetector/dataset/positivos/recortes/train/taxi_recorte_train_0156.jpg,/home/irar/Escritorio/ProyectoTaxiDetector/dataset/positivos/recortes/augmented/taxi_recorte_aug_02056.jpg
2057,taxi_recorte_train_0324.jpg,taxi_recorte_aug_02057.jpg,/home/irar/Escritorio/ProyectoTaxiDetector/dataset/positivos/recortes/train/taxi_recorte_train_0324.jpg,/home/irar/Escritorio/ProyectoTaxiDetector/dataset/positivos/recortes/augmented/taxi_recorte_aug_02057.jpg
2058,taxi_recorte_train_0227.jpg,taxi_recorte_aug_02058.jpg,/home/irar/Escritorio/ProyectoTaxiDetector/dataset/positivos/recortes/train/taxi_recorte_train_0227.jpg,/home/irar/Escritorio/ProyectoTaxiDetector/dataset/positivos/recortes/augmented/taxi_recorte_aug_02058.jpg
2059,taxi_recorte_train_0241.jpg,taxi_recorte_aug_02059.jpg,/home/irar/Escritorio/ProyectoTaxiDetector/dataset/positivos/recortes/train/taxi_recorte_train_0241.jpg,/home/irar/Escritorio/ProyectoTaxiDetector/dataset/positivos/recortes/augmented/taxi_recorte_aug_02059.jpg
2060,taxi_recorte_train_0035.jpg,taxi_recorte_aug_02060.jpg,/home/irar/Escritorio/ProyectoTaxiDetector/dataset/positivos/recortes/train/taxi_recorte_train_0035.jpg,/home/irar/Escritorio/ProyectoTaxiDetector/dataset/positivos/recortes/augmented/taxi_recorte_aug_02060.jpg
2061,taxi_recorte_train_0226.jpg,taxi_recorte_aug_02061.jpg,/home/irar/Escritorio/ProyectoTaxiDetector/dataset/positivos/recortes/train/taxi_recorte_train_0226.jpg,/home/irar/Escritorio/ProyectoTaxiDetector/dataset/positivos/recortes/augmented/taxi_recorte_aug_02061.jpg
2062,taxi_recorte_train_0078.jpg,taxi_recorte_aug_02062.jpg,/home/irar/Escritorio/ProyectoTaxiDetector/dataset/positivos/recortes/train/taxi_recorte_train_0078.jpg,/home/irar/Escritorio/ProyectoTaxiDetector/dataset/positivos/recortes/augmented/taxi_recorte_aug_02062.jpg
2063,taxi_recorte_train_0162.jpg,taxi_recorte_aug_02063.jpg,/home/irar/Escritorio/ProyectoTaxiDetector/dataset/positivos/recortes/train/taxi_recorte_train_0162.jpg,/home/irar/Escritorio/ProyectoTaxiDetector/dataset/positivos/recortes/augmented/taxi_recorte_aug_02063.jpg
2064,taxi_recorte_train_0449.jpg,taxi_recorte_aug_02064.jpg,/home/irar/Escritorio/ProyectoTaxiDetector/dataset/positivos/recortes/train/taxi_recorte_train_0449.jpg,/home/irar/Escritorio/ProyectoTaxiDetector/dataset/positivos/recortes/augmented/taxi_recorte_aug_02064.jpg
2065,taxi_recorte_train_0166.jpg,taxi_recorte_aug_02065.jpg,/home/irar/Escritorio/ProyectoTaxiDetector/dataset/positivos/recortes/train/taxi_recorte_train_0166.jpg,/home/irar/Escritorio/ProyectoTaxiDetector/dataset/positivos/recortes/augmented/taxi_recorte_aug_02065.jpg
2066,taxi_recorte_train_0320.jpg,taxi_recorte_aug_02066.jpg,/home/irar/Escritorio/ProyectoTaxiDetector/dataset/positivos/recortes/train/taxi_recorte_train_0320.jpg,/home/irar/Escritorio/ProyectoTaxiDetector/dataset/positivos/recortes/augmented/taxi_recorte_aug_02066.jpg
2067,taxi_recorte_train_0326.jpg,taxi_recorte_aug_02067.jpg,/home/irar/Escritorio/ProyectoTaxiDetector/dataset/positivos/recortes/train/taxi_recorte_train_0326.jpg,/home/irar/Escritorio/ProyectoTaxiDetector/dataset/positivos/recortes/augmented/taxi_recorte_aug_02067.jpg
2068,taxi_recorte_train_0330.jpg,taxi_recorte_aug_02068.jpg,/home/irar/Escritorio/ProyectoTaxiDetector/dataset/positivos/recortes/train/taxi_recorte_train_0330.jpg,/home/irar/Escritorio/ProyectoTaxiDetector/dataset/positivos/recortes/augmented/taxi_recorte_aug_02068.jpg
2069,taxi_recorte_train_0290.jpg,taxi_recorte_aug_02069.jpg,/home/irar/Escritorio/ProyectoTaxiDetector/dataset/positivos/recortes/train/taxi_recorte_train_0290.jpg,/home/irar/Escritorio/ProyectoTaxiDetector/dataset/positivos/recortes/augmented/taxi_recorte_aug_02069.jpg
2070,taxi_recorte_train_0349.jpg,taxi_recorte_aug_02070.jpg,/home/irar/Escritorio/ProyectoTaxiDetector/dataset/positivos/recortes/train/taxi_recorte_train_0349.jpg,/home/irar/Escritorio/ProyectoTaxiDetector/dataset/positivos/recortes/augmented/taxi_recorte_aug_02070.jpg
2071,taxi_recorte_train_0230.jpg,taxi_recorte_aug_02071.jpg,/home/irar/Escritorio/ProyectoTaxiDetector/dataset/positivos/recortes/train/taxi_recorte_train_0230.jpg,/home/irar/Escritorio/ProyectoTaxiDetector/dataset/positivos/recortes/augmented/taxi_recorte_aug_02071.jpg
2072,taxi_recorte_train_0526.jpg,taxi_recorte_aug_02072.jpg,/home/irar/Escritorio/ProyectoTaxiDetector/dataset/positivos/recortes/train/taxi_recorte_train_0526.jpg,/home/irar/Escritorio/ProyectoTaxiDetector/dataset/positivos/recortes/augmented/taxi_recorte_aug_02072.jpg
2073,taxi_recorte_train_0455.jpg,taxi_recorte_aug_02073.jpg,/home/irar/Escritorio/ProyectoTaxiDetector/dataset/positivos/recortes/train/taxi_recorte_train_0455.jpg,/home/irar/Escritorio/ProyectoTaxiDetector/dataset/positivos/recortes/augmented/taxi_recorte_aug_02073.jpg
2074,taxi_recorte_train_0289.jpg,taxi_recorte_aug_02074.jpg,/home/irar/Escritorio/ProyectoTaxiDetector/dataset/positivos/recortes/train/taxi_recorte_train_0289.jpg,/home/irar/Escritorio/ProyectoTaxiDetector/dataset/positivos/recortes/augmented/taxi_recorte_aug_02074.jpg
2075,taxi_recorte_train_0387.jpg,taxi_recorte_aug_02075.jpg,/home/irar/Escritorio/ProyectoTaxiDetector/dataset/positivos/recortes/train/taxi_recorte_train_0387.jpg,/home/irar/Escritorio/ProyectoTaxiDetector/dataset/positivos/recortes/augmented/taxi_recorte_aug_02075.jpg
2076,taxi_recorte_train_0238.jpg,taxi_recorte_aug_02076.jpg,/home/irar/Escritorio/ProyectoTaxiDetector/dataset/positivos/recortes/train/taxi_recorte_train_0238.jpg,/home/irar/Escritorio/ProyectoTaxiDetector/dataset/positivos/recortes/augmented/taxi_recorte_aug_02076.jpg
2077,taxi_recorte_train_0253.jpg,taxi_recorte_aug_02077.jpg,/home/irar/Escritorio/ProyectoTaxiDetector/dataset/positivos/recortes/train/taxi_recorte_train_0253.jpg,/home/irar/Escritorio/ProyectoTaxiDetector/dataset/positivos/recortes/augmented/taxi_recorte_aug_02077.jpg
2078,taxi_recorte_train_0322.jpg,taxi_recorte_aug_02078.jpg,/home/irar/Escritorio/ProyectoTaxiDetector/dataset/positivos/recortes/train/taxi_recorte_train_0322.jpg,/home/irar/Escritorio/ProyectoTaxiDetector/dataset/positivos/recortes/augmented/taxi_recorte_aug_02078.jpg
2079,taxi_recorte_train_0396.jpg,taxi_recorte_aug_02079.jpg,/home/irar/Escritorio/ProyectoTaxiDetector/dataset/positivos/recortes/train/taxi_recorte_train_0396.jpg,/home/irar/Escritorio/ProyectoTaxiDetector/dataset/positivos/recortes/augmented/taxi_recorte_aug_02079.jpg
2080,taxi_recorte_train_0091.jpg,taxi_recorte_aug_02080.jpg,/home/irar/Escritorio/ProyectoTaxiDetector/dataset/positivos/recortes/train/taxi_recorte_train_0091.jpg,/home/irar/Escritorio/ProyectoTaxiDetector/dataset/positivos/recortes/augmented/taxi_recorte_aug_02080.jpg
2081,taxi_recorte_train_0039.jpg,taxi_recorte_aug_02081.jpg,/home/irar/Escritorio/ProyectoTaxiDetector/dataset/positivos/recortes/train/taxi_recorte_train_0039.jpg,/home/irar/Escritorio/ProyectoTaxiDetector/dataset/positivos/recortes/augmented/taxi_recorte_aug_02081.jpg
2082,taxi_recorte_train_0535.jpg,taxi_recorte_aug_02082.jpg,/home/irar/Escritorio/ProyectoTaxiDetector/dataset/positivos/recortes/train/taxi_recorte_train_0535.jpg,/home/irar/Escritorio/ProyectoTaxiDetector/dataset/positivos/recortes/augmented/taxi_recorte_aug_02082.jpg
2083,taxi_recorte_train_0389.jpg,taxi_recorte_aug_02083.jpg,/home/irar/Escritorio/ProyectoTaxiDetector/dataset/positivos/recortes/train/taxi_recorte_train_0389.jpg,/home/irar/Escritorio/ProyectoTaxiDetector/dataset/positivos/recortes/augmented/taxi_recorte_aug_02083.jpg
2084,taxi_recorte_train_0528.jpg,taxi_recorte_aug_02084.jpg,/home/irar/Escritorio/ProyectoTaxiDetector/dataset/positivos/recortes/train/taxi_recorte_train_0528.jpg,/home/irar/Escritorio/ProyectoTaxiDetector/dataset/positivos/recortes/augmented/taxi_recorte_aug_02084.jpg
2085,taxi_recorte_train_0079.jpg,taxi_recorte_aug_02085.jpg,/home/irar/Escritorio/ProyectoTaxiDetector/dataset/positivos/recortes/train/taxi_recorte_train_0079.jpg,/home/irar/Escritorio/ProyectoTaxiDetector/dataset/positivos/recortes/augmented/taxi_recorte_aug_02085.jpg
2086,taxi_recorte_train_0540.jpg,taxi_recorte_aug_02086.jpg,/home/irar/Escritorio/ProyectoTaxiDetector/dataset/positivos/recortes/train/taxi_recorte_train_0540.jpg,/home/irar/Escritorio/ProyectoTaxiDetector/dataset/positivos/recortes/augmented/taxi_recorte_aug_02086.jpg
2087,taxi_recorte_train_0089.jpg,taxi_recorte_aug_02087.jpg,/home/irar/Escritorio/ProyectoTaxiDetector/dataset/positivos/recortes/train/taxi_recorte_train_0089.jpg,/home/irar/Escritorio/ProyectoTaxiDetector/dataset/positivos/recortes/augmented/taxi_recorte_aug_02087.jpg
2088,taxi_recorte_train_0102.jpg,taxi_recorte_aug_02088.jpg,/home/irar/Escritorio/ProyectoTaxiDetector/dataset/positivos/recortes/train/taxi_recorte_train_0102.jpg,/home/irar/Escritorio/ProyectoTaxiDetector/dataset/positivos/recortes/augmented/taxi_recorte_aug_02088.jpg
2089,taxi_recorte_train_0132.jpg,taxi_recorte_aug_02089.jpg,/home/irar/Escritorio/ProyectoTaxiDetector/dataset/positivos/recortes/train/taxi_recorte_train_0132.jpg,/home/irar/Escritorio/ProyectoTaxiDetector/dataset/positivos/recortes/augmented/taxi_recorte_aug_02089.jpg
2090,taxi_recorte_train_0075.jpg,taxi_recorte_aug_02090.jpg,/home/irar/Escritorio/ProyectoTaxiDetector/dataset/positivos/recortes/train/taxi_recorte_train_0075.jpg,/home/irar/Escritorio/ProyectoTaxiDetector/dataset/positivos/recortes/augmented/taxi_recorte_aug_02090.jpg
2091,taxi_recorte_train_0053.jpg,taxi_recorte_aug_02091.jpg,/home/irar/Escritorio/ProyectoTaxiDetector/dataset/positivos/recortes/train/taxi_recorte_train_0053.jpg,/home/irar/Escritorio/ProyectoTaxiDetector/dataset/positivos/recortes/augmented/taxi_recorte_aug_02091.jpg
2092,taxi_recorte_train_0121.jpg,taxi_recorte_aug_02092.jpg,/home/irar/Escritorio/ProyectoTaxiDetector/dataset/positivos/recortes/train/taxi_recorte_train_0121.jpg,/home/irar/Escritorio/ProyectoTaxiDetector/dataset/positivos/recortes/augmented/taxi_recorte_aug_02092.jpg
2093,taxi_recorte_train_0076.jpg,taxi_recorte_aug_02093.jpg,/home/irar/Escritorio/ProyectoTaxiDetector/dataset/positivos/recortes/train/taxi_recorte_train_0076.jpg,/home/irar/Escritorio/ProyectoTaxiDetector/dataset/positivos/recortes/augmented/taxi_recorte_aug_02093.jpg
2094,taxi_recorte_train_0418.jpg,taxi_recorte_aug_02094.jpg,/home/irar/Escritorio/ProyectoTaxiDetector/dataset/positivos/recortes/train/taxi_recorte_train_0418.jpg,/home/irar/Escritorio/ProyectoTaxiDetector/dataset/positivos/recortes/augmented/taxi_recorte_aug_02094.jpg
2095,taxi_recorte_train_0331.jpg,taxi_recorte_aug_02095.jpg,/home/irar/Escritorio/ProyectoTaxiDetector/dataset/positivos/recortes/train/taxi_recorte_train_0331.jpg,/home/irar/Escritorio/ProyectoTaxiDetector/dataset/positivos/recortes/augmented/taxi_recorte_aug_02095.jpg
2096,taxi_recorte_train_0420.jpg,taxi_recorte_aug_02096.jpg,/home/irar/Escritorio/ProyectoTaxiDetector/dataset/positivos/recortes/train/taxi_recorte_train_0420.jpg,/home/irar/Escritorio/ProyectoTaxiDetector/dataset/positivos/recortes/augmented/taxi_recorte_aug_02096.jpg
2097,taxi_recorte_train_0373.jpg,taxi_recorte_aug_02097.jpg,/home/irar/Escritorio/ProyectoTaxiDetector/dataset/positivos/recortes/train/taxi_recorte_train_0373.jpg,/home/irar/Escritorio/ProyectoTaxiDetector/dataset/positivos/recortes/augmented/taxi_recorte_aug_02097.jpg
2098,taxi_recorte_train_0530.jpg,taxi_recorte_aug_02098.jpg,/home/irar/Escritorio/ProyectoTaxiDetector/dataset/positivos/recortes/train/taxi_recorte_train_0530.jpg,/home/irar/Escritorio/ProyectoTaxiDetector/dataset/positivos/recortes/augmented/taxi_recorte_aug_02098.jpg
2099,taxi_recorte_train_0179.jpg,taxi_recorte_aug_02099.jpg,/home/irar/Escritorio/ProyectoTaxiDetector/dataset/positivos/recortes/train/taxi_recorte_train_0179.jpg,/home/irar/Escritorio/ProyectoTaxiDetector/dataset/positivos/recortes/augmented/taxi_recorte_aug_02099.jpg
2100,taxi_recorte_train_0398.jpg,taxi_recorte_aug_02100.jpg,/home/irar/Escritorio/ProyectoTaxiDetector/dataset/positivos/recortes/train/taxi_recorte_train_0398.jpg,/home/irar/Escritorio/ProyectoTaxiDetector/dataset/positivos/recortes/augmented/taxi_recorte_aug_02100.jpg
2101,taxi_recorte_train_0464.jpg,taxi_recorte_aug_02101.jpg,/home/irar/Escritorio/ProyectoTaxiDetector/dataset/positivos/recortes/train/taxi_recorte_train_0464.jpg,/home/irar/Escritorio/ProyectoTaxiDetector/dataset/positivos/recortes/augmented/taxi_recorte_aug_02101.jpg
2102,taxi_recorte_train_0100.jpg,taxi_recorte_aug_02102.jpg,/home/irar/Escritorio/ProyectoTaxiDetector/dataset/positivos/recortes/train/taxi_recorte_train_0100.jpg,/home/irar/Escritorio/ProyectoTaxiDetector/dataset/positivos/recortes/augmented/taxi_recorte_aug_02102.jpg
2103,taxi_recorte_train_0478.jpg,taxi_recorte_aug_02103.jpg,/home/irar/Escritorio/ProyectoTaxiDetector/dataset/positivos/recortes/train/taxi_recorte_train_0478.jpg,/home/irar/Escritorio/ProyectoTaxiDetector/dataset/positivos/recortes/augmented/taxi_recorte_aug_02103.jpg
2104,taxi_recorte_train_0272.jpg,taxi_recorte_aug_02104.jpg,/home/irar/Escritorio/ProyectoTaxiDetector/dataset/positivos/recortes/train/taxi_recorte_train_0272.jpg,/home/irar/Escritorio/ProyectoTaxiDetector/dataset/positivos/recortes/augmented/taxi_recorte_aug_02104.jpg
2105,taxi_recorte_train_0059.jpg,taxi_recorte_aug_02105.jpg,/home/irar/Escritorio/ProyectoTaxiDetector/dataset/positivos/recortes/train/taxi_recorte_train_0059.jpg,/home/irar/Escritorio/ProyectoTaxiDetector/dataset/positivos/recortes/augmented/taxi_recorte_aug_02105.jpg
2106,taxi_recorte_train_0325.jpg,taxi_recorte_aug_02106.jpg,/home/irar/Escritorio/ProyectoTaxiDetector/dataset/positivos/recortes/train/taxi_recorte_train_0325.jpg,/home/irar/Escritorio/ProyectoTaxiDetector/dataset/positivos/recortes/augmented/taxi_recorte_aug_02106.jpg
2107,taxi_recorte_train_0537.jpg,taxi_recorte_aug_02107.jpg,/home/irar/Escritorio/ProyectoTaxiDetector/dataset/positivos/recortes/train/taxi_recorte_train_0537.jpg,/home/irar/Escritorio/ProyectoTaxiDetector/dataset/positivos/recortes/augmented/taxi_recorte_aug_02107.jpg
2108,taxi_recorte_train_0040.jpg,taxi_recorte_aug_02108.jpg,/home/irar/Escritorio/ProyectoTaxiDetector/dataset/positivos/recortes/train/taxi_recorte_train_0040.jpg,/home/irar/Escritorio/ProyectoTaxiDetector/dataset/positivos/recortes/augmented/taxi_recorte_aug_02108.jpg
2109,taxi_recorte_train_0087.jpg,taxi_recorte_aug_02109.jpg,/home/irar/Escritorio/ProyectoTaxiDetector/dataset/positivos/recortes/train/taxi_recorte_train_0087.jpg,/home/irar/Escritorio/ProyectoTaxiDetector/dataset/positivos/recortes/augmented/taxi_recorte_aug_02109.jpg
2110,taxi_recorte_train_0399.jpg,taxi_recorte_aug_02110.jpg,/home/irar/Escritorio/ProyectoTaxiDetector/dataset/positivos/recortes/train/taxi_recorte_train_0399.jpg,/home/irar/Escritorio/ProyectoTaxiDetector/dataset/positivos/recortes/augmented/taxi_recorte_aug_02110.jpg
2111,taxi_recorte_train_0171.jpg,taxi_recorte_aug_02111.jpg,/home/irar/Escritorio/ProyectoTaxiDetector/dataset/positivos/recortes/train/taxi_recorte_train_0171.jpg,/home/irar/Escritorio/ProyectoTaxiDetector/dataset/positivos/recortes/augmented/taxi_recorte_aug_02111.jpg
2112,taxi_recorte_train_0114.jpg,taxi_recorte_aug_02112.jpg,/home/irar/Escritorio/ProyectoTaxiDetector/dataset/positivos/recortes/train/taxi_recorte_train_0114.jpg,/home/irar/Escritorio/ProyectoTaxiDetector/dataset/positivos/recortes/augmented/taxi_recorte_aug_02112.jpg
2113,taxi_recorte_train_0174.jpg,taxi_recorte_aug_02113.jpg,/home/irar/Escritorio/ProyectoTaxiDetector/dataset/positivos/recortes/train/taxi_recorte_train_0174.jpg,/home/irar/Escritorio/ProyectoTaxiDetector/dataset/positivos/recortes/augmented/taxi_recorte_aug_02113.jpg
2114,taxi_recorte_train_0382.jpg,taxi_recorte_aug_02114.jpg,/home/irar/Escritorio/ProyectoTaxiDetector/dataset/positivos/recortes/train/taxi_recorte_train_0382.jpg,/home/irar/Escritorio/ProyectoTaxiDetector/dataset/positivos/recortes/augmented/taxi_recorte_aug_02114.jpg
2115,taxi_recorte_train_0159.jpg,taxi_recorte_aug_02115.jpg,/home/irar/Escritorio/ProyectoTaxiDetector/dataset/positivos/recortes/train/taxi_recorte_train_0159.jpg,/home/irar/Escritorio/ProyectoTaxiDetector/dataset/positivos/recortes/augmented/taxi_recorte_aug_02115.jpg
2116,taxi_recorte_train_0446.jpg,taxi_recorte_aug_02116.jpg,/home/irar/Escritorio/ProyectoTaxiDetector/dataset/positivos/recortes/train/taxi_recorte_train_0446.jpg,/home/irar/Escritorio/ProyectoTaxiDetector/dataset/positivos/recortes/augmented/taxi_recorte_aug_02116.jpg
2117,taxi_recorte_train_0203.jpg,taxi_recorte_aug_02117.jpg,/home/irar/Escritorio/ProyectoTaxiDetector/dataset/positivos/recortes/train/taxi_recorte_train_0203.jpg,/home/irar/Escritorio/ProyectoTaxiDetector/dataset/positivos/recortes/augmented/taxi_recorte_aug_02117.jpg
2118,taxi_recorte_train_0041.jpg,taxi_recorte_aug_02118.jpg,/home/irar/Escritorio/ProyectoTaxiDetector/dataset/positivos/recortes/train/taxi_recorte_train_0041.jpg,/home/irar/Escritorio/ProyectoTaxiDetector/dataset/positivos/recortes/augmented/taxi_recorte_aug_02118.jpg
2119,taxi_recorte_train_0269.jpg,taxi_recorte_aug_02119.jpg,/home/irar/Escritorio/ProyectoTaxiDetector/dataset/positivos/recortes/train/taxi_recorte_train_0269.jpg,/home/irar/Escritorio/ProyectoTaxiDetector/dataset/positivos/recortes/augmented/taxi_recorte_aug_02119.jpg
2120,taxi_recorte_train_0206.jpg,taxi_recorte_aug_02120.jpg,/home/irar/Escritorio/ProyectoTaxiDetector/dataset/positivos/recortes/train/taxi_recorte_train_0206.jpg,/home/irar/Escritorio/ProyectoTaxiDetector/dataset/positivos/recortes/augmented/taxi_recorte_aug_02120.jpg
2121,taxi_recorte_train_0302.jpg,taxi_recorte_aug_02121.jpg,/home/irar/Escritorio/ProyectoTaxiDetector/dataset/positivos/recortes/train/taxi_recorte_train_0302.jpg,/home/irar/Escritorio/ProyectoTaxiDetector/dataset/positivos/recortes/augmented/taxi_recorte_aug_02121.jpg
2122,taxi_recorte_train_0497.jpg,taxi_recorte_aug_02122.jpg,/home/irar/Escritorio/ProyectoTaxiDetector/dataset/positivos/recortes/train/taxi_recorte_train_0497.jpg,/home/irar/Escritorio/ProyectoTaxiDetector/dataset/positivos/recortes/augmented/taxi_recorte_aug_02122.jpg
2123,taxi_recorte_train_0125.jpg,taxi_recorte_aug_02123.jpg,/home/irar/Escritorio/ProyectoTaxiDetector/dataset/positivos/recortes/train/taxi_recorte_train_0125.jpg,/home/irar/Escritorio/ProyectoTaxiDetector/dataset/positivos/recortes/augmented/taxi_recorte_aug_02123.jpg
2124,taxi_recorte_train_0055.jpg,taxi_recorte_aug_02124.jpg,/home/irar/Escritorio/ProyectoTaxiDetector/dataset/positivos/recortes/train/taxi_recorte_train_0055.jpg,/home/irar/Escritorio/ProyectoTaxiDetector/dataset/positivos/recortes/augmented/taxi_recorte_aug_02124.jpg
2125,taxi_recorte_train_0433.jpg,taxi_recorte_aug_02125.jpg,/home/irar/Escritorio/ProyectoTaxiDetector/dataset/positivos/recortes/train/taxi_recorte_train_0433.jpg,/home/irar/Escritorio/ProyectoTaxiDetector/dataset/positivos/recortes/augmented/taxi_recorte_aug_02125.jpg
2126,taxi_recorte_train_0224.jpg,taxi_recorte_aug_02126.jpg,/home/irar/Escritorio/ProyectoTaxiDetector/dataset/positivos/recortes/train/taxi_recorte_train_0224.jpg,/home/irar/Escritorio/ProyectoTaxiDetector/dataset/positivos/recortes/augmented/taxi_recorte_aug_02126.jpg
2127,taxi_recorte_train_0046.jpg,taxi_recorte_aug_02127.jpg,/home/irar/Escritorio/ProyectoTaxiDetector/dataset/positivos/recortes/train/taxi_recorte_train_0046.jpg,/home/irar/Escritorio/ProyectoTaxiDetector/dataset/positivos/recortes/augmented/taxi_recorte_aug_02127.jpg
2128,taxi_recorte_train_0186.jpg,taxi_recorte_aug_02128.jpg,/home/irar/Escritorio/ProyectoTaxiDetector/dataset/positivos/recortes/train/taxi_recorte_train_0186.jpg,/home/irar/Escritorio/ProyectoTaxiDetector/dataset/positivos/recortes/augmented/taxi_recorte_aug_02128.jpg
2129,taxi_recorte_train_0519.jpg,taxi_recorte_aug_02129.jpg,/home/irar/Escritorio/ProyectoTaxiDetector/dataset/positivos/recortes/train/taxi_recorte_train_0519.jpg,/home/irar/Escritorio/ProyectoTaxiDetector/dataset/positivos/recortes/augmented/taxi_recorte_aug_02129.jpg
2130,taxi_recorte_train_0354.jpg,taxi_recorte_aug_02130.jpg,/home/irar/Escritorio/ProyectoTaxiDetector/dataset/positivos/recortes/train/taxi_recorte_train_0354.jpg,/home/irar/Escritorio/ProyectoTaxiDetector/dataset/positivos/recortes/augmented/taxi_recorte_aug_02130.jpg
2131,taxi_recorte_train_0426.jpg,taxi_recorte_aug_02131.jpg,/home/irar/Escritorio/ProyectoTaxiDetector/dataset/positivos/recortes/train/taxi_recorte_train_0426.jpg,/home/irar/Escritorio/ProyectoTaxiDetector/dataset/positivos/recortes/augmented/taxi_recorte_aug_02131.jpg
2132,taxi_recorte_train_0527.jpg,taxi_recorte_aug_02132.jpg,/home/irar/Escritorio/ProyectoTaxiDetector/dataset/positivos/recortes/train/taxi_recorte_train_0527.jpg,/home/irar/Escritorio/ProyectoTaxiDetector/dataset/positivos/recortes/augmented/taxi_recorte_aug_02132.jpg
2133,taxi_recorte_train_0317.jpg,taxi_recorte_aug_02133.jpg,/home/irar/Escritorio/ProyectoTaxiDetector/dataset/positivos/recortes/train/taxi_recorte_train_0317.jpg,/home/irar/Escritorio/ProyectoTaxiDetector/dataset/positivos/recortes/augmented/taxi_recorte_aug_02133.jpg
2134,taxi_recorte_train_0486.jpg,taxi_recorte_aug_02134.jpg,/home/irar/Escritorio/ProyectoTaxiDetector/dataset/positivos/recortes/train/taxi_recorte_train_0486.jpg,/home/irar/Escritorio/ProyectoTaxiDetector/dataset/positivos/recortes/augmented/taxi_recorte_aug_02134.jpg
2135,taxi_recorte_train_0411.jpg,taxi_recorte_aug_02135.jpg,/home/irar/Escritorio/ProyectoTaxiDetector/dataset/positivos/recortes/train/taxi_recorte_train_0411.jpg,/home/irar/Escritorio/ProyectoTaxiDetector/dataset/positivos/recortes/augmented/taxi_recorte_aug_02135.jpg
2136,taxi_recorte_train_0088.jpg,taxi_recorte_aug_02136.jpg,/home/irar/Escritorio/ProyectoTaxiDetector/dataset/positivos/recortes/train/taxi_recorte_train_0088.jpg,/home/irar/Escritorio/ProyectoTaxiDetector/dataset/positivos/recortes/augmented/taxi_recorte_aug_02136.jpg
2137,taxi_recorte_train_0167.jpg,taxi_recorte_aug_02137.jpg,/home/irar/Escritorio/ProyectoTaxiDetector/dataset/positivos/recortes/train/taxi_recorte_train_0167.jpg,/home/irar/Escritorio/ProyectoTaxiDetector/dataset/positivos/recortes/augmented/taxi_recorte_aug_02137.jpg
2138,taxi_recorte_train_0495.jpg,taxi_recorte_aug_02138.jpg,/home/irar/Escritorio/ProyectoTaxiDetector/dataset/positivos/recortes/train/taxi_recorte_train_0495.jpg,/home/irar/Escritorio/ProyectoTaxiDetector/dataset/positivos/recortes/augmented/taxi_recorte_aug_02138.jpg
2139,taxi_recorte_train_0011.jpg,taxi_recorte_aug_02139.jpg,/home/irar/Escritorio/ProyectoTaxiDetector/dataset/positivos/recortes/train/taxi_recorte_train_0011.jpg,/home/irar/Escritorio/ProyectoTaxiDetector/dataset/positivos/recortes/augmented/taxi_recorte_aug_02139.jpg
2140,taxi_recorte_train_0208.jpg,taxi_recorte_aug_02140.jpg,/home/irar/Escritorio/ProyectoTaxiDetector/dataset/positivos/recortes/train/taxi_recorte_train_0208.jpg,/home/irar/Escritorio/ProyectoTaxiDetector/dataset/positivos/recortes/augmented/taxi_recorte_aug_02140.jpg
2141,taxi_recorte_train_0118.jpg,taxi_recorte_aug_02141.jpg,/home/irar/Escritorio/ProyectoTaxiDetector/dataset/positivos/recortes/train/taxi_recorte_train_0118.jpg,/home/irar/Escritorio/ProyectoTaxiDetector/dataset/positivos/recortes/augmented/taxi_recorte_aug_02141.jpg
2142,taxi_recorte_train_0536.jpg,taxi_recorte_aug_02142.jpg,/home/irar/Escritorio/ProyectoTaxiDetector/dataset/positivos/recortes/train/taxi_recorte_train_0536.jpg,/home/irar/Escritorio/ProyectoTaxiDetector/dataset/positivos/recortes/augmented/taxi_recorte_aug_02142.jpg
2143,taxi_recorte_train_0428.jpg,taxi_recorte_aug_02143.jpg,/home/irar/Escritorio/ProyectoTaxiDetector/dataset/positivos/recortes/train/taxi_recorte_train_0428.jpg,/home/irar/Escritorio/ProyectoTaxiDetector/dataset/positivos/recortes/augmented/taxi_recorte_aug_02143.jpg
2144,taxi_recorte_train_0415.jpg,taxi_recorte_aug_02144.jpg,/home/irar/Escritorio/ProyectoTaxiDetector/dataset/positivos/recortes/train/taxi_recorte_train_0415.jpg,/home/irar/Escritorio/ProyectoTaxiDetector/dataset/positivos/recortes/augmented/taxi_recorte_aug_02144.jpg
2145,taxi_recorte_train_0440.jpg,taxi_recorte_aug_02145.jpg,/home/irar/Escritorio/ProyectoTaxiDetector/dataset/positivos/recortes/train/taxi_recorte_train_0440.jpg,/home/irar/Escritorio/ProyectoTaxiDetector/dataset/positivos/recortes/augmented/taxi_recorte_aug_02145.jpg
2146,taxi_recorte_train_0321.jpg,taxi_recorte_aug_02146.jpg,/home/irar/Escritorio/ProyectoTaxiDetector/dataset/positivos/recortes/train/taxi_recorte_train_0321.jpg,/home/irar/Escritorio/ProyectoTaxiDetector/dataset/positivos/recortes/augmented/taxi_recorte_aug_02146.jpg
2147,taxi_recorte_train_0080.jpg,taxi_recorte_aug_02147.jpg,/home/irar/Escritorio/ProyectoTaxiDetector/dataset/positivos/recortes/train/taxi_recorte_train_0080.jpg,/home/irar/Escritorio/ProyectoTaxiDetector/dataset/positivos/recortes/augmented/taxi_recorte_aug_02147.jpg
2148,taxi_recorte_train_0471.jpg,taxi_recorte_aug_02148.jpg,/home/irar/Escritorio/ProyectoTaxiDetector/dataset/positivos/recortes/train/taxi_recorte_train_0471.jpg,/home/irar/Escritorio/ProyectoTaxiDetector/dataset/positivos/recortes/augmented/taxi_recorte_aug_02148.jpg
2149,taxi_recorte_train_0020.jpg,taxi_recorte_aug_02149.jpg,/home/irar/Escritorio/ProyectoTaxiDetector/dataset/positivos/recortes/train/taxi_recorte_train_0020.jpg,/home/irar/Escritorio/ProyectoTaxiDetector/dataset/positivos/recortes/augmented/taxi_recorte_aug_02149.jpg
2150,taxi_recorte_train_0447.jpg,taxi_recorte_aug_02150.jpg,/home/irar/Escritorio/ProyectoTaxiDetector/dataset/positivos/recortes/train/taxi_recorte_train_0447.jpg,/home/irar/Escritorio/ProyectoTaxiDetector/dataset/positivos/recortes/augmented/taxi_recorte_aug_02150.jpg
2151,taxi_recorte_train_0044.jpg,taxi_recorte_aug_02151.jpg,/home/irar/Escritorio/ProyectoTaxiDetector/dataset/positivos/recortes/train/taxi_recorte_train_0044.jpg,/home/irar/Escritorio/ProyectoTaxiDetector/dataset/positivos/recortes/augmented/taxi_recorte_aug_02151.jpg
2152,taxi_recorte_train_0407.jpg,taxi_recorte_aug_02152.jpg,/home/irar/Escritorio/ProyectoTaxiDetector/dataset/positivos/recortes/train/taxi_recorte_train_0407.jpg,/home/irar/Escritorio/ProyectoTaxiDetector/dataset/positivos/recortes/augmented/taxi_recorte_aug_02152.jpg
2153,taxi_recorte_train_0074.jpg,taxi_recorte_aug_02153.jpg,/home/irar/Escritorio/ProyectoTaxiDetector/dataset/positivos/recortes/train/taxi_recorte_train_0074.jpg,/home/irar/Escritorio/ProyectoTaxiDetector/dataset/positivos/recortes/augmented/taxi_recorte_aug_02153.jpg
2154,taxi_recorte_train_0363.jpg,taxi_recorte_aug_02154.jpg,/home/irar/Escritorio/ProyectoTaxiDetector/dataset/positivos/recortes/train/taxi_recorte_train_0363.jpg,/home/irar/Escritorio/ProyectoTaxiDetector/dataset/positivos/recortes/augmented/taxi_recorte_aug_02154.jpg
2155,taxi_recorte_train_0513.jpg,taxi_recorte_aug_02155.jpg,/home/irar/Escritorio/ProyectoTaxiDetector/dataset/positivos/recortes/train/taxi_recorte_train_0513.jpg,/home/irar/Escritorio/ProyectoTaxiDetector/dataset/positivos/recortes/augmented/taxi_recorte_aug_02155.jpg
2156,taxi_recorte_train_0236.jpg,taxi_recorte_aug_02156.jpg,/home/irar/Escritorio/ProyectoTaxiDetector/dataset/positivos/recortes/train/taxi_recorte_train_0236.jpg,/home/irar/Escritorio/ProyectoTaxiDetector/dataset/positivos/recortes/augmented/taxi_recorte_aug_02156.jpg
2157,taxi_recorte_train_0390.jpg,taxi_recorte_aug_02157.jpg,/home/irar/Escritorio/ProyectoTaxiDetector/dataset/positivos/recortes/train/taxi_recorte_train_0390.jpg,/home/irar/Escritorio/ProyectoTaxiDetector/dataset/positivos/recortes/augmented/taxi_recorte_aug_02157.jpg
2158,taxi_recorte_train_0133.jpg,taxi_recorte_aug_02158.jpg,/home/irar/Escritorio/ProyectoTaxiDetector/dataset/positivos/recortes/train/taxi_recorte_train_0133.jpg,/home/irar/Escritorio/ProyectoTaxiDetector/dataset/positivos/recortes/augmented/taxi_recorte_aug_02158.jpg
2159,taxi_recorte_train_0180.jpg,taxi_recorte_aug_02159.jpg,/home/irar/Escritorio/ProyectoTaxiDetector/dataset/positivos/recortes/train/taxi_recorte_train_0180.jpg,/home/irar/Escritorio/ProyectoTaxiDetector/dataset/positivos/recortes/augmented/taxi_recorte_aug_02159.jpg
2160,taxi_recorte_train_0441.jpg,taxi_recorte_aug_02160.jpg,/home/irar/Escritorio/ProyectoTaxiDetector/dataset/positivos/recortes/train/taxi_recorte_train_0441.jpg,/home/irar/Escritorio/ProyectoTaxiDetector/dataset/positivos/recortes/augmented/taxi_recorte_aug_02160.jpg
2161,taxi_recorte_train_0510.jpg,taxi_recorte_aug_02161.jpg,/home/irar/Escritorio/ProyectoTaxiDetector/dataset/positivos/recortes/train/taxi_recorte_train_0510.jpg,/home/irar/Escritorio/ProyectoTaxiDetector/dataset/positivos/recortes/augmented/taxi_recorte_aug_02161.jpg
2162,taxi_recorte_train_0542.jpg,taxi_recorte_aug_02162.jpg,/home/irar/Escritorio/ProyectoTaxiDetector/dataset/positivos/recortes/train/taxi_recorte_train_0542.jpg,/home/irar/Escritorio/ProyectoTaxiDetector/dataset/positivos/recortes/augmented/taxi_recorte_aug_02162.jpg
2163,taxi_recorte_train_0123.jpg,taxi_recorte_aug_02163.jpg,/home/irar/Escritorio/ProyectoTaxiDetector/dataset/positivos/recortes/train/taxi_recorte_train_0123.jpg,/home/irar/Escritorio/ProyectoTaxiDetector/dataset/positivos/recortes/augmented/taxi_recorte_aug_02163.jpg
2164,taxi_recorte_train_0336.jpg,taxi_recorte_aug_02164.jpg,/home/irar/Escritorio/ProyectoTaxiDetector/dataset/positivos/recortes/train/taxi_recorte_train_0336.jpg,/home/irar/Escritorio/ProyectoTaxiDetector/dataset/positivos/recortes/augmented/taxi_recorte_aug_02164.jpg
2165,taxi_recorte_train_0297.jpg,taxi_recorte_aug_02165.jpg,/home/irar/Escritorio/ProyectoTaxiDetector/dataset/positivos/recortes/train/taxi_recorte_train_0297.jpg,/home/irar/Escritorio/ProyectoTaxiDetector/dataset/positivos/recortes/augmented/taxi_recorte_aug_02165.jpg
2166,taxi_recorte_train_0262.jpg,taxi_recorte_aug_02166.jpg,/home/irar/Escritorio/ProyectoTaxiDetector/dataset/positivos/recortes/train/taxi_recorte_train_0262.jpg,/home/irar/Escritorio/ProyectoTaxiDetector/dataset/positivos/recortes/augmented/taxi_recorte_aug_02166.jpg
2167,taxi_recorte_train_0141.jpg,taxi_recorte_aug_02167.jpg,/home/irar/Escritorio/ProyectoTaxiDetector/dataset/positivos/recortes/train/taxi_recorte_train_0141.jpg,/home/irar/Escritorio/ProyectoTaxiDetector/dataset/positivos/recortes/augmented/taxi_recorte_aug_02167.jpg
2168,taxi_recorte_train_0217.jpg,taxi_recorte_aug_02168.jpg,/home/irar/Escritorio/ProyectoTaxiDetector/dataset/positivos/recortes/train/taxi_recorte_train_0217.jpg,/home/irar/Escritorio/ProyectoTaxiDetector/dataset/positivos/recortes/augmented/taxi_recorte_aug_02168.jpg
2169,taxi_recorte_train_0309.jpg,taxi_recorte_aug_02169.jpg,/home/irar/Escritorio/ProyectoTaxiDetector/dataset/positivos/recortes/train/taxi_recorte_train_0309.jpg,/home/irar/Escritorio/ProyectoTaxiDetector/dataset/positivos/recortes/augmented/taxi_recorte_aug_02169.jpg
2170,taxi_recorte_train_0210.jpg,taxi_recorte_aug_02170.jpg,/home/irar/Escritorio/ProyectoTaxiDetector/dataset/positivos/recortes/train/taxi_recorte_train_0210.jpg,/home/irar/Escritorio/ProyectoTaxiDetector/dataset/positivos/recortes/augmented/taxi_recorte_aug_02170.jpg
2171,taxi_recorte_train_0008.jpg,taxi_recorte_aug_02171.jpg,/home/irar/Escritorio/ProyectoTaxiDetector/dataset/positivos/recortes/train/taxi_recorte_train_0008.jpg,/home/irar/Escritorio/ProyectoTaxiDetector/dataset/positivos/recortes/augmented/taxi_recorte_aug_02171.jpg
2172,taxi_recorte_train_0057.jpg,taxi_recorte_aug_02172.jpg,/home/irar/Escritorio/ProyectoTaxiDetector/dataset/positivos/recortes/train/taxi_recorte_train_0057.jpg,/home/irar/Escritorio/ProyectoTaxiDetector/dataset/positivos/recortes/augmented/taxi_recorte_aug_02172.jpg
2173,taxi_recorte_train_0483.jpg,taxi_recorte_aug_02173.jpg,/home/irar/Escritorio/ProyectoTaxiDetector/dataset/positivos/recortes/train/taxi_recorte_train_0483.jpg,/home/irar/Escritorio/ProyectoTaxiDetector/dataset/positivos/recortes/augmented/taxi_recorte_aug_02173.jpg
2174,taxi_recorte_train_0227.jpg,taxi_recorte_aug_02174.jpg,/home/irar/Escritorio/ProyectoTaxiDetector/dataset/positivos/recortes/train/taxi_recorte_train_0227.jpg,/home/irar/Escritorio/ProyectoTaxiDetector/dataset/positivos/recortes/augmented/taxi_recorte_aug_02174.jpg
2175,taxi_recorte_train_0049.jpg,taxi_recorte_aug_02175.jpg,/home/irar/Escritorio/ProyectoTaxiDetector/dataset/positivos/recortes/train/taxi_recorte_train_0049.jpg,/home/irar/Escritorio/ProyectoTaxiDetector/dataset/positivos/recortes/augmented/taxi_recorte_aug_02175.jpg
2176,taxi_recorte_train_0350.jpg,taxi_recorte_aug_02176.jpg,/home/irar/Escritorio/ProyectoTaxiDetector/dataset/positivos/recortes/train/taxi_recorte_train_0350.jpg,/home/irar/Escritorio/ProyectoTaxiDetector/dataset/positivos/recortes/augmented/taxi_recorte_aug_02176.jpg
2177,taxi_recorte_train_0392.jpg,taxi_recorte_aug_02177.jpg,/home/irar/Escritorio/ProyectoTaxiDetector/dataset/positivos/recortes/train/taxi_recorte_train_0392.jpg,/home/irar/Escritorio/ProyectoTaxiDetector/dataset/positivos/recortes/augmented/taxi_recorte_aug_02177.jpg
2178,taxi_recorte_train_0053.jpg,taxi_recorte_aug_02178.jpg,/home/irar/Escritorio/ProyectoTaxiDetector/dataset/positivos/recortes/train/taxi_recorte_train_0053.jpg,/home/irar/Escritorio/ProyectoTaxiDetector/dataset/positivos/recortes/augmented/taxi_recorte_aug_02178.jpg
2179,taxi_recorte_train_0119.jpg,taxi_recorte_aug_02179.jpg,/home/irar/Escritorio/ProyectoTaxiDetector/dataset/positivos/recortes/train/taxi_recorte_train_0119.jpg,/home/irar/Escritorio/ProyectoTaxiDetector/dataset/positivos/recortes/augmented/taxi_recorte_aug_02179.jpg
2180,taxi_recorte_train_0429.jpg,taxi_recorte_aug_02180.jpg,/home/irar/Escritorio/ProyectoTaxiDetector/dataset/positivos/recortes/train/taxi_recorte_train_0429.jpg,/home/irar/Escritorio/ProyectoTaxiDetector/dataset/positivos/recortes/augmented/taxi_recorte_aug_02180.jpg
2181,taxi_recorte_train_0099.jpg,taxi_recorte_aug_02181.jpg,/home/irar/Escritorio/ProyectoTaxiDetector/dataset/positivos/recortes/train/taxi_recorte_train_0099.jpg,/home/irar/Escritorio/ProyectoTaxiDetector/dataset/positivos/recortes/augmented/taxi_recorte_aug_02181.jpg
2182,taxi_recorte_train_0270.jpg,taxi_recorte_aug_02182.jpg,/home/irar/Escritorio/ProyectoTaxiDetector/dataset/positivos/recortes/train/taxi_recorte_train_0270.jpg,/home/irar/Escritorio/ProyectoTaxiDetector/dataset/positivos/recortes/augmented/taxi_recorte_aug_02182.jpg
2183,taxi_recorte_train_0343.jpg,taxi_recorte_aug_02183.jpg,/home/irar/Escritorio/ProyectoTaxiDetector/dataset/positivos/recortes/train/taxi_recorte_train_0343.jpg,/home/irar/Escritorio/ProyectoTaxiDetector/dataset/positivos/recortes/augmented/taxi_recorte_aug_02183.jpg
2184,taxi_recorte_train_0533.jpg,taxi_recorte_aug_02184.jpg,/home/irar/Escritorio/ProyectoTaxiDetector/dataset/positivos/recortes/train/taxi_recorte_train_0533.jpg,/home/irar/Escritorio/ProyectoTaxiDetector/dataset/positivos/recortes/augmented/taxi_recorte_aug_02184.jpg
2185,taxi_recorte_train_0281.jpg,taxi_recorte_aug_02185.jpg,/home/irar/Escritorio/ProyectoTaxiDetector/dataset/positivos/recortes/train/taxi_recorte_train_0281.jpg,/home/irar/Escritorio/ProyectoTaxiDetector/dataset/positivos/recortes/augmented/taxi_recorte_aug_02185.jpg
2186,taxi_recorte_train_0113.jpg,taxi_recorte_aug_02186.jpg,/home/irar/Escritorio/ProyectoTaxiDetector/dataset/positivos/recortes/train/taxi_recorte_train_0113.jpg,/home/irar/Escritorio/ProyectoTaxiDetector/dataset/positivos/recortes/augmented/taxi_recorte_aug_02186.jpg
2187,taxi_recorte_train_0096.jpg,taxi_recorte_aug_02187.jpg,/home/irar/Escritorio/ProyectoTaxiDetector/dataset/positivos/recortes/train/taxi_recorte_train_0096.jpg,/home/irar/Escritorio/ProyectoTaxiDetector/dataset/positivos/recortes/augmented/taxi_recorte_aug_02187.jpg
2188,taxi_recorte_train_0543.jpg,taxi_recorte_aug_02188.jpg,/home/irar/Escritorio/ProyectoTaxiDetector/dataset/positivos/recortes/train/taxi_recorte_train_0543.jpg,/home/irar/Escritorio/ProyectoTaxiDetector/dataset/positivos/recortes/augmented/taxi_recorte_aug_02188.jpg
2189,taxi_recorte_train_0485.jpg,taxi_recorte_aug_02189.jpg,/home/irar/Escritorio/ProyectoTaxiDetector/dataset/positivos/recortes/train/taxi_recorte_train_0485.jpg,/home/irar/Escritorio/ProyectoTaxiDetector/dataset/positivos/recortes/augmented/taxi_recorte_aug_02189.jpg
2190,taxi_recorte_train_0196.jpg,taxi_recorte_aug_02190.jpg,/home/irar/Escritorio/ProyectoTaxiDetector/dataset/positivos/recortes/train/taxi_recorte_train_0196.jpg,/home/irar/Escritorio/ProyectoTaxiDetector/dataset/positivos/recortes/augmented/taxi_recorte_aug_02190.jpg
2191,taxi_recorte_train_0007.jpg,taxi_recorte_aug_02191.jpg,/home/irar/Escritorio/ProyectoTaxiDetector/dataset/positivos/recortes/train/taxi_recorte_train_0007.jpg,/home/irar/Escritorio/ProyectoTaxiDetector/dataset/positivos/recortes/augmented/taxi_recorte_aug_02191.jpg
2192,taxi_recorte_train_0472.jpg,taxi_recorte_aug_02192.jpg,/home/irar/Escritorio/ProyectoTaxiDetector/dataset/positivos/recortes/train/taxi_recorte_train_0472.jpg,/home/irar/Escritorio/ProyectoTaxiDetector/dataset/positivos/recortes/augmented/taxi_recorte_aug_02192.jpg
2193,taxi_recorte_train_0160.jpg,taxi_recorte_aug_02193.jpg,/home/irar/Escritorio/ProyectoTaxiDetector/dataset/positivos/recortes/train/taxi_recorte_train_0160.jpg,/home/irar/Escritorio/ProyectoTaxiDetector/dataset/positivos/recortes/augmented/taxi_recorte_aug_02193.jpg
2194,taxi_recorte_train_0051.jpg,taxi_recorte_aug_02194.jpg,/home/irar/Escritorio/ProyectoTaxiDetector/dataset/positivos/recortes/train/taxi_recorte_train_0051.jpg,/home/irar/Escritorio/ProyectoTaxiDetector/dataset/positivos/recortes/augmented/taxi_recorte_aug_02194.jpg
2195,taxi_recorte_train_0104.jpg,taxi_recorte_aug_02195.jpg,/home/irar/Escritorio/ProyectoTaxiDetector/dataset/positivos/recortes/train/taxi_recorte_train_0104.jpg,/home/irar/Escritorio/ProyectoTaxiDetector/dataset/positivos/recortes/augmented/taxi_recorte_aug_02195.jpg
2196,taxi_recorte_train_0417.jpg,taxi_recorte_aug_02196.jpg,/home/irar/Escritorio/ProyectoTaxiDetector/dataset/positivos/recortes/train/taxi_recorte_train_0417.jpg,/home/irar/Escritorio/ProyectoTaxiDetector/dataset/positivos/recortes/augmented/taxi_recorte_aug_02196.jpg
2197,taxi_recorte_train_0360.jpg,taxi_recorte_aug_02197.jpg,/home/irar/Escritorio/ProyectoTaxiDetector/dataset/positivos/recortes/train/taxi_recorte_train_0360.jpg,/home/irar/Escritorio/ProyectoTaxiDetector/dataset/positivos/recortes/augmented/taxi_recorte_aug_02197.jpg
2198,taxi_recorte_train_0466.jpg,taxi_recorte_aug_02198.jpg,/home/irar/Escritorio/ProyectoTaxiDetector/dataset/positivos/recortes/train/taxi_recorte_train_0466.jpg,/home/irar/Escritorio/ProyectoTaxiDetector/dataset/positivos/recortes/augmented/taxi_recorte_aug_02198.jpg
2199,taxi_recorte_train_0332.jpg,taxi_recorte_aug_02199.jpg,/home/irar/Escritorio/ProyectoTaxiDetector/dataset/positivos/recortes/train/taxi_recorte_train_0332.jpg,/home/irar/Escritorio/ProyectoTaxiDetector/dataset/positivos/recortes/augmented/taxi_recorte_aug_02199.jpg
2200,taxi_recorte_train_0142.jpg,taxi_recorte_aug_02200.jpg,/home/irar/Escritorio/ProyectoTaxiDetector/dataset/positivos/recortes/train/taxi_recorte_train_0142.jpg,/home/irar/Escritorio/ProyectoTaxiDetector/dataset/positivos/recortes/augmented/taxi_recorte_aug_02200.jpg
2201,taxi_recorte_train_0092.jpg,taxi_recorte_aug_02201.jpg,/home/irar/Escritorio/ProyectoTaxiDetector/dataset/positivos/recortes/train/taxi_recorte_train_0092.jpg,/home/irar/Escritorio/ProyectoTaxiDetector/dataset/positivos/recortes/augmented/taxi_recorte_aug_02201.jpg
2202,taxi_recorte_train_0019.jpg,taxi_recorte_aug_02202.jpg,/home/irar/Escritorio/ProyectoTaxiDetector/dataset/positivos/recortes/train/taxi_recorte_train_0019.jpg,/home/irar/Escritorio/ProyectoTaxiDetector/dataset/positivos/recortes/augmented/taxi_recorte_aug_02202.jpg
2203,taxi_recorte_train_0463.jpg,taxi_recorte_aug_02203.jpg,/home/irar/Escritorio/ProyectoTaxiDetector/dataset/positivos/recortes/train/taxi_recorte_train_0463.jpg,/home/irar/Escritorio/ProyectoTaxiDetector/dataset/positivos/recortes/augmented/taxi_recorte_aug_02203.jpg
2204,taxi_recorte_train_0438.jpg,taxi_recorte_aug_02204.jpg,/home/irar/Escritorio/ProyectoTaxiDetector/dataset/positivos/recortes/train/taxi_recorte_train_0438.jpg,/home/irar/Escritorio/ProyectoTaxiDetector/dataset/positivos/recortes/augmented/taxi_recorte_aug_02204.jpg
2205,taxi_recorte_train_0386.jpg,taxi_recorte_aug_02205.jpg,/home/irar/Escritorio/ProyectoTaxiDetector/dataset/positivos/recortes/train/taxi_recorte_train_0386.jpg,/home/irar/Escritorio/ProyectoTaxiDetector/dataset/positivos/recortes/augmented/taxi_recorte_aug_02205.jpg
2206,taxi_recorte_train_0477.jpg,taxi_recorte_aug_02206.jpg,/home/irar/Escritorio/ProyectoTaxiDetector/dataset/positivos/recortes/train/taxi_recorte_train_0477.jpg,/home/irar/Escritorio/ProyectoTaxiDetector/dataset/positivos/recortes/augmented/taxi_recorte_aug_02206.jpg
2207,taxi_recorte_train_0030.jpg,taxi_recorte_aug_02207.jpg,/home/irar/Escritorio/ProyectoTaxiDetector/dataset/positivos/recortes/train/taxi_recorte_train_0030.jpg,/home/irar/Escritorio/ProyectoTaxiDetector/dataset/positivos/recortes/augmented/taxi_recorte_aug_02207.jpg
2208,taxi_recorte_train_0501.jpg,taxi_recorte_aug_02208.jpg,/home/irar/Escritorio/ProyectoTaxiDetector/dataset/positivos/recortes/train/taxi_recorte_train_0501.jpg,/home/irar/Escritorio/ProyectoTaxiDetector/dataset/positivos/recortes/augmented/taxi_recorte_aug_02208.jpg
2209,taxi_recorte_train_0044.jpg,taxi_recorte_aug_02209.jpg,/home/irar/Escritorio/ProyectoTaxiDetector/dataset/positivos/recortes/train/taxi_recorte_train_0044.jpg,/home/irar/Escritorio/ProyectoTaxiDetector/dataset/positivos/recortes/augmented/taxi_recorte_aug_02209.jpg
2210,taxi_recorte_train_0431.jpg,taxi_recorte_aug_02210.jpg,/home/irar/Escritorio/ProyectoTaxiDetector/dataset/positivos/recortes/train/taxi_recorte_train_0431.jpg,/home/irar/Escritorio/ProyectoTaxiDetector/dataset/positivos/recortes/augmented/taxi_recorte_aug_02210.jpg
2211,taxi_recorte_train_0006.jpg,taxi_recorte_aug_02211.jpg,/home/irar/Escritorio/ProyectoTaxiDetector/dataset/positivos/recortes/train/taxi_recorte_train_0006.jpg,/home/irar/Escritorio/ProyectoTaxiDetector/dataset/positivos/recortes/augmented/taxi_recorte_aug_02211.jpg
2212,taxi_recorte_train_0080.jpg,taxi_recorte_aug_02212.jpg,/home/irar/Escritorio/ProyectoTaxiDetector/dataset/positivos/recortes/train/taxi_recorte_train_0080.jpg,/home/irar/Escritorio/ProyectoTaxiDetector/dataset/positivos/recortes/augmented/taxi_recorte_aug_02212.jpg
2213,taxi_recorte_train_0150.jpg,taxi_recorte_aug_02213.jpg,/home/irar/Escritorio/ProyectoTaxiDetector/dataset/positivos/recortes/train/taxi_recorte_train_0150.jpg,/home/irar/Escritorio/ProyectoTaxiDetector/dataset/positivos/recortes/augmented/taxi_recorte_aug_02213.jpg
2214,taxi_recorte_train_0515.jpg,taxi_recorte_aug_02214.jpg,/home/irar/Escritorio/ProyectoTaxiDetector/dataset/positivos/recortes/train/taxi_recorte_train_0515.jpg,/home/irar/Escritorio/ProyectoTaxiDetector/dataset/positivos/recortes/augmented/taxi_recorte_aug_02214.jpg
2215,taxi_recorte_train_0362.jpg,taxi_recorte_aug_02215.jpg,/home/irar/Escritorio/ProyectoTaxiDetector/dataset/positivos/recortes/train/taxi_recorte_train_0362.jpg,/home/irar/Escritorio/ProyectoTaxiDetector/dataset/positivos/recortes/augmented/taxi_recorte_aug_02215.jpg
2216,taxi_recorte_train_0250.jpg,taxi_recorte_aug_02216.jpg,/home/irar/Escritorio/ProyectoTaxiDetector/dataset/positivos/recortes/train/taxi_recorte_train_0250.jpg,/home/irar/Escritorio/ProyectoTaxiDetector/dataset/positivos/recortes/augmented/taxi_recorte_aug_02216.jpg
2217,taxi_recorte_train_0416.jpg,taxi_recorte_aug_02217.jpg,/home/irar/Escritorio/ProyectoTaxiDetector/dataset/positivos/recortes/train/taxi_recorte_train_0416.jpg,/home/irar/Escritorio/ProyectoTaxiDetector/dataset/positivos/recortes/augmented/taxi_recorte_aug_02217.jpg
2218,taxi_recorte_train_0139.jpg,taxi_recorte_aug_02218.jpg,/home/irar/Escritorio/ProyectoTaxiDetector/dataset/positivos/recortes/train/taxi_recorte_train_0139.jpg,/home/irar/Escritorio/ProyectoTaxiDetector/dataset/positivos/recortes/augmented/taxi_recorte_aug_02218.jpg
2219,taxi_recorte_train_0302.jpg,taxi_recorte_aug_02219.jpg,/home/irar/Escritorio/ProyectoTaxiDetector/dataset/positivos/recortes/train/taxi_recorte_train_0302.jpg,/home/irar/Escritorio/ProyectoTaxiDetector/dataset/positivos/recortes/augmented/taxi_recorte_aug_02219.jpg
2220,taxi_recorte_train_0152.jpg,taxi_recorte_aug_02220.jpg,/home/irar/Escritorio/ProyectoTaxiDetector/dataset/positivos/recortes/train/taxi_recorte_train_0152.jpg,/home/irar/Escritorio/ProyectoTaxiDetector/dataset/positivos/recortes/augmented/taxi_recorte_aug_02220.jpg
2221,taxi_recorte_train_0225.jpg,taxi_recorte_aug_02221.jpg,/home/irar/Escritorio/ProyectoTaxiDetector/dataset/positivos/recortes/train/taxi_recorte_train_0225.jpg,/home/irar/Escritorio/ProyectoTaxiDetector/dataset/positivos/recortes/augmented/taxi_recorte_aug_02221.jpg
2222,taxi_recorte_train_0446.jpg,taxi_recorte_aug_02222.jpg,/home/irar/Escritorio/ProyectoTaxiDetector/dataset/positivos/recortes/train/taxi_recorte_train_0446.jpg,/home/irar/Escritorio/ProyectoTaxiDetector/dataset/positivos/recortes/augmented/taxi_recorte_aug_02222.jpg
2223,taxi_recorte_train_0502.jpg,taxi_recorte_aug_02223.jpg,/home/irar/Escritorio/ProyectoTaxiDetector/dataset/positivos/recortes/train/taxi_recorte_train_0502.jpg,/home/irar/Escritorio/ProyectoTaxiDetector/dataset/positivos/recortes/augmented/taxi_recorte_aug_02223.jpg
2224,taxi_recorte_train_0033.jpg,taxi_recorte_aug_02224.jpg,/home/irar/Escritorio/ProyectoTaxiDetector/dataset/positivos/recortes/train/taxi_recorte_train_0033.jpg,/home/irar/Escritorio/ProyectoTaxiDetector/dataset/positivos/recortes/augmented/taxi_recorte_aug_02224.jpg
2225,taxi_recorte_train_0180.jpg,taxi_recorte_aug_02225.jpg,/home/irar/Escritorio/ProyectoTaxiDetector/dataset/positivos/recortes/train/taxi_recorte_train_0180.jpg,/home/irar/Escritorio/ProyectoTaxiDetector/dataset/positivos/recortes/augmented/taxi_recorte_aug_02225.jpg
2226,taxi_recorte_train_0529.jpg,taxi_recorte_aug_02226.jpg,/home/irar/Escritorio/ProyectoTaxiDetector/dataset/positivos/recortes/train/taxi_recorte_train_0529.jpg,/home/irar/Escritorio/ProyectoTaxiDetector/dataset/positivos/recortes/augmented/taxi_recorte_aug_02226.jpg
2227,taxi_recorte_train_0203.jpg,taxi_recorte_aug_02227.jpg,/home/irar/Escritorio/ProyectoTaxiDetector/dataset/positivos/recortes/train/taxi_recorte_train_0203.jpg,/home/irar/Escritorio/ProyectoTaxiDetector/dataset/positivos/recortes/augmented/taxi_recorte_aug_02227.jpg
2228,taxi_recorte_train_0427.jpg,taxi_recorte_aug_02228.jpg,/home/irar/Escritorio/ProyectoTaxiDetector/dataset/positivos/recortes/train/taxi_recorte_train_0427.jpg,/home/irar/Escritorio/ProyectoTaxiDetector/dataset/positivos/recortes/augmented/taxi_recorte_aug_02228.jpg
2229,taxi_recorte_train_0037.jpg,taxi_recorte_aug_02229.jpg,/home/irar/Escritorio/ProyectoTaxiDetector/dataset/positivos/recortes/train/taxi_recorte_train_0037.jpg,/home/irar/Escritorio/ProyectoTaxiDetector/dataset/positivos/recortes/augmented/taxi_recorte_aug_02229.jpg
2230,taxi_recorte_train_0363.jpg,taxi_recorte_aug_02230.jpg,/home/irar/Escritorio/ProyectoTaxiDetector/dataset/positivos/recortes/train/taxi_recorte_train_0363.jpg,/home/irar/Escritorio/ProyectoTaxiDetector/dataset/positivos/recortes/augmented/taxi_recorte_aug_02230.jpg
2231,taxi_recorte_train_0109.jpg,taxi_recorte_aug_02231.jpg,/home/irar/Escritorio/ProyectoTaxiDetector/dataset/positivos/recortes/train/taxi_recorte_train_0109.jpg,/home/irar/Escritorio/ProyectoTaxiDetector/dataset/positivos/recortes/augmented/taxi_recorte_aug_02231.jpg
2232,taxi_recorte_train_0361.jpg,taxi_recorte_aug_02232.jpg,/home/irar/Escritorio/ProyectoTaxiDetector/dataset/positivos/recortes/train/taxi_recorte_train_0361.jpg,/home/irar/Escritorio/ProyectoTaxiDetector/dataset/positivos/recortes/augmented/taxi_recorte_aug_02232.jpg
2233,taxi_recorte_train_0194.jpg,taxi_recorte_aug_02233.jpg,/home/irar/Escritorio/ProyectoTaxiDetector/dataset/positivos/recortes/train/taxi_recorte_train_0194.jpg,/home/irar/Escritorio/ProyectoTaxiDetector/dataset/positivos/recortes/augmented/taxi_recorte_aug_02233.jpg
2234,taxi_recorte_train_0094.jpg,taxi_recorte_aug_02234.jpg,/home/irar/Escritorio/ProyectoTaxiDetector/dataset/positivos/recortes/train/taxi_recorte_train_0094.jpg,/home/irar/Escritorio/ProyectoTaxiDetector/dataset/positivos/recortes/augmented/taxi_recorte_aug_02234.jpg
2235,taxi_recorte_train_0091.jpg,taxi_recorte_aug_02235.jpg,/home/irar/Escritorio/ProyectoTaxiDetector/dataset/positivos/recortes/train/taxi_recorte_train_0091.jpg,/home/irar/Escritorio/ProyectoTaxiDetector/dataset/positivos/recortes/augmented/taxi_recorte_aug_02235.jpg
2236,taxi_recorte_train_0217.jpg,taxi_recorte_aug_02236.jpg,/home/irar/Escritorio/ProyectoTaxiDetector/dataset/positivos/recortes/train/taxi_recorte_train_0217.jpg,/home/irar/Escritorio/ProyectoTaxiDetector/dataset/positivos/recortes/augmented/taxi_recorte_aug_02236.jpg
2237,taxi_recorte_train_0481.jpg,taxi_recorte_aug_02237.jpg,/home/irar/Escritorio/ProyectoTaxiDetector/dataset/positivos/recortes/train/taxi_recorte_train_0481.jpg,/home/irar/Escritorio/ProyectoTaxiDetector/dataset/positivos/recortes/augmented/taxi_recorte_aug_02237.jpg
2238,taxi_recorte_train_0347.jpg,taxi_recorte_aug_02238.jpg,/home/irar/Escritorio/ProyectoTaxiDetector/dataset/positivos/recortes/train/taxi_recorte_train_0347.jpg,/home/irar/Escritorio/ProyectoTaxiDetector/dataset/positivos/recortes/augmented/taxi_recorte_aug_02238.jpg
2239,taxi_recorte_train_0474.jpg,taxi_recorte_aug_02239.jpg,/home/irar/Escritorio/ProyectoTaxiDetector/dataset/positivos/recortes/train/taxi_recorte_train_0474.jpg,/home/irar/Escritorio/ProyectoTaxiDetector/dataset/positivos/recortes/augmented/taxi_recorte_aug_02239.jpg
2240,taxi_recorte_train_0366.jpg,taxi_recorte_aug_02240.jpg,/home/irar/Escritorio/ProyectoTaxiDetector/dataset/positivos/recortes/train/taxi_recorte_train_0366.jpg,/home/irar/Escritorio/ProyectoTaxiDetector/dataset/positivos/recortes/augmented/taxi_recorte_aug_02240.jpg
2241,taxi_recorte_train_0396.jpg,taxi_recorte_aug_02241.jpg,/home/irar/Escritorio/ProyectoTaxiDetector/dataset/positivos/recortes/train/taxi_recorte_train_0396.jpg,/home/irar/Escritorio/ProyectoTaxiDetector/dataset/positivos/recortes/augmented/taxi_recorte_aug_02241.jpg
2242,taxi_recorte_train_0059.jpg,taxi_recorte_aug_02242.jpg,/home/irar/Escritorio/ProyectoTaxiDetector/dataset/positivos/recortes/train/taxi_recorte_train_0059.jpg,/home/irar/Escritorio/ProyectoTaxiDetector/dataset/positivos/recortes/augmented/taxi_recorte_aug_02242.jpg
2243,taxi_recorte_train_0447.jpg,taxi_recorte_aug_02243.jpg,/home/irar/Escritorio/ProyectoTaxiDetector/dataset/positivos/recortes/train/taxi_recorte_train_0447.jpg,/home/irar/Escritorio/ProyectoTaxiDetector/dataset/positivos/recortes/augmented/taxi_recorte_aug_02243.jpg
2244,taxi_recorte_train_0159.jpg,taxi_recorte_aug_02244.jpg,/home/irar/Escritorio/ProyectoTaxiDetector/dataset/positivos/recortes/train/taxi_recorte_train_0159.jpg,/home/irar/Escritorio/ProyectoTaxiDetector/dataset/positivos/recortes/augmented/taxi_recorte_aug_02244.jpg
2245,taxi_recorte_train_0455.jpg,taxi_recorte_aug_02245.jpg,/home/irar/Escritorio/ProyectoTaxiDetector/dataset/positivos/recortes/train/taxi_recorte_train_0455.jpg,/home/irar/Escritorio/ProyectoTaxiDetector/dataset/positivos/recortes/augmented/taxi_recorte_aug_02245.jpg
2246,taxi_recorte_train_0095.jpg,taxi_recorte_aug_02246.jpg,/home/irar/Escritorio/ProyectoTaxiDetector/dataset/positivos/recortes/train/taxi_recorte_train_0095.jpg,/home/irar/Escritorio/ProyectoTaxiDetector/dataset/positivos/recortes/augmented/taxi_recorte_aug_02246.jpg
2247,taxi_recorte_train_0191.jpg,taxi_recorte_aug_02247.jpg,/home/irar/Escritorio/ProyectoTaxiDetector/dataset/positivos/recortes/train/taxi_recorte_train_0191.jpg,/home/irar/Escritorio/ProyectoTaxiDetector/dataset/positivos/recortes/augmented/taxi_recorte_aug_02247.jpg
2248,taxi_recorte_train_0131.jpg,taxi_recorte_aug_02248.jpg,/home/irar/Escritorio/ProyectoTaxiDetector/dataset/positivos/recortes/train/taxi_recorte_train_0131.jpg,/home/irar/Escritorio/ProyectoTaxiDetector/dataset/positivos/recortes/augmented/taxi_recorte_aug_02248.jpg
2249,taxi_recorte_train_0219.jpg,taxi_recorte_aug_02249.jpg,/home/irar/Escritorio/ProyectoTaxiDetector/dataset/positivos/recortes/train/taxi_recorte_train_0219.jpg,/home/irar/Escritorio/ProyectoTaxiDetector/dataset/positivos/recortes/augmented/taxi_recorte_aug_02249.jpg
2250,taxi_recorte_train_0249.jpg,taxi_recorte_aug_02250.jpg,/home/irar/Escritorio/ProyectoTaxiDetector/dataset/positivos/recortes/train/taxi_recorte_train_0249.jpg,/home/irar/Escritorio/ProyectoTaxiDetector/dataset/positivos/recortes/augmented/taxi_recorte_aug_02250.jpg
2251,taxi_recorte_train_0169.jpg,taxi_recorte_aug_02251.jpg,/home/irar/Escritorio/ProyectoTaxiDetector/dataset/positivos/recortes/train/taxi_recorte_train_0169.jpg,/home/irar/Escritorio/ProyectoTaxiDetector/dataset/positivos/recortes/augmented/taxi_recorte_aug_02251.jpg
2252,taxi_recorte_train_0487.jpg,taxi_recorte_aug_02252.jpg,/home/irar/Escritorio/ProyectoTaxiDetector/dataset/positivos/recortes/train/taxi_recorte_train_0487.jpg,/home/irar/Escritorio/ProyectoTaxiDetector/dataset/positivos/recortes/augmented/taxi_recorte_aug_02252.jpg
2253,taxi_recorte_train_0112.jpg,taxi_recorte_aug_02253.jpg,/home/irar/Escritorio/ProyectoTaxiDetector/dataset/positivos/recortes/train/taxi_recorte_train_0112.jpg,/home/irar/Escritorio/ProyectoTaxiDetector/dataset/positivos/recortes/augmented/taxi_recorte_aug_02253.jpg
2254,taxi_recorte_train_0294.jpg,taxi_recorte_aug_02254.jpg,/home/irar/Escritorio/ProyectoTaxiDetector/dataset/positivos/recortes/train/taxi_recorte_train_0294.jpg,/home/irar/Escritorio/ProyectoTaxiDetector/dataset/positivos/recortes/augmented/taxi_recorte_aug_02254.jpg
2255,taxi_recorte_train_0040.jpg,taxi_recorte_aug_02255.jpg,/home/irar/Escritorio/ProyectoTaxiDetector/dataset/positivos/recortes/train/taxi_recorte_train_0040.jpg,/home/irar/Escritorio/ProyectoTaxiDetector/dataset/positivos/recortes/augmented/taxi_recorte_aug_02255.jpg
2256,taxi_recorte_train_0163.jpg,taxi_recorte_aug_02256.jpg,/home/irar/Escritorio/ProyectoTaxiDetector/dataset/positivos/recortes/train/taxi_recorte_train_0163.jpg,/home/irar/Escritorio/ProyectoTaxiDetector/dataset/positivos/recortes/augmented/taxi_recorte_aug_02256.jpg
2257,taxi_recorte_train_0209.jpg,taxi_recorte_aug_02257.jpg,/home/irar/Escritorio/ProyectoTaxiDetector/dataset/positivos/recortes/train/taxi_recorte_train_0209.jpg,/home/irar/Escritorio/ProyectoTaxiDetector/dataset/positivos/recortes/augmented/taxi_recorte_aug_02257.jpg
2258,taxi_recorte_train_0419.jpg,taxi_recorte_aug_02258.jpg,/home/irar/Escritorio/ProyectoTaxiDetector/dataset/positivos/recortes/train/taxi_recorte_train_0419.jpg,/home/irar/Escritorio/ProyectoTaxiDetector/dataset/positivos/recortes/augmented/taxi_recorte_aug_02258.jpg
2259,taxi_recorte_train_0008.jpg,taxi_recorte_aug_02259.jpg,/home/irar/Escritorio/ProyectoTaxiDetector/dataset/positivos/recortes/train/taxi_recorte_train_0008.jpg,/home/irar/Escritorio/ProyectoTaxiDetector/dataset/positivos/recortes/augmented/taxi_recorte_aug_02259.jpg
2260,taxi_recorte_train_0526.jpg,taxi_recorte_aug_02260.jpg,/home/irar/Escritorio/ProyectoTaxiDetector/dataset/positivos/recortes/train/taxi_recorte_train_0526.jpg,/home/irar/Escritorio/ProyectoTaxiDetector/dataset/positivos/recortes/augmented/taxi_recorte_aug_02260.jpg
2261,taxi_recorte_train_0381.jpg,taxi_recorte_aug_02261.jpg,/home/irar/Escritorio/ProyectoTaxiDetector/dataset/positivos/recortes/train/taxi_recorte_train_0381.jpg,/home/irar/Escritorio/ProyectoTaxiDetector/dataset/positivos/recortes/augmented/taxi_recorte_aug_02261.jpg
2262,taxi_recorte_train_0470.jpg,taxi_recorte_aug_02262.jpg,/home/irar/Escritorio/ProyectoTaxiDetector/dataset/positivos/recortes/train/taxi_recorte_train_0470.jpg,/home/irar/Escritorio/ProyectoTaxiDetector/dataset/positivos/recortes/augmented/taxi_recorte_aug_02262.jpg
2263,taxi_recorte_train_0103.jpg,taxi_recorte_aug_02263.jpg,/home/irar/Escritorio/ProyectoTaxiDetector/dataset/positivos/recortes/train/taxi_recorte_train_0103.jpg,/home/irar/Escritorio/ProyectoTaxiDetector/dataset/positivos/recortes/augmented/taxi_recorte_aug_02263.jpg
2264,taxi_recorte_train_0450.jpg,taxi_recorte_aug_02264.jpg,/home/irar/Escritorio/ProyectoTaxiDetector/dataset/positivos/recortes/train/taxi_recorte_train_0450.jpg,/home/irar/Escritorio/ProyectoTaxiDetector/dataset/positivos/recortes/augmented/taxi_recorte_aug_02264.jpg
2265,taxi_recorte_train_0527.jpg,taxi_recorte_aug_02265.jpg,/home/irar/Escritorio/ProyectoTaxiDetector/dataset/positivos/recortes/train/taxi_recorte_train_0527.jpg,/home/irar/Escritorio/ProyectoTaxiDetector/dataset/positivos/recortes/augmented/taxi_recorte_aug_02265.jpg
2266,taxi_recorte_train_0093.jpg,taxi_recorte_aug_02266.jpg,/home/irar/Escritorio/ProyectoTaxiDetector/dataset/positivos/recortes/train/taxi_recorte_train_0093.jpg,/home/irar/Escritorio/ProyectoTaxiDetector/dataset/positivos/recortes/augmented/taxi_recorte_aug_02266.jpg
2267,taxi_recorte_train_0436.jpg,taxi_recorte_aug_02267.jpg,/home/irar/Escritorio/ProyectoTaxiDetector/dataset/positivos/recortes/train/taxi_recorte_train_0436.jpg,/home/irar/Escritorio/ProyectoTaxiDetector/dataset/positivos/recortes/augmented/taxi_recorte_aug_02267.jpg
2268,taxi_recorte_train_0039.jpg,taxi_recorte_aug_02268.jpg,/home/irar/Escritorio/ProyectoTaxiDetector/dataset/positivos/recortes/train/taxi_recorte_train_0039.jpg,/home/irar/Escritorio/ProyectoTaxiDetector/dataset/positivos/recortes/augmented/taxi_recorte_aug_02268.jpg
2269,taxi_recorte_train_0043.jpg,taxi_recorte_aug_02269.jpg,/home/irar/Escritorio/ProyectoTaxiDetector/dataset/positivos/recortes/train/taxi_recorte_train_0043.jpg,/home/irar/Escritorio/ProyectoTaxiDetector/dataset/positivos/recortes/augmented/taxi_recorte_aug_02269.jpg
2270,taxi_recorte_train_0500.jpg,taxi_recorte_aug_02270.jpg,/home/irar/Escritorio/ProyectoTaxiDetector/dataset/positivos/recortes/train/taxi_recorte_train_0500.jpg,/home/irar/Escritorio/ProyectoTaxiDetector/dataset/positivos/recortes/augmented/taxi_recorte_aug_02270.jpg
2271,taxi_recorte_train_0342.jpg,taxi_recorte_aug_02271.jpg,/home/irar/Escritorio/ProyectoTaxiDetector/dataset/positivos/recortes/train/taxi_recorte_train_0342.jpg,/home/irar/Escritorio/ProyectoTaxiDetector/dataset/positivos/recortes/augmented/taxi_recorte_aug_02271.jpg
2272,taxi_recorte_train_0399.jpg,taxi_recorte_aug_02272.jpg,/home/irar/Escritorio/ProyectoTaxiDetector/dataset/positivos/recortes/train/taxi_recorte_train_0399.jpg,/home/irar/Escritorio/ProyectoTaxiDetector/dataset/positivos/recortes/augmented/taxi_recorte_aug_02272.jpg
2273,taxi_recorte_train_0468.jpg,taxi_recorte_aug_02273.jpg,/home/irar/Escritorio/ProyectoTaxiDetector/dataset/positivos/recortes/train/taxi_recorte_train_0468.jpg,/home/irar/Escritorio/ProyectoTaxiDetector/dataset/positivos/recortes/augmented/taxi_recorte_aug_02273.jpg
2274,taxi_recorte_train_0162.jpg,taxi_recorte_aug_02274.jpg,/home/irar/Escritorio/ProyectoTaxiDetector/dataset/positivos/recortes/train/taxi_recorte_train_0162.jpg,/home/irar/Escritorio/ProyectoTaxiDetector/dataset/positivos/recortes/augmented/taxi_recorte_aug_02274.jpg
2275,taxi_recorte_train_0034.jpg,taxi_recorte_aug_02275.jpg,/home/irar/Escritorio/ProyectoTaxiDetector/dataset/positivos/recortes/train/taxi_recorte_train_0034.jpg,/home/irar/Escritorio/ProyectoTaxiDetector/dataset/positivos/recortes/augmented/taxi_recorte_aug_02275.jpg
2276,taxi_recorte_train_0001.jpg,taxi_recorte_aug_02276.jpg,/home/irar/Escritorio/ProyectoTaxiDetector/dataset/positivos/recortes/train/taxi_recorte_train_0001.jpg,/home/irar/Escritorio/ProyectoTaxiDetector/dataset/positivos/recortes/augmented/taxi_recorte_aug_02276.jpg
2277,taxi_recorte_train_0229.jpg,taxi_recorte_aug_02277.jpg,/home/irar/Escritorio/ProyectoTaxiDetector/dataset/positivos/recortes/train/taxi_recorte_train_0229.jpg,/home/irar/Escritorio/ProyectoTaxiDetector/dataset/positivos/recortes/augmented/taxi_recorte_aug_02277.jpg
2278,taxi_recorte_train_0303.jpg,taxi_recorte_aug_02278.jpg,/home/irar/Escritorio/ProyectoTaxiDetector/dataset/positivos/recortes/train/taxi_recorte_train_0303.jpg,/home/irar/Escritorio/ProyectoTaxiDetector/dataset/positivos/recortes/augmented/taxi_recorte_aug_02278.jpg
2279,taxi_recorte_train_0348.jpg,taxi_recorte_aug_02279.jpg,/home/irar/Escritorio/ProyectoTaxiDetector/dataset/positivos/recortes/train/taxi_recorte_train_0348.jpg,/home/irar/Escritorio/ProyectoTaxiDetector/dataset/positivos/recortes/augmented/taxi_recorte_aug_02279.jpg
2280,taxi_recorte_train_0018.jpg,taxi_recorte_aug_02280.jpg,/home/irar/Escritorio/ProyectoTaxiDetector/dataset/positivos/recortes/train/taxi_recorte_train_0018.jpg,/home/irar/Escritorio/ProyectoTaxiDetector/dataset/positivos/recortes/augmented/taxi_recorte_aug_02280.jpg
2281,taxi_recorte_train_0323.jpg,taxi_recorte_aug_02281.jpg,/home/irar/Escritorio/ProyectoTaxiDetector/dataset/positivos/recortes/train/taxi_recorte_train_0323.jpg,/home/irar/Escritorio/ProyectoTaxiDetector/dataset/positivos/recortes/augmented/taxi_recorte_aug_02281.jpg
2282,taxi_recorte_train_0262.jpg,taxi_recorte_aug_02282.jpg,/home/irar/Escritorio/ProyectoTaxiDetector/dataset/positivos/recortes/train/taxi_recorte_train_0262.jpg,/home/irar/Escritorio/ProyectoTaxiDetector/dataset/positivos/recortes/augmented/taxi_recorte_aug_02282.jpg
2283,taxi_recorte_train_0297.jpg,taxi_recorte_aug_02283.jpg,/home/irar/Escritorio/ProyectoTaxiDetector/dataset/positivos/recortes/train/taxi_recorte_train_0297.jpg,/home/irar/Escritorio/ProyectoTaxiDetector/dataset/positivos/recortes/augmented/taxi_recorte_aug_02283.jpg
2284,taxi_recorte_train_0514.jpg,taxi_recorte_aug_02284.jpg,/home/irar/Escritorio/ProyectoTaxiDetector/dataset/positivos/recortes/train/taxi_recorte_train_0514.jpg,/home/irar/Escritorio/ProyectoTaxiDetector/dataset/positivos/recortes/augmented/taxi_recorte_aug_02284.jpg
2285,taxi_recorte_train_0382.jpg,taxi_recorte_aug_02285.jpg,/home/irar/Escritorio/ProyectoTaxiDetector/dataset/positivos/recortes/train/taxi_recorte_train_0382.jpg,/home/irar/Escritorio/ProyectoTaxiDetector/dataset/positivos/recortes/augmented/taxi_recorte_aug_02285.jpg
2286,taxi_recorte_train_0134.jpg,taxi_recorte_aug_02286.jpg,/home/irar/Escritorio/ProyectoTaxiDetector/dataset/positivos/recortes/train/taxi_recorte_train_0134.jpg,/home/irar/Escritorio/ProyectoTaxiDetector/dataset/positivos/recortes/augmented/taxi_recorte_aug_02286.jpg
2287,taxi_recorte_train_0516.jpg,taxi_recorte_aug_02287.jpg,/home/irar/Escritorio/ProyectoTaxiDetector/dataset/positivos/recortes/train/taxi_recorte_train_0516.jpg,/home/irar/Escritorio/ProyectoTaxiDetector/dataset/positivos/recortes/augmented/taxi_recorte_aug_02287.jpg
2288,taxi_recorte_train_0357.jpg,taxi_recorte_aug_02288.jpg,/home/irar/Escritorio/ProyectoTaxiDetector/dataset/positivos/recortes/train/taxi_recorte_train_0357.jpg,/home/irar/Escritorio/ProyectoTaxiDetector/dataset/positivos/recortes/augmented/taxi_recorte_aug_02288.jpg
2289,taxi_recorte_train_0232.jpg,taxi_recorte_aug_02289.jpg,/home/irar/Escritorio/ProyectoTaxiDetector/dataset/positivos/recortes/train/taxi_recorte_train_0232.jpg,/home/irar/Escritorio/ProyectoTaxiDetector/dataset/positivos/recortes/augmented/taxi_recorte_aug_02289.jpg
2290,taxi_recorte_train_0340.jpg,taxi_recorte_aug_02290.jpg,/home/irar/Escritorio/ProyectoTaxiDetector/dataset/positivos/recortes/train/taxi_recorte_train_0340.jpg,/home/irar/Escritorio/ProyectoTaxiDetector/dataset/positivos/recortes/augmented/taxi_recorte_aug_02290.jpg
2291,taxi_recorte_train_0115.jpg,taxi_recorte_aug_02291.jpg,/home/irar/Escritorio/ProyectoTaxiDetector/dataset/positivos/recortes/train/taxi_recorte_train_0115.jpg,/home/irar/Escritorio/ProyectoTaxiDetector/dataset/positivos/recortes/augmented/taxi_recorte_aug_02291.jpg
2292,taxi_recorte_train_0237.jpg,taxi_recorte_aug_02292.jpg,/home/irar/Escritorio/ProyectoTaxiDetector/dataset/positivos/recortes/train/taxi_recorte_train_0237.jpg,/home/irar/Escritorio/ProyectoTaxiDetector/dataset/positivos/recortes/augmented/taxi_recorte_aug_02292.jpg
2293,taxi_recorte_train_0110.jpg,taxi_recorte_aug_02293.jpg,/home/irar/Escritorio/ProyectoTaxiDetector/dataset/positivos/recortes/train/taxi_recorte_train_0110.jpg,/home/irar/Escritorio/ProyectoTaxiDetector/dataset/positivos/recortes/augmented/taxi_recorte_aug_02293.jpg
2294,taxi_recorte_train_0476.jpg,taxi_recorte_aug_02294.jpg,/home/irar/Escritorio/ProyectoTaxiDetector/dataset/positivos/recortes/train/taxi_recorte_train_0476.jpg,/home/irar/Escritorio/ProyectoTaxiDetector/dataset/positivos/recortes/augmented/taxi_recorte_aug_02294.jpg
2295,taxi_recorte_train_0165.jpg,taxi_recorte_aug_02295.jpg,/home/irar/Escritorio/ProyectoTaxiDetector/dataset/positivos/recortes/train/taxi_recorte_train_0165.jpg,/home/irar/Escritorio/ProyectoTaxiDetector/dataset/positivos/recortes/augmented/taxi_recorte_aug_02295.jpg
2296,taxi_recorte_train_0373.jpg,taxi_recorte_aug_02296.jpg,/home/irar/Escritorio/ProyectoTaxiDetector/dataset/positivos/recortes/train/taxi_recorte_train_0373.jpg,/home/irar/Escritorio/ProyectoTaxiDetector/dataset/positivos/recortes/augmented/taxi_recorte_aug_02296.jpg
2297,taxi_recorte_train_0097.jpg,taxi_recorte_aug_02297.jpg,/home/irar/Escritorio/ProyectoTaxiDetector/dataset/positivos/recortes/train/taxi_recorte_train_0097.jpg,/home/irar/Escritorio/ProyectoTaxiDetector/dataset/positivos/recortes/augmented/taxi_recorte_aug_02297.jpg
2298,taxi_recorte_train_0492.jpg,taxi_recorte_aug_02298.jpg,/home/irar/Escritorio/ProyectoTaxiDetector/dataset/positivos/recortes/train/taxi_recorte_train_0492.jpg,/home/irar/Escritorio/ProyectoTaxiDetector/dataset/positivos/recortes/augmented/taxi_recorte_aug_02298.jpg
2299,taxi_recorte_train_0400.jpg,taxi_recorte_aug_02299.jpg,/home/irar/Escritorio/ProyectoTaxiDetector/dataset/positivos/recortes/train/taxi_recorte_train_0400.jpg,/home/irar/Escritorio/ProyectoTaxiDetector/dataset/positivos/recortes/augmented/taxi_recorte_aug_02299.jpg
2300,taxi_recorte_train_0489.jpg,taxi_recorte_aug_02300.jpg,/home/irar/Escritorio/ProyectoTaxiDetector/dataset/positivos/recortes/train/taxi_recorte_train_0489.jpg,/home/irar/Escritorio/ProyectoTaxiDetector/dataset/positivos/recortes/augmented/taxi_recorte_aug_02300.jpg
2301,taxi_recorte_train_0503.jpg,taxi_recorte_aug_02301.jpg,/home/irar/Escritorio/ProyectoTaxiDetector/dataset/positivos/recortes/train/taxi_recorte_train_0503.jpg,/home/irar/Escritorio/ProyectoTaxiDetector/dataset/positivos/recortes/augmented/taxi_recorte_aug_02301.jpg
2302,taxi_recorte_train_0004.jpg,taxi_recorte_aug_02302.jpg,/home/irar/Escritorio/ProyectoTaxiDetector/dataset/positivos/recortes/train/taxi_recorte_train_0004.jpg,/home/irar/Escritorio/ProyectoTaxiDetector/dataset/positivos/recortes/augmented/taxi_recorte_aug_02302.jpg
2303,taxi_recorte_train_0300.jpg,taxi_recorte_aug_02303.jpg,/home/irar/Escritorio/ProyectoTaxiDetector/dataset/positivos/recortes/train/taxi_recorte_train_0300.jpg,/home/irar/Escritorio/ProyectoTaxiDetector/dataset/positivos/recortes/augmented/taxi_recorte_aug_02303.jpg
2304,taxi_recorte_train_0223.jpg,taxi_recorte_aug_02304.jpg,/home/irar/Escritorio/ProyectoTaxiDetector/dataset/positivos/recortes/train/taxi_recorte_train_0223.jpg,/home/irar/Escritorio/ProyectoTaxiDetector/dataset/positivos/recortes/augmented/taxi_recorte_aug_02304.jpg
2305,taxi_recorte_train_0118.jpg,taxi_recorte_aug_02305.jpg,/home/irar/Escritorio/ProyectoTaxiDetector/dataset/positivos/recortes/train/taxi_recorte_train_0118.jpg,/home/irar/Escritorio/ProyectoTaxiDetector/dataset/positivos/recortes/augmented/taxi_recorte_aug_02305.jpg
2306,taxi_recorte_train_0471.jpg,taxi_recorte_aug_02306.jpg,/home/irar/Escritorio/ProyectoTaxiDetector/dataset/positivos/recortes/train/taxi_recorte_train_0471.jpg,/home/irar/Escritorio/ProyectoTaxiDetector/dataset/positivos/recortes/augmented/taxi_recorte_aug_02306.jpg
2307,taxi_recorte_train_0184.jpg,taxi_recorte_aug_02307.jpg,/home/irar/Escritorio/ProyectoTaxiDetector/dataset/positivos/recortes/train/taxi_recorte_train_0184.jpg,/home/irar/Escritorio/ProyectoTaxiDetector/dataset/positivos/recortes/augmented/taxi_recorte_aug_02307.jpg
2308,taxi_recorte_train_0029.jpg,taxi_recorte_aug_02308.jpg,/home/irar/Escritorio/ProyectoTaxiDetector/dataset/positivos/recortes/train/taxi_recorte_train_0029.jpg,/home/irar/Escritorio/ProyectoTaxiDetector/dataset/positivos/recortes/augmented/taxi_recorte_aug_02308.jpg
2309,taxi_recorte_train_0253.jpg,taxi_recorte_aug_02309.jpg,/home/irar/Escritorio/ProyectoTaxiDetector/dataset/positivos/recortes/train/taxi_recorte_train_0253.jpg,/home/irar/Escritorio/ProyectoTaxiDetector/dataset/positivos/recortes/augmented/taxi_recorte_aug_02309.jpg
2310,taxi_recorte_train_0201.jpg,taxi_recorte_aug_02310.jpg,/home/irar/Escritorio/ProyectoTaxiDetector/dataset/positivos/recortes/train/taxi_recorte_train_0201.jpg,/home/irar/Escritorio/ProyectoTaxiDetector/dataset/positivos/recortes/augmented/taxi_recorte_aug_02310.jpg
2311,taxi_recorte_train_0120.jpg,taxi_recorte_aug_02311.jpg,/home/irar/Escritorio/ProyectoTaxiDetector/dataset/positivos/recortes/train/taxi_recorte_train_0120.jpg,/home/irar/Escritorio/ProyectoTaxiDetector/dataset/positivos/recortes/augmented/taxi_recorte_aug_02311.jpg
2312,taxi_recorte_train_0130.jpg,taxi_recorte_aug_02312.jpg,/home/irar/Escritorio/ProyectoTaxiDetector/dataset/positivos/recortes/train/taxi_recorte_train_0130.jpg,/home/irar/Escritorio/ProyectoTaxiDetector/dataset/positivos/recortes/augmented/taxi_recorte_aug_02312.jpg
2313,taxi_recorte_train_0035.jpg,taxi_recorte_aug_02313.jpg,/home/irar/Escritorio/ProyectoTaxiDetector/dataset/positivos/recortes/train/taxi_recorte_train_0035.jpg,/home/irar/Escritorio/ProyectoTaxiDetector/dataset/positivos/recortes/augmented/taxi_recorte_aug_02313.jpg
2314,taxi_recorte_train_0464.jpg,taxi_recorte_aug_02314.jpg,/home/irar/Escritorio/ProyectoTaxiDetector/dataset/positivos/recortes/train/taxi_recorte_train_0464.jpg,/home/irar/Escritorio/ProyectoTaxiDetector/dataset/positivos/recortes/augmented/taxi_recorte_aug_02314.jpg
2315,taxi_recorte_train_0135.jpg,taxi_recorte_aug_02315.jpg,/home/irar/Escritorio/ProyectoTaxiDetector/dataset/positivos/recortes/train/taxi_recorte_train_0135.jpg,/home/irar/Escritorio/ProyectoTaxiDetector/dataset/positivos/recortes/augmented/taxi_recorte_aug_02315.jpg
2316,taxi_recorte_train_0277.jpg,taxi_recorte_aug_02316.jpg,/home/irar/Escritorio/ProyectoTaxiDetector/dataset/positivos/recortes/train/taxi_recorte_train_0277.jpg,/home/irar/Escritorio/ProyectoTaxiDetector/dataset/positivos/recortes/augmented/taxi_recorte_aug_02316.jpg
2317,taxi_recorte_train_0301.jpg,taxi_recorte_aug_02317.jpg,/home/irar/Escritorio/ProyectoTaxiDetector/dataset/positivos/recortes/train/taxi_recorte_train_0301.jpg,/home/irar/Escritorio/ProyectoTaxiDetector/dataset/positivos/recortes/augmented/taxi_recorte_aug_02317.jpg
2318,taxi_recorte_train_0403.jpg,taxi_recorte_aug_02318.jpg,/home/irar/Escritorio/ProyectoTaxiDetector/dataset/positivos/recortes/train/taxi_recorte_train_0403.jpg,/home/irar/Escritorio/ProyectoTaxiDetector/dataset/positivos/recortes/augmented/taxi_recorte_aug_02318.jpg
2319,taxi_recorte_train_0086.jpg,taxi_recorte_aug_02319.jpg,/home/irar/Escritorio/ProyectoTaxiDetector/dataset/positivos/recortes/train/taxi_recorte_train_0086.jpg,/home/irar/Escritorio/ProyectoTaxiDetector/dataset/positivos/recortes/augmented/taxi_recorte_aug_02319.jpg
2320,taxi_recorte_train_0199.jpg,taxi_recorte_aug_02320.jpg,/home/irar/Escritorio/ProyectoTaxiDetector/dataset/positivos/recortes/train/taxi_recorte_train_0199.jpg,/home/irar/Escritorio/ProyectoTaxiDetector/dataset/positivos/recortes/augmented/taxi_recorte_aug_02320.jpg
2321,taxi_recorte_train_0495.jpg,taxi_recorte_aug_02321.jpg,/home/irar/Escritorio/ProyectoTaxiDetector/dataset/positivos/recortes/train/taxi_recorte_train_0495.jpg,/home/irar/Escritorio/ProyectoTaxiDetector/dataset/positivos/recortes/augmented/taxi_recorte_aug_02321.jpg
2322,taxi_recorte_train_0263.jpg,taxi_recorte_aug_02322.jpg,/home/irar/Escritorio/ProyectoTaxiDetector/dataset/positivos/recortes/train/taxi_recorte_train_0263.jpg,/home/irar/Escritorio/ProyectoTaxiDetector/dataset/positivos/recortes/augmented/taxi_recorte_aug_02322.jpg
2323,taxi_recorte_train_0003.jpg,taxi_recorte_aug_02323.jpg,/home/irar/Escritorio/ProyectoTaxiDetector/dataset/positivos/recortes/train/taxi_recorte_train_0003.jpg,/home/irar/Escritorio/ProyectoTaxiDetector/dataset/positivos/recortes/augmented/taxi_recorte_aug_02323.jpg
2324,taxi_recorte_train_0383.jpg,taxi_recorte_aug_02324.jpg,/home/irar/Escritorio/ProyectoTaxiDetector/dataset/positivos/recortes/train/taxi_recorte_train_0383.jpg,/home/irar/Escritorio/ProyectoTaxiDetector/dataset/positivos/recortes/augmented/taxi_recorte_aug_02324.jpg
2325,taxi_recorte_train_0218.jpg,taxi_recorte_aug_02325.jpg,/home/irar/Escritorio/ProyectoTaxiDetector/dataset/positivos/recortes/train/taxi_recorte_train_0218.jpg,/home/irar/Escritorio/ProyectoTaxiDetector/dataset/positivos/recortes/augmented/taxi_recorte_aug_02325.jpg
2326,taxi_recorte_train_0498.jpg,taxi_recorte_aug_02326.jpg,/home/irar/Escritorio/ProyectoTaxiDetector/dataset/positivos/recortes/train/taxi_recorte_train_0498.jpg,/home/irar/Escritorio/ProyectoTaxiDetector/dataset/positivos/recortes/augmented/taxi_recorte_aug_02326.jpg
2327,taxi_recorte_train_0404.jpg,taxi_recorte_aug_02327.jpg,/home/irar/Escritorio/ProyectoTaxiDetector/dataset/positivos/recortes/train/taxi_recorte_train_0404.jpg,/home/irar/Escritorio/ProyectoTaxiDetector/dataset/positivos/recortes/augmented/taxi_recorte_aug_02327.jpg
2328,taxi_recorte_train_0224.jpg,taxi_recorte_aug_02328.jpg,/home/irar/Escritorio/ProyectoTaxiDetector/dataset/positivos/recortes/train/taxi_recorte_train_0224.jpg,/home/irar/Escritorio/ProyectoTaxiDetector/dataset/positivos/recortes/augmented/taxi_recorte_aug_02328.jpg
2329,taxi_recorte_train_0307.jpg,taxi_recorte_aug_02329.jpg,/home/irar/Escritorio/ProyectoTaxiDetector/dataset/positivos/recortes/train/taxi_recorte_train_0307.jpg,/home/irar/Escritorio/ProyectoTaxiDetector/dataset/positivos/recortes/augmented/taxi_recorte_aug_02329.jpg
2330,taxi_recorte_train_0046.jpg,taxi_recorte_aug_02330.jpg,/home/irar/Escritorio/ProyectoTaxiDetector/dataset/positivos/recortes/train/taxi_recorte_train_0046.jpg,/home/irar/Escritorio/ProyectoTaxiDetector/dataset/positivos/recortes/augmented/taxi_recorte_aug_02330.jpg
2331,taxi_recorte_train_0265.jpg,taxi_recorte_aug_02331.jpg,/home/irar/Escritorio/ProyectoTaxiDetector/dataset/positivos/recortes/train/taxi_recorte_train_0265.jpg,/home/irar/Escritorio/ProyectoTaxiDetector/dataset/positivos/recortes/augmented/taxi_recorte_aug_02331.jpg
2332,taxi_recorte_train_0045.jpg,taxi_recorte_aug_02332.jpg,/home/irar/Escritorio/ProyectoTaxiDetector/dataset/positivos/recortes/train/taxi_recorte_train_0045.jpg,/home/irar/Escritorio/ProyectoTaxiDetector/dataset/positivos/recortes/augmented/taxi_recorte_aug_02332.jpg
2333,taxi_recorte_train_0278.jpg,taxi_recorte_aug_02333.jpg,/home/irar/Escritorio/ProyectoTaxiDetector/dataset/positivos/recortes/train/taxi_recorte_train_0278.jpg,/home/irar/Escritorio/ProyectoTaxiDetector/dataset/positivos/recortes/augmented/taxi_recorte_aug_02333.jpg
2334,taxi_recorte_train_0406.jpg,taxi_recorte_aug_02334.jpg,/home/irar/Escritorio/ProyectoTaxiDetector/dataset/positivos/recortes/train/taxi_recorte_train_0406.jpg,/home/irar/Escritorio/ProyectoTaxiDetector/dataset/positivos/recortes/augmented/taxi_recorte_aug_02334.jpg
2335,taxi_recorte_train_0331.jpg,taxi_recorte_aug_02335.jpg,/home/irar/Escritorio/ProyectoTaxiDetector/dataset/positivos/recortes/train/taxi_recorte_train_0331.jpg,/home/irar/Escritorio/ProyectoTaxiDetector/dataset/positivos/recortes/augmented/taxi_recorte_aug_02335.jpg
2336,taxi_recorte_train_0228.jpg,taxi_recorte_aug_02336.jpg,/home/irar/Escritorio/ProyectoTaxiDetector/dataset/positivos/recortes/train/taxi_recorte_train_0228.jpg,/home/irar/Escritorio/ProyectoTaxiDetector/dataset/positivos/recortes/augmented/taxi_recorte_aug_02336.jpg
2337,taxi_recorte_train_0023.jpg,taxi_recorte_aug_02337.jpg,/home/irar/Escritorio/ProyectoTaxiDetector/dataset/positivos/recortes/train/taxi_recorte_train_0023.jpg,/home/irar/Escritorio/ProyectoTaxiDetector/dataset/positivos/recortes/augmented/taxi_recorte_aug_02337.jpg
2338,taxi_recorte_train_0449.jpg,taxi_recorte_aug_02338.jpg,/home/irar/Escritorio/ProyectoTaxiDetector/dataset/positivos/recortes/train/taxi_recorte_train_0449.jpg,/home/irar/Escritorio/ProyectoTaxiDetector/dataset/positivos/recortes/augmented/taxi_recorte_aug_02338.jpg
2339,taxi_recorte_train_0504.jpg,taxi_recorte_aug_02339.jpg,/home/irar/Escritorio/ProyectoTaxiDetector/dataset/positivos/recortes/train/taxi_recorte_train_0504.jpg,/home/irar/Escritorio/ProyectoTaxiDetector/dataset/positivos/recortes/augmented/taxi_recorte_aug_02339.jpg
2340,taxi_recorte_train_0454.jpg,taxi_recorte_aug_02340.jpg,/home/irar/Escritorio/ProyectoTaxiDetector/dataset/positivos/recortes/train/taxi_recorte_train_0454.jpg,/home/irar/Escritorio/ProyectoTaxiDetector/dataset/positivos/recortes/augmented/taxi_recorte_aug_02340.jpg
2341,taxi_recorte_train_0505.jpg,taxi_recorte_aug_02341.jpg,/home/irar/Escritorio/ProyectoTaxiDetector/dataset/positivos/recortes/train/taxi_recorte_train_0505.jpg,/home/irar/Escritorio/ProyectoTaxiDetector/dataset/positivos/recortes/augmented/taxi_recorte_aug_02341.jpg
2342,taxi_recorte_train_0216.jpg,taxi_recorte_aug_02342.jpg,/home/irar/Escritorio/ProyectoTaxiDetector/dataset/positivos/recortes/train/taxi_recorte_train_0216.jpg,/home/irar/Escritorio/ProyectoTaxiDetector/dataset/positivos/recortes/augmented/taxi_recorte_aug_02342.jpg
2343,taxi_recorte_train_0220.jpg,taxi_recorte_aug_02343.jpg,/home/irar/Escritorio/ProyectoTaxiDetector/dataset/positivos/recortes/train/taxi_recorte_train_0220.jpg,/home/irar/Escritorio/ProyectoTaxiDetector/dataset/positivos/recortes/augmented/taxi_recorte_aug_02343.jpg
2344,taxi_recorte_train_0314.jpg,taxi_recorte_aug_02344.jpg,/home/irar/Escritorio/ProyectoTaxiDetector/dataset/positivos/recortes/train/taxi_recorte_train_0314.jpg,/home/irar/Escritorio/ProyectoTaxiDetector/dataset/positivos/recortes/augmented/taxi_recorte_aug_02344.jpg
2345,taxi_recorte_train_0437.jpg,taxi_recorte_aug_02345.jpg,/home/irar/Escritorio/ProyectoTaxiDetector/dataset/positivos/recortes/train/taxi_recorte_train_0437.jpg,/home/irar/Escritorio/ProyectoTaxiDetector/dataset/positivos/recortes/augmented/taxi_recorte_aug_02345.jpg
2346,taxi_recorte_train_0122.jpg,taxi_recorte_aug_02346.jpg,/home/irar/Escritorio/ProyectoTaxiDetector/dataset/positivos/recortes/train/taxi_recorte_train_0122.jpg,/home/irar/Escritorio/ProyectoTaxiDetector/dataset/positivos/recortes/augmented/taxi_recorte_aug_02346.jpg
2347,taxi_recorte_train_0271.jpg,taxi_recorte_aug_02347.jpg,/home/irar/Escritorio/ProyectoTaxiDetector/dataset/positivos/recortes/train/taxi_recorte_train_0271.jpg,/home/irar/Escritorio/ProyectoTaxiDetector/dataset/positivos/recortes/augmented/taxi_recorte_aug_02347.jpg
2348,taxi_recorte_train_0272.jpg,taxi_recorte_aug_02348.jpg,/home/irar/Escritorio/ProyectoTaxiDetector/dataset/positivos/recortes/train/taxi_recorte_train_0272.jpg,/home/irar/Escritorio/ProyectoTaxiDetector/dataset/positivos/recortes/augmented/taxi_recorte_aug_02348.jpg
2349,taxi_recorte_train_0493.jpg,taxi_recorte_aug_02349.jpg,/home/irar/Escritorio/ProyectoTaxiDetector/dataset/positivos/recortes/train/taxi_recorte_train_0493.jpg,/home/irar/Escritorio/ProyectoTaxiDetector/dataset/positivos/recortes/augmented/taxi_recorte_aug_02349.jpg
2350,taxi_recorte_train_0488.jpg,taxi_recorte_aug_02350.jpg,/home/irar/Escritorio/ProyectoTaxiDetector/dataset/positivos/recortes/train/taxi_recorte_train_0488.jpg,/home/irar/Escritorio/ProyectoTaxiDetector/dataset/positivos/recortes/augmented/taxi_recorte_aug_02350.jpg
2351,taxi_recorte_train_0002.jpg,taxi_recorte_aug_02351.jpg,/home/irar/Escritorio/ProyectoTaxiDetector/dataset/positivos/recortes/train/taxi_recorte_train_0002.jpg,/home/irar/Escritorio/ProyectoTaxiDetector/dataset/positivos/recortes/augmented/taxi_recorte_aug_02351.jpg
2352,taxi_recorte_train_0200.jpg,taxi_recorte_aug_02352.jpg,/home/irar/Escritorio/ProyectoTaxiDetector/dataset/positivos/recortes/train/taxi_recorte_train_0200.jpg,/home/irar/Escritorio/ProyectoTaxiDetector/dataset/positivos/recortes/augmented/taxi_recorte_aug_02352.jpg
2353,taxi_recorte_train_0425.jpg,taxi_recorte_aug_02353.jpg,/home/irar/Escritorio/ProyectoTaxiDetector/dataset/positivos/recortes/train/taxi_recorte_train_0425.jpg,/home/irar/Escritorio/ProyectoTaxiDetector/dataset/positivos/recortes/augmented/taxi_recorte_aug_02353.jpg
2354,taxi_recorte_train_0349.jpg,taxi_recorte_aug_02354.jpg,/home/irar/Escritorio/ProyectoTaxiDetector/dataset/positivos/recortes/train/taxi_recorte_train_0349.jpg,/home/irar/Escritorio/ProyectoTaxiDetector/dataset/positivos/recortes/augmented/taxi_recorte_aug_02354.jpg
2355,taxi_recorte_train_0121.jpg,taxi_recorte_aug_02355.jpg,/home/irar/Escritorio/ProyectoTaxiDetector/dataset/positivos/recortes/train/taxi_recorte_train_0121.jpg,/home/irar/Escritorio/ProyectoTaxiDetector/dataset/positivos/recortes/augmented/taxi_recorte_aug_02355.jpg
2356,taxi_recorte_train_0536.jpg,taxi_recorte_aug_02356.jpg,/home/irar/Escritorio/ProyectoTaxiDetector/dataset/positivos/recortes/train/taxi_recorte_train_0536.jpg,/home/irar/Escritorio/ProyectoTaxiDetector/dataset/positivos/recortes/augmented/taxi_recorte_aug_02356.jpg
2357,taxi_recorte_train_0106.jpg,taxi_recorte_aug_02357.jpg,/home/irar/Escritorio/ProyectoTaxiDetector/dataset/positivos/recortes/train/taxi_recorte_train_0106.jpg,/home/irar/Escritorio/ProyectoTaxiDetector/dataset/positivos/recortes/augmented/taxi_recorte_aug_02357.jpg
2358,taxi_recorte_train_0372.jpg,taxi_recorte_aug_02358.jpg,/home/irar/Escritorio/ProyectoTaxiDetector/dataset/positivos/recortes/train/taxi_recorte_train_0372.jpg,/home/irar/Escritorio/ProyectoTaxiDetector/dataset/positivos/recortes/augmented/taxi_recorte_aug_02358.jpg
2359,taxi_recorte_train_0352.jpg,taxi_recorte_aug_02359.jpg,/home/irar/Escritorio/ProyectoTaxiDetector/dataset/positivos/recortes/train/taxi_recorte_train_0352.jpg,/home/irar/Escritorio/ProyectoTaxiDetector/dataset/positivos/recortes/augmented/taxi_recorte_aug_02359.jpg
2360,taxi_recorte_train_0060.jpg,taxi_recorte_aug_02360.jpg,/home/irar/Escritorio/ProyectoTaxiDetector/dataset/positivos/recortes/train/taxi_recorte_train_0060.jpg,/home/irar/Escritorio/ProyectoTaxiDetector/dataset/positivos/recortes/augmented/taxi_recorte_aug_02360.jpg
2361,taxi_recorte_train_0484.jpg,taxi_recorte_aug_02361.jpg,/home/irar/Escritorio/ProyectoTaxiDetector/dataset/positivos/recortes/train/taxi_recorte_train_0484.jpg,/home/irar/Escritorio/ProyectoTaxiDetector/dataset/positivos/recortes/augmented/taxi_recorte_aug_02361.jpg
2362,taxi_recorte_train_0247.jpg,taxi_recorte_aug_02362.jpg,/home/irar/Escritorio/ProyectoTaxiDetector/dataset/positivos/recortes/train/taxi_recorte_train_0247.jpg,/home/irar/Escritorio/ProyectoTaxiDetector/dataset/positivos/recortes/augmented/taxi_recorte_aug_02362.jpg
2363,taxi_recorte_train_0385.jpg,taxi_recorte_aug_02363.jpg,/home/irar/Escritorio/ProyectoTaxiDetector/dataset/positivos/recortes/train/taxi_recorte_train_0385.jpg,/home/irar/Escritorio/ProyectoTaxiDetector/dataset/positivos/recortes/augmented/taxi_recorte_aug_02363.jpg
2364,taxi_recorte_train_0172.jpg,taxi_recorte_aug_02364.jpg,/home/irar/Escritorio/ProyectoTaxiDetector/dataset/positivos/recortes/train/taxi_recorte_train_0172.jpg,/home/irar/Escritorio/ProyectoTaxiDetector/dataset/positivos/recortes/augmented/taxi_recorte_aug_02364.jpg
2365,taxi_recorte_train_0013.jpg,taxi_recorte_aug_02365.jpg,/home/irar/Escritorio/ProyectoTaxiDetector/dataset/positivos/recortes/train/taxi_recorte_train_0013.jpg,/home/irar/Escritorio/ProyectoTaxiDetector/dataset/positivos/recortes/augmented/taxi_recorte_aug_02365.jpg
2366,taxi_recorte_train_0407.jpg,taxi_recorte_aug_02366.jpg,/home/irar/Escritorio/ProyectoTaxiDetector/dataset/positivos/recortes/train/taxi_recorte_train_0407.jpg,/home/irar/Escritorio/ProyectoTaxiDetector/dataset/positivos/recortes/augmented/taxi_recorte_aug_02366.jpg
2367,taxi_recorte_train_0062.jpg,taxi_recorte_aug_02367.jpg,/home/irar/Escritorio/ProyectoTaxiDetector/dataset/positivos/recortes/train/taxi_recorte_train_0062.jpg,/home/irar/Escritorio/ProyectoTaxiDetector/dataset/positivos/recortes/augmented/taxi_recorte_aug_02367.jpg
2368,taxi_recorte_train_0151.jpg,taxi_recorte_aug_02368.jpg,/home/irar/Escritorio/ProyectoTaxiDetector/dataset/positivos/recortes/train/taxi_recorte_train_0151.jpg,/home/irar/Escritorio/ProyectoTaxiDetector/dataset/positivos/recortes/augmented/taxi_recorte_aug_02368.jpg
2369,taxi_recorte_train_0439.jpg,taxi_recorte_aug_02369.jpg,/home/irar/Escritorio/ProyectoTaxiDetector/dataset/positivos/recortes/train/taxi_recorte_train_0439.jpg,/home/irar/Escritorio/ProyectoTaxiDetector/dataset/positivos/recortes/augmented/taxi_recorte_aug_02369.jpg
2370,taxi_recorte_train_0453.jpg,taxi_recorte_aug_02370.jpg,/home/irar/Escritorio/ProyectoTaxiDetector/dataset/positivos/recortes/train/taxi_recorte_train_0453.jpg,/home/irar/Escritorio/ProyectoTaxiDetector/dataset/positivos/recortes/augmented/taxi_recorte_aug_02370.jpg
2371,taxi_recorte_train_0028.jpg,taxi_recorte_aug_02371.jpg,/home/irar/Escritorio/ProyectoTaxiDetector/dataset/positivos/recortes/train/taxi_recorte_train_0028.jpg,/home/irar/Escritorio/ProyectoTaxiDetector/dataset/positivos/recortes/augmented/taxi_recorte_aug_02371.jpg
2372,taxi_recorte_train_0036.jpg,taxi_recorte_aug_02372.jpg,/home/irar/Escritorio/ProyectoTaxiDetector/dataset/positivos/recortes/train/taxi_recorte_train_0036.jpg,/home/irar/Escritorio/ProyectoTaxiDetector/dataset/positivos/recortes/augmented/taxi_recorte_aug_02372.jpg
2373,taxi_recorte_train_0435.jpg,taxi_recorte_aug_02373.jpg,/home/irar/Escritorio/ProyectoTaxiDetector/dataset/positivos/recortes/train/taxi_recorte_train_0435.jpg,/home/irar/Escritorio/ProyectoTaxiDetector/dataset/positivos/recortes/augmented/taxi_recorte_aug_02373.jpg
2374,taxi_recorte_train_0179.jpg,taxi_recorte_aug_02374.jpg,/home/irar/Escritorio/ProyectoTaxiDetector/dataset/positivos/recortes/train/taxi_recorte_train_0179.jpg,/home/irar/Escritorio/ProyectoTaxiDetector/dataset/positivos/recortes/augmented/taxi_recorte_aug_02374.jpg
2375,taxi_recorte_train_0451.jpg,taxi_recorte_aug_02375.jpg,/home/irar/Escritorio/ProyectoTaxiDetector/dataset/positivos/recortes/train/taxi_recorte_train_0451.jpg,/home/irar/Escritorio/ProyectoTaxiDetector/dataset/positivos/recortes/augmented/taxi_recorte_aug_02375.jpg
2376,taxi_recorte_train_0070.jpg,taxi_recorte_aug_02376.jpg,/home/irar/Escritorio/ProyectoTaxiDetector/dataset/positivos/recortes/train/taxi_recorte_train_0070.jpg,/home/irar/Escritorio/ProyectoTaxiDetector/dataset/positivos/recortes/augmented/taxi_recorte_aug_02376.jpg
2377,taxi_recorte_train_0138.jpg,taxi_recorte_aug_02377.jpg,/home/irar/Escritorio/ProyectoTaxiDetector/dataset/positivos/recortes/train/taxi_recorte_train_0138.jpg,/home/irar/Escritorio/ProyectoTaxiDetector/dataset/positivos/recortes/augmented/taxi_recorte_aug_02377.jpg
2378,taxi_recorte_train_0052.jpg,taxi_recorte_aug_02378.jpg,/home/irar/Escritorio/ProyectoTaxiDetector/dataset/positivos/recortes/train/taxi_recorte_train_0052.jpg,/home/irar/Escritorio/ProyectoTaxiDetector/dataset/positivos/recortes/augmented/taxi_recorte_aug_02378.jpg
2379,taxi_recorte_train_0411.jpg,taxi_recorte_aug_02379.jpg,/home/irar/Escritorio/ProyectoTaxiDetector/dataset/positivos/recortes/train/taxi_recorte_train_0411.jpg,/home/irar/Escritorio/ProyectoTaxiDetector/dataset/positivos/recortes/augmented/taxi_recorte_aug_02379.jpg
2380,taxi_recorte_train_0344.jpg,taxi_recorte_aug_02380.jpg,/home/irar/Escritorio/ProyectoTaxiDetector/dataset/positivos/recortes/train/taxi_recorte_train_0344.jpg,/home/irar/Escritorio/ProyectoTaxiDetector/dataset/positivos/recortes/augmented/taxi_recorte_aug_02380.jpg
2381,taxi_recorte_train_0456.jpg,taxi_recorte_aug_02381.jpg,/home/irar/Escritorio/ProyectoTaxiDetector/dataset/positivos/recortes/train/taxi_recorte_train_0456.jpg,/home/irar/Escritorio/ProyectoTaxiDetector/dataset/positivos/recortes/augmented/taxi_recorte_aug_02381.jpg
2382,taxi_recorte_train_0337.jpg,taxi_recorte_aug_02382.jpg,/home/irar/Escritorio/ProyectoTaxiDetector/dataset/positivos/recortes/train/taxi_recorte_train_0337.jpg,/home/irar/Escritorio/ProyectoTaxiDetector/dataset/positivos/recortes/augmented/taxi_recorte_aug_02382.jpg
2383,taxi_recorte_train_0312.jpg,taxi_recorte_aug_02383.jpg,/home/irar/Escritorio/ProyectoTaxiDetector/dataset/positivos/recortes/train/taxi_recorte_train_0312.jpg,/home/irar/Escritorio/ProyectoTaxiDetector/dataset/positivos/recortes/augmented/taxi_recorte_aug_02383.jpg
2384,taxi_recorte_train_0114.jpg,taxi_recorte_aug_02384.jpg,/home/irar/Escritorio/ProyectoTaxiDetector/dataset/positivos/recortes/train/taxi_recorte_train_0114.jpg,/home/irar/Escritorio/ProyectoTaxiDetector/dataset/positivos/recortes/augmented/taxi_recorte_aug_02384.jpg
2385,taxi_recorte_train_0222.jpg,taxi_recorte_aug_02385.jpg,/home/irar/Escritorio/ProyectoTaxiDetector/dataset/positivos/recortes/train/taxi_recorte_train_0222.jpg,/home/irar/Escritorio/ProyectoTaxiDetector/dataset/positivos/recortes/augmented/taxi_recorte_aug_02385.jpg
2386,taxi_recorte_train_0324.jpg,taxi_recorte_aug_02386.jpg,/home/irar/Escritorio/ProyectoTaxiDetector/dataset/positivos/recortes/train/taxi_recorte_train_0324.jpg,/home/irar/Escritorio/ProyectoTaxiDetector/dataset/positivos/recortes/augmented/taxi_recorte_aug_02386.jpg
2387,taxi_recorte_train_0183.jpg,taxi_recorte_aug_02387.jpg,/home/irar/Escritorio/ProyectoTaxiDetector/dataset/positivos/recortes/train/taxi_recorte_train_0183.jpg,/home/irar/Escritorio/ProyectoTaxiDetector/dataset/positivos/recortes/augmented/taxi_recorte_aug_02387.jpg
2388,taxi_recorte_train_0541.jpg,taxi_recorte_aug_02388.jpg,/home/irar/Escritorio/ProyectoTaxiDetector/dataset/positivos/recortes/train/taxi_recorte_train_0541.jpg,/home/irar/Escritorio/ProyectoTaxiDetector/dataset/positivos/recortes/augmented/taxi_recorte_aug_02388.jpg
2389,taxi_recorte_train_0011.jpg,taxi_recorte_aug_02389.jpg,/home/irar/Escritorio/ProyectoTaxiDetector/dataset/positivos/recortes/train/taxi_recorte_train_0011.jpg,/home/irar/Escritorio/ProyectoTaxiDetector/dataset/positivos/recortes/augmented/taxi_recorte_aug_02389.jpg
2390,taxi_recorte_train_0075.jpg,taxi_recorte_aug_02390.jpg,/home/irar/Escritorio/ProyectoTaxiDetector/dataset/positivos/recortes/train/taxi_recorte_train_0075.jpg,/home/irar/Escritorio/ProyectoTaxiDetector/dataset/positivos/recortes/augmented/taxi_recorte_aug_02390.jpg
2391,taxi_recorte_train_0346.jpg,taxi_recorte_aug_02391.jpg,/home/irar/Escritorio/ProyectoTaxiDetector/dataset/positivos/recortes/train/taxi_recorte_train_0346.jpg,/home/irar/Escritorio/ProyectoTaxiDetector/dataset/positivos/recortes/augmented/taxi_recorte_aug_02391.jpg
2392,taxi_recorte_train_0490.jpg,taxi_recorte_aug_02392.jpg,/home/irar/Escritorio/ProyectoTaxiDetector/dataset/positivos/recortes/train/taxi_recorte_train_0490.jpg,/home/irar/Escritorio/ProyectoTaxiDetector/dataset/positivos/recortes/augmented/taxi_recorte_aug_02392.jpg
2393,taxi_recorte_train_0375.jpg,taxi_recorte_aug_02393.jpg,/home/irar/Escritorio/ProyectoTaxiDetector/dataset/positivos/recortes/train/taxi_recorte_train_0375.jpg,/home/irar/Escritorio/ProyectoTaxiDetector/dataset/positivos/recortes/augmented/taxi_recorte_aug_02393.jpg
2394,taxi_recorte_train_0305.jpg,taxi_recorte_aug_02394.jpg,/home/irar/Escritorio/ProyectoTaxiDetector/dataset/positivos/recortes/train/taxi_recorte_train_0305.jpg,/home/irar/Escritorio/ProyectoTaxiDetector/dataset/positivos/recortes/augmented/taxi_recorte_aug_02394.jpg
2395,taxi_recorte_train_0210.jpg,taxi_recorte_aug_02395.jpg,/home/irar/Escritorio/ProyectoTaxiDetector/dataset/positivos/recortes/train/taxi_recorte_train_0210.jpg,/home/irar/Escritorio/ProyectoTaxiDetector/dataset/positivos/recortes/augmented/taxi_recorte_aug_02395.jpg
2396,taxi_recorte_train_0513.jpg,taxi_recorte_aug_02396.jpg,/home/irar/Escritorio/ProyectoTaxiDetector/dataset/positivos/recortes/train/taxi_recorte_train_0513.jpg,/home/irar/Escritorio/ProyectoTaxiDetector/dataset/positivos/recortes/augmented/taxi_recorte_aug_02396.jpg
2397,taxi_recorte_train_0279.jpg,taxi_recorte_aug_02397.jpg,/home/irar/Escritorio/ProyectoTaxiDetector/dataset/positivos/recortes/train/taxi_recorte_train_0279.jpg,/home/irar/Escritorio/ProyectoTaxiDetector/dataset/positivos/recortes/augmented/taxi_recorte_aug_02397.jpg
2398,taxi_recorte_train_0140.jpg,taxi_recorte_aug_02398.jpg,/home/irar/Escritorio/ProyectoTaxiDetector/dataset/positivos/recortes/train/taxi_recorte_train_0140.jpg,/home/irar/Escritorio/ProyectoTaxiDetector/dataset/positivos/recortes/augmented/taxi_recorte_aug_02398.jpg
2399,taxi_recorte_train_0333.jpg,taxi_recorte_aug_02399.jpg,/home/irar/Escritorio/ProyectoTaxiDetector/dataset/positivos/recortes/train/taxi_recorte_train_0333.jpg,/home/irar/Escritorio/ProyectoTaxiDetector/dataset/positivos/recortes/augmented/taxi_recorte_aug_02399.jpg
2400,taxi_recorte_train_0365.jpg,taxi_recorte_aug_02400.jpg,/home/irar/Escritorio/ProyectoTaxiDetector/dataset/positivos/recortes/train/taxi_recorte_train_0365.jpg,/home/irar/Escritorio/ProyectoTaxiDetector/dataset/positivos/recortes/augmented/taxi_recorte_aug_02400.jpg
2401,taxi_recorte_train_0268.jpg,taxi_recorte_aug_02401.jpg,/home/irar/Escritorio/ProyectoTaxiDetector/dataset/positivos/recortes/train/taxi_recorte_train_0268.jpg,/home/irar/Escritorio/ProyectoTaxiDetector/dataset/positivos/recortes/augmented/taxi_recorte_aug_02401.jpg
2402,taxi_recorte_train_0291.jpg,taxi_recorte_aug_02402.jpg,/home/irar/Escritorio/ProyectoTaxiDetector/dataset/positivos/recortes/train/taxi_recorte_train_0291.jpg,/home/irar/Escritorio/ProyectoTaxiDetector/dataset/positivos/recortes/augmented/taxi_recorte_aug_02402.jpg
2403,taxi_recorte_train_0267.jpg,taxi_recorte_aug_02403.jpg,/home/irar/Escritorio/ProyectoTaxiDetector/dataset/positivos/recortes/train/taxi_recorte_train_0267.jpg,/home/irar/Escritorio/ProyectoTaxiDetector/dataset/positivos/recortes/augmented/taxi_recorte_aug_02403.jpg
2404,taxi_recorte_train_0185.jpg,taxi_recorte_aug_02404.jpg,/home/irar/Escritorio/ProyectoTaxiDetector/dataset/positivos/recortes/train/taxi_recorte_train_0185.jpg,/home/irar/Escritorio/ProyectoTaxiDetector/dataset/positivos/recortes/augmented/taxi_recorte_aug_02404.jpg
2405,taxi_recorte_train_0204.jpg,taxi_recorte_aug_02405.jpg,/home/irar/Escritorio/ProyectoTaxiDetector/dataset/positivos/recortes/train/taxi_recorte_train_0204.jpg,/home/irar/Escritorio/ProyectoTaxiDetector/dataset/positivos/recortes/augmented/taxi_recorte_aug_02405.jpg
2406,taxi_recorte_train_0341.jpg,taxi_recorte_aug_02406.jpg,/home/irar/Escritorio/ProyectoTaxiDetector/dataset/positivos/recortes/train/taxi_recorte_train_0341.jpg,/home/irar/Escritorio/ProyectoTaxiDetector/dataset/positivos/recortes/augmented/taxi_recorte_aug_02406.jpg
2407,taxi_recorte_train_0090.jpg,taxi_recorte_aug_02407.jpg,/home/irar/Escritorio/ProyectoTaxiDetector/dataset/positivos/recortes/train/taxi_recorte_train_0090.jpg,/home/irar/Escritorio/ProyectoTaxiDetector/dataset/positivos/recortes/augmented/taxi_recorte_aug_02407.jpg
2408,taxi_recorte_train_0123.jpg,taxi_recorte_aug_02408.jpg,/home/irar/Escritorio/ProyectoTaxiDetector/dataset/positivos/recortes/train/taxi_recorte_train_0123.jpg,/home/irar/Escritorio/ProyectoTaxiDetector/dataset/positivos/recortes/augmented/taxi_recorte_aug_02408.jpg
2409,taxi_recorte_train_0389.jpg,taxi_recorte_aug_02409.jpg,/home/irar/Escritorio/ProyectoTaxiDetector/dataset/positivos/recortes/train/taxi_recorte_train_0389.jpg,/home/irar/Escritorio/ProyectoTaxiDetector/dataset/positivos/recortes/augmented/taxi_recorte_aug_02409.jpg
2410,taxi_recorte_train_0441.jpg,taxi_recorte_aug_02410.jpg,/home/irar/Escritorio/ProyectoTaxiDetector/dataset/positivos/recortes/train/taxi_recorte_train_0441.jpg,/home/irar/Escritorio/ProyectoTaxiDetector/dataset/positivos/recortes/augmented/taxi_recorte_aug_02410.jpg
2411,taxi_recorte_train_0252.jpg,taxi_recorte_aug_02411.jpg,/home/irar/Escritorio/ProyectoTaxiDetector/dataset/positivos/recortes/train/taxi_recorte_train_0252.jpg,/home/irar/Escritorio/ProyectoTaxiDetector/dataset/positivos/recortes/augmented/taxi_recorte_aug_02411.jpg
2412,taxi_recorte_train_0418.jpg,taxi_recorte_aug_02412.jpg,/home/irar/Escritorio/ProyectoTaxiDetector/dataset/positivos/recortes/train/taxi_recorte_train_0418.jpg,/home/irar/Escritorio/ProyectoTaxiDetector/dataset/positivos/recortes/augmented/taxi_recorte_aug_02412.jpg
2413,taxi_recorte_train_0054.jpg,taxi_recorte_aug_02413.jpg,/home/irar/Escritorio/ProyectoTaxiDetector/dataset/positivos/recortes/train/taxi_recorte_train_0054.jpg,/home/irar/Escritorio/ProyectoTaxiDetector/dataset/positivos/recortes/augmented/taxi_recorte_aug_02413.jpg
2414,taxi_recorte_train_0374.jpg,taxi_recorte_aug_02414.jpg,/home/irar/Escritorio/ProyectoTaxiDetector/dataset/positivos/recortes/train/taxi_recorte_train_0374.jpg,/home/irar/Escritorio/ProyectoTaxiDetector/dataset/positivos/recortes/augmented/taxi_recorte_aug_02414.jpg
2415,taxi_recorte_train_0330.jpg,taxi_recorte_aug_02415.jpg,/home/irar/Escritorio/ProyectoTaxiDetector/dataset/positivos/recortes/train/taxi_recorte_train_0330.jpg,/home/irar/Escritorio/ProyectoTaxiDetector/dataset/positivos/recortes/augmented/taxi_recorte_aug_02415.jpg
2416,taxi_recorte_train_0367.jpg,taxi_recorte_aug_02416.jpg,/home/irar/Escritorio/ProyectoTaxiDetector/dataset/positivos/recortes/train/taxi_recorte_train_0367.jpg,/home/irar/Escritorio/ProyectoTaxiDetector/dataset/positivos/recortes/augmented/taxi_recorte_aug_02416.jpg
2417,taxi_recorte_train_0428.jpg,taxi_recorte_aug_02417.jpg,/home/irar/Escritorio/ProyectoTaxiDetector/dataset/positivos/recortes/train/taxi_recorte_train_0428.jpg,/home/irar/Escritorio/ProyectoTaxiDetector/dataset/positivos/recortes/augmented/taxi_recorte_aug_02417.jpg
2418,taxi_recorte_train_0285.jpg,taxi_recorte_aug_02418.jpg,/home/irar/Escritorio/ProyectoTaxiDetector/dataset/positivos/recortes/train/taxi_recorte_train_0285.jpg,/home/irar/Escritorio/ProyectoTaxiDetector/dataset/positivos/recortes/augmented/taxi_recorte_aug_02418.jpg
2419,taxi_recorte_train_0058.jpg,taxi_recorte_aug_02419.jpg,/home/irar/Escritorio/ProyectoTaxiDetector/dataset/positivos/recortes/train/taxi_recorte_train_0058.jpg,/home/irar/Escritorio/ProyectoTaxiDetector/dataset/positivos/recortes/augmented/taxi_recorte_aug_02419.jpg
2420,taxi_recorte_train_0398.jpg,taxi_recorte_aug_02420.jpg,/home/irar/Escritorio/ProyectoTaxiDetector/dataset/positivos/recortes/train/taxi_recorte_train_0398.jpg,/home/irar/Escritorio/ProyectoTaxiDetector/dataset/positivos/recortes/augmented/taxi_recorte_aug_02420.jpg
2421,taxi_recorte_train_0538.jpg,taxi_recorte_aug_02421.jpg,/home/irar/Escritorio/ProyectoTaxiDetector/dataset/positivos/recortes/train/taxi_recorte_train_0538.jpg,/home/irar/Escritorio/ProyectoTaxiDetector/dataset/positivos/recortes/augmented/taxi_recorte_aug_02421.jpg
2422,taxi_recorte_train_0339.jpg,taxi_recorte_aug_02422.jpg,/home/irar/Escritorio/ProyectoTaxiDetector/dataset/positivos/recortes/train/taxi_recorte_train_0339.jpg,/home/irar/Escritorio/ProyectoTaxiDetector/dataset/positivos/recortes/augmented/taxi_recorte_aug_02422.jpg
2423,taxi_recorte_train_0510.jpg,taxi_recorte_aug_02423.jpg,/home/irar/Escritorio/ProyectoTaxiDetector/dataset/positivos/recortes/train/taxi_recorte_train_0510.jpg,/home/irar/Escritorio/ProyectoTaxiDetector/dataset/positivos/recortes/augmented/taxi_recorte_aug_02423.jpg
2424,taxi_recorte_train_0287.jpg,taxi_recorte_aug_02424.jpg,/home/irar/Escritorio/ProyectoTaxiDetector/dataset/positivos/recortes/train/taxi_recorte_train_0287.jpg,/home/irar/Escritorio/ProyectoTaxiDetector/dataset/positivos/recortes/augmented/taxi_recorte_aug_02424.jpg
2425,taxi_recorte_train_0336.jpg,taxi_recorte_aug_02425.jpg,/home/irar/Escritorio/ProyectoTaxiDetector/dataset/positivos/recortes/train/taxi_recorte_train_0336.jpg,/home/irar/Escritorio/ProyectoTaxiDetector/dataset/positivos/recortes/augmented/taxi_recorte_aug_02425.jpg
2426,taxi_recorte_train_0377.jpg,taxi_recorte_aug_02426.jpg,/home/irar/Escritorio/ProyectoTaxiDetector/dataset/positivos/recortes/train/taxi_recorte_train_0377.jpg,/home/irar/Escritorio/ProyectoTaxiDetector/dataset/positivos/recortes/augmented/taxi_recorte_aug_02426.jpg
2427,taxi_recorte_train_0157.jpg,taxi_recorte_aug_02427.jpg,/home/irar/Escritorio/ProyectoTaxiDetector/dataset/positivos/recortes/train/taxi_recorte_train_0157.jpg,/home/irar/Escritorio/ProyectoTaxiDetector/dataset/positivos/recortes/augmented/taxi_recorte_aug_02427.jpg
2428,taxi_recorte_train_0290.jpg,taxi_recorte_aug_02428.jpg,/home/irar/Escritorio/ProyectoTaxiDetector/dataset/positivos/recortes/train/taxi_recorte_train_0290.jpg,/home/irar/Escritorio/ProyectoTaxiDetector/dataset/positivos/recortes/augmented/taxi_recorte_aug_02428.jpg
2429,taxi_recorte_train_0182.jpg,taxi_recorte_aug_02429.jpg,/home/irar/Escritorio/ProyectoTaxiDetector/dataset/positivos/recortes/train/taxi_recorte_train_0182.jpg,/home/irar/Escritorio/ProyectoTaxiDetector/dataset/positivos/recortes/augmented/taxi_recorte_aug_02429.jpg
2430,taxi_recorte_train_0176.jpg,taxi_recorte_aug_02430.jpg,/home/irar/Escritorio/ProyectoTaxiDetector/dataset/positivos/recortes/train/taxi_recorte_train_0176.jpg,/home/irar/Escritorio/ProyectoTaxiDetector/dataset/positivos/recortes/augmented/taxi_recorte_aug_02430.jpg
2431,taxi_recorte_train_0236.jpg,taxi_recorte_aug_02431.jpg,/home/irar/Escritorio/ProyectoTaxiDetector/dataset/positivos/recortes/train/taxi_recorte_train_0236.jpg,/home/irar/Escritorio/ProyectoTaxiDetector/dataset/positivos/recortes/augmented/taxi_recorte_aug_02431.jpg
2432,taxi_recorte_train_0530.jpg,taxi_recorte_aug_02432.jpg,/home/irar/Escritorio/ProyectoTaxiDetector/dataset/positivos/recortes/train/taxi_recorte_train_0530.jpg,/home/irar/Escritorio/ProyectoTaxiDetector/dataset/positivos/recortes/augmented/taxi_recorte_aug_02432.jpg
2433,taxi_recorte_train_0276.jpg,taxi_recorte_aug_02433.jpg,/home/irar/Escritorio/ProyectoTaxiDetector/dataset/positivos/recortes/train/taxi_recorte_train_0276.jpg,/home/irar/Escritorio/ProyectoTaxiDetector/dataset/positivos/recortes/augmented/taxi_recorte_aug_02433.jpg
2434,taxi_recorte_train_0193.jpg,taxi_recorte_aug_02434.jpg,/home/irar/Escritorio/ProyectoTaxiDetector/dataset/positivos/recortes/train/taxi_recorte_train_0193.jpg,/home/irar/Escritorio/ProyectoTaxiDetector/dataset/positivos/recortes/augmented/taxi_recorte_aug_02434.jpg
2435,taxi_recorte_train_0245.jpg,taxi_recorte_aug_02435.jpg,/home/irar/Escritorio/ProyectoTaxiDetector/dataset/positivos/recortes/train/taxi_recorte_train_0245.jpg,/home/irar/Escritorio/ProyectoTaxiDetector/dataset/positivos/recortes/augmented/taxi_recorte_aug_02435.jpg
2436,taxi_recorte_train_0167.jpg,taxi_recorte_aug_02436.jpg,/home/irar/Escritorio/ProyectoTaxiDetector/dataset/positivos/recortes/train/taxi_recorte_train_0167.jpg,/home/irar/Escritorio/ProyectoTaxiDetector/dataset/positivos/recortes/augmented/taxi_recorte_aug_02436.jpg
2437,taxi_recorte_train_0107.jpg,taxi_recorte_aug_02437.jpg,/home/irar/Escritorio/ProyectoTaxiDetector/dataset/positivos/recortes/train/taxi_recorte_train_0107.jpg,/home/irar/Escritorio/ProyectoTaxiDetector/dataset/positivos/recortes/augmented/taxi_recorte_aug_02437.jpg
2438,taxi_recorte_train_0318.jpg,taxi_recorte_aug_02438.jpg,/home/irar/Escritorio/ProyectoTaxiDetector/dataset/positivos/recortes/train/taxi_recorte_train_0318.jpg,/home/irar/Escritorio/ProyectoTaxiDetector/dataset/positivos/recortes/augmented/taxi_recorte_aug_02438.jpg
2439,taxi_recorte_train_0499.jpg,taxi_recorte_aug_02439.jpg,/home/irar/Escritorio/ProyectoTaxiDetector/dataset/positivos/recortes/train/taxi_recorte_train_0499.jpg,/home/irar/Escritorio/ProyectoTaxiDetector/dataset/positivos/recortes/augmented/taxi_recorte_aug_02439.jpg
2440,taxi_recorte_train_0032.jpg,taxi_recorte_aug_02440.jpg,/home/irar/Escritorio/ProyectoTaxiDetector/dataset/positivos/recortes/train/taxi_recorte_train_0032.jpg,/home/irar/Escritorio/ProyectoTaxiDetector/dataset/positivos/recortes/augmented/taxi_recorte_aug_02440.jpg
2441,taxi_recorte_train_0242.jpg,taxi_recorte_aug_02441.jpg,/home/irar/Escritorio/ProyectoTaxiDetector/dataset/positivos/recortes/train/taxi_recorte_train_0242.jpg,/home/irar/Escritorio/ProyectoTaxiDetector/dataset/positivos/recortes/augmented/taxi_recorte_aug_02441.jpg
2442,taxi_recorte_train_0542.jpg,taxi_recorte_aug_02442.jpg,/home/irar/Escritorio/ProyectoTaxiDetector/dataset/positivos/recortes/train/taxi_recorte_train_0542.jpg,/home/irar/Escritorio/ProyectoTaxiDetector/dataset/positivos/recortes/augmented/taxi_recorte_aug_02442.jpg
2443,taxi_recorte_train_0211.jpg,taxi_recorte_aug_02443.jpg,/home/irar/Escritorio/ProyectoTaxiDetector/dataset/positivos/recortes/train/taxi_recorte_train_0211.jpg,/home/irar/Escritorio/ProyectoTaxiDetector/dataset/positivos/recortes/augmented/taxi_recorte_aug_02443.jpg
2444,taxi_recorte_train_0511.jpg,taxi_recorte_aug_02444.jpg,/home/irar/Escritorio/ProyectoTaxiDetector/dataset/positivos/recortes/train/taxi_recorte_train_0511.jpg,/home/irar/Escritorio/ProyectoTaxiDetector/dataset/positivos/recortes/augmented/taxi_recorte_aug_02444.jpg
2445,taxi_recorte_train_0212.jpg,taxi_recorte_aug_02445.jpg,/home/irar/Escritorio/ProyectoTaxiDetector/dataset/positivos/recortes/train/taxi_recorte_train_0212.jpg,/home/irar/Escritorio/ProyectoTaxiDetector/dataset/positivos/recortes/augmented/taxi_recorte_aug_02445.jpg
2446,taxi_recorte_train_0078.jpg,taxi_recorte_aug_02446.jpg,/home/irar/Escritorio/ProyectoTaxiDetector/dataset/positivos/recortes/train/taxi_recorte_train_0078.jpg,/home/irar/Escritorio/ProyectoTaxiDetector/dataset/positivos/recortes/augmented/taxi_recorte_aug_02446.jpg
2447,taxi_recorte_train_0397.jpg,taxi_recorte_aug_02447.jpg,/home/irar/Escritorio/ProyectoTaxiDetector/dataset/positivos/recortes/train/taxi_recorte_train_0397.jpg,/home/irar/Escritorio/ProyectoTaxiDetector/dataset/positivos/recortes/augmented/taxi_recorte_aug_02447.jpg
2448,taxi_recorte_train_0391.jpg,taxi_recorte_aug_02448.jpg,/home/irar/Escritorio/ProyectoTaxiDetector/dataset/positivos/recortes/train/taxi_recorte_train_0391.jpg,/home/irar/Escritorio/ProyectoTaxiDetector/dataset/positivos/recortes/augmented/taxi_recorte_aug_02448.jpg
2449,taxi_recorte_train_0430.jpg,taxi_recorte_aug_02449.jpg,/home/irar/Escritorio/ProyectoTaxiDetector/dataset/positivos/recortes/train/taxi_recorte_train_0430.jpg,/home/irar/Escritorio/ProyectoTaxiDetector/dataset/positivos/recortes/augmented/taxi_recorte_aug_02449.jpg
2450,taxi_recorte_train_0010.jpg,taxi_recorte_aug_02450.jpg,/home/irar/Escritorio/ProyectoTaxiDetector/dataset/positivos/recortes/train/taxi_recorte_train_0010.jpg,/home/irar/Escritorio/ProyectoTaxiDetector/dataset/positivos/recortes/augmented/taxi_recorte_aug_02450.jpg
2451,taxi_recorte_train_0415.jpg,taxi_recorte_aug_02451.jpg,/home/irar/Escritorio/ProyectoTaxiDetector/dataset/positivos/recortes/train/taxi_recorte_train_0415.jpg,/home/irar/Escritorio/ProyectoTaxiDetector/dataset/positivos/recortes/augmented/taxi_recorte_aug_02451.jpg
2452,taxi_recorte_train_0295.jpg,taxi_recorte_aug_02452.jpg,/home/irar/Escritorio/ProyectoTaxiDetector/dataset/positivos/recortes/train/taxi_recorte_train_0295.jpg,/home/irar/Escritorio/ProyectoTaxiDetector/dataset/positivos/recortes/augmented/taxi_recorte_aug_02452.jpg
2453,taxi_recorte_train_0017.jpg,taxi_recorte_aug_02453.jpg,/home/irar/Escritorio/ProyectoTaxiDetector/dataset/positivos/recortes/train/taxi_recorte_train_0017.jpg,/home/irar/Escritorio/ProyectoTaxiDetector/dataset/positivos/recortes/augmented/taxi_recorte_aug_02453.jpg
2454,taxi_recorte_train_0540.jpg,taxi_recorte_aug_02454.jpg,/home/irar/Escritorio/ProyectoTaxiDetector/dataset/positivos/recortes/train/taxi_recorte_train_0540.jpg,/home/irar/Escritorio/ProyectoTaxiDetector/dataset/positivos/recortes/augmented/taxi_recorte_aug_02454.jpg
2455,taxi_recorte_train_0520.jpg,taxi_recorte_aug_02455.jpg,/home/irar/Escritorio/ProyectoTaxiDetector/dataset/positivos/recortes/train/taxi_recorte_train_0520.jpg,/home/irar/Escritorio/ProyectoTaxiDetector/dataset/positivos/recortes/augmented/taxi_recorte_aug_02455.jpg
2456,taxi_recorte_train_0195.jpg,taxi_recorte_aug_02456.jpg,/home/irar/Escritorio/ProyectoTaxiDetector/dataset/positivos/recortes/train/taxi_recorte_train_0195.jpg,/home/irar/Escritorio/ProyectoTaxiDetector/dataset/positivos/recortes/augmented/taxi_recorte_aug_02456.jpg
2457,taxi_recorte_train_0269.jpg,taxi_recorte_aug_02457.jpg,/home/irar/Escritorio/ProyectoTaxiDetector/dataset/positivos/recortes/train/taxi_recorte_train_0269.jpg,/home/irar/Escritorio/ProyectoTaxiDetector/dataset/positivos/recortes/augmented/taxi_recorte_aug_02457.jpg
2458,taxi_recorte_train_0475.jpg,taxi_recorte_aug_02458.jpg,/home/irar/Escritorio/ProyectoTaxiDetector/dataset/positivos/recortes/train/taxi_recorte_train_0475.jpg,/home/irar/Escritorio/ProyectoTaxiDetector/dataset/positivos/recortes/augmented/taxi_recorte_aug_02458.jpg
2459,taxi_recorte_train_0246.jpg,taxi_recorte_aug_02459.jpg,/home/irar/Escritorio/ProyectoTaxiDetector/dataset/positivos/recortes/train/taxi_recorte_train_0246.jpg,/home/irar/Escritorio/ProyectoTaxiDetector/dataset/positivos/recortes/augmented/taxi_recorte_aug_02459.jpg
2460,taxi_recorte_train_0433.jpg,taxi_recorte_aug_02460.jpg,/home/irar/Escritorio/ProyectoTaxiDetector/dataset/positivos/recortes/train/taxi_recorte_train_0433.jpg,/home/irar/Escritorio/ProyectoTaxiDetector/dataset/positivos/recortes/augmented/taxi_recorte_aug_02460.jpg
2461,taxi_recorte_train_0117.jpg,taxi_recorte_aug_02461.jpg,/home/irar/Escritorio/ProyectoTaxiDetector/dataset/positivos/recortes/train/taxi_recorte_train_0117.jpg,/home/irar/Escritorio/ProyectoTaxiDetector/dataset/positivos/recortes/augmented/taxi_recorte_aug_02461.jpg
2462,taxi_recorte_train_0359.jpg,taxi_recorte_aug_02462.jpg,/home/irar/Escritorio/ProyectoTaxiDetector/dataset/positivos/recortes/train/taxi_recorte_train_0359.jpg,/home/irar/Escritorio/ProyectoTaxiDetector/dataset/positivos/recortes/augmented/taxi_recorte_aug_02462.jpg
2463,taxi_recorte_train_0319.jpg,taxi_recorte_aug_02463.jpg,/home/irar/Escritorio/ProyectoTaxiDetector/dataset/positivos/recortes/train/taxi_recorte_train_0319.jpg,/home/irar/Escritorio/ProyectoTaxiDetector/dataset/positivos/recortes/augmented/taxi_recorte_aug_02463.jpg
2464,taxi_recorte_train_0014.jpg,taxi_recorte_aug_02464.jpg,/home/irar/Escritorio/ProyectoTaxiDetector/dataset/positivos/recortes/train/taxi_recorte_train_0014.jpg,/home/irar/Escritorio/ProyectoTaxiDetector/dataset/positivos/recortes/augmented/taxi_recorte_aug_02464.jpg
2465,taxi_recorte_train_0384.jpg,taxi_recorte_aug_02465.jpg,/home/irar/Escritorio/ProyectoTaxiDetector/dataset/positivos/recortes/train/taxi_recorte_train_0384.jpg,/home/irar/Escritorio/ProyectoTaxiDetector/dataset/positivos/recortes/augmented/taxi_recorte_aug_02465.jpg
2466,taxi_recorte_train_0452.jpg,taxi_recorte_aug_02466.jpg,/home/irar/Escritorio/ProyectoTaxiDetector/dataset/positivos/recortes/train/taxi_recorte_train_0452.jpg,/home/irar/Escritorio/ProyectoTaxiDetector/dataset/positivos/recortes/augmented/taxi_recorte_aug_02466.jpg
2467,taxi_recorte_train_0512.jpg,taxi_recorte_aug_02467.jpg,/home/irar/Escritorio/ProyectoTaxiDetector/dataset/positivos/recortes/train/taxi_recorte_train_0512.jpg,/home/irar/Escritorio/ProyectoTaxiDetector/dataset/positivos/recortes/augmented/taxi_recorte_aug_02467.jpg
2468,taxi_recorte_train_0170.jpg,taxi_recorte_aug_02468.jpg,/home/irar/Escritorio/ProyectoTaxiDetector/dataset/positivos/recortes/train/taxi_recorte_train_0170.jpg,/home/irar/Escritorio/ProyectoTaxiDetector/dataset/positivos/recortes/augmented/taxi_recorte_aug_02468.jpg
2469,taxi_recorte_train_0189.jpg,taxi_recorte_aug_02469.jpg,/home/irar/Escritorio/ProyectoTaxiDetector/dataset/positivos/recortes/train/taxi_recorte_train_0189.jpg,/home/irar/Escritorio/ProyectoTaxiDetector/dataset/positivos/recortes/augmented/taxi_recorte_aug_02469.jpg
2470,taxi_recorte_train_0009.jpg,taxi_recorte_aug_02470.jpg,/home/irar/Escritorio/ProyectoTaxiDetector/dataset/positivos/recortes/train/taxi_recorte_train_0009.jpg,/home/irar/Escritorio/ProyectoTaxiDetector/dataset/positivos/recortes/augmented/taxi_recorte_aug_02470.jpg
2471,taxi_recorte_train_0244.jpg,taxi_recorte_aug_02471.jpg,/home/irar/Escritorio/ProyectoTaxiDetector/dataset/positivos/recortes/train/taxi_recorte_train_0244.jpg,/home/irar/Escritorio/ProyectoTaxiDetector/dataset/positivos/recortes/augmented/taxi_recorte_aug_02471.jpg
2472,taxi_recorte_train_0308.jpg,taxi_recorte_aug_02472.jpg,/home/irar/Escritorio/ProyectoTaxiDetector/dataset/positivos/recortes/train/taxi_recorte_train_0308.jpg,/home/irar/Escritorio/ProyectoTaxiDetector/dataset/positivos/recortes/augmented/taxi_recorte_aug_02472.jpg
2473,taxi_recorte_train_0467.jpg,taxi_recorte_aug_02473.jpg,/home/irar/Escritorio/ProyectoTaxiDetector/dataset/positivos/recortes/train/taxi_recorte_train_0467.jpg,/home/irar/Escritorio/ProyectoTaxiDetector/dataset/positivos/recortes/augmented/taxi_recorte_aug_02473.jpg
2474,taxi_recorte_train_0251.jpg,taxi_recorte_aug_02474.jpg,/home/irar/Escritorio/ProyectoTaxiDetector/dataset/positivos/recortes/train/taxi_recorte_train_0251.jpg,/home/irar/Escritorio/ProyectoTaxiDetector/dataset/positivos/recortes/augmented/taxi_recorte_aug_02474.jpg
2475,taxi_recorte_train_0273.jpg,taxi_recorte_aug_02475.jpg,/home/irar/Escritorio/ProyectoTaxiDetector/dataset/positivos/recortes/train/taxi_recorte_train_0273.jpg,/home/irar/Escritorio/ProyectoTaxiDetector/dataset/positivos/recortes/augmented/taxi_recorte_aug_02475.jpg
2476,taxi_recorte_train_0327.jpg,taxi_recorte_aug_02476.jpg,/home/irar/Escritorio/ProyectoTaxiDetector/dataset/positivos/recortes/train/taxi_recorte_train_0327.jpg,/home/irar/Escritorio/ProyectoTaxiDetector/dataset/positivos/recortes/augmented/taxi_recorte_aug_02476.jpg
2477,taxi_recorte_train_0260.jpg,taxi_recorte_aug_02477.jpg,/home/irar/Escritorio/ProyectoTaxiDetector/dataset/positivos/recortes/train/taxi_recorte_train_0260.jpg,/home/irar/Escritorio/ProyectoTaxiDetector/dataset/positivos/recortes/augmented/taxi_recorte_aug_02477.jpg
2478,taxi_recorte_train_0469.jpg,taxi_recorte_aug_02478.jpg,/home/irar/Escritorio/ProyectoTaxiDetector/dataset/positivos/recortes/train/taxi_recorte_train_0469.jpg,/home/irar/Escritorio/ProyectoTaxiDetector/dataset/positivos/recortes/augmented/taxi_recorte_aug_02478.jpg
2479,taxi_recorte_train_0518.jpg,taxi_recorte_aug_02479.jpg,/home/irar/Escritorio/ProyectoTaxiDetector/dataset/positivos/recortes/train/taxi_recorte_train_0518.jpg,/home/irar/Escritorio/ProyectoTaxiDetector/dataset/positivos/recortes/augmented/taxi_recorte_aug_02479.jpg
2480,taxi_recorte_train_0154.jpg,taxi_recorte_aug_02480.jpg,/home/irar/Escritorio/ProyectoTaxiDetector/dataset/positivos/recortes/train/taxi_recorte_train_0154.jpg,/home/irar/Escritorio/ProyectoTaxiDetector/dataset/positivos/recortes/augmented/taxi_recorte_aug_02480.jpg
2481,taxi_recorte_train_0525.jpg,taxi_recorte_aug_02481.jpg,/home/irar/Escritorio/ProyectoTaxiDetector/dataset/positivos/recortes/train/taxi_recorte_train_0525.jpg,/home/irar/Escritorio/ProyectoTaxiDetector/dataset/positivos/recortes/augmented/taxi_recorte_aug_02481.jpg
2482,taxi_recorte_train_0084.jpg,taxi_recorte_aug_02482.jpg,/home/irar/Escritorio/ProyectoTaxiDetector/dataset/positivos/recortes/train/taxi_recorte_train_0084.jpg,/home/irar/Escritorio/ProyectoTaxiDetector/dataset/positivos/recortes/augmented/taxi_recorte_aug_02482.jpg
2483,taxi_recorte_train_0410.jpg,taxi_recorte_aug_02483.jpg,/home/irar/Escritorio/ProyectoTaxiDetector/dataset/positivos/recortes/train/taxi_recorte_train_0410.jpg,/home/irar/Escritorio/ProyectoTaxiDetector/dataset/positivos/recortes/augmented/taxi_recorte_aug_02483.jpg
2484,taxi_recorte_train_0394.jpg,taxi_recorte_aug_02484.jpg,/home/irar/Escritorio/ProyectoTaxiDetector/dataset/positivos/recortes/train/taxi_recorte_train_0394.jpg,/home/irar/Escritorio/ProyectoTaxiDetector/dataset/positivos/recortes/augmented/taxi_recorte_aug_02484.jpg
2485,taxi_recorte_train_0072.jpg,taxi_recorte_aug_02485.jpg,/home/irar/Escritorio/ProyectoTaxiDetector/dataset/positivos/recortes/train/taxi_recorte_train_0072.jpg,/home/irar/Escritorio/ProyectoTaxiDetector/dataset/positivos/recortes/augmented/taxi_recorte_aug_02485.jpg
2486,taxi_recorte_train_0387.jpg,taxi_recorte_aug_02486.jpg,/home/irar/Escritorio/ProyectoTaxiDetector/dataset/positivos/recortes/train/taxi_recorte_train_0387.jpg,/home/irar/Escritorio/ProyectoTaxiDetector/dataset/positivos/recortes/augmented/taxi_recorte_aug_02486.jpg
2487,taxi_recorte_train_0424.jpg,taxi_recorte_aug_02487.jpg,/home/irar/Escritorio/ProyectoTaxiDetector/dataset/positivos/recortes/train/taxi_recorte_train_0424.jpg,/home/irar/Escritorio/ProyectoTaxiDetector/dataset/positivos/recortes/augmented/taxi_recorte_aug_02487.jpg
2488,taxi_recorte_train_0077.jpg,taxi_recorte_aug_02488.jpg,/home/irar/Escritorio/ProyectoTaxiDetector/dataset/positivos/recortes/train/taxi_recorte_train_0077.jpg,/home/irar/Escritorio/ProyectoTaxiDetector/dataset/positivos/recortes/augmented/taxi_recorte_aug_02488.jpg
2489,taxi_recorte_train_0234.jpg,taxi_recorte_aug_02489.jpg,/home/irar/Escritorio/ProyectoTaxiDetector/dataset/positivos/recortes/train/taxi_recorte_train_0234.jpg,/home/irar/Escritorio/ProyectoTaxiDetector/dataset/positivos/recortes/augmented/taxi_recorte_aug_02489.jpg
2490,taxi_recorte_train_0497.jpg,taxi_recorte_aug_02490.jpg,/home/irar/Escritorio/ProyectoTaxiDetector/dataset/positivos/recortes/train/taxi_recorte_train_0497.jpg,/home/irar/Escritorio/ProyectoTaxiDetector/dataset/positivos/recortes/augmented/taxi_recorte_aug_02490.jpg
2491,taxi_recorte_train_0537.jpg,taxi_recorte_aug_02491.jpg,/home/irar/Escritorio/ProyectoTaxiDetector/dataset/positivos/recortes/train/taxi_recorte_train_0537.jpg,/home/irar/Escritorio/ProyectoTaxiDetector/dataset/positivos/recortes/augmented/taxi_recorte_aug_02491.jpg
2492,taxi_recorte_train_0171.jpg,taxi_recorte_aug_02492.jpg,/home/irar/Escritorio/ProyectoTaxiDetector/dataset/positivos/recortes/train/taxi_recorte_train_0171.jpg,/home/irar/Escritorio/ProyectoTaxiDetector/dataset/positivos/recortes/augmented/taxi_recorte_aug_02492.jpg
2493,taxi_recorte_train_0071.jpg,taxi_recorte_aug_02493.jpg,/home/irar/Escritorio/ProyectoTaxiDetector/dataset/positivos/recortes/train/taxi_recorte_train_0071.jpg,/home/irar/Escritorio/ProyectoTaxiDetector/dataset/positivos/recortes/augmented/taxi_recorte_aug_02493.jpg
2494,taxi_recorte_train_0020.jpg,taxi_recorte_aug_02494.jpg,/home/irar/Escritorio/ProyectoTaxiDetector/dataset/positivos/recortes/train/taxi_recorte_train_0020.jpg,/home/irar/Escritorio/ProyectoTaxiDetector/dataset/positivos/recortes/augmented/taxi_recorte_aug_02494.jpg
2495,taxi_recorte_train_0355.jpg,taxi_recorte_aug_02495.jpg,/home/irar/Escritorio/ProyectoTaxiDetector/dataset/positivos/recortes/train/taxi_recorte_train_0355.jpg,/home/irar/Escritorio/ProyectoTaxiDetector/dataset/positivos/recortes/augmented/taxi_recorte_aug_02495.jpg
2496,taxi_recorte_train_0021.jpg,taxi_recorte_aug_02496.jpg,/home/irar/Escritorio/ProyectoTaxiDetector/dataset/positivos/recortes/train/taxi_recorte_train_0021.jpg,/home/irar/Escritorio/ProyectoTaxiDetector/dataset/positivos/recortes/augmented/taxi_recorte_aug_02496.jpg
2497,taxi_recorte_train_0257.jpg,taxi_recorte_aug_02497.jpg,/home/irar/Escritorio/ProyectoTaxiDetector/dataset/positivos/recortes/train/taxi_recorte_train_0257.jpg,/home/irar/Escritorio/ProyectoTaxiDetector/dataset/positivos/recortes/augmented/taxi_recorte_aug_02497.jpg
2498,taxi_recorte_train_0354.jpg,taxi_recorte_aug_02498.jpg,/home/irar/Escritorio/ProyectoTaxiDetector/dataset/positivos/recortes/train/taxi_recorte_train_0354.jpg,/home/irar/Escritorio/ProyectoTaxiDetector/dataset/positivos/recortes/augmented/taxi_recorte_aug_02498.jpg
2499,taxi_recorte_train_0261.jpg,taxi_recorte_aug_02499.jpg,/home/irar/Escritorio/ProyectoTaxiDetector/dataset/positivos/recortes/train/taxi_recorte_train_0261.jpg,/home/irar/Escritorio/ProyectoTaxiDetector/dataset/positivos/recortes/augmented/taxi_recorte_aug_02499.jpg
2500,taxi_recorte_train_0309.jpg,taxi_recorte_aug_02500.jpg,/home/irar/Escritorio/ProyectoTaxiDetector/dataset/positivos/recortes/train/taxi_recorte_train_0309.jpg,/home/irar/Escritorio/ProyectoTaxiDetector/dataset/positivos/recortes/augmented/taxi_recorte_aug_02500.jpg
2501,taxi_recorte_train_0102.jpg,taxi_recorte_aug_02501.jpg,/home/irar/Escritorio/ProyectoTaxiDetector/dataset/positivos/recortes/train/taxi_recorte_train_0102.jpg,/home/irar/Escritorio/ProyectoTaxiDetector/dataset/positivos/recortes/augmented/taxi_recorte_aug_02501.jpg
2502,taxi_recorte_train_0465.jpg,taxi_recorte_aug_02502.jpg,/home/irar/Escritorio/ProyectoTaxiDetector/dataset/positivos/recortes/train/taxi_recorte_train_0465.jpg,/home/irar/Escritorio/ProyectoTaxiDetector/dataset/positivos/recortes/augmented/taxi_recorte_aug_02502.jpg
2503,taxi_recorte_train_0356.jpg,taxi_recorte_aug_02503.jpg,/home/irar/Escritorio/ProyectoTaxiDetector/dataset/positivos/recortes/train/taxi_recorte_train_0356.jpg,/home/irar/Escritorio/ProyectoTaxiDetector/dataset/positivos/recortes/augmented/taxi_recorte_aug_02503.jpg
2504,taxi_recorte_train_0286.jpg,taxi_recorte_aug_02504.jpg,/home/irar/Escritorio/ProyectoTaxiDetector/dataset/positivos/recortes/train/taxi_recorte_train_0286.jpg,/home/irar/Escritorio/ProyectoTaxiDetector/dataset/positivos/recortes/augmented/taxi_recorte_aug_02504.jpg
2505,taxi_recorte_train_0174.jpg,taxi_recorte_aug_02505.jpg,/home/irar/Escritorio/ProyectoTaxiDetector/dataset/positivos/recortes/train/taxi_recorte_train_0174.jpg,/home/irar/Escritorio/ProyectoTaxiDetector/dataset/positivos/recortes/augmented/taxi_recorte_aug_02505.jpg
2506,taxi_recorte_train_0192.jpg,taxi_recorte_aug_02506.jpg,/home/irar/Escritorio/ProyectoTaxiDetector/dataset/positivos/recortes/train/taxi_recorte_train_0192.jpg,/home/irar/Escritorio/ProyectoTaxiDetector/dataset/positivos/recortes/augmented/taxi_recorte_aug_02506.jpg
2507,taxi_recorte_train_0380.jpg,taxi_recorte_aug_02507.jpg,/home/irar/Escritorio/ProyectoTaxiDetector/dataset/positivos/recortes/train/taxi_recorte_train_0380.jpg,/home/irar/Escritorio/ProyectoTaxiDetector/dataset/positivos/recortes/augmented/taxi_recorte_aug_02507.jpg
2508,taxi_recorte_train_0402.jpg,taxi_recorte_aug_02508.jpg,/home/irar/Escritorio/ProyectoTaxiDetector/dataset/positivos/recortes/train/taxi_recorte_train_0402.jpg,/home/irar/Escritorio/ProyectoTaxiDetector/dataset/positivos/recortes/augmented/taxi_recorte_aug_02508.jpg
2509,taxi_recorte_train_0066.jpg,taxi_recorte_aug_02509.jpg,/home/irar/Escritorio/ProyectoTaxiDetector/dataset/positivos/recortes/train/taxi_recorte_train_0066.jpg,/home/irar/Escritorio/ProyectoTaxiDetector/dataset/positivos/recortes/augmented/taxi_recorte_aug_02509.jpg
2510,taxi_recorte_train_0061.jpg,taxi_recorte_aug_02510.jpg,/home/irar/Escritorio/ProyectoTaxiDetector/dataset/positivos/recortes/train/taxi_recorte_train_0061.jpg,/home/irar/Escritorio/ProyectoTaxiDetector/dataset/positivos/recortes/augmented/taxi_recorte_aug_02510.jpg
2511,taxi_recorte_train_0313.jpg,taxi_recorte_aug_02511.jpg,/home/irar/Escritorio/ProyectoTaxiDetector/dataset/positivos/recortes/train/taxi_recorte_train_0313.jpg,/home/irar/Escritorio/ProyectoTaxiDetector/dataset/positivos/recortes/augmented/taxi_recorte_aug_02511.jpg
2512,taxi_recorte_train_0473.jpg,taxi_recorte_aug_02512.jpg,/home/irar/Escritorio/ProyectoTaxiDetector/dataset/positivos/recortes/train/taxi_recorte_train_0473.jpg,/home/irar/Escritorio/ProyectoTaxiDetector/dataset/positivos/recortes/augmented/taxi_recorte_aug_02512.jpg
2513,taxi_recorte_train_0144.jpg,taxi_recorte_aug_02513.jpg,/home/irar/Escritorio/ProyectoTaxiDetector/dataset/positivos/recortes/train/taxi_recorte_train_0144.jpg,/home/irar/Escritorio/ProyectoTaxiDetector/dataset/positivos/recortes/augmented/taxi_recorte_aug_02513.jpg
2514,taxi_recorte_train_0282.jpg,taxi_recorte_aug_02514.jpg,/home/irar/Escritorio/ProyectoTaxiDetector/dataset/positivos/recortes/train/taxi_recorte_train_0282.jpg,/home/irar/Escritorio/ProyectoTaxiDetector/dataset/positivos/recortes/augmented/taxi_recorte_aug_02514.jpg
2515,taxi_recorte_train_0405.jpg,taxi_recorte_aug_02515.jpg,/home/irar/Escritorio/ProyectoTaxiDetector/dataset/positivos/recortes/train/taxi_recorte_train_0405.jpg,/home/irar/Escritorio/ProyectoTaxiDetector/dataset/positivos/recortes/augmented/taxi_recorte_aug_02515.jpg
2516,taxi_recorte_train_0379.jpg,taxi_recorte_aug_02516.jpg,/home/irar/Escritorio/ProyectoTaxiDetector/dataset/positivos/recortes/train/taxi_recorte_train_0379.jpg,/home/irar/Escritorio/ProyectoTaxiDetector/dataset/positivos/recortes/augmented/taxi_recorte_aug_02516.jpg
2517,taxi_recorte_train_0198.jpg,taxi_recorte_aug_02517.jpg,/home/irar/Escritorio/ProyectoTaxiDetector/dataset/positivos/recortes/train/taxi_recorte_train_0198.jpg,/home/irar/Escritorio/ProyectoTaxiDetector/dataset/positivos/recortes/augmented/taxi_recorte_aug_02517.jpg
2518,taxi_recorte_train_0494.jpg,taxi_recorte_aug_02518.jpg,/home/irar/Escritorio/ProyectoTaxiDetector/dataset/positivos/recortes/train/taxi_recorte_train_0494.jpg,/home/irar/Escritorio/ProyectoTaxiDetector/dataset/positivos/recortes/augmented/taxi_recorte_aug_02518.jpg
2519,taxi_recorte_train_0148.jpg,taxi_recorte_aug_02519.jpg,/home/irar/Escritorio/ProyectoTaxiDetector/dataset/positivos/recortes/train/taxi_recorte_train_0148.jpg,/home/irar/Escritorio/ProyectoTaxiDetector/dataset/positivos/recortes/augmented/taxi_recorte_aug_02519.jpg
2520,taxi_recorte_train_0284.jpg,taxi_recorte_aug_02520.jpg,/home/irar/Escritorio/ProyectoTaxiDetector/dataset/positivos/recortes/train/taxi_recorte_train_0284.jpg,/home/irar/Escritorio/ProyectoTaxiDetector/dataset/positivos/recortes/augmented/taxi_recorte_aug_02520.jpg
2521,taxi_recorte_train_0186.jpg,taxi_recorte_aug_02521.jpg,/home/irar/Escritorio/ProyectoTaxiDetector/dataset/positivos/recortes/train/taxi_recorte_train_0186.jpg,/home/irar/Escritorio/ProyectoTaxiDetector/dataset/positivos/recortes/augmented/taxi_recorte_aug_02521.jpg
2522,taxi_recorte_train_0100.jpg,taxi_recorte_aug_02522.jpg,/home/irar/Escritorio/ProyectoTaxiDetector/dataset/positivos/recortes/train/taxi_recorte_train_0100.jpg,/home/irar/Escritorio/ProyectoTaxiDetector/dataset/positivos/recortes/augmented/taxi_recorte_aug_02522.jpg
2523,taxi_recorte_train_0412.jpg,taxi_recorte_aug_02523.jpg,/home/irar/Escritorio/ProyectoTaxiDetector/dataset/positivos/recortes/train/taxi_recorte_train_0412.jpg,/home/irar/Escritorio/ProyectoTaxiDetector/dataset/positivos/recortes/augmented/taxi_recorte_aug_02523.jpg
2524,taxi_recorte_train_0292.jpg,taxi_recorte_aug_02524.jpg,/home/irar/Escritorio/ProyectoTaxiDetector/dataset/positivos/recortes/train/taxi_recorte_train_0292.jpg,/home/irar/Escritorio/ProyectoTaxiDetector/dataset/positivos/recortes/augmented/taxi_recorte_aug_02524.jpg
2525,taxi_recorte_train_0535.jpg,taxi_recorte_aug_02525.jpg,/home/irar/Escritorio/ProyectoTaxiDetector/dataset/positivos/recortes/train/taxi_recorte_train_0535.jpg,/home/irar/Escritorio/ProyectoTaxiDetector/dataset/positivos/recortes/augmented/taxi_recorte_aug_02525.jpg
2526,taxi_recorte_train_0539.jpg,taxi_recorte_aug_02526.jpg,/home/irar/Escritorio/ProyectoTaxiDetector/dataset/positivos/recortes/train/taxi_recorte_train_0539.jpg,/home/irar/Escritorio/ProyectoTaxiDetector/dataset/positivos/recortes/augmented/taxi_recorte_aug_02526.jpg
2527,taxi_recorte_train_0519.jpg,taxi_recorte_aug_02527.jpg,/home/irar/Escritorio/ProyectoTaxiDetector/dataset/positivos/recortes/train/taxi_recorte_train_0519.jpg,/home/irar/Escritorio/ProyectoTaxiDetector/dataset/positivos/recortes/augmented/taxi_recorte_aug_02527.jpg
2528,taxi_recorte_train_0358.jpg,taxi_recorte_aug_02528.jpg,/home/irar/Escritorio/ProyectoTaxiDetector/dataset/positivos/recortes/train/taxi_recorte_train_0358.jpg,/home/irar/Escritorio/ProyectoTaxiDetector/dataset/positivos/recortes/augmented/taxi_recorte_aug_02528.jpg
2529,taxi_recorte_train_0207.jpg,taxi_recorte_aug_02529.jpg,/home/irar/Escritorio/ProyectoTaxiDetector/dataset/positivos/recortes/train/taxi_recorte_train_0207.jpg,/home/irar/Escritorio/ProyectoTaxiDetector/dataset/positivos/recortes/augmented/taxi_recorte_aug_02529.jpg
2530,taxi_recorte_train_0188.jpg,taxi_recorte_aug_02530.jpg,/home/irar/Escritorio/ProyectoTaxiDetector/dataset/positivos/recortes/train/taxi_recorte_train_0188.jpg,/home/irar/Escritorio/ProyectoTaxiDetector/dataset/positivos/recortes/augmented/taxi_recorte_aug_02530.jpg
2531,taxi_recorte_train_0457.jpg,taxi_recorte_aug_02531.jpg,/home/irar/Escritorio/ProyectoTaxiDetector/dataset/positivos/recortes/train/taxi_recorte_train_0457.jpg,/home/irar/Escritorio/ProyectoTaxiDetector/dataset/positivos/recortes/augmented/taxi_recorte_aug_02531.jpg
2532,taxi_recorte_train_0069.jpg,taxi_recorte_aug_02532.jpg,/home/irar/Escritorio/ProyectoTaxiDetector/dataset/positivos/recortes/train/taxi_recorte_train_0069.jpg,/home/irar/Escritorio/ProyectoTaxiDetector/dataset/positivos/recortes/augmented/taxi_recorte_aug_02532.jpg
2533,taxi_recorte_train_0221.jpg,taxi_recorte_aug_02533.jpg,/home/irar/Escritorio/ProyectoTaxiDetector/dataset/positivos/recortes/train/taxi_recorte_train_0221.jpg,/home/irar/Escritorio/ProyectoTaxiDetector/dataset/positivos/recortes/augmented/taxi_recorte_aug_02533.jpg
2534,taxi_recorte_train_0056.jpg,taxi_recorte_aug_02534.jpg,/home/irar/Escritorio/ProyectoTaxiDetector/dataset/positivos/recortes/train/taxi_recorte_train_0056.jpg,/home/irar/Escritorio/ProyectoTaxiDetector/dataset/positivos/recortes/augmented/taxi_recorte_aug_02534.jpg
2535,taxi_recorte_train_0005.jpg,taxi_recorte_aug_02535.jpg,/home/irar/Escritorio/ProyectoTaxiDetector/dataset/positivos/recortes/train/taxi_recorte_train_0005.jpg,/home/irar/Escritorio/ProyectoTaxiDetector/dataset/positivos/recortes/augmented/taxi_recorte_aug_02535.jpg
2536,taxi_recorte_train_0275.jpg,taxi_recorte_aug_02536.jpg,/home/irar/Escritorio/ProyectoTaxiDetector/dataset/positivos/recortes/train/taxi_recorte_train_0275.jpg,/home/irar/Escritorio/ProyectoTaxiDetector/dataset/positivos/recortes/augmented/taxi_recorte_aug_02536.jpg
2537,taxi_recorte_train_0147.jpg,taxi_recorte_aug_02537.jpg,/home/irar/Escritorio/ProyectoTaxiDetector/dataset/positivos/recortes/train/taxi_recorte_train_0147.jpg,/home/irar/Escritorio/ProyectoTaxiDetector/dataset/positivos/recortes/augmented/taxi_recorte_aug_02537.jpg
2538,taxi_recorte_train_0241.jpg,taxi_recorte_aug_02538.jpg,/home/irar/Escritorio/ProyectoTaxiDetector/dataset/positivos/recortes/train/taxi_recorte_train_0241.jpg,/home/irar/Escritorio/ProyectoTaxiDetector/dataset/positivos/recortes/augmented/taxi_recorte_aug_02538.jpg
2539,taxi_recorte_train_0345.jpg,taxi_recorte_aug_02539.jpg,/home/irar/Escritorio/ProyectoTaxiDetector/dataset/positivos/recortes/train/taxi_recorte_train_0345.jpg,/home/irar/Escritorio/ProyectoTaxiDetector/dataset/positivos/recortes/augmented/taxi_recorte_aug_02539.jpg
2540,taxi_recorte_train_0335.jpg,taxi_recorte_aug_02540.jpg,/home/irar/Escritorio/ProyectoTaxiDetector/dataset/positivos/recortes/train/taxi_recorte_train_0335.jpg,/home/irar/Escritorio/ProyectoTaxiDetector/dataset/positivos/recortes/augmented/taxi_recorte_aug_02540.jpg
2541,taxi_recorte_train_0306.jpg,taxi_recorte_aug_02541.jpg,/home/irar/Escritorio/ProyectoTaxiDetector/dataset/positivos/recortes/train/taxi_recorte_train_0306.jpg,/home/irar/Escritorio/ProyectoTaxiDetector/dataset/positivos/recortes/augmented/taxi_recorte_aug_02541.jpg
2542,taxi_recorte_train_0254.jpg,taxi_recorte_aug_02542.jpg,/home/irar/Escritorio/ProyectoTaxiDetector/dataset/positivos/recortes/train/taxi_recorte_train_0254.jpg,/home/irar/Escritorio/ProyectoTaxiDetector/dataset/positivos/recortes/augmented/taxi_recorte_aug_02542.jpg
2543,taxi_recorte_train_0145.jpg,taxi_recorte_aug_02543.jpg,/home/irar/Escritorio/ProyectoTaxiDetector/dataset/positivos/recortes/train/taxi_recorte_train_0145.jpg,/home/irar/Escritorio/ProyectoTaxiDetector/dataset/positivos/recortes/augmented/taxi_recorte_aug_02543.jpg
2544,taxi_recorte_train_0401.jpg,taxi_recorte_aug_02544.jpg,/home/irar/Escritorio/ProyectoTaxiDetector/dataset/positivos/recortes/train/taxi_recorte_train_0401.jpg,/home/irar/Escritorio/ProyectoTaxiDetector/dataset/positivos/recortes/augmented/taxi_recorte_aug_02544.jpg
2545,taxi_recorte_train_0025.jpg,taxi_recorte_aug_02545.jpg,/home/irar/Escritorio/ProyectoTaxiDetector/dataset/positivos/recortes/train/taxi_recorte_train_0025.jpg,/home/irar/Escritorio/ProyectoTaxiDetector/dataset/positivos/recortes/augmented/taxi_recorte_aug_02545.jpg
2546,taxi_recorte_train_0181.jpg,taxi_recorte_aug_02546.jpg,/home/irar/Escritorio/ProyectoTaxiDetector/dataset/positivos/recortes/train/taxi_recorte_train_0181.jpg,/home/irar/Escritorio/ProyectoTaxiDetector/dataset/positivos/recortes/augmented/taxi_recorte_aug_02546.jpg
2547,taxi_recorte_train_0299.jpg,taxi_recorte_aug_02547.jpg,/home/irar/Escritorio/ProyectoTaxiDetector/dataset/positivos/recortes/train/taxi_recorte_train_0299.jpg,/home/irar/Escritorio/ProyectoTaxiDetector/dataset/positivos/recortes/augmented/taxi_recorte_aug_02547.jpg
2548,taxi_recorte_train_0111.jpg,taxi_recorte_aug_02548.jpg,/home/irar/Escritorio/ProyectoTaxiDetector/dataset/positivos/recortes/train/taxi_recorte_train_0111.jpg,/home/irar/Escritorio/ProyectoTaxiDetector/dataset/positivos/recortes/augmented/taxi_recorte_aug_02548.jpg
2549,taxi_recorte_train_0409.jpg,taxi_recorte_aug_02549.jpg,/home/irar/Escritorio/ProyectoTaxiDetector/dataset/positivos/recortes/train/taxi_recorte_train_0409.jpg,/home/irar/Escritorio/ProyectoTaxiDetector/dataset/positivos/recortes/augmented/taxi_recorte_aug_02549.jpg
2550,taxi_recorte_train_0235.jpg,taxi_recorte_aug_02550.jpg,/home/irar/Escritorio/ProyectoTaxiDetector/dataset/positivos/recortes/train/taxi_recorte_train_0235.jpg,/home/irar/Escritorio/ProyectoTaxiDetector/dataset/positivos/recortes/augmented/taxi_recorte_aug_02550.jpg
2551,taxi_recorte_train_0259.jpg,taxi_recorte_aug_02551.jpg,/home/irar/Escritorio/ProyectoTaxiDetector/dataset/positivos/recortes/train/taxi_recorte_train_0259.jpg,/home/irar/Escritorio/ProyectoTaxiDetector/dataset/positivos/recortes/augmented/taxi_recorte_aug_02551.jpg
2552,taxi_recorte_train_0202.jpg,taxi_recorte_aug_02552.jpg,/home/irar/Escritorio/ProyectoTaxiDetector/dataset/positivos/recortes/train/taxi_recorte_train_0202.jpg,/home/irar/Escritorio/ProyectoTaxiDetector/dataset/positivos/recortes/augmented/taxi_recorte_aug_02552.jpg
2553,taxi_recorte_train_0047.jpg,taxi_recorte_aug_02553.jpg,/home/irar/Escritorio/ProyectoTaxiDetector/dataset/positivos/recortes/train/taxi_recorte_train_0047.jpg,/home/irar/Escritorio/ProyectoTaxiDetector/dataset/positivos/recortes/augmented/taxi_recorte_aug_02553.jpg
2554,taxi_recorte_train_0012.jpg,taxi_recorte_aug_02554.jpg,/home/irar/Escritorio/ProyectoTaxiDetector/dataset/positivos/recortes/train/taxi_recorte_train_0012.jpg,/home/irar/Escritorio/ProyectoTaxiDetector/dataset/positivos/recortes/augmented/taxi_recorte_aug_02554.jpg
2555,taxi_recorte_train_0448.jpg,taxi_recorte_aug_02555.jpg,/home/irar/Escritorio/ProyectoTaxiDetector/dataset/positivos/recortes/train/taxi_recorte_train_0448.jpg,/home/irar/Escritorio/ProyectoTaxiDetector/dataset/positivos/recortes/augmented/taxi_recorte_aug_02555.jpg
2556,taxi_recorte_train_0158.jpg,taxi_recorte_aug_02556.jpg,/home/irar/Escritorio/ProyectoTaxiDetector/dataset/positivos/recortes/train/taxi_recorte_train_0158.jpg,/home/irar/Escritorio/ProyectoTaxiDetector/dataset/positivos/recortes/augmented/taxi_recorte_aug_02556.jpg
2557,taxi_recorte_train_0388.jpg,taxi_recorte_aug_02557.jpg,/home/irar/Escritorio/ProyectoTaxiDetector/dataset/positivos/recortes/train/taxi_recorte_train_0388.jpg,/home/irar/Escritorio/ProyectoTaxiDetector/dataset/positivos/recortes/augmented/taxi_recorte_aug_02557.jpg
2558,taxi_recorte_train_0240.jpg,taxi_recorte_aug_02558.jpg,/home/irar/Escritorio/ProyectoTaxiDetector/dataset/positivos/recortes/train/taxi_recorte_train_0240.jpg,/home/irar/Escritorio/ProyectoTaxiDetector/dataset/positivos/recortes/augmented/taxi_recorte_aug_02558.jpg
2559,taxi_recorte_train_0440.jpg,taxi_recorte_aug_02559.jpg,/home/irar/Escritorio/ProyectoTaxiDetector/dataset/positivos/recortes/train/taxi_recorte_train_0440.jpg,/home/irar/Escritorio/ProyectoTaxiDetector/dataset/positivos/recortes/augmented/taxi_recorte_aug_02559.jpg
2560,taxi_recorte_train_0256.jpg,taxi_recorte_aug_02560.jpg,/home/irar/Escritorio/ProyectoTaxiDetector/dataset/positivos/recortes/train/taxi_recorte_train_0256.jpg,/home/irar/Escritorio/ProyectoTaxiDetector/dataset/positivos/recortes/augmented/taxi_recorte_aug_02560.jpg
2561,taxi_recorte_train_0496.jpg,taxi_recorte_aug_02561.jpg,/home/irar/Escritorio/ProyectoTaxiDetector/dataset/positivos/recortes/train/taxi_recorte_train_0496.jpg,/home/irar/Escritorio/ProyectoTaxiDetector/dataset/positivos/recortes/augmented/taxi_recorte_aug_02561.jpg
2562,taxi_recorte_train_0098.jpg,taxi_recorte_aug_02562.jpg,/home/irar/Escritorio/ProyectoTaxiDetector/dataset/positivos/recortes/train/taxi_recorte_train_0098.jpg,/home/irar/Escritorio/ProyectoTaxiDetector/dataset/positivos/recortes/augmented/taxi_recorte_aug_02562.jpg
2563,taxi_recorte_train_0422.jpg,taxi_recorte_aug_02563.jpg,/home/irar/Escritorio/ProyectoTaxiDetector/dataset/positivos/recortes/train/taxi_recorte_train_0422.jpg,/home/irar/Escritorio/ProyectoTaxiDetector/dataset/positivos/recortes/augmented/taxi_recorte_aug_02563.jpg
2564,taxi_recorte_train_0534.jpg,taxi_recorte_aug_02564.jpg,/home/irar/Escritorio/ProyectoTaxiDetector/dataset/positivos/recortes/train/taxi_recorte_train_0534.jpg,/home/irar/Escritorio/ProyectoTaxiDetector/dataset/positivos/recortes/augmented/taxi_recorte_aug_02564.jpg
2565,taxi_recorte_train_0458.jpg,taxi_recorte_aug_02565.jpg,/home/irar/Escritorio/ProyectoTaxiDetector/dataset/positivos/recortes/train/taxi_recorte_train_0458.jpg,/home/irar/Escritorio/ProyectoTaxiDetector/dataset/positivos/recortes/augmented/taxi_recorte_aug_02565.jpg
2566,taxi_recorte_train_0168.jpg,taxi_recorte_aug_02566.jpg,/home/irar/Escritorio/ProyectoTaxiDetector/dataset/positivos/recortes/train/taxi_recorte_train_0168.jpg,/home/irar/Escritorio/ProyectoTaxiDetector/dataset/positivos/recortes/augmented/taxi_recorte_aug_02566.jpg
2567,taxi_recorte_train_0082.jpg,taxi_recorte_aug_02567.jpg,/home/irar/Escritorio/ProyectoTaxiDetector/dataset/positivos/recortes/train/taxi_recorte_train_0082.jpg,/home/irar/Escritorio/ProyectoTaxiDetector/dataset/positivos/recortes/augmented/taxi_recorte_aug_02567.jpg
2568,taxi_recorte_train_0128.jpg,taxi_recorte_aug_02568.jpg,/home/irar/Escritorio/ProyectoTaxiDetector/dataset/positivos/recortes/train/taxi_recorte_train_0128.jpg,/home/irar/Escritorio/ProyectoTaxiDetector/dataset/positivos/recortes/augmented/taxi_recorte_aug_02568.jpg
2569,taxi_recorte_train_0215.jpg,taxi_recorte_aug_02569.jpg,/home/irar/Escritorio/ProyectoTaxiDetector/dataset/positivos/recortes/train/taxi_recorte_train_0215.jpg,/home/irar/Escritorio/ProyectoTaxiDetector/dataset/positivos/recortes/augmented/taxi_recorte_aug_02569.jpg
2570,taxi_recorte_train_0316.jpg,taxi_recorte_aug_02570.jpg,/home/irar/Escritorio/ProyectoTaxiDetector/dataset/positivos/recortes/train/taxi_recorte_train_0316.jpg,/home/irar/Escritorio/ProyectoTaxiDetector/dataset/positivos/recortes/augmented/taxi_recorte_aug_02570.jpg
2571,taxi_recorte_train_0197.jpg,taxi_recorte_aug_02571.jpg,/home/irar/Escritorio/ProyectoTaxiDetector/dataset/positivos/recortes/train/taxi_recorte_train_0197.jpg,/home/irar/Escritorio/ProyectoTaxiDetector/dataset/positivos/recortes/augmented/taxi_recorte_aug_02571.jpg
2572,taxi_recorte_train_0445.jpg,taxi_recorte_aug_02572.jpg,/home/irar/Escritorio/ProyectoTaxiDetector/dataset/positivos/recortes/train/taxi_recorte_train_0445.jpg,/home/irar/Escritorio/ProyectoTaxiDetector/dataset/positivos/recortes/augmented/taxi_recorte_aug_02572.jpg
2573,taxi_recorte_train_0026.jpg,taxi_recorte_aug_02573.jpg,/home/irar/Escritorio/ProyectoTaxiDetector/dataset/positivos/recortes/train/taxi_recorte_train_0026.jpg,/home/irar/Escritorio/ProyectoTaxiDetector/dataset/positivos/recortes/augmented/taxi_recorte_aug_02573.jpg
2574,taxi_recorte_train_0050.jpg,taxi_recorte_aug_02574.jpg,/home/irar/Escritorio/ProyectoTaxiDetector/dataset/positivos/recortes/train/taxi_recorte_train_0050.jpg,/home/irar/Escritorio/ProyectoTaxiDetector/dataset/positivos/recortes/augmented/taxi_recorte_aug_02574.jpg
2575,taxi_recorte_train_0073.jpg,taxi_recorte_aug_02575.jpg,/home/irar/Escritorio/ProyectoTaxiDetector/dataset/positivos/recortes/train/taxi_recorte_train_0073.jpg,/home/irar/Escritorio/ProyectoTaxiDetector/dataset/positivos/recortes/augmented/taxi_recorte_aug_02575.jpg
2576,taxi_recorte_train_0127.jpg,taxi_recorte_aug_02576.jpg,/home/irar/Escritorio/ProyectoTaxiDetector/dataset/positivos/recortes/train/taxi_recorte_train_0127.jpg,/home/irar/Escritorio/ProyectoTaxiDetector/dataset/positivos/recortes/augmented/taxi_recorte_aug_02576.jpg
2577,taxi_recorte_train_0231.jpg,taxi_recorte_aug_02577.jpg,/home/irar/Escritorio/ProyectoTaxiDetector/dataset/positivos/recortes/train/taxi_recorte_train_0231.jpg,/home/irar/Escritorio/ProyectoTaxiDetector/dataset/positivos/recortes/augmented/taxi_recorte_aug_02577.jpg
2578,taxi_recorte_train_0137.jpg,taxi_recorte_aug_02578.jpg,/home/irar/Escritorio/ProyectoTaxiDetector/dataset/positivos/recortes/train/taxi_recorte_train_0137.jpg,/home/irar/Escritorio/ProyectoTaxiDetector/dataset/positivos/recortes/augmented/taxi_recorte_aug_02578.jpg
2579,taxi_recorte_train_0063.jpg,taxi_recorte_aug_02579.jpg,/home/irar/Escritorio/ProyectoTaxiDetector/dataset/positivos/recortes/train/taxi_recorte_train_0063.jpg,/home/irar/Escritorio/ProyectoTaxiDetector/dataset/positivos/recortes/augmented/taxi_recorte_aug_02579.jpg
2580,taxi_recorte_train_0239.jpg,taxi_recorte_aug_02580.jpg,/home/irar/Escritorio/ProyectoTaxiDetector/dataset/positivos/recortes/train/taxi_recorte_train_0239.jpg,/home/irar/Escritorio/ProyectoTaxiDetector/dataset/positivos/recortes/augmented/taxi_recorte_aug_02580.jpg
2581,taxi_recorte_train_0124.jpg,taxi_recorte_aug_02581.jpg,/home/irar/Escritorio/ProyectoTaxiDetector/dataset/positivos/recortes/train/taxi_recorte_train_0124.jpg,/home/irar/Escritorio/ProyectoTaxiDetector/dataset/positivos/recortes/augmented/taxi_recorte_aug_02581.jpg
2582,taxi_recorte_train_0524.jpg,taxi_recorte_aug_02582.jpg,/home/irar/Escritorio/ProyectoTaxiDetector/dataset/positivos/recortes/train/taxi_recorte_train_0524.jpg,/home/irar/Escritorio/ProyectoTaxiDetector/dataset/positivos/recortes/augmented/taxi_recorte_aug_02582.jpg
2583,taxi_recorte_train_0055.jpg,taxi_recorte_aug_02583.jpg,/home/irar/Escritorio/ProyectoTaxiDetector/dataset/positivos/recortes/train/taxi_recorte_train_0055.jpg,/home/irar/Escritorio/ProyectoTaxiDetector/dataset/positivos/recortes/augmented/taxi_recorte_aug_02583.jpg
2584,taxi_recorte_train_0288.jpg,taxi_recorte_aug_02584.jpg,/home/irar/Escritorio/ProyectoTaxiDetector/dataset/positivos/recortes/train/taxi_recorte_train_0288.jpg,/home/irar/Escritorio/ProyectoTaxiDetector/dataset/positivos/recortes/augmented/taxi_recorte_aug_02584.jpg
2585,taxi_recorte_train_0264.jpg,taxi_recorte_aug_02585.jpg,/home/irar/Escritorio/ProyectoTaxiDetector/dataset/positivos/recortes/train/taxi_recorte_train_0264.jpg,/home/irar/Escritorio/ProyectoTaxiDetector/dataset/positivos/recortes/augmented/taxi_recorte_aug_02585.jpg
2586,taxi_recorte_train_0190.jpg,taxi_recorte_aug_02586.jpg,/home/irar/Escritorio/ProyectoTaxiDetector/dataset/positivos/recortes/train/taxi_recorte_train_0190.jpg,/home/irar/Escritorio/ProyectoTaxiDetector/dataset/positivos/recortes/augmented/taxi_recorte_aug_02586.jpg
2587,taxi_recorte_train_0390.jpg,taxi_recorte_aug_02587.jpg,/home/irar/Escritorio/ProyectoTaxiDetector/dataset/positivos/recortes/train/taxi_recorte_train_0390.jpg,/home/irar/Escritorio/ProyectoTaxiDetector/dataset/positivos/recortes/augmented/taxi_recorte_aug_02587.jpg
2588,taxi_recorte_train_0067.jpg,taxi_recorte_aug_02588.jpg,/home/irar/Escritorio/ProyectoTaxiDetector/dataset/positivos/recortes/train/taxi_recorte_train_0067.jpg,/home/irar/Escritorio/ProyectoTaxiDetector/dataset/positivos/recortes/augmented/taxi_recorte_aug_02588.jpg
2589,taxi_recorte_train_0205.jpg,taxi_recorte_aug_02589.jpg,/home/irar/Escritorio/ProyectoTaxiDetector/dataset/positivos/recortes/train/taxi_recorte_train_0205.jpg,/home/irar/Escritorio/ProyectoTaxiDetector/dataset/positivos/recortes/augmented/taxi_recorte_aug_02589.jpg
2590,taxi_recorte_train_0177.jpg,taxi_recorte_aug_02590.jpg,/home/irar/Escritorio/ProyectoTaxiDetector/dataset/positivos/recortes/train/taxi_recorte_train_0177.jpg,/home/irar/Escritorio/ProyectoTaxiDetector/dataset/positivos/recortes/augmented/taxi_recorte_aug_02590.jpg
2591,taxi_recorte_train_0376.jpg,taxi_recorte_aug_02591.jpg,/home/irar/Escritorio/ProyectoTaxiDetector/dataset/positivos/recortes/train/taxi_recorte_train_0376.jpg,/home/irar/Escritorio/ProyectoTaxiDetector/dataset/positivos/recortes/augmented/taxi_recorte_aug_02591.jpg
2592,taxi_recorte_train_0164.jpg,taxi_recorte_aug_02592.jpg,/home/irar/Escritorio/ProyectoTaxiDetector/dataset/positivos/recortes/train/taxi_recorte_train_0164.jpg,/home/irar/Escritorio/ProyectoTaxiDetector/dataset/positivos/recortes/augmented/taxi_recorte_aug_02592.jpg
2593,taxi_recorte_train_0368.jpg,taxi_recorte_aug_02593.jpg,/home/irar/Escritorio/ProyectoTaxiDetector/dataset/positivos/recortes/train/taxi_recorte_train_0368.jpg,/home/irar/Escritorio/ProyectoTaxiDetector/dataset/positivos/recortes/augmented/taxi_recorte_aug_02593.jpg
2594,taxi_recorte_train_0161.jpg,taxi_recorte_aug_02594.jpg,/home/irar/Escritorio/ProyectoTaxiDetector/dataset/positivos/recortes/train/taxi_recorte_train_0161.jpg,/home/irar/Escritorio/ProyectoTaxiDetector/dataset/positivos/recortes/augmented/taxi_recorte_aug_02594.jpg
2595,taxi_recorte_train_0074.jpg,taxi_recorte_aug_02595.jpg,/home/irar/Escritorio/ProyectoTaxiDetector/dataset/positivos/recortes/train/taxi_recorte_train_0074.jpg,/home/irar/Escritorio/ProyectoTaxiDetector/dataset/positivos/recortes/augmented/taxi_recorte_aug_02595.jpg
2596,taxi_recorte_train_0311.jpg,taxi_recorte_aug_02596.jpg,/home/irar/Escritorio/ProyectoTaxiDetector/dataset/positivos/recortes/train/taxi_recorte_train_0311.jpg,/home/irar/Escritorio/ProyectoTaxiDetector/dataset/positivos/recortes/augmented/taxi_recorte_aug_02596.jpg
2597,taxi_recorte_train_0175.jpg,taxi_recorte_aug_02597.jpg,/home/irar/Escritorio/ProyectoTaxiDetector/dataset/positivos/recortes/train/taxi_recorte_train_0175.jpg,/home/irar/Escritorio/ProyectoTaxiDetector/dataset/positivos/recortes/augmented/taxi_recorte_aug_02597.jpg
2598,taxi_recorte_train_0105.jpg,taxi_recorte_aug_02598.jpg,/home/irar/Escritorio/ProyectoTaxiDetector/dataset/positivos/recortes/train/taxi_recorte_train_0105.jpg,/home/irar/Escritorio/ProyectoTaxiDetector/dataset/positivos/recortes/augmented/taxi_recorte_aug_02598.jpg
2599,taxi_recorte_train_0238.jpg,taxi_recorte_aug_02599.jpg,/home/irar/Escritorio/ProyectoTaxiDetector/dataset/positivos/recortes/train/taxi_recorte_train_0238.jpg,/home/irar/Escritorio/ProyectoTaxiDetector/dataset/positivos/recortes/augmented/taxi_recorte_aug_02599.jpg
2600,taxi_recorte_train_0442.jpg,taxi_recorte_aug_02600.jpg,/home/irar/Escritorio/ProyectoTaxiDetector/dataset/positivos/recortes/train/taxi_recorte_train_0442.jpg,/home/irar/Escritorio/ProyectoTaxiDetector/dataset/positivos/recortes/augmented/taxi_recorte_aug_02600.jpg
2601,taxi_recorte_train_0213.jpg,taxi_recorte_aug_02601.jpg,/home/irar/Escritorio/ProyectoTaxiDetector/dataset/positivos/recortes/train/taxi_recorte_train_0213.jpg,/home/irar/Escritorio/ProyectoTaxiDetector/dataset/positivos/recortes/augmented/taxi_recorte_aug_02601.jpg
2602,taxi_recorte_train_0226.jpg,taxi_recorte_aug_02602.jpg,/home/irar/Escritorio/ProyectoTaxiDetector/dataset/positivos/recortes/train/taxi_recorte_train_0226.jpg,/home/irar/Escritorio/ProyectoTaxiDetector/dataset/positivos/recortes/augmented/taxi_recorte_aug_02602.jpg
2603,taxi_recorte_train_0081.jpg,taxi_recorte_aug_02603.jpg,/home/irar/Escritorio/ProyectoTaxiDetector/dataset/positivos/recortes/train/taxi_recorte_train_0081.jpg,/home/irar/Escritorio/ProyectoTaxiDetector/dataset/positivos/recortes/augmented/taxi_recorte_aug_02603.jpg
2604,taxi_recorte_train_0031.jpg,taxi_recorte_aug_02604.jpg,/home/irar/Escritorio/ProyectoTaxiDetector/dataset/positivos/recortes/train/taxi_recorte_train_0031.jpg,/home/irar/Escritorio/ProyectoTaxiDetector/dataset/positivos/recortes/augmented/taxi_recorte_aug_02604.jpg
2605,taxi_recorte_train_0517.jpg,taxi_recorte_aug_02605.jpg,/home/irar/Escritorio/ProyectoTaxiDetector/dataset/positivos/recortes/train/taxi_recorte_train_0517.jpg,/home/irar/Escritorio/ProyectoTaxiDetector/dataset/positivos/recortes/augmented/taxi_recorte_aug_02605.jpg
2606,taxi_recorte_train_0038.jpg,taxi_recorte_aug_02606.jpg,/home/irar/Escritorio/ProyectoTaxiDetector/dataset/positivos/recortes/train/taxi_recorte_train_0038.jpg,/home/irar/Escritorio/ProyectoTaxiDetector/dataset/positivos/recortes/augmented/taxi_recorte_aug_02606.jpg
2607,taxi_recorte_train_0233.jpg,taxi_recorte_aug_02607.jpg,/home/irar/Escritorio/ProyectoTaxiDetector/dataset/positivos/recortes/train/taxi_recorte_train_0233.jpg,/home/irar/Escritorio/ProyectoTaxiDetector/dataset/positivos/recortes/augmented/taxi_recorte_aug_02607.jpg
2608,taxi_recorte_train_0153.jpg,taxi_recorte_aug_02608.jpg,/home/irar/Escritorio/ProyectoTaxiDetector/dataset/positivos/recortes/train/taxi_recorte_train_0153.jpg,/home/irar/Escritorio/ProyectoTaxiDetector/dataset/positivos/recortes/augmented/taxi_recorte_aug_02608.jpg
2609,taxi_recorte_train_0208.jpg,taxi_recorte_aug_02609.jpg,/home/irar/Escritorio/ProyectoTaxiDetector/dataset/positivos/recortes/train/taxi_recorte_train_0208.jpg,/home/irar/Escritorio/ProyectoTaxiDetector/dataset/positivos/recortes/augmented/taxi_recorte_aug_02609.jpg
2610,taxi_recorte_train_0351.jpg,taxi_recorte_aug_02610.jpg,/home/irar/Escritorio/ProyectoTaxiDetector/dataset/positivos/recortes/train/taxi_recorte_train_0351.jpg,/home/irar/Escritorio/ProyectoTaxiDetector/dataset/positivos/recortes/augmented/taxi_recorte_aug_02610.jpg
2611,taxi_recorte_train_0414.jpg,taxi_recorte_aug_02611.jpg,/home/irar/Escritorio/ProyectoTaxiDetector/dataset/positivos/recortes/train/taxi_recorte_train_0414.jpg,/home/irar/Escritorio/ProyectoTaxiDetector/dataset/positivos/recortes/augmented/taxi_recorte_aug_02611.jpg
2612,taxi_recorte_train_0413.jpg,taxi_recorte_aug_02612.jpg,/home/irar/Escritorio/ProyectoTaxiDetector/dataset/positivos/recortes/train/taxi_recorte_train_0413.jpg,/home/irar/Escritorio/ProyectoTaxiDetector/dataset/positivos/recortes/augmented/taxi_recorte_aug_02612.jpg
2613,taxi_recorte_train_0126.jpg,taxi_recorte_aug_02613.jpg,/home/irar/Escritorio/ProyectoTaxiDetector/dataset/positivos/recortes/train/taxi_recorte_train_0126.jpg,/home/irar/Escritorio/ProyectoTaxiDetector/dataset/positivos/recortes/augmented/taxi_recorte_aug_02613.jpg
2614,taxi_recorte_train_0248.jpg,taxi_recorte_aug_02614.jpg,/home/irar/Escritorio/ProyectoTaxiDetector/dataset/positivos/recortes/train/taxi_recorte_train_0248.jpg,/home/irar/Escritorio/ProyectoTaxiDetector/dataset/positivos/recortes/augmented/taxi_recorte_aug_02614.jpg
2615,taxi_recorte_train_0155.jpg,taxi_recorte_aug_02615.jpg,/home/irar/Escritorio/ProyectoTaxiDetector/dataset/positivos/recortes/train/taxi_recorte_train_0155.jpg,/home/irar/Escritorio/ProyectoTaxiDetector/dataset/positivos/recortes/augmented/taxi_recorte_aug_02615.jpg
2616,taxi_recorte_train_0460.jpg,taxi_recorte_aug_02616.jpg,/home/irar/Escritorio/ProyectoTaxiDetector/dataset/positivos/recortes/train/taxi_recorte_train_0460.jpg,/home/irar/Escritorio/ProyectoTaxiDetector/dataset/positivos/recortes/augmented/taxi_recorte_aug_02616.jpg
2617,taxi_recorte_train_0149.jpg,taxi_recorte_aug_02617.jpg,/home/irar/Escritorio/ProyectoTaxiDetector/dataset/positivos/recortes/train/taxi_recorte_train_0149.jpg,/home/irar/Escritorio/ProyectoTaxiDetector/dataset/positivos/recortes/augmented/taxi_recorte_aug_02617.jpg
2618,taxi_recorte_train_0280.jpg,taxi_recorte_aug_02618.jpg,/home/irar/Escritorio/ProyectoTaxiDetector/dataset/positivos/recortes/train/taxi_recorte_train_0280.jpg,/home/irar/Escritorio/ProyectoTaxiDetector/dataset/positivos/recortes/augmented/taxi_recorte_aug_02618.jpg
2619,taxi_recorte_train_0322.jpg,taxi_recorte_aug_02619.jpg,/home/irar/Escritorio/ProyectoTaxiDetector/dataset/positivos/recortes/train/taxi_recorte_train_0322.jpg,/home/irar/Escritorio/ProyectoTaxiDetector/dataset/positivos/recortes/augmented/taxi_recorte_aug_02619.jpg
2620,taxi_recorte_train_0255.jpg,taxi_recorte_aug_02620.jpg,/home/irar/Escritorio/ProyectoTaxiDetector/dataset/positivos/recortes/train/taxi_recorte_train_0255.jpg,/home/irar/Escritorio/ProyectoTaxiDetector/dataset/positivos/recortes/augmented/taxi_recorte_aug_02620.jpg
2621,taxi_recorte_train_0016.jpg,taxi_recorte_aug_02621.jpg,/home/irar/Escritorio/ProyectoTaxiDetector/dataset/positivos/recortes/train/taxi_recorte_train_0016.jpg,/home/irar/Escritorio/ProyectoTaxiDetector/dataset/positivos/recortes/augmented/taxi_recorte_aug_02621.jpg
2622,taxi_recorte_train_0328.jpg,taxi_recorte_aug_02622.jpg,/home/irar/Escritorio/ProyectoTaxiDetector/dataset/positivos/recortes/train/taxi_recorte_train_0328.jpg,/home/irar/Escritorio/ProyectoTaxiDetector/dataset/positivos/recortes/augmented/taxi_recorte_aug_02622.jpg
2623,taxi_recorte_train_0528.jpg,taxi_recorte_aug_02623.jpg,/home/irar/Escritorio/ProyectoTaxiDetector/dataset/positivos/recortes/train/taxi_recorte_train_0528.jpg,/home/irar/Escritorio/ProyectoTaxiDetector/dataset/positivos/recortes/augmented/taxi_recorte_aug_02623.jpg
2624,taxi_recorte_train_0214.jpg,taxi_recorte_aug_02624.jpg,/home/irar/Escritorio/ProyectoTaxiDetector/dataset/positivos/recortes/train/taxi_recorte_train_0214.jpg,/home/irar/Escritorio/ProyectoTaxiDetector/dataset/positivos/recortes/augmented/taxi_recorte_aug_02624.jpg
2625,taxi_recorte_train_0293.jpg,taxi_recorte_aug_02625.jpg,/home/irar/Escritorio/ProyectoTaxiDetector/dataset/positivos/recortes/train/taxi_recorte_train_0293.jpg,/home/irar/Escritorio/ProyectoTaxiDetector/dataset/positivos/recortes/augmented/taxi_recorte_aug_02625.jpg
2626,taxi_recorte_train_0393.jpg,taxi_recorte_aug_02626.jpg,/home/irar/Escritorio/ProyectoTaxiDetector/dataset/positivos/recortes/train/taxi_recorte_train_0393.jpg,/home/irar/Escritorio/ProyectoTaxiDetector/dataset/positivos/recortes/augmented/taxi_recorte_aug_02626.jpg
2627,taxi_recorte_train_0108.jpg,taxi_recorte_aug_02627.jpg,/home/irar/Escritorio/ProyectoTaxiDetector/dataset/positivos/recortes/train/taxi_recorte_train_0108.jpg,/home/irar/Escritorio/ProyectoTaxiDetector/dataset/positivos/recortes/augmented/taxi_recorte_aug_02627.jpg
2628,taxi_recorte_train_0334.jpg,taxi_recorte_aug_02628.jpg,/home/irar/Escritorio/ProyectoTaxiDetector/dataset/positivos/recortes/train/taxi_recorte_train_0334.jpg,/home/irar/Escritorio/ProyectoTaxiDetector/dataset/positivos/recortes/augmented/taxi_recorte_aug_02628.jpg
2629,taxi_recorte_train_0136.jpg,taxi_recorte_aug_02629.jpg,/home/irar/Escritorio/ProyectoTaxiDetector/dataset/positivos/recortes/train/taxi_recorte_train_0136.jpg,/home/irar/Escritorio/ProyectoTaxiDetector/dataset/positivos/recortes/augmented/taxi_recorte_aug_02629.jpg
2630,taxi_recorte_train_0296.jpg,taxi_recorte_aug_02630.jpg,/home/irar/Escritorio/ProyectoTaxiDetector/dataset/positivos/recortes/train/taxi_recorte_train_0296.jpg,/home/irar/Escritorio/ProyectoTaxiDetector/dataset/positivos/recortes/augmented/taxi_recorte_aug_02630.jpg
2631,taxi_recorte_train_0395.jpg,taxi_recorte_aug_02631.jpg,/home/irar/Escritorio/ProyectoTaxiDetector/dataset/positivos/recortes/train/taxi_recorte_train_0395.jpg,/home/irar/Escritorio/ProyectoTaxiDetector/dataset/positivos/recortes/augmented/taxi_recorte_aug_02631.jpg
2632,taxi_recorte_train_0480.jpg,taxi_recorte_aug_02632.jpg,/home/irar/Escritorio/ProyectoTaxiDetector/dataset/positivos/recortes/train/taxi_recorte_train_0480.jpg,/home/irar/Escritorio/ProyectoTaxiDetector/dataset/positivos/recortes/augmented/taxi_recorte_aug_02632.jpg
2633,taxi_recorte_train_0024.jpg,taxi_recorte_aug_02633.jpg,/home/irar/Escritorio/ProyectoTaxiDetector/dataset/positivos/recortes/train/taxi_recorte_train_0024.jpg,/home/irar/Escritorio/ProyectoTaxiDetector/dataset/positivos/recortes/augmented/taxi_recorte_aug_02633.jpg
2634,taxi_recorte_train_0042.jpg,taxi_recorte_aug_02634.jpg,/home/irar/Escritorio/ProyectoTaxiDetector/dataset/positivos/recortes/train/taxi_recorte_train_0042.jpg,/home/irar/Escritorio/ProyectoTaxiDetector/dataset/positivos/recortes/augmented/taxi_recorte_aug_02634.jpg
2635,taxi_recorte_train_0015.jpg,taxi_recorte_aug_02635.jpg,/home/irar/Escritorio/ProyectoTaxiDetector/dataset/positivos/recortes/train/taxi_recorte_train_0015.jpg,/home/irar/Escritorio/ProyectoTaxiDetector/dataset/positivos/recortes/augmented/taxi_recorte_aug_02635.jpg
2636,taxi_recorte_train_0443.jpg,taxi_recorte_aug_02636.jpg,/home/irar/Escritorio/ProyectoTaxiDetector/dataset/positivos/recortes/train/taxi_recorte_train_0443.jpg,/home/irar/Escritorio/ProyectoTaxiDetector/dataset/positivos/recortes/augmented/taxi_recorte_aug_02636.jpg
2637,taxi_recorte_train_0423.jpg,taxi_recorte_aug_02637.jpg,/home/irar/Escritorio/ProyectoTaxiDetector/dataset/positivos/recortes/train/taxi_recorte_train_0423.jpg,/home/irar/Escritorio/ProyectoTaxiDetector/dataset/positivos/recortes/augmented/taxi_recorte_aug_02637.jpg
2638,taxi_recorte_train_0022.jpg,taxi_recorte_aug_02638.jpg,/home/irar/Escritorio/ProyectoTaxiDetector/dataset/positivos/recortes/train/taxi_recorte_train_0022.jpg,/home/irar/Escritorio/ProyectoTaxiDetector/dataset/positivos/recortes/augmented/taxi_recorte_aug_02638.jpg
2639,taxi_recorte_train_0289.jpg,taxi_recorte_aug_02639.jpg,/home/irar/Escritorio/ProyectoTaxiDetector/dataset/positivos/recortes/train/taxi_recorte_train_0289.jpg,/home/irar/Escritorio/ProyectoTaxiDetector/dataset/positivos/recortes/augmented/taxi_recorte_aug_02639.jpg
2640,taxi_recorte_train_0432.jpg,taxi_recorte_aug_02640.jpg,/home/irar/Escritorio/ProyectoTaxiDetector/dataset/positivos/recortes/train/taxi_recorte_train_0432.jpg,/home/irar/Escritorio/ProyectoTaxiDetector/dataset/positivos/recortes/augmented/taxi_recorte_aug_02640.jpg
2641,taxi_recorte_train_0173.jpg,taxi_recorte_aug_02641.jpg,/home/irar/Escritorio/ProyectoTaxiDetector/dataset/positivos/recortes/train/taxi_recorte_train_0173.jpg,/home/irar/Escritorio/ProyectoTaxiDetector/dataset/positivos/recortes/augmented/taxi_recorte_aug_02641.jpg
2642,taxi_recorte_train_0310.jpg,taxi_recorte_aug_02642.jpg,/home/irar/Escritorio/ProyectoTaxiDetector/dataset/positivos/recortes/train/taxi_recorte_train_0310.jpg,/home/irar/Escritorio/ProyectoTaxiDetector/dataset/positivos/recortes/augmented/taxi_recorte_aug_02642.jpg
2643,taxi_recorte_train_0462.jpg,taxi_recorte_aug_02643.jpg,/home/irar/Escritorio/ProyectoTaxiDetector/dataset/positivos/recortes/train/taxi_recorte_train_0462.jpg,/home/irar/Escritorio/ProyectoTaxiDetector/dataset/positivos/recortes/augmented/taxi_recorte_aug_02643.jpg
2644,taxi_recorte_train_0369.jpg,taxi_recorte_aug_02644.jpg,/home/irar/Escritorio/ProyectoTaxiDetector/dataset/positivos/recortes/train/taxi_recorte_train_0369.jpg,/home/irar/Escritorio/ProyectoTaxiDetector/dataset/positivos/recortes/augmented/taxi_recorte_aug_02644.jpg
2645,taxi_recorte_train_0320.jpg,taxi_recorte_aug_02645.jpg,/home/irar/Escritorio/ProyectoTaxiDetector/dataset/positivos/recortes/train/taxi_recorte_train_0320.jpg,/home/irar/Escritorio/ProyectoTaxiDetector/dataset/positivos/recortes/augmented/taxi_recorte_aug_02645.jpg
2646,taxi_recorte_train_0338.jpg,taxi_recorte_aug_02646.jpg,/home/irar/Escritorio/ProyectoTaxiDetector/dataset/positivos/recortes/train/taxi_recorte_train_0338.jpg,/home/irar/Escritorio/ProyectoTaxiDetector/dataset/positivos/recortes/augmented/taxi_recorte_aug_02646.jpg
2647,taxi_recorte_train_0088.jpg,taxi_recorte_aug_02647.jpg,/home/irar/Escritorio/ProyectoTaxiDetector/dataset/positivos/recortes/train/taxi_recorte_train_0088.jpg,/home/irar/Escritorio/ProyectoTaxiDetector/dataset/positivos/recortes/augmented/taxi_recorte_aug_02647.jpg
2648,taxi_recorte_train_0508.jpg,taxi_recorte_aug_02648.jpg,/home/irar/Escritorio/ProyectoTaxiDetector/dataset/positivos/recortes/train/taxi_recorte_train_0508.jpg,/home/irar/Escritorio/ProyectoTaxiDetector/dataset/positivos/recortes/augmented/taxi_recorte_aug_02648.jpg
2649,taxi_recorte_train_0298.jpg,taxi_recorte_aug_02649.jpg,/home/irar/Escritorio/ProyectoTaxiDetector/dataset/positivos/recortes/train/taxi_recorte_train_0298.jpg,/home/irar/Escritorio/ProyectoTaxiDetector/dataset/positivos/recortes/augmented/taxi_recorte_aug_02649.jpg
2650,taxi_recorte_train_0304.jpg,taxi_recorte_aug_02650.jpg,/home/irar/Escritorio/ProyectoTaxiDetector/dataset/positivos/recortes/train/taxi_recorte_train_0304.jpg,/home/irar/Escritorio/ProyectoTaxiDetector/dataset/positivos/recortes/augmented/taxi_recorte_aug_02650.jpg
2651,taxi_recorte_train_0087.jpg,taxi_recorte_aug_02651.jpg,/home/irar/Escritorio/ProyectoTaxiDetector/dataset/positivos/recortes/train/taxi_recorte_train_0087.jpg,/home/irar/Escritorio/ProyectoTaxiDetector/dataset/positivos/recortes/augmented/taxi_recorte_aug_02651.jpg
2652,taxi_recorte_train_0329.jpg,taxi_recorte_aug_02652.jpg,/home/irar/Escritorio/ProyectoTaxiDetector/dataset/positivos/recortes/train/taxi_recorte_train_0329.jpg,/home/irar/Escritorio/ProyectoTaxiDetector/dataset/positivos/recortes/augmented/taxi_recorte_aug_02652.jpg
2653,taxi_recorte_train_0258.jpg,taxi_recorte_aug_02653.jpg,/home/irar/Escritorio/ProyectoTaxiDetector/dataset/positivos/recortes/train/taxi_recorte_train_0258.jpg,/home/irar/Escritorio/ProyectoTaxiDetector/dataset/positivos/recortes/augmented/taxi_recorte_aug_02653.jpg
2654,taxi_recorte_train_0048.jpg,taxi_recorte_aug_02654.jpg,/home/irar/Escritorio/ProyectoTaxiDetector/dataset/positivos/recortes/train/taxi_recorte_train_0048.jpg,/home/irar/Escritorio/ProyectoTaxiDetector/dataset/positivos/recortes/augmented/taxi_recorte_aug_02654.jpg
2655,taxi_recorte_train_0274.jpg,taxi_recorte_aug_02655.jpg,/home/irar/Escritorio/ProyectoTaxiDetector/dataset/positivos/recortes/train/taxi_recorte_train_0274.jpg,/home/irar/Escritorio/ProyectoTaxiDetector/dataset/positivos/recortes/augmented/taxi_recorte_aug_02655.jpg
2656,taxi_recorte_train_0315.jpg,taxi_recorte_aug_02656.jpg,/home/irar/Escritorio/ProyectoTaxiDetector/dataset/positivos/recortes/train/taxi_recorte_train_0315.jpg,/home/irar/Escritorio/ProyectoTaxiDetector/dataset/positivos/recortes/augmented/taxi_recorte_aug_02656.jpg
2657,taxi_recorte_train_0507.jpg,taxi_recorte_aug_02657.jpg,/home/irar/Escritorio/ProyectoTaxiDetector/dataset/positivos/recortes/train/taxi_recorte_train_0507.jpg,/home/irar/Escritorio/ProyectoTaxiDetector/dataset/positivos/recortes/augmented/taxi_recorte_aug_02657.jpg
2658,taxi_recorte_train_0321.jpg,taxi_recorte_aug_02658.jpg,/home/irar/Escritorio/ProyectoTaxiDetector/dataset/positivos/recortes/train/taxi_recorte_train_0321.jpg,/home/irar/Escritorio/ProyectoTaxiDetector/dataset/positivos/recortes/augmented/taxi_recorte_aug_02658.jpg
2659,taxi_recorte_train_0065.jpg,taxi_recorte_aug_02659.jpg,/home/irar/Escritorio/ProyectoTaxiDetector/dataset/positivos/recortes/train/taxi_recorte_train_0065.jpg,/home/irar/Escritorio/ProyectoTaxiDetector/dataset/positivos/recortes/augmented/taxi_recorte_aug_02659.jpg
2660,taxi_recorte_train_0141.jpg,taxi_recorte_aug_02660.jpg,/home/irar/Escritorio/ProyectoTaxiDetector/dataset/positivos/recortes/train/taxi_recorte_train_0141.jpg,/home/irar/Escritorio/ProyectoTaxiDetector/dataset/positivos/recortes/augmented/taxi_recorte_aug_02660.jpg
2661,taxi_recorte_train_0283.jpg,taxi_recorte_aug_02661.jpg,/home/irar/Escritorio/ProyectoTaxiDetector/dataset/positivos/recortes/train/taxi_recorte_train_0283.jpg,/home/irar/Escritorio/ProyectoTaxiDetector/dataset/positivos/recortes/augmented/taxi_recorte_aug_02661.jpg
2662,taxi_recorte_train_0326.jpg,taxi_recorte_aug_02662.jpg,/home/irar/Escritorio/ProyectoTaxiDetector/dataset/positivos/recortes/train/taxi_recorte_train_0326.jpg,/home/irar/Escritorio/ProyectoTaxiDetector/dataset/positivos/recortes/augmented/taxi_recorte_aug_02662.jpg
2663,taxi_recorte_train_0101.jpg,taxi_recorte_aug_02663.jpg,/home/irar/Escritorio/ProyectoTaxiDetector/dataset/positivos/recortes/train/taxi_recorte_train_0101.jpg,/home/irar/Escritorio/ProyectoTaxiDetector/dataset/positivos/recortes/augmented/taxi_recorte_aug_02663.jpg
2664,taxi_recorte_train_0522.jpg,taxi_recorte_aug_02664.jpg,/home/irar/Escritorio/ProyectoTaxiDetector/dataset/positivos/recortes/train/taxi_recorte_train_0522.jpg,/home/irar/Escritorio/ProyectoTaxiDetector/dataset/positivos/recortes/augmented/taxi_recorte_aug_02664.jpg
2665,taxi_recorte_train_0041.jpg,taxi_recorte_aug_02665.jpg,/home/irar/Escritorio/ProyectoTaxiDetector/dataset/positivos/recortes/train/taxi_recorte_train_0041.jpg,/home/irar/Escritorio/ProyectoTaxiDetector/dataset/positivos/recortes/augmented/taxi_recorte_aug_02665.jpg
2666,taxi_recorte_train_0434.jpg,taxi_recorte_aug_02666.jpg,/home/irar/Escritorio/ProyectoTaxiDetector/dataset/positivos/recortes/train/taxi_recorte_train_0434.jpg,/home/irar/Escritorio/ProyectoTaxiDetector/dataset/positivos/recortes/augmented/taxi_recorte_aug_02666.jpg
2667,taxi_recorte_train_0146.jpg,taxi_recorte_aug_02667.jpg,/home/irar/Escritorio/ProyectoTaxiDetector/dataset/positivos/recortes/train/taxi_recorte_train_0146.jpg,/home/irar/Escritorio/ProyectoTaxiDetector/dataset/positivos/recortes/augmented/taxi_recorte_aug_02667.jpg
2668,taxi_recorte_train_0459.jpg,taxi_recorte_aug_02668.jpg,/home/irar/Escritorio/ProyectoTaxiDetector/dataset/positivos/recortes/train/taxi_recorte_train_0459.jpg,/home/irar/Escritorio/ProyectoTaxiDetector/dataset/positivos/recortes/augmented/taxi_recorte_aug_02668.jpg
2669,taxi_recorte_train_0509.jpg,taxi_recorte_aug_02669.jpg,/home/irar/Escritorio/ProyectoTaxiDetector/dataset/positivos/recortes/train/taxi_recorte_train_0509.jpg,/home/irar/Escritorio/ProyectoTaxiDetector/dataset/positivos/recortes/augmented/taxi_recorte_aug_02669.jpg
2670,taxi_recorte_train_0482.jpg,taxi_recorte_aug_02670.jpg,/home/irar/Escritorio/ProyectoTaxiDetector/dataset/positivos/recortes/train/taxi_recorte_train_0482.jpg,/home/irar/Escritorio/ProyectoTaxiDetector/dataset/positivos/recortes/augmented/taxi_recorte_aug_02670.jpg
2671,taxi_recorte_train_0486.jpg,taxi_recorte_aug_02671.jpg,/home/irar/Escritorio/ProyectoTaxiDetector/dataset/positivos/recortes/train/taxi_recorte_train_0486.jpg,/home/irar/Escritorio/ProyectoTaxiDetector/dataset/positivos/recortes/augmented/taxi_recorte_aug_02671.jpg
2672,taxi_recorte_train_0178.jpg,taxi_recorte_aug_02672.jpg,/home/irar/Escritorio/ProyectoTaxiDetector/dataset/positivos/recortes/train/taxi_recorte_train_0178.jpg,/home/irar/Escritorio/ProyectoTaxiDetector/dataset/positivos/recortes/augmented/taxi_recorte_aug_02672.jpg
2673,taxi_recorte_train_0116.jpg,taxi_recorte_aug_02673.jpg,/home/irar/Escritorio/ProyectoTaxiDetector/dataset/positivos/recortes/train/taxi_recorte_train_0116.jpg,/home/irar/Escritorio/ProyectoTaxiDetector/dataset/positivos/recortes/augmented/taxi_recorte_aug_02673.jpg
2674,taxi_recorte_train_0364.jpg,taxi_recorte_aug_02674.jpg,/home/irar/Escritorio/ProyectoTaxiDetector/dataset/positivos/recortes/train/taxi_recorte_train_0364.jpg,/home/irar/Escritorio/ProyectoTaxiDetector/dataset/positivos/recortes/augmented/taxi_recorte_aug_02674.jpg
2675,taxi_recorte_train_0532.jpg,taxi_recorte_aug_02675.jpg,/home/irar/Escritorio/ProyectoTaxiDetector/dataset/positivos/recortes/train/taxi_recorte_train_0532.jpg,/home/irar/Escritorio/ProyectoTaxiDetector/dataset/positivos/recortes/augmented/taxi_recorte_aug_02675.jpg
2676,taxi_recorte_train_0166.jpg,taxi_recorte_aug_02676.jpg,/home/irar/Escritorio/ProyectoTaxiDetector/dataset/positivos/recortes/train/taxi_recorte_train_0166.jpg,/home/irar/Escritorio/ProyectoTaxiDetector/dataset/positivos/recortes/augmented/taxi_recorte_aug_02676.jpg
2677,taxi_recorte_train_0083.jpg,taxi_recorte_aug_02677.jpg,/home/irar/Escritorio/ProyectoTaxiDetector/dataset/positivos/recortes/train/taxi_recorte_train_0083.jpg,/home/irar/Escritorio/ProyectoTaxiDetector/dataset/positivos/recortes/augmented/taxi_recorte_aug_02677.jpg
2678,taxi_recorte_train_0085.jpg,taxi_recorte_aug_02678.jpg,/home/irar/Escritorio/ProyectoTaxiDetector/dataset/positivos/recortes/train/taxi_recorte_train_0085.jpg,/home/irar/Escritorio/ProyectoTaxiDetector/dataset/positivos/recortes/augmented/taxi_recorte_aug_02678.jpg
2679,taxi_recorte_train_0156.jpg,taxi_recorte_aug_02679.jpg,/home/irar/Escritorio/ProyectoTaxiDetector/dataset/positivos/recortes/train/taxi_recorte_train_0156.jpg,/home/irar/Escritorio/ProyectoTaxiDetector/dataset/positivos/recortes/augmented/taxi_recorte_aug_02679.jpg
2680,taxi_recorte_train_0079.jpg,taxi_recorte_aug_02680.jpg,/home/irar/Escritorio/ProyectoTaxiDetector/dataset/positivos/recortes/train/taxi_recorte_train_0079.jpg,/home/irar/Escritorio/ProyectoTaxiDetector/dataset/positivos/recortes/augmented/taxi_recorte_aug_02680.jpg
2681,taxi_recorte_train_0266.jpg,taxi_recorte_aug_02681.jpg,/home/irar/Escritorio/ProyectoTaxiDetector/dataset/positivos/recortes/train/taxi_recorte_train_0266.jpg,/home/irar/Escritorio/ProyectoTaxiDetector/dataset/positivos/recortes/augmented/taxi_recorte_aug_02681.jpg
2682,taxi_recorte_train_0064.jpg,taxi_recorte_aug_02682.jpg,/home/irar/Escritorio/ProyectoTaxiDetector/dataset/positivos/recortes/train/taxi_recorte_train_0064.jpg,/home/irar/Escritorio/ProyectoTaxiDetector/dataset/positivos/recortes/augmented/taxi_recorte_aug_02682.jpg
2683,taxi_recorte_train_0426.jpg,taxi_recorte_aug_02683.jpg,/home/irar/Escritorio/ProyectoTaxiDetector/dataset/positivos/recortes/train/taxi_recorte_train_0426.jpg,/home/irar/Escritorio/ProyectoTaxiDetector/dataset/positivos/recortes/augmented/taxi_recorte_aug_02683.jpg
2684,taxi_recorte_train_0057.jpg,taxi_recorte_aug_02684.jpg,/home/irar/Escritorio/ProyectoTaxiDetector/dataset/positivos/recortes/train/taxi_recorte_train_0057.jpg,/home/irar/Escritorio/ProyectoTaxiDetector/dataset/positivos/recortes/augmented/taxi_recorte_aug_02684.jpg
2685,taxi_recorte_train_0444.jpg,taxi_recorte_aug_02685.jpg,/home/irar/Escritorio/ProyectoTaxiDetector/dataset/positivos/recortes/train/taxi_recorte_train_0444.jpg,/home/irar/Escritorio/ProyectoTaxiDetector/dataset/positivos/recortes/augmented/taxi_recorte_aug_02685.jpg
2686,taxi_recorte_train_0531.jpg,taxi_recorte_aug_02686.jpg,/home/irar/Escritorio/ProyectoTaxiDetector/dataset/positivos/recortes/train/taxi_recorte_train_0531.jpg,/home/irar/Escritorio/ProyectoTaxiDetector/dataset/positivos/recortes/augmented/taxi_recorte_aug_02686.jpg
2687,taxi_recorte_train_0187.jpg,taxi_recorte_aug_02687.jpg,/home/irar/Escritorio/ProyectoTaxiDetector/dataset/positivos/recortes/train/taxi_recorte_train_0187.jpg,/home/irar/Escritorio/ProyectoTaxiDetector/dataset/positivos/recortes/augmented/taxi_recorte_aug_02687.jpg
2688,taxi_recorte_train_0132.jpg,taxi_recorte_aug_02688.jpg,/home/irar/Escritorio/ProyectoTaxiDetector/dataset/positivos/recortes/train/taxi_recorte_train_0132.jpg,/home/irar/Escritorio/ProyectoTaxiDetector/dataset/positivos/recortes/augmented/taxi_recorte_aug_02688.jpg
2689,taxi_recorte_train_0353.jpg,taxi_recorte_aug_02689.jpg,/home/irar/Escritorio/ProyectoTaxiDetector/dataset/positivos/recortes/train/taxi_recorte_train_0353.jpg,/home/irar/Escritorio/ProyectoTaxiDetector/dataset/positivos/recortes/augmented/taxi_recorte_aug_02689.jpg
2690,taxi_recorte_train_0478.jpg,taxi_recorte_aug_02690.jpg,/home/irar/Escritorio/ProyectoTaxiDetector/dataset/positivos/recortes/train/taxi_recorte_train_0478.jpg,/home/irar/Escritorio/ProyectoTaxiDetector/dataset/positivos/recortes/augmented/taxi_recorte_aug_02690.jpg
2691,taxi_recorte_train_0461.jpg,taxi_recorte_aug_02691.jpg,/home/irar/Escritorio/ProyectoTaxiDetector/dataset/positivos/recortes/train/taxi_recorte_train_0461.jpg,/home/irar/Escritorio/ProyectoTaxiDetector/dataset/positivos/recortes/augmented/taxi_recorte_aug_02691.jpg
2692,taxi_recorte_train_0523.jpg,taxi_recorte_aug_02692.jpg,/home/irar/Escritorio/ProyectoTaxiDetector/dataset/positivos/recortes/train/taxi_recorte_train_0523.jpg,/home/irar/Escritorio/ProyectoTaxiDetector/dataset/positivos/recortes/augmented/taxi_recorte_aug_02692.jpg
2693,taxi_recorte_train_0325.jpg,taxi_recorte_aug_02693.jpg,/home/irar/Escritorio/ProyectoTaxiDetector/dataset/positivos/recortes/train/taxi_recorte_train_0325.jpg,/home/irar/Escritorio/ProyectoTaxiDetector/dataset/positivos/recortes/augmented/taxi_recorte_aug_02693.jpg
2694,taxi_recorte_train_0129.jpg,taxi_recorte_aug_02694.jpg,/home/irar/Escritorio/ProyectoTaxiDetector/dataset/positivos/recortes/train/taxi_recorte_train_0129.jpg,/home/irar/Escritorio/ProyectoTaxiDetector/dataset/positivos/recortes/augmented/taxi_recorte_aug_02694.jpg
2695,taxi_recorte_train_0076.jpg,taxi_recorte_aug_02695.jpg,/home/irar/Escritorio/ProyectoTaxiDetector/dataset/positivos/recortes/train/taxi_recorte_train_0076.jpg,/home/irar/Escritorio/ProyectoTaxiDetector/dataset/positivos/recortes/augmented/taxi_recorte_aug_02695.jpg
2696,taxi_recorte_train_0420.jpg,taxi_recorte_aug_02696.jpg,/home/irar/Escritorio/ProyectoTaxiDetector/dataset/positivos/recortes/train/taxi_recorte_train_0420.jpg,/home/irar/Escritorio/ProyectoTaxiDetector/dataset/positivos/recortes/augmented/taxi_recorte_aug_02696.jpg
2697,taxi_recorte_train_0421.jpg,taxi_recorte_aug_02697.jpg,/home/irar/Escritorio/ProyectoTaxiDetector/dataset/positivos/recortes/train/taxi_recorte_train_0421.jpg,/home/irar/Escritorio/ProyectoTaxiDetector/dataset/positivos/recortes/augmented/taxi_recorte_aug_02697.jpg
2698,taxi_recorte_train_0491.jpg,taxi_recorte_aug_02698.jpg,/home/irar/Escritorio/ProyectoTaxiDetector/dataset/positivos/recortes/train/taxi_recorte_train_0491.jpg,/home/irar/Escritorio/ProyectoTaxiDetector/dataset/positivos/recortes/augmented/taxi_recorte_aug_02698.jpg
2699,taxi_recorte_train_0408.jpg,taxi_recorte_aug_02699.jpg,/home/irar/Escritorio/ProyectoTaxiDetector/dataset/positivos/recortes/train/taxi_recorte_train_0408.jpg,/home/irar/Escritorio/ProyectoTaxiDetector/dataset/positivos/recortes/augmented/taxi_recorte_aug_02699.jpg
2700,taxi_recorte_train_0317.jpg,taxi_recorte_aug_02700.jpg,/home/irar/Escritorio/ProyectoTaxiDetector/dataset/positivos/recortes/train/taxi_recorte_train_0317.jpg,/home/irar/Escritorio/ProyectoTaxiDetector/dataset/positivos/recortes/augmented/taxi_recorte_aug_02700.jpg
2701,taxi_recorte_train_0068.jpg,taxi_recorte_aug_02701.jpg,/home/irar/Escritorio/ProyectoTaxiDetector/dataset/positivos/recortes/train/taxi_recorte_train_0068.jpg,/home/irar/Escritorio/ProyectoTaxiDetector/dataset/positivos/recortes/augmented/taxi_recorte_aug_02701.jpg
2702,taxi_recorte_train_0089.jpg,taxi_recorte_aug_02702.jpg,/home/irar/Escritorio/ProyectoTaxiDetector/dataset/positivos/recortes/train/taxi_recorte_train_0089.jpg,/home/irar/Escritorio/ProyectoTaxiDetector/dataset/positivos/recortes/augmented/taxi_recorte_aug_02702.jpg
2703,taxi_recorte_train_0133.jpg,taxi_recorte_aug_02703.jpg,/home/irar/Escritorio/ProyectoTaxiDetector/dataset/positivos/recortes/train/taxi_recorte_train_0133.jpg,/home/irar/Escritorio/ProyectoTaxiDetector/dataset/positivos/recortes/augmented/taxi_recorte_aug_02703.jpg
2704,taxi_recorte_train_0479.jpg,taxi_recorte_aug_02704.jpg,/home/irar/Escritorio/ProyectoTaxiDetector/dataset/positivos/recortes/train/taxi_recorte_train_0479.jpg,/home/irar/Escritorio/ProyectoTaxiDetector/dataset/positivos/recortes/augmented/taxi_recorte_aug_02704.jpg
2705,taxi_recorte_train_0378.jpg,taxi_recorte_aug_02705.jpg,/home/irar/Escritorio/ProyectoTaxiDetector/dataset/positivos/recortes/train/taxi_recorte_train_0378.jpg,/home/irar/Escritorio/ProyectoTaxiDetector/dataset/positivos/recortes/augmented/taxi_recorte_aug_02705.jpg
2706,taxi_recorte_train_0370.jpg,taxi_recorte_aug_02706.jpg,/home/irar/Escritorio/ProyectoTaxiDetector/dataset/positivos/recortes/train/taxi_recorte_train_0370.jpg,/home/irar/Escritorio/ProyectoTaxiDetector/dataset/positivos/recortes/augmented/taxi_recorte_aug_02706.jpg
2707,taxi_recorte_train_0027.jpg,taxi_recorte_aug_02707.jpg,/home/irar/Escritorio/ProyectoTaxiDetector/dataset/positivos/recortes/train/taxi_recorte_train_0027.jpg,/home/irar/Escritorio/ProyectoTaxiDetector/dataset/positivos/recortes/augmented/taxi_recorte_aug_02707.jpg
2708,taxi_recorte_train_0506.jpg,taxi_recorte_aug_02708.jpg,/home/irar/Escritorio/ProyectoTaxiDetector/dataset/positivos/recortes/train/taxi_recorte_train_0506.jpg,/home/irar/Escritorio/ProyectoTaxiDetector/dataset/positivos/recortes/augmented/taxi_recorte_aug_02708.jpg
2709,taxi_recorte_train_0243.jpg,taxi_recorte_aug_02709.jpg,/home/irar/Escritorio/ProyectoTaxiDetector/dataset/positivos/recortes/train/taxi_recorte_train_0243.jpg,/home/irar/Escritorio/ProyectoTaxiDetector/dataset/positivos/recortes/augmented/taxi_recorte_aug_02709.jpg
2710,taxi_recorte_train_0143.jpg,taxi_recorte_aug_02710.jpg,/home/irar/Escritorio/ProyectoTaxiDetector/dataset/positivos/recortes/train/taxi_recorte_train_0143.jpg,/home/irar/Escritorio/ProyectoTaxiDetector/dataset/positivos/recortes/augmented/taxi_recorte_aug_02710.jpg
2711,taxi_recorte_train_0206.jpg,taxi_recorte_aug_02711.jpg,/home/irar/Escritorio/ProyectoTaxiDetector/dataset/positivos/recortes/train/taxi_recorte_train_0206.jpg,/home/irar/Escritorio/ProyectoTaxiDetector/dataset/positivos/recortes/augmented/taxi_recorte_aug_02711.jpg
2712,taxi_recorte_train_0125.jpg,taxi_recorte_aug_02712.jpg,/home/irar/Escritorio/ProyectoTaxiDetector/dataset/positivos/recortes/train/taxi_recorte_train_0125.jpg,/home/irar/Escritorio/ProyectoTaxiDetector/dataset/positivos/recortes/augmented/taxi_recorte_aug_02712.jpg
2713,taxi_recorte_train_0230.jpg,taxi_recorte_aug_02713.jpg,/home/irar/Escritorio/ProyectoTaxiDetector/dataset/positivos/recortes/train/taxi_recorte_train_0230.jpg,/home/irar/Escritorio/ProyectoTaxiDetector/dataset/positivos/recortes/augmented/taxi_recorte_aug_02713.jpg
2714,taxi_recorte_train_0521.jpg,taxi_recorte_aug_02714.jpg,/home/irar/Escritorio/ProyectoTaxiDetector/dataset/positivos/recortes/train/taxi_recorte_train_0521.jpg,/home/irar/Escritorio/ProyectoTaxiDetector/dataset/positivos/recortes/augmented/taxi_recorte_aug_02714.jpg
2715,taxi_recorte_train_0371.jpg,taxi_recorte_aug_02715.jpg,/home/irar/Escritorio/ProyectoTaxiDetector/dataset/positivos/recortes/train/taxi_recorte_train_0371.jpg,/home/irar/Escritorio/ProyectoTaxiDetector/dataset/positivos/recortes/augmented/taxi_recorte_aug_02715.jpg
2716,taxi_recorte_train_0513.jpg,taxi_recorte_aug_02716.jpg,/home/irar/Escritorio/ProyectoTaxiDetector/dataset/positivos/recortes/train/taxi_recorte_train_0513.jpg,/home/irar/Escritorio/ProyectoTaxiDetector/dataset/positivos/recortes/augmented/taxi_recorte_aug_02716.jpg
2717,taxi_recorte_train_0086.jpg,taxi_recorte_aug_02717.jpg,/home/irar/Escritorio/ProyectoTaxiDetector/dataset/positivos/recortes/train/taxi_recorte_train_0086.jpg,/home/irar/Escritorio/ProyectoTaxiDetector/dataset/positivos/recortes/augmented/taxi_recorte_aug_02717.jpg
2718,taxi_recorte_train_0148.jpg,taxi_recorte_aug_02718.jpg,/home/irar/Escritorio/ProyectoTaxiDetector/dataset/positivos/recortes/train/taxi_recorte_train_0148.jpg,/home/irar/Escritorio/ProyectoTaxiDetector/dataset/positivos/recortes/augmented/taxi_recorte_aug_02718.jpg
2719,taxi_recorte_train_0198.jpg,taxi_recorte_aug_02719.jpg,/home/irar/Escritorio/ProyectoTaxiDetector/dataset/positivos/recortes/train/taxi_recorte_train_0198.jpg,/home/irar/Escritorio/ProyectoTaxiDetector/dataset/positivos/recortes/augmented/taxi_recorte_aug_02719.jpg
2720,taxi_recorte_train_0458.jpg,taxi_recorte_aug_02720.jpg,/home/irar/Escritorio/ProyectoTaxiDetector/dataset/positivos/recortes/train/taxi_recorte_train_0458.jpg,/home/irar/Escritorio/ProyectoTaxiDetector/dataset/positivos/recortes/augmented/taxi_recorte_aug_02720.jpg
2721,taxi_recorte_train_0478.jpg,taxi_recorte_aug_02721.jpg,/home/irar/Escritorio/ProyectoTaxiDetector/dataset/positivos/recortes/train/taxi_recorte_train_0478.jpg,/home/irar/Escritorio/ProyectoTaxiDetector/dataset/positivos/recortes/augmented/taxi_recorte_aug_02721.jpg
2722,taxi_recorte_train_0510.jpg,taxi_recorte_aug_02722.jpg,/home/irar/Escritorio/ProyectoTaxiDetector/dataset/positivos/recortes/train/taxi_recorte_train_0510.jpg,/home/irar/Escritorio/ProyectoTaxiDetector/dataset/positivos/recortes/augmented/taxi_recorte_aug_02722.jpg
2723,taxi_recorte_train_0436.jpg,taxi_recorte_aug_02723.jpg,/home/irar/Escritorio/ProyectoTaxiDetector/dataset/positivos/recortes/train/taxi_recorte_train_0436.jpg,/home/irar/Escritorio/ProyectoTaxiDetector/dataset/positivos/recortes/augmented/taxi_recorte_aug_02723.jpg
2724,taxi_recorte_train_0365.jpg,taxi_recorte_aug_02724.jpg,/home/irar/Escritorio/ProyectoTaxiDetector/dataset/positivos/recortes/train/taxi_recorte_train_0365.jpg,/home/irar/Escritorio/ProyectoTaxiDetector/dataset/positivos/recortes/augmented/taxi_recorte_aug_02724.jpg
2725,taxi_recorte_train_0498.jpg,taxi_recorte_aug_02725.jpg,/home/irar/Escritorio/ProyectoTaxiDetector/dataset/positivos/recortes/train/taxi_recorte_train_0498.jpg,/home/irar/Escritorio/ProyectoTaxiDetector/dataset/positivos/recortes/augmented/taxi_recorte_aug_02725.jpg
2726,taxi_recorte_train_0108.jpg,taxi_recorte_aug_02726.jpg,/home/irar/Escritorio/ProyectoTaxiDetector/dataset/positivos/recortes/train/taxi_recorte_train_0108.jpg,/home/irar/Escritorio/ProyectoTaxiDetector/dataset/positivos/recortes/augmented/taxi_recorte_aug_02726.jpg
2727,taxi_recorte_train_0349.jpg,taxi_recorte_aug_02727.jpg,/home/irar/Escritorio/ProyectoTaxiDetector/dataset/positivos/recortes/train/taxi_recorte_train_0349.jpg,/home/irar/Escritorio/ProyectoTaxiDetector/dataset/positivos/recortes/augmented/taxi_recorte_aug_02727.jpg
2728,taxi_recorte_train_0103.jpg,taxi_recorte_aug_02728.jpg,/home/irar/Escritorio/ProyectoTaxiDetector/dataset/positivos/recortes/train/taxi_recorte_train_0103.jpg,/home/irar/Escritorio/ProyectoTaxiDetector/dataset/positivos/recortes/augmented/taxi_recorte_aug_02728.jpg
2729,taxi_recorte_train_0538.jpg,taxi_recorte_aug_02729.jpg,/home/irar/Escritorio/ProyectoTaxiDetector/dataset/positivos/recortes/train/taxi_recorte_train_0538.jpg,/home/irar/Escritorio/ProyectoTaxiDetector/dataset/positivos/recortes/augmented/taxi_recorte_aug_02729.jpg
2730,taxi_recorte_train_0245.jpg,taxi_recorte_aug_02730.jpg,/home/irar/Escritorio/ProyectoTaxiDetector/dataset/positivos/recortes/train/taxi_recorte_train_0245.jpg,/home/irar/Escritorio/ProyectoTaxiDetector/dataset/positivos/recortes/augmented/taxi_recorte_aug_02730.jpg
2731,taxi_recorte_train_0006.jpg,taxi_recorte_aug_02731.jpg,/home/irar/Escritorio/ProyectoTaxiDetector/dataset/positivos/recortes/train/taxi_recorte_train_0006.jpg,/home/irar/Escritorio/ProyectoTaxiDetector/dataset/positivos/recortes/augmented/taxi_recorte_aug_02731.jpg
2732,taxi_recorte_train_0053.jpg,taxi_recorte_aug_02732.jpg,/home/irar/Escritorio/ProyectoTaxiDetector/dataset/positivos/recortes/train/taxi_recorte_train_0053.jpg,/home/irar/Escritorio/ProyectoTaxiDetector/dataset/positivos/recortes/augmented/taxi_recorte_aug_02732.jpg
2733,taxi_recorte_train_0217.jpg,taxi_recorte_aug_02733.jpg,/home/irar/Escritorio/ProyectoTaxiDetector/dataset/positivos/recortes/train/taxi_recorte_train_0217.jpg,/home/irar/Escritorio/ProyectoTaxiDetector/dataset/positivos/recortes/augmented/taxi_recorte_aug_02733.jpg
2734,taxi_recorte_train_0133.jpg,taxi_recorte_aug_02734.jpg,/home/irar/Escritorio/ProyectoTaxiDetector/dataset/positivos/recortes/train/taxi_recorte_train_0133.jpg,/home/irar/Escritorio/ProyectoTaxiDetector/dataset/positivos/recortes/augmented/taxi_recorte_aug_02734.jpg
2735,taxi_recorte_train_0003.jpg,taxi_recorte_aug_02735.jpg,/home/irar/Escritorio/ProyectoTaxiDetector/dataset/positivos/recortes/train/taxi_recorte_train_0003.jpg,/home/irar/Escritorio/ProyectoTaxiDetector/dataset/positivos/recortes/augmented/taxi_recorte_aug_02735.jpg
2736,taxi_recorte_train_0160.jpg,taxi_recorte_aug_02736.jpg,/home/irar/Escritorio/ProyectoTaxiDetector/dataset/positivos/recortes/train/taxi_recorte_train_0160.jpg,/home/irar/Escritorio/ProyectoTaxiDetector/dataset/positivos/recortes/augmented/taxi_recorte_aug_02736.jpg
2737,taxi_recorte_train_0175.jpg,taxi_recorte_aug_02737.jpg,/home/irar/Escritorio/ProyectoTaxiDetector/dataset/positivos/recortes/train/taxi_recorte_train_0175.jpg,/home/irar/Escritorio/ProyectoTaxiDetector/dataset/positivos/recortes/augmented/taxi_recorte_aug_02737.jpg
2738,taxi_recorte_train_0058.jpg,taxi_recorte_aug_02738.jpg,/home/irar/Escritorio/ProyectoTaxiDetector/dataset/positivos/recortes/train/taxi_recorte_train_0058.jpg,/home/irar/Escritorio/ProyectoTaxiDetector/dataset/positivos/recortes/augmented/taxi_recorte_aug_02738.jpg
2739,taxi_recorte_train_0216.jpg,taxi_recorte_aug_02739.jpg,/home/irar/Escritorio/ProyectoTaxiDetector/dataset/positivos/recortes/train/taxi_recorte_train_0216.jpg,/home/irar/Escritorio/ProyectoTaxiDetector/dataset/positivos/recortes/augmented/taxi_recorte_aug_02739.jpg
2740,taxi_recorte_train_0293.jpg,taxi_recorte_aug_02740.jpg,/home/irar/Escritorio/ProyectoTaxiDetector/dataset/positivos/recortes/train/taxi_recorte_train_0293.jpg,/home/irar/Escritorio/ProyectoTaxiDetector/dataset/positivos/recortes/augmented/taxi_recorte_aug_02740.jpg
2741,taxi_recorte_train_0205.jpg,taxi_recorte_aug_02741.jpg,/home/irar/Escritorio/ProyectoTaxiDetector/dataset/positivos/recortes/train/taxi_recorte_train_0205.jpg,/home/irar/Escritorio/ProyectoTaxiDetector/dataset/positivos/recortes/augmented/taxi_recorte_aug_02741.jpg
2742,taxi_recorte_train_0233.jpg,taxi_recorte_aug_02742.jpg,/home/irar/Escritorio/ProyectoTaxiDetector/dataset/positivos/recortes/train/taxi_recorte_train_0233.jpg,/home/irar/Escritorio/ProyectoTaxiDetector/dataset/positivos/recortes/augmented/taxi_recorte_aug_02742.jpg
2743,taxi_recorte_train_0313.jpg,taxi_recorte_aug_02743.jpg,/home/irar/Escritorio/ProyectoTaxiDetector/dataset/positivos/recortes/train/taxi_recorte_train_0313.jpg,/home/irar/Escritorio/ProyectoTaxiDetector/dataset/positivos/recortes/augmented/taxi_recorte_aug_02743.jpg
2744,taxi_recorte_train_0187.jpg,taxi_recorte_aug_02744.jpg,/home/irar/Escritorio/ProyectoTaxiDetector/dataset/positivos/recortes/train/taxi_recorte_train_0187.jpg,/home/irar/Escritorio/ProyectoTaxiDetector/dataset/positivos/recortes/augmented/taxi_recorte_aug_02744.jpg
2745,taxi_recorte_train_0539.jpg,taxi_recorte_aug_02745.jpg,/home/irar/Escritorio/ProyectoTaxiDetector/dataset/positivos/recortes/train/taxi_recorte_train_0539.jpg,/home/irar/Escritorio/ProyectoTaxiDetector/dataset/positivos/recortes/augmented/taxi_recorte_aug_02745.jpg
2746,taxi_recorte_train_0209.jpg,taxi_recorte_aug_02746.jpg,/home/irar/Escritorio/ProyectoTaxiDetector/dataset/positivos/recortes/train/taxi_recorte_train_0209.jpg,/home/irar/Escritorio/ProyectoTaxiDetector/dataset/positivos/recortes/augmented/taxi_recorte_aug_02746.jpg
2747,taxi_recorte_train_0304.jpg,taxi_recorte_aug_02747.jpg,/home/irar/Escritorio/ProyectoTaxiDetector/dataset/positivos/recortes/train/taxi_recorte_train_0304.jpg,/home/irar/Escritorio/ProyectoTaxiDetector/dataset/positivos/recortes/augmented/taxi_recorte_aug_02747.jpg
2748,taxi_recorte_train_0068.jpg,taxi_recorte_aug_02748.jpg,/home/irar/Escritorio/ProyectoTaxiDetector/dataset/positivos/recortes/train/taxi_recorte_train_0068.jpg,/home/irar/Escritorio/ProyectoTaxiDetector/dataset/positivos/recortes/augmented/taxi_recorte_aug_02748.jpg
2749,taxi_recorte_train_0066.jpg,taxi_recorte_aug_02749.jpg,/home/irar/Escritorio/ProyectoTaxiDetector/dataset/positivos/recortes/train/taxi_recorte_train_0066.jpg,/home/irar/Escritorio/ProyectoTaxiDetector/dataset/positivos/recortes/augmented/taxi_recorte_aug_02749.jpg
2750,taxi_recorte_train_0249.jpg,taxi_recorte_aug_02750.jpg,/home/irar/Escritorio/ProyectoTaxiDetector/dataset/positivos/recortes/train/taxi_recorte_train_0249.jpg,/home/irar/Escritorio/ProyectoTaxiDetector/dataset/positivos/recortes/augmented/taxi_recorte_aug_02750.jpg
2751,taxi_recorte_train_0399.jpg,taxi_recorte_aug_02751.jpg,/home/irar/Escritorio/ProyectoTaxiDetector/dataset/positivos/recortes/train/taxi_recorte_train_0399.jpg,/home/irar/Escritorio/ProyectoTaxiDetector/dataset/positivos/recortes/augmented/taxi_recorte_aug_02751.jpg
2752,taxi_recorte_train_0542.jpg,taxi_recorte_aug_02752.jpg,/home/irar/Escritorio/ProyectoTaxiDetector/dataset/positivos/recortes/train/taxi_recorte_train_0542.jpg,/home/irar/Escritorio/ProyectoTaxiDetector/dataset/positivos/recortes/augmented/taxi_recorte_aug_02752.jpg
2753,taxi_recorte_train_0469.jpg,taxi_recorte_aug_02753.jpg,/home/irar/Escritorio/ProyectoTaxiDetector/dataset/positivos/recortes/train/taxi_recorte_train_0469.jpg,/home/irar/Escritorio/ProyectoTaxiDetector/dataset/positivos/recortes/augmented/taxi_recorte_aug_02753.jpg
2754,taxi_recorte_train_0016.jpg,taxi_recorte_aug_02754.jpg,/home/irar/Escritorio/ProyectoTaxiDetector/dataset/positivos/recortes/train/taxi_recorte_train_0016.jpg,/home/irar/Escritorio/ProyectoTaxiDetector/dataset/positivos/recortes/augmented/taxi_recorte_aug_02754.jpg
2755,taxi_recorte_train_0202.jpg,taxi_recorte_aug_02755.jpg,/home/irar/Escritorio/ProyectoTaxiDetector/dataset/positivos/recortes/train/taxi_recorte_train_0202.jpg,/home/irar/Escritorio/ProyectoTaxiDetector/dataset/positivos/recortes/augmented/taxi_recorte_aug_02755.jpg
2756,taxi_recorte_train_0073.jpg,taxi_recorte_aug_02756.jpg,/home/irar/Escritorio/ProyectoTaxiDetector/dataset/positivos/recortes/train/taxi_recorte_train_0073.jpg,/home/irar/Escritorio/ProyectoTaxiDetector/dataset/positivos/recortes/augmented/taxi_recorte_aug_02756.jpg
2757,taxi_recorte_train_0144.jpg,taxi_recorte_aug_02757.jpg,/home/irar/Escritorio/ProyectoTaxiDetector/dataset/positivos/recortes/train/taxi_recorte_train_0144.jpg,/home/irar/Escritorio/ProyectoTaxiDetector/dataset/positivos/recortes/augmented/taxi_recorte_aug_02757.jpg
2758,taxi_recorte_train_0172.jpg,taxi_recorte_aug_02758.jpg,/home/irar/Escritorio/ProyectoTaxiDetector/dataset/positivos/recortes/train/taxi_recorte_train_0172.jpg,/home/irar/Escritorio/ProyectoTaxiDetector/dataset/positivos/recortes/augmented/taxi_recorte_aug_02758.jpg
2759,taxi_recorte_train_0326.jpg,taxi_recorte_aug_02759.jpg,/home/irar/Escritorio/ProyectoTaxiDetector/dataset/positivos/recortes/train/taxi_recorte_train_0326.jpg,/home/irar/Escritorio/ProyectoTaxiDetector/dataset/positivos/recortes/augmented/taxi_recorte_aug_02759.jpg
2760,taxi_recorte_train_0462.jpg,taxi_recorte_aug_02760.jpg,/home/irar/Escritorio/ProyectoTaxiDetector/dataset/positivos/recortes/train/taxi_recorte_train_0462.jpg,/home/irar/Escritorio/ProyectoTaxiDetector/dataset/positivos/recortes/augmented/taxi_recorte_aug_02760.jpg
2761,taxi_recorte_train_0360.jpg,taxi_recorte_aug_02761.jpg,/home/irar/Escritorio/ProyectoTaxiDetector/dataset/positivos/recortes/train/taxi_recorte_train_0360.jpg,/home/irar/Escritorio/ProyectoTaxiDetector/dataset/positivos/recortes/augmented/taxi_recorte_aug_02761.jpg
2762,taxi_recorte_train_0045.jpg,taxi_recorte_aug_02762.jpg,/home/irar/Escritorio/ProyectoTaxiDetector/dataset/positivos/recortes/train/taxi_recorte_train_0045.jpg,/home/irar/Escritorio/ProyectoTaxiDetector/dataset/positivos/recortes/augmented/taxi_recorte_aug_02762.jpg
2763,taxi_recorte_train_0180.jpg,taxi_recorte_aug_02763.jpg,/home/irar/Escritorio/ProyectoTaxiDetector/dataset/positivos/recortes/train/taxi_recorte_train_0180.jpg,/home/irar/Escritorio/ProyectoTaxiDetector/dataset/positivos/recortes/augmented/taxi_recorte_aug_02763.jpg
2764,taxi_recorte_train_0261.jpg,taxi_recorte_aug_02764.jpg,/home/irar/Escritorio/ProyectoTaxiDetector/dataset/positivos/recortes/train/taxi_recorte_train_0261.jpg,/home/irar/Escritorio/ProyectoTaxiDetector/dataset/positivos/recortes/augmented/taxi_recorte_aug_02764.jpg
2765,taxi_recorte_train_0096.jpg,taxi_recorte_aug_02765.jpg,/home/irar/Escritorio/ProyectoTaxiDetector/dataset/positivos/recortes/train/taxi_recorte_train_0096.jpg,/home/irar/Escritorio/ProyectoTaxiDetector/dataset/positivos/recortes/augmented/taxi_recorte_aug_02765.jpg
2766,taxi_recorte_train_0226.jpg,taxi_recorte_aug_02766.jpg,/home/irar/Escritorio/ProyectoTaxiDetector/dataset/positivos/recortes/train/taxi_recorte_train_0226.jpg,/home/irar/Escritorio/ProyectoTaxiDetector/dataset/positivos/recortes/augmented/taxi_recorte_aug_02766.jpg
2767,taxi_recorte_train_0428.jpg,taxi_recorte_aug_02767.jpg,/home/irar/Escritorio/ProyectoTaxiDetector/dataset/positivos/recortes/train/taxi_recorte_train_0428.jpg,/home/irar/Escritorio/ProyectoTaxiDetector/dataset/positivos/recortes/augmented/taxi_recorte_aug_02767.jpg
2768,taxi_recorte_train_0065.jpg,taxi_recorte_aug_02768.jpg,/home/irar/Escritorio/ProyectoTaxiDetector/dataset/positivos/recortes/train/taxi_recorte_train_0065.jpg,/home/irar/Escritorio/ProyectoTaxiDetector/dataset/positivos/recortes/augmented/taxi_recorte_aug_02768.jpg
2769,taxi_recorte_train_0457.jpg,taxi_recorte_aug_02769.jpg,/home/irar/Escritorio/ProyectoTaxiDetector/dataset/positivos/recortes/train/taxi_recorte_train_0457.jpg,/home/irar/Escritorio/ProyectoTaxiDetector/dataset/positivos/recortes/augmented/taxi_recorte_aug_02769.jpg
2770,taxi_recorte_train_0179.jpg,taxi_recorte_aug_02770.jpg,/home/irar/Escritorio/ProyectoTaxiDetector/dataset/positivos/recortes/train/taxi_recorte_train_0179.jpg,/home/irar/Escritorio/ProyectoTaxiDetector/dataset/positivos/recortes/augmented/taxi_recorte_aug_02770.jpg
2771,taxi_recorte_train_0455.jpg,taxi_recorte_aug_02771.jpg,/home/irar/Escritorio/ProyectoTaxiDetector/dataset/positivos/recortes/train/taxi_recorte_train_0455.jpg,/home/irar/Escritorio/ProyectoTaxiDetector/dataset/positivos/recortes/augmented/taxi_recorte_aug_02771.jpg
2772,taxi_recorte_train_0044.jpg,taxi_recorte_aug_02772.jpg,/home/irar/Escritorio/ProyectoTaxiDetector/dataset/positivos/recortes/train/taxi_recorte_train_0044.jpg,/home/irar/Escritorio/ProyectoTaxiDetector/dataset/positivos/recortes/augmented/taxi_recorte_aug_02772.jpg
2773,taxi_recorte_train_0235.jpg,taxi_recorte_aug_02773.jpg,/home/irar/Escritorio/ProyectoTaxiDetector/dataset/positivos/recortes/train/taxi_recorte_train_0235.jpg,/home/irar/Escritorio/ProyectoTaxiDetector/dataset/positivos/recortes/augmented/taxi_recorte_aug_02773.jpg
2774,taxi_recorte_train_0340.jpg,taxi_recorte_aug_02774.jpg,/home/irar/Escritorio/ProyectoTaxiDetector/dataset/positivos/recortes/train/taxi_recorte_train_0340.jpg,/home/irar/Escritorio/ProyectoTaxiDetector/dataset/positivos/recortes/augmented/taxi_recorte_aug_02774.jpg
2775,taxi_recorte_train_0232.jpg,taxi_recorte_aug_02775.jpg,/home/irar/Escritorio/ProyectoTaxiDetector/dataset/positivos/recortes/train/taxi_recorte_train_0232.jpg,/home/irar/Escritorio/ProyectoTaxiDetector/dataset/positivos/recortes/augmented/taxi_recorte_aug_02775.jpg
2776,taxi_recorte_train_0013.jpg,taxi_recorte_aug_02776.jpg,/home/irar/Escritorio/ProyectoTaxiDetector/dataset/positivos/recortes/train/taxi_recorte_train_0013.jpg,/home/irar/Escritorio/ProyectoTaxiDetector/dataset/positivos/recortes/augmented/taxi_recorte_aug_02776.jpg
2777,taxi_recorte_train_0302.jpg,taxi_recorte_aug_02777.jpg,/home/irar/Escritorio/ProyectoTaxiDetector/dataset/positivos/recortes/train/taxi_recorte_train_0302.jpg,/home/irar/Escritorio/ProyectoTaxiDetector/dataset/positivos/recortes/augmented/taxi_recorte_aug_02777.jpg
2778,taxi_recorte_train_0522.jpg,taxi_recorte_aug_02778.jpg,/home/irar/Escritorio/ProyectoTaxiDetector/dataset/positivos/recortes/train/taxi_recorte_train_0522.jpg,/home/irar/Escritorio/ProyectoTaxiDetector/dataset/positivos/recortes/augmented/taxi_recorte_aug_02778.jpg
2779,taxi_recorte_train_0015.jpg,taxi_recorte_aug_02779.jpg,/home/irar/Escritorio/ProyectoTaxiDetector/dataset/positivos/recortes/train/taxi_recorte_train_0015.jpg,/home/irar/Escritorio/ProyectoTaxiDetector/dataset/positivos/recortes/augmented/taxi_recorte_aug_02779.jpg
2780,taxi_recorte_train_0419.jpg,taxi_recorte_aug_02780.jpg,/home/irar/Escritorio/ProyectoTaxiDetector/dataset/positivos/recortes/train/taxi_recorte_train_0419.jpg,/home/irar/Escritorio/ProyectoTaxiDetector/dataset/positivos/recortes/augmented/taxi_recorte_aug_02780.jpg
2781,taxi_recorte_train_0127.jpg,taxi_recorte_aug_02781.jpg,/home/irar/Escritorio/ProyectoTaxiDetector/dataset/positivos/recortes/train/taxi_recorte_train_0127.jpg,/home/irar/Escritorio/ProyectoTaxiDetector/dataset/positivos/recortes/augmented/taxi_recorte_aug_02781.jpg
2782,taxi_recorte_train_0370.jpg,taxi_recorte_aug_02782.jpg,/home/irar/Escritorio/ProyectoTaxiDetector/dataset/positivos/recortes/train/taxi_recorte_train_0370.jpg,/home/irar/Escritorio/ProyectoTaxiDetector/dataset/positivos/recortes/augmented/taxi_recorte_aug_02782.jpg
2783,taxi_recorte_train_0264.jpg,taxi_recorte_aug_02783.jpg,/home/irar/Escritorio/ProyectoTaxiDetector/dataset/positivos/recortes/train/taxi_recorte_train_0264.jpg,/home/irar/Escritorio/ProyectoTaxiDetector/dataset/positivos/recortes/augmented/taxi_recorte_aug_02783.jpg
2784,taxi_recorte_train_0459.jpg,taxi_recorte_aug_02784.jpg,/home/irar/Escritorio/ProyectoTaxiDetector/dataset/positivos/recortes/train/taxi_recorte_train_0459.jpg,/home/irar/Escritorio/ProyectoTaxiDetector/dataset/positivos/recortes/augmented/taxi_recorte_aug_02784.jpg
2785,taxi_recorte_train_0104.jpg,taxi_recorte_aug_02785.jpg,/home/irar/Escritorio/ProyectoTaxiDetector/dataset/positivos/recortes/train/taxi_recorte_train_0104.jpg,/home/irar/Escritorio/ProyectoTaxiDetector/dataset/positivos/recortes/augmented/taxi_recorte_aug_02785.jpg
2786,taxi_recorte_train_0128.jpg,taxi_recorte_aug_02786.jpg,/home/irar/Escritorio/ProyectoTaxiDetector/dataset/positivos/recortes/train/taxi_recorte_train_0128.jpg,/home/irar/Escritorio/ProyectoTaxiDetector/dataset/positivos/recortes/augmented/taxi_recorte_aug_02786.jpg
2787,taxi_recorte_train_0401.jpg,taxi_recorte_aug_02787.jpg,/home/irar/Escritorio/ProyectoTaxiDetector/dataset/positivos/recortes/train/taxi_recorte_train_0401.jpg,/home/irar/Escritorio/ProyectoTaxiDetector/dataset/positivos/recortes/augmented/taxi_recorte_aug_02787.jpg
2788,taxi_recorte_train_0167.jpg,taxi_recorte_aug_02788.jpg,/home/irar/Escritorio/ProyectoTaxiDetector/dataset/positivos/recortes/train/taxi_recorte_train_0167.jpg,/home/irar/Escritorio/ProyectoTaxiDetector/dataset/positivos/recortes/augmented/taxi_recorte_aug_02788.jpg
2789,taxi_recorte_train_0200.jpg,taxi_recorte_aug_02789.jpg,/home/irar/Escritorio/ProyectoTaxiDetector/dataset/positivos/recortes/train/taxi_recorte_train_0200.jpg,/home/irar/Escritorio/ProyectoTaxiDetector/dataset/positivos/recortes/augmented/taxi_recorte_aug_02789.jpg
2790,taxi_recorte_train_0407.jpg,taxi_recorte_aug_02790.jpg,/home/irar/Escritorio/ProyectoTaxiDetector/dataset/positivos/recortes/train/taxi_recorte_train_0407.jpg,/home/irar/Escritorio/ProyectoTaxiDetector/dataset/positivos/recortes/augmented/taxi_recorte_aug_02790.jpg
2791,taxi_recorte_train_0338.jpg,taxi_recorte_aug_02791.jpg,/home/irar/Escritorio/ProyectoTaxiDetector/dataset/positivos/recortes/train/taxi_recorte_train_0338.jpg,/home/irar/Escritorio/ProyectoTaxiDetector/dataset/positivos/recortes/augmented/taxi_recorte_aug_02791.jpg
2792,taxi_recorte_train_0388.jpg,taxi_recorte_aug_02792.jpg,/home/irar/Escritorio/ProyectoTaxiDetector/dataset/positivos/recortes/train/taxi_recorte_train_0388.jpg,/home/irar/Escritorio/ProyectoTaxiDetector/dataset/positivos/recortes/augmented/taxi_recorte_aug_02792.jpg
2793,taxi_recorte_train_0356.jpg,taxi_recorte_aug_02793.jpg,/home/irar/Escritorio/ProyectoTaxiDetector/dataset/positivos/recortes/train/taxi_recorte_train_0356.jpg,/home/irar/Escritorio/ProyectoTaxiDetector/dataset/positivos/recortes/augmented/taxi_recorte_aug_02793.jpg
2794,taxi_recorte_train_0386.jpg,taxi_recorte_aug_02794.jpg,/home/irar/Escritorio/ProyectoTaxiDetector/dataset/positivos/recortes/train/taxi_recorte_train_0386.jpg,/home/irar/Escritorio/ProyectoTaxiDetector/dataset/positivos/recortes/augmented/taxi_recorte_aug_02794.jpg
2795,taxi_recorte_train_0314.jpg,taxi_recorte_aug_02795.jpg,/home/irar/Escritorio/ProyectoTaxiDetector/dataset/positivos/recortes/train/taxi_recorte_train_0314.jpg,/home/irar/Escritorio/ProyectoTaxiDetector/dataset/positivos/recortes/augmented/taxi_recorte_aug_02795.jpg
2796,taxi_recorte_train_0094.jpg,taxi_recorte_aug_02796.jpg,/home/irar/Escritorio/ProyectoTaxiDetector/dataset/positivos/recortes/train/taxi_recorte_train_0094.jpg,/home/irar/Escritorio/ProyectoTaxiDetector/dataset/positivos/recortes/augmented/taxi_recorte_aug_02796.jpg
2797,taxi_recorte_train_0322.jpg,taxi_recorte_aug_02797.jpg,/home/irar/Escritorio/ProyectoTaxiDetector/dataset/positivos/recortes/train/taxi_recorte_train_0322.jpg,/home/irar/Escritorio/ProyectoTaxiDetector/dataset/positivos/recortes/augmented/taxi_recorte_aug_02797.jpg
2798,taxi_recorte_train_0279.jpg,taxi_recorte_aug_02798.jpg,/home/irar/Escritorio/ProyectoTaxiDetector/dataset/positivos/recortes/train/taxi_recorte_train_0279.jpg,/home/irar/Escritorio/ProyectoTaxiDetector/dataset/positivos/recortes/augmented/taxi_recorte_aug_02798.jpg
2799,taxi_recorte_train_0135.jpg,taxi_recorte_aug_02799.jpg,/home/irar/Escritorio/ProyectoTaxiDetector/dataset/positivos/recortes/train/taxi_recorte_train_0135.jpg,/home/irar/Escritorio/ProyectoTaxiDetector/dataset/positivos/recortes/augmented/taxi_recorte_aug_02799.jpg
2800,taxi_recorte_train_0113.jpg,taxi_recorte_aug_02800.jpg,/home/irar/Escritorio/ProyectoTaxiDetector/dataset/positivos/recortes/train/taxi_recorte_train_0113.jpg,/home/irar/Escritorio/ProyectoTaxiDetector/dataset/positivos/recortes/augmented/taxi_recorte_aug_02800.jpg
2801,taxi_recorte_train_0335.jpg,taxi_recorte_aug_02801.jpg,/home/irar/Escritorio/ProyectoTaxiDetector/dataset/positivos/recortes/train/taxi_recorte_train_0335.jpg,/home/irar/Escritorio/ProyectoTaxiDetector/dataset/positivos/recortes/augmented/taxi_recorte_aug_02801.jpg
2802,taxi_recorte_train_0057.jpg,taxi_recorte_aug_02802.jpg,/home/irar/Escritorio/ProyectoTaxiDetector/dataset/positivos/recortes/train/taxi_recorte_train_0057.jpg,/home/irar/Escritorio/ProyectoTaxiDetector/dataset/positivos/recortes/augmented/taxi_recorte_aug_02802.jpg
2803,taxi_recorte_train_0495.jpg,taxi_recorte_aug_02803.jpg,/home/irar/Escritorio/ProyectoTaxiDetector/dataset/positivos/recortes/train/taxi_recorte_train_0495.jpg,/home/irar/Escritorio/ProyectoTaxiDetector/dataset/positivos/recortes/augmented/taxi_recorte_aug_02803.jpg
2804,taxi_recorte_train_0376.jpg,taxi_recorte_aug_02804.jpg,/home/irar/Escritorio/ProyectoTaxiDetector/dataset/positivos/recortes/train/taxi_recorte_train_0376.jpg,/home/irar/Escritorio/ProyectoTaxiDetector/dataset/positivos/recortes/augmented/taxi_recorte_aug_02804.jpg
2805,taxi_recorte_train_0080.jpg,taxi_recorte_aug_02805.jpg,/home/irar/Escritorio/ProyectoTaxiDetector/dataset/positivos/recortes/train/taxi_recorte_train_0080.jpg,/home/irar/Escritorio/ProyectoTaxiDetector/dataset/positivos/recortes/augmented/taxi_recorte_aug_02805.jpg
2806,taxi_recorte_train_0353.jpg,taxi_recorte_aug_02806.jpg,/home/irar/Escritorio/ProyectoTaxiDetector/dataset/positivos/recortes/train/taxi_recorte_train_0353.jpg,/home/irar/Escritorio/ProyectoTaxiDetector/dataset/positivos/recortes/augmented/taxi_recorte_aug_02806.jpg
2807,taxi_recorte_train_0379.jpg,taxi_recorte_aug_02807.jpg,/home/irar/Escritorio/ProyectoTaxiDetector/dataset/positivos/recortes/train/taxi_recorte_train_0379.jpg,/home/irar/Escritorio/ProyectoTaxiDetector/dataset/positivos/recortes/augmented/taxi_recorte_aug_02807.jpg
2808,taxi_recorte_train_0001.jpg,taxi_recorte_aug_02808.jpg,/home/irar/Escritorio/ProyectoTaxiDetector/dataset/positivos/recortes/train/taxi_recorte_train_0001.jpg,/home/irar/Escritorio/ProyectoTaxiDetector/dataset/positivos/recortes/augmented/taxi_recorte_aug_02808.jpg
2809,taxi_recorte_train_0110.jpg,taxi_recorte_aug_02809.jpg,/home/irar/Escritorio/ProyectoTaxiDetector/dataset/positivos/recortes/train/taxi_recorte_train_0110.jpg,/home/irar/Escritorio/ProyectoTaxiDetector/dataset/positivos/recortes/augmented/taxi_recorte_aug_02809.jpg
2810,taxi_recorte_train_0121.jpg,taxi_recorte_aug_02810.jpg,/home/irar/Escritorio/ProyectoTaxiDetector/dataset/positivos/recortes/train/taxi_recorte_train_0121.jpg,/home/irar/Escritorio/ProyectoTaxiDetector/dataset/positivos/recortes/augmented/taxi_recorte_aug_02810.jpg
2811,taxi_recorte_train_0203.jpg,taxi_recorte_aug_02811.jpg,/home/irar/Escritorio/ProyectoTaxiDetector/dataset/positivos/recortes/train/taxi_recorte_train_0203.jpg,/home/irar/Escritorio/ProyectoTaxiDetector/dataset/positivos/recortes/augmented/taxi_recorte_aug_02811.jpg
2812,taxi_recorte_train_0240.jpg,taxi_recorte_aug_02812.jpg,/home/irar/Escritorio/ProyectoTaxiDetector/dataset/positivos/recortes/train/taxi_recorte_train_0240.jpg,/home/irar/Escritorio/ProyectoTaxiDetector/dataset/positivos/recortes/augmented/taxi_recorte_aug_02812.jpg
2813,taxi_recorte_train_0456.jpg,taxi_recorte_aug_02813.jpg,/home/irar/Escritorio/ProyectoTaxiDetector/dataset/positivos/recortes/train/taxi_recorte_train_0456.jpg,/home/irar/Escritorio/ProyectoTaxiDetector/dataset/positivos/recortes/augmented/taxi_recorte_aug_02813.jpg
2814,taxi_recorte_train_0421.jpg,taxi_recorte_aug_02814.jpg,/home/irar/Escritorio/ProyectoTaxiDetector/dataset/positivos/recortes/train/taxi_recorte_train_0421.jpg,/home/irar/Escritorio/ProyectoTaxiDetector/dataset/positivos/recortes/augmented/taxi_recorte_aug_02814.jpg
2815,taxi_recorte_train_0213.jpg,taxi_recorte_aug_02815.jpg,/home/irar/Escritorio/ProyectoTaxiDetector/dataset/positivos/recortes/train/taxi_recorte_train_0213.jpg,/home/irar/Escritorio/ProyectoTaxiDetector/dataset/positivos/recortes/augmented/taxi_recorte_aug_02815.jpg
2816,taxi_recorte_train_0117.jpg,taxi_recorte_aug_02816.jpg,/home/irar/Escritorio/ProyectoTaxiDetector/dataset/positivos/recortes/train/taxi_recorte_train_0117.jpg,/home/irar/Escritorio/ProyectoTaxiDetector/dataset/positivos/recortes/augmented/taxi_recorte_aug_02816.jpg
2817,taxi_recorte_train_0224.jpg,taxi_recorte_aug_02817.jpg,/home/irar/Escritorio/ProyectoTaxiDetector/dataset/positivos/recortes/train/taxi_recorte_train_0224.jpg,/home/irar/Escritorio/ProyectoTaxiDetector/dataset/positivos/recortes/augmented/taxi_recorte_aug_02817.jpg
2818,taxi_recorte_train_0427.jpg,taxi_recorte_aug_02818.jpg,/home/irar/Escritorio/ProyectoTaxiDetector/dataset/positivos/recortes/train/taxi_recorte_train_0427.jpg,/home/irar/Escritorio/ProyectoTaxiDetector/dataset/positivos/recortes/augmented/taxi_recorte_aug_02818.jpg
2819,taxi_recorte_train_0464.jpg,taxi_recorte_aug_02819.jpg,/home/irar/Escritorio/ProyectoTaxiDetector/dataset/positivos/recortes/train/taxi_recorte_train_0464.jpg,/home/irar/Escritorio/ProyectoTaxiDetector/dataset/positivos/recortes/augmented/taxi_recorte_aug_02819.jpg
2820,taxi_recorte_train_0516.jpg,taxi_recorte_aug_02820.jpg,/home/irar/Escritorio/ProyectoTaxiDetector/dataset/positivos/recortes/train/taxi_recorte_train_0516.jpg,/home/irar/Escritorio/ProyectoTaxiDetector/dataset/positivos/recortes/augmented/taxi_recorte_aug_02820.jpg
2821,taxi_recorte_train_0047.jpg,taxi_recorte_aug_02821.jpg,/home/irar/Escritorio/ProyectoTaxiDetector/dataset/positivos/recortes/train/taxi_recorte_train_0047.jpg,/home/irar/Escritorio/ProyectoTaxiDetector/dataset/positivos/recortes/augmented/taxi_recorte_aug_02821.jpg
2822,taxi_recorte_train_0010.jpg,taxi_recorte_aug_02822.jpg,/home/irar/Escritorio/ProyectoTaxiDetector/dataset/positivos/recortes/train/taxi_recorte_train_0010.jpg,/home/irar/Escritorio/ProyectoTaxiDetector/dataset/positivos/recortes/augmented/taxi_recorte_aug_02822.jpg
2823,taxi_recorte_train_0342.jpg,taxi_recorte_aug_02823.jpg,/home/irar/Escritorio/ProyectoTaxiDetector/dataset/positivos/recortes/train/taxi_recorte_train_0342.jpg,/home/irar/Escritorio/ProyectoTaxiDetector/dataset/positivos/recortes/augmented/taxi_recorte_aug_02823.jpg
2824,taxi_recorte_train_0492.jpg,taxi_recorte_aug_02824.jpg,/home/irar/Escritorio/ProyectoTaxiDetector/dataset/positivos/recortes/train/taxi_recorte_train_0492.jpg,/home/irar/Escritorio/ProyectoTaxiDetector/dataset/positivos/recortes/augmented/taxi_recorte_aug_02824.jpg
2825,taxi_recorte_train_0312.jpg,taxi_recorte_aug_02825.jpg,/home/irar/Escritorio/ProyectoTaxiDetector/dataset/positivos/recortes/train/taxi_recorte_train_0312.jpg,/home/irar/Escritorio/ProyectoTaxiDetector/dataset/positivos/recortes/augmented/taxi_recorte_aug_02825.jpg
2826,taxi_recorte_train_0222.jpg,taxi_recorte_aug_02826.jpg,/home/irar/Escritorio/ProyectoTaxiDetector/dataset/positivos/recortes/train/taxi_recorte_train_0222.jpg,/home/irar/Escritorio/ProyectoTaxiDetector/dataset/positivos/recortes/augmented/taxi_recorte_aug_02826.jpg
2827,taxi_recorte_train_0454.jpg,taxi_recorte_aug_02827.jpg,/home/irar/Escritorio/ProyectoTaxiDetector/dataset/positivos/recortes/train/taxi_recorte_train_0454.jpg,/home/irar/Escritorio/ProyectoTaxiDetector/dataset/positivos/recortes/augmented/taxi_recorte_aug_02827.jpg
2828,taxi_recorte_train_0056.jpg,taxi_recorte_aug_02828.jpg,/home/irar/Escritorio/ProyectoTaxiDetector/dataset/positivos/recortes/train/taxi_recorte_train_0056.jpg,/home/irar/Escritorio/ProyectoTaxiDetector/dataset/positivos/recortes/augmented/taxi_recorte_aug_02828.jpg
2829,taxi_recorte_train_0237.jpg,taxi_recorte_aug_02829.jpg,/home/irar/Escritorio/ProyectoTaxiDetector/dataset/positivos/recortes/train/taxi_recorte_train_0237.jpg,/home/irar/Escritorio/ProyectoTaxiDetector/dataset/positivos/recortes/augmented/taxi_recorte_aug_02829.jpg
2830,taxi_recorte_train_0227.jpg,taxi_recorte_aug_02830.jpg,/home/irar/Escritorio/ProyectoTaxiDetector/dataset/positivos/recortes/train/taxi_recorte_train_0227.jpg,/home/irar/Escritorio/ProyectoTaxiDetector/dataset/positivos/recortes/augmented/taxi_recorte_aug_02830.jpg
2831,taxi_recorte_train_0374.jpg,taxi_recorte_aug_02831.jpg,/home/irar/Escritorio/ProyectoTaxiDetector/dataset/positivos/recortes/train/taxi_recorte_train_0374.jpg,/home/irar/Escritorio/ProyectoTaxiDetector/dataset/positivos/recortes/augmented/taxi_recorte_aug_02831.jpg
2832,taxi_recorte_train_0432.jpg,taxi_recorte_aug_02832.jpg,/home/irar/Escritorio/ProyectoTaxiDetector/dataset/positivos/recortes/train/taxi_recorte_train_0432.jpg,/home/irar/Escritorio/ProyectoTaxiDetector/dataset/positivos/recortes/augmented/taxi_recorte_aug_02832.jpg
2833,taxi_recorte_train_0486.jpg,taxi_recorte_aug_02833.jpg,/home/irar/Escritorio/ProyectoTaxiDetector/dataset/positivos/recortes/train/taxi_recorte_train_0486.jpg,/home/irar/Escritorio/ProyectoTaxiDetector/dataset/positivos/recortes/augmented/taxi_recorte_aug_02833.jpg
2834,taxi_recorte_train_0317.jpg,taxi_recorte_aug_02834.jpg,/home/irar/Escritorio/ProyectoTaxiDetector/dataset/positivos/recortes/train/taxi_recorte_train_0317.jpg,/home/irar/Escritorio/ProyectoTaxiDetector/dataset/positivos/recortes/augmented/taxi_recorte_aug_02834.jpg
2835,taxi_recorte_train_0311.jpg,taxi_recorte_aug_02835.jpg,/home/irar/Escritorio/ProyectoTaxiDetector/dataset/positivos/recortes/train/taxi_recorte_train_0311.jpg,/home/irar/Escritorio/ProyectoTaxiDetector/dataset/positivos/recortes/augmented/taxi_recorte_aug_02835.jpg
2836,taxi_recorte_train_0318.jpg,taxi_recorte_aug_02836.jpg,/home/irar/Escritorio/ProyectoTaxiDetector/dataset/positivos/recortes/train/taxi_recorte_train_0318.jpg,/home/irar/Escritorio/ProyectoTaxiDetector/dataset/positivos/recortes/augmented/taxi_recorte_aug_02836.jpg
2837,taxi_recorte_train_0271.jpg,taxi_recorte_aug_02837.jpg,/home/irar/Escritorio/ProyectoTaxiDetector/dataset/positivos/recortes/train/taxi_recorte_train_0271.jpg,/home/irar/Escritorio/ProyectoTaxiDetector/dataset/positivos/recortes/augmented/taxi_recorte_aug_02837.jpg
2838,taxi_recorte_train_0049.jpg,taxi_recorte_aug_02838.jpg,/home/irar/Escritorio/ProyectoTaxiDetector/dataset/positivos/recortes/train/taxi_recorte_train_0049.jpg,/home/irar/Escritorio/ProyectoTaxiDetector/dataset/positivos/recortes/augmented/taxi_recorte_aug_02838.jpg
2839,taxi_recorte_train_0189.jpg,taxi_recorte_aug_02839.jpg,/home/irar/Escritorio/ProyectoTaxiDetector/dataset/positivos/recortes/train/taxi_recorte_train_0189.jpg,/home/irar/Escritorio/ProyectoTaxiDetector/dataset/positivos/recortes/augmented/taxi_recorte_aug_02839.jpg
2840,taxi_recorte_train_0197.jpg,taxi_recorte_aug_02840.jpg,/home/irar/Escritorio/ProyectoTaxiDetector/dataset/positivos/recortes/train/taxi_recorte_train_0197.jpg,/home/irar/Escritorio/ProyectoTaxiDetector/dataset/positivos/recortes/augmented/taxi_recorte_aug_02840.jpg
2841,taxi_recorte_train_0067.jpg,taxi_recorte_aug_02841.jpg,/home/irar/Escritorio/ProyectoTaxiDetector/dataset/positivos/recortes/train/taxi_recorte_train_0067.jpg,/home/irar/Escritorio/ProyectoTaxiDetector/dataset/positivos/recortes/augmented/taxi_recorte_aug_02841.jpg
2842,taxi_recorte_train_0431.jpg,taxi_recorte_aug_02842.jpg,/home/irar/Escritorio/ProyectoTaxiDetector/dataset/positivos/recortes/train/taxi_recorte_train_0431.jpg,/home/irar/Escritorio/ProyectoTaxiDetector/dataset/positivos/recortes/augmented/taxi_recorte_aug_02842.jpg
2843,taxi_recorte_train_0063.jpg,taxi_recorte_aug_02843.jpg,/home/irar/Escritorio/ProyectoTaxiDetector/dataset/positivos/recortes/train/taxi_recorte_train_0063.jpg,/home/irar/Escritorio/ProyectoTaxiDetector/dataset/positivos/recortes/augmented/taxi_recorte_aug_02843.jpg
2844,taxi_recorte_train_0359.jpg,taxi_recorte_aug_02844.jpg,/home/irar/Escritorio/ProyectoTaxiDetector/dataset/positivos/recortes/train/taxi_recorte_train_0359.jpg,/home/irar/Escritorio/ProyectoTaxiDetector/dataset/positivos/recortes/augmented/taxi_recorte_aug_02844.jpg
2845,taxi_recorte_train_0168.jpg,taxi_recorte_aug_02845.jpg,/home/irar/Escritorio/ProyectoTaxiDetector/dataset/positivos/recortes/train/taxi_recorte_train_0168.jpg,/home/irar/Escritorio/ProyectoTaxiDetector/dataset/positivos/recortes/augmented/taxi_recorte_aug_02845.jpg
2846,taxi_recorte_train_0106.jpg,taxi_recorte_aug_02846.jpg,/home/irar/Escritorio/ProyectoTaxiDetector/dataset/positivos/recortes/train/taxi_recorte_train_0106.jpg,/home/irar/Escritorio/ProyectoTaxiDetector/dataset/positivos/recortes/augmented/taxi_recorte_aug_02846.jpg
2847,taxi_recorte_train_0351.jpg,taxi_recorte_aug_02847.jpg,/home/irar/Escritorio/ProyectoTaxiDetector/dataset/positivos/recortes/train/taxi_recorte_train_0351.jpg,/home/irar/Escritorio/ProyectoTaxiDetector/dataset/positivos/recortes/augmented/taxi_recorte_aug_02847.jpg
2848,taxi_recorte_train_0347.jpg,taxi_recorte_aug_02848.jpg,/home/irar/Escritorio/ProyectoTaxiDetector/dataset/positivos/recortes/train/taxi_recorte_train_0347.jpg,/home/irar/Escritorio/ProyectoTaxiDetector/dataset/positivos/recortes/augmented/taxi_recorte_aug_02848.jpg
2849,taxi_recorte_train_0437.jpg,taxi_recorte_aug_02849.jpg,/home/irar/Escritorio/ProyectoTaxiDetector/dataset/positivos/recortes/train/taxi_recorte_train_0437.jpg,/home/irar/Escritorio/ProyectoTaxiDetector/dataset/positivos/recortes/augmented/taxi_recorte_aug_02849.jpg
2850,taxi_recorte_train_0368.jpg,taxi_recorte_aug_02850.jpg,/home/irar/Escritorio/ProyectoTaxiDetector/dataset/positivos/recortes/train/taxi_recorte_train_0368.jpg,/home/irar/Escritorio/ProyectoTaxiDetector/dataset/positivos/recortes/augmented/taxi_recorte_aug_02850.jpg
2851,taxi_recorte_train_0188.jpg,taxi_recorte_aug_02851.jpg,/home/irar/Escritorio/ProyectoTaxiDetector/dataset/positivos/recortes/train/taxi_recorte_train_0188.jpg,/home/irar/Escritorio/ProyectoTaxiDetector/dataset/positivos/recortes/augmented/taxi_recorte_aug_02851.jpg
2852,taxi_recorte_train_0091.jpg,taxi_recorte_aug_02852.jpg,/home/irar/Escritorio/ProyectoTaxiDetector/dataset/positivos/recortes/train/taxi_recorte_train_0091.jpg,/home/irar/Escritorio/ProyectoTaxiDetector/dataset/positivos/recortes/augmented/taxi_recorte_aug_02852.jpg
2853,taxi_recorte_train_0291.jpg,taxi_recorte_aug_02853.jpg,/home/irar/Escritorio/ProyectoTaxiDetector/dataset/positivos/recortes/train/taxi_recorte_train_0291.jpg,/home/irar/Escritorio/ProyectoTaxiDetector/dataset/positivos/recortes/augmented/taxi_recorte_aug_02853.jpg
2854,taxi_recorte_train_0480.jpg,taxi_recorte_aug_02854.jpg,/home/irar/Escritorio/ProyectoTaxiDetector/dataset/positivos/recortes/train/taxi_recorte_train_0480.jpg,/home/irar/Escritorio/ProyectoTaxiDetector/dataset/positivos/recortes/augmented/taxi_recorte_aug_02854.jpg
2855,taxi_recorte_train_0487.jpg,taxi_recorte_aug_02855.jpg,/home/irar/Escritorio/ProyectoTaxiDetector/dataset/positivos/recortes/train/taxi_recorte_train_0487.jpg,/home/irar/Escritorio/ProyectoTaxiDetector/dataset/positivos/recortes/augmented/taxi_recorte_aug_02855.jpg
2856,taxi_recorte_train_0358.jpg,taxi_recorte_aug_02856.jpg,/home/irar/Escritorio/ProyectoTaxiDetector/dataset/positivos/recortes/train/taxi_recorte_train_0358.jpg,/home/irar/Escritorio/ProyectoTaxiDetector/dataset/positivos/recortes/augmented/taxi_recorte_aug_02856.jpg
2857,taxi_recorte_train_0369.jpg,taxi_recorte_aug_02857.jpg,/home/irar/Escritorio/ProyectoTaxiDetector/dataset/positivos/recortes/train/taxi_recorte_train_0369.jpg,/home/irar/Escritorio/ProyectoTaxiDetector/dataset/positivos/recortes/augmented/taxi_recorte_aug_02857.jpg
2858,taxi_recorte_train_0143.jpg,taxi_recorte_aug_02858.jpg,/home/irar/Escritorio/ProyectoTaxiDetector/dataset/positivos/recortes/train/taxi_recorte_train_0143.jpg,/home/irar/Escritorio/ProyectoTaxiDetector/dataset/positivos/recortes/augmented/taxi_recorte_aug_02858.jpg
2859,taxi_recorte_train_0115.jpg,taxi_recorte_aug_02859.jpg,/home/irar/Escritorio/ProyectoTaxiDetector/dataset/positivos/recortes/train/taxi_recorte_train_0115.jpg,/home/irar/Escritorio/ProyectoTaxiDetector/dataset/positivos/recortes/augmented/taxi_recorte_aug_02859.jpg
2860,taxi_recorte_train_0207.jpg,taxi_recorte_aug_02860.jpg,/home/irar/Escritorio/ProyectoTaxiDetector/dataset/positivos/recortes/train/taxi_recorte_train_0207.jpg,/home/irar/Escritorio/ProyectoTaxiDetector/dataset/positivos/recortes/augmented/taxi_recorte_aug_02860.jpg
2861,taxi_recorte_train_0334.jpg,taxi_recorte_aug_02861.jpg,/home/irar/Escritorio/ProyectoTaxiDetector/dataset/positivos/recortes/train/taxi_recorte_train_0334.jpg,/home/irar/Escritorio/ProyectoTaxiDetector/dataset/positivos/recortes/augmented/taxi_recorte_aug_02861.jpg
2862,taxi_recorte_train_0499.jpg,taxi_recorte_aug_02862.jpg,/home/irar/Escritorio/ProyectoTaxiDetector/dataset/positivos/recortes/train/taxi_recorte_train_0499.jpg,/home/irar/Escritorio/ProyectoTaxiDetector/dataset/positivos/recortes/augmented/taxi_recorte_aug_02862.jpg
2863,taxi_recorte_train_0034.jpg,taxi_recorte_aug_02863.jpg,/home/irar/Escritorio/ProyectoTaxiDetector/dataset/positivos/recortes/train/taxi_recorte_train_0034.jpg,/home/irar/Escritorio/ProyectoTaxiDetector/dataset/positivos/recortes/augmented/taxi_recorte_aug_02863.jpg
2864,taxi_recorte_train_0408.jpg,taxi_recorte_aug_02864.jpg,/home/irar/Escritorio/ProyectoTaxiDetector/dataset/positivos/recortes/train/taxi_recorte_train_0408.jpg,/home/irar/Escritorio/ProyectoTaxiDetector/dataset/positivos/recortes/augmented/taxi_recorte_aug_02864.jpg
2865,taxi_recorte_train_0327.jpg,taxi_recorte_aug_02865.jpg,/home/irar/Escritorio/ProyectoTaxiDetector/dataset/positivos/recortes/train/taxi_recorte_train_0327.jpg,/home/irar/Escritorio/ProyectoTaxiDetector/dataset/positivos/recortes/augmented/taxi_recorte_aug_02865.jpg
2866,taxi_recorte_train_0157.jpg,taxi_recorte_aug_02866.jpg,/home/irar/Escritorio/ProyectoTaxiDetector/dataset/positivos/recortes/train/taxi_recorte_train_0157.jpg,/home/irar/Escritorio/ProyectoTaxiDetector/dataset/positivos/recortes/augmented/taxi_recorte_aug_02866.jpg
2867,taxi_recorte_train_0352.jpg,taxi_recorte_aug_02867.jpg,/home/irar/Escritorio/ProyectoTaxiDetector/dataset/positivos/recortes/train/taxi_recorte_train_0352.jpg,/home/irar/Escritorio/ProyectoTaxiDetector/dataset/positivos/recortes/augmented/taxi_recorte_aug_02867.jpg
2868,taxi_recorte_train_0343.jpg,taxi_recorte_aug_02868.jpg,/home/irar/Escritorio/ProyectoTaxiDetector/dataset/positivos/recortes/train/taxi_recorte_train_0343.jpg,/home/irar/Escritorio/ProyectoTaxiDetector/dataset/positivos/recortes/augmented/taxi_recorte_aug_02868.jpg
2869,taxi_recorte_train_0002.jpg,taxi_recorte_aug_02869.jpg,/home/irar/Escritorio/ProyectoTaxiDetector/dataset/positivos/recortes/train/taxi_recorte_train_0002.jpg,/home/irar/Escritorio/ProyectoTaxiDetector/dataset/positivos/recortes/augmented/taxi_recorte_aug_02869.jpg
2870,taxi_recorte_train_0354.jpg,taxi_recorte_aug_02870.jpg,/home/irar/Escritorio/ProyectoTaxiDetector/dataset/positivos/recortes/train/taxi_recorte_train_0354.jpg,/home/irar/Escritorio/ProyectoTaxiDetector/dataset/positivos/recortes/augmented/taxi_recorte_aug_02870.jpg
2871,taxi_recorte_train_0028.jpg,taxi_recorte_aug_02871.jpg,/home/irar/Escritorio/ProyectoTaxiDetector/dataset/positivos/recortes/train/taxi_recorte_train_0028.jpg,/home/irar/Escritorio/ProyectoTaxiDetector/dataset/positivos/recortes/augmented/taxi_recorte_aug_02871.jpg
2872,taxi_recorte_train_0093.jpg,taxi_recorte_aug_02872.jpg,/home/irar/Escritorio/ProyectoTaxiDetector/dataset/positivos/recortes/train/taxi_recorte_train_0093.jpg,/home/irar/Escritorio/ProyectoTaxiDetector/dataset/positivos/recortes/augmented/taxi_recorte_aug_02872.jpg
2873,taxi_recorte_train_0082.jpg,taxi_recorte_aug_02873.jpg,/home/irar/Escritorio/ProyectoTaxiDetector/dataset/positivos/recortes/train/taxi_recorte_train_0082.jpg,/home/irar/Escritorio/ProyectoTaxiDetector/dataset/positivos/recortes/augmented/taxi_recorte_aug_02873.jpg
2874,taxi_recorte_train_0265.jpg,taxi_recorte_aug_02874.jpg,/home/irar/Escritorio/ProyectoTaxiDetector/dataset/positivos/recortes/train/taxi_recorte_train_0265.jpg,/home/irar/Escritorio/ProyectoTaxiDetector/dataset/positivos/recortes/augmented/taxi_recorte_aug_02874.jpg
2875,taxi_recorte_train_0162.jpg,taxi_recorte_aug_02875.jpg,/home/irar/Escritorio/ProyectoTaxiDetector/dataset/positivos/recortes/train/taxi_recorte_train_0162.jpg,/home/irar/Escritorio/ProyectoTaxiDetector/dataset/positivos/recortes/augmented/taxi_recorte_aug_02875.jpg
2876,taxi_recorte_train_0391.jpg,taxi_recorte_aug_02876.jpg,/home/irar/Escritorio/ProyectoTaxiDetector/dataset/positivos/recortes/train/taxi_recorte_train_0391.jpg,/home/irar/Escritorio/ProyectoTaxiDetector/dataset/positivos/recortes/augmented/taxi_recorte_aug_02876.jpg
2877,taxi_recorte_train_0040.jpg,taxi_recorte_aug_02877.jpg,/home/irar/Escritorio/ProyectoTaxiDetector/dataset/positivos/recortes/train/taxi_recorte_train_0040.jpg,/home/irar/Escritorio/ProyectoTaxiDetector/dataset/positivos/recortes/augmented/taxi_recorte_aug_02877.jpg
2878,taxi_recorte_train_0422.jpg,taxi_recorte_aug_02878.jpg,/home/irar/Escritorio/ProyectoTaxiDetector/dataset/positivos/recortes/train/taxi_recorte_train_0422.jpg,/home/irar/Escritorio/ProyectoTaxiDetector/dataset/positivos/recortes/augmented/taxi_recorte_aug_02878.jpg
2879,taxi_recorte_train_0362.jpg,taxi_recorte_aug_02879.jpg,/home/irar/Escritorio/ProyectoTaxiDetector/dataset/positivos/recortes/train/taxi_recorte_train_0362.jpg,/home/irar/Escritorio/ProyectoTaxiDetector/dataset/positivos/recortes/augmented/taxi_recorte_aug_02879.jpg
2880,taxi_recorte_train_0019.jpg,taxi_recorte_aug_02880.jpg,/home/irar/Escritorio/ProyectoTaxiDetector/dataset/positivos/recortes/train/taxi_recorte_train_0019.jpg,/home/irar/Escritorio/ProyectoTaxiDetector/dataset/positivos/recortes/augmented/taxi_recorte_aug_02880.jpg
2881,taxi_recorte_train_0064.jpg,taxi_recorte_aug_02881.jpg,/home/irar/Escritorio/ProyectoTaxiDetector/dataset/positivos/recortes/train/taxi_recorte_train_0064.jpg,/home/irar/Escritorio/ProyectoTaxiDetector/dataset/positivos/recortes/augmented/taxi_recorte_aug_02881.jpg
2882,taxi_recorte_train_0076.jpg,taxi_recorte_aug_02882.jpg,/home/irar/Escritorio/ProyectoTaxiDetector/dataset/positivos/recortes/train/taxi_recorte_train_0076.jpg,/home/irar/Escritorio/ProyectoTaxiDetector/dataset/positivos/recortes/augmented/taxi_recorte_aug_02882.jpg
2883,taxi_recorte_train_0520.jpg,taxi_recorte_aug_02883.jpg,/home/irar/Escritorio/ProyectoTaxiDetector/dataset/positivos/recortes/train/taxi_recorte_train_0520.jpg,/home/irar/Escritorio/ProyectoTaxiDetector/dataset/positivos/recortes/augmented/taxi_recorte_aug_02883.jpg
2884,taxi_recorte_train_0022.jpg,taxi_recorte_aug_02884.jpg,/home/irar/Escritorio/ProyectoTaxiDetector/dataset/positivos/recortes/train/taxi_recorte_train_0022.jpg,/home/irar/Escritorio/ProyectoTaxiDetector/dataset/positivos/recortes/augmented/taxi_recorte_aug_02884.jpg
2885,taxi_recorte_train_0438.jpg,taxi_recorte_aug_02885.jpg,/home/irar/Escritorio/ProyectoTaxiDetector/dataset/positivos/recortes/train/taxi_recorte_train_0438.jpg,/home/irar/Escritorio/ProyectoTaxiDetector/dataset/positivos/recortes/augmented/taxi_recorte_aug_02885.jpg
2886,taxi_recorte_train_0417.jpg,taxi_recorte_aug_02886.jpg,/home/irar/Escritorio/ProyectoTaxiDetector/dataset/positivos/recortes/train/taxi_recorte_train_0417.jpg,/home/irar/Escritorio/ProyectoTaxiDetector/dataset/positivos/recortes/augmented/taxi_recorte_aug_02886.jpg
2887,taxi_recorte_train_0150.jpg,taxi_recorte_aug_02887.jpg,/home/irar/Escritorio/ProyectoTaxiDetector/dataset/positivos/recortes/train/taxi_recorte_train_0150.jpg,/home/irar/Escritorio/ProyectoTaxiDetector/dataset/positivos/recortes/augmented/taxi_recorte_aug_02887.jpg
2888,taxi_recorte_train_0266.jpg,taxi_recorte_aug_02888.jpg,/home/irar/Escritorio/ProyectoTaxiDetector/dataset/positivos/recortes/train/taxi_recorte_train_0266.jpg,/home/irar/Escritorio/ProyectoTaxiDetector/dataset/positivos/recortes/augmented/taxi_recorte_aug_02888.jpg
2889,taxi_recorte_train_0111.jpg,taxi_recorte_aug_02889.jpg,/home/irar/Escritorio/ProyectoTaxiDetector/dataset/positivos/recortes/train/taxi_recorte_train_0111.jpg,/home/irar/Escritorio/ProyectoTaxiDetector/dataset/positivos/recortes/augmented/taxi_recorte_aug_02889.jpg
2890,taxi_recorte_train_0400.jpg,taxi_recorte_aug_02890.jpg,/home/irar/Escritorio/ProyectoTaxiDetector/dataset/positivos/recortes/train/taxi_recorte_train_0400.jpg,/home/irar/Escritorio/ProyectoTaxiDetector/dataset/positivos/recortes/augmented/taxi_recorte_aug_02890.jpg
2891,taxi_recorte_train_0142.jpg,taxi_recorte_aug_02891.jpg,/home/irar/Escritorio/ProyectoTaxiDetector/dataset/positivos/recortes/train/taxi_recorte_train_0142.jpg,/home/irar/Escritorio/ProyectoTaxiDetector/dataset/positivos/recortes/augmented/taxi_recorte_aug_02891.jpg
2892,taxi_recorte_train_0395.jpg,taxi_recorte_aug_02892.jpg,/home/irar/Escritorio/ProyectoTaxiDetector/dataset/positivos/recortes/train/taxi_recorte_train_0395.jpg,/home/irar/Escritorio/ProyectoTaxiDetector/dataset/positivos/recortes/augmented/taxi_recorte_aug_02892.jpg
2893,taxi_recorte_train_0262.jpg,taxi_recorte_aug_02893.jpg,/home/irar/Escritorio/ProyectoTaxiDetector/dataset/positivos/recortes/train/taxi_recorte_train_0262.jpg,/home/irar/Escritorio/ProyectoTaxiDetector/dataset/positivos/recortes/augmented/taxi_recorte_aug_02893.jpg
2894,taxi_recorte_train_0337.jpg,taxi_recorte_aug_02894.jpg,/home/irar/Escritorio/ProyectoTaxiDetector/dataset/positivos/recortes/train/taxi_recorte_train_0337.jpg,/home/irar/Escritorio/ProyectoTaxiDetector/dataset/positivos/recortes/augmented/taxi_recorte_aug_02894.jpg
2895,taxi_recorte_train_0324.jpg,taxi_recorte_aug_02895.jpg,/home/irar/Escritorio/ProyectoTaxiDetector/dataset/positivos/recortes/train/taxi_recorte_train_0324.jpg,/home/irar/Escritorio/ProyectoTaxiDetector/dataset/positivos/recortes/augmented/taxi_recorte_aug_02895.jpg
2896,taxi_recorte_train_0543.jpg,taxi_recorte_aug_02896.jpg,/home/irar/Escritorio/ProyectoTaxiDetector/dataset/positivos/recortes/train/taxi_recorte_train_0543.jpg,/home/irar/Escritorio/ProyectoTaxiDetector/dataset/positivos/recortes/augmented/taxi_recorte_aug_02896.jpg
2897,taxi_recorte_train_0163.jpg,taxi_recorte_aug_02897.jpg,/home/irar/Escritorio/ProyectoTaxiDetector/dataset/positivos/recortes/train/taxi_recorte_train_0163.jpg,/home/irar/Escritorio/ProyectoTaxiDetector/dataset/positivos/recortes/augmented/taxi_recorte_aug_02897.jpg
2898,taxi_recorte_train_0525.jpg,taxi_recorte_aug_02898.jpg,/home/irar/Escritorio/ProyectoTaxiDetector/dataset/positivos/recortes/train/taxi_recorte_train_0525.jpg,/home/irar/Escritorio/ProyectoTaxiDetector/dataset/positivos/recortes/augmented/taxi_recorte_aug_02898.jpg
2899,taxi_recorte_train_0084.jpg,taxi_recorte_aug_02899.jpg,/home/irar/Escritorio/ProyectoTaxiDetector/dataset/positivos/recortes/train/taxi_recorte_train_0084.jpg,/home/irar/Escritorio/ProyectoTaxiDetector/dataset/positivos/recortes/augmented/taxi_recorte_aug_02899.jpg
2900,taxi_recorte_train_0215.jpg,taxi_recorte_aug_02900.jpg,/home/irar/Escritorio/ProyectoTaxiDetector/dataset/positivos/recortes/train/taxi_recorte_train_0215.jpg,/home/irar/Escritorio/ProyectoTaxiDetector/dataset/positivos/recortes/augmented/taxi_recorte_aug_02900.jpg
2901,taxi_recorte_train_0153.jpg,taxi_recorte_aug_02901.jpg,/home/irar/Escritorio/ProyectoTaxiDetector/dataset/positivos/recortes/train/taxi_recorte_train_0153.jpg,/home/irar/Escritorio/ProyectoTaxiDetector/dataset/positivos/recortes/augmented/taxi_recorte_aug_02901.jpg
2902,taxi_recorte_train_0367.jpg,taxi_recorte_aug_02902.jpg,/home/irar/Escritorio/ProyectoTaxiDetector/dataset/positivos/recortes/train/taxi_recorte_train_0367.jpg,/home/irar/Escritorio/ProyectoTaxiDetector/dataset/positivos/recortes/augmented/taxi_recorte_aug_02902.jpg
2903,taxi_recorte_train_0473.jpg,taxi_recorte_aug_02903.jpg,/home/irar/Escritorio/ProyectoTaxiDetector/dataset/positivos/recortes/train/taxi_recorte_train_0473.jpg,/home/irar/Escritorio/ProyectoTaxiDetector/dataset/positivos/recortes/augmented/taxi_recorte_aug_02903.jpg
2904,taxi_recorte_train_0479.jpg,taxi_recorte_aug_02904.jpg,/home/irar/Escritorio/ProyectoTaxiDetector/dataset/positivos/recortes/train/taxi_recorte_train_0479.jpg,/home/irar/Escritorio/ProyectoTaxiDetector/dataset/positivos/recortes/augmented/taxi_recorte_aug_02904.jpg
2905,taxi_recorte_train_0405.jpg,taxi_recorte_aug_02905.jpg,/home/irar/Escritorio/ProyectoTaxiDetector/dataset/positivos/recortes/train/taxi_recorte_train_0405.jpg,/home/irar/Escritorio/ProyectoTaxiDetector/dataset/positivos/recortes/augmented/taxi_recorte_aug_02905.jpg
2906,taxi_recorte_train_0060.jpg,taxi_recorte_aug_02906.jpg,/home/irar/Escritorio/ProyectoTaxiDetector/dataset/positivos/recortes/train/taxi_recorte_train_0060.jpg,/home/irar/Escritorio/ProyectoTaxiDetector/dataset/positivos/recortes/augmented/taxi_recorte_aug_02906.jpg
2907,taxi_recorte_train_0308.jpg,taxi_recorte_aug_02907.jpg,/home/irar/Escritorio/ProyectoTaxiDetector/dataset/positivos/recortes/train/taxi_recorte_train_0308.jpg,/home/irar/Escritorio/ProyectoTaxiDetector/dataset/positivos/recortes/augmented/taxi_recorte_aug_02907.jpg
2908,taxi_recorte_train_0026.jpg,taxi_recorte_aug_02908.jpg,/home/irar/Escritorio/ProyectoTaxiDetector/dataset/positivos/recortes/train/taxi_recorte_train_0026.jpg,/home/irar/Escritorio/ProyectoTaxiDetector/dataset/positivos/recortes/augmented/taxi_recorte_aug_02908.jpg
2909,taxi_recorte_train_0014.jpg,taxi_recorte_aug_02909.jpg,/home/irar/Escritorio/ProyectoTaxiDetector/dataset/positivos/recortes/train/taxi_recorte_train_0014.jpg,/home/irar/Escritorio/ProyectoTaxiDetector/dataset/positivos/recortes/augmented/taxi_recorte_aug_02909.jpg
2910,taxi_recorte_train_0089.jpg,taxi_recorte_aug_02910.jpg,/home/irar/Escritorio/ProyectoTaxiDetector/dataset/positivos/recortes/train/taxi_recorte_train_0089.jpg,/home/irar/Escritorio/ProyectoTaxiDetector/dataset/positivos/recortes/augmented/taxi_recorte_aug_02910.jpg
2911,taxi_recorte_train_0191.jpg,taxi_recorte_aug_02911.jpg,/home/irar/Escritorio/ProyectoTaxiDetector/dataset/positivos/recortes/train/taxi_recorte_train_0191.jpg,/home/irar/Escritorio/ProyectoTaxiDetector/dataset/positivos/recortes/augmented/taxi_recorte_aug_02911.jpg
2912,taxi_recorte_train_0129.jpg,taxi_recorte_aug_02912.jpg,/home/irar/Escritorio/ProyectoTaxiDetector/dataset/positivos/recortes/train/taxi_recorte_train_0129.jpg,/home/irar/Escritorio/ProyectoTaxiDetector/dataset/positivos/recortes/augmented/taxi_recorte_aug_02912.jpg
2913,taxi_recorte_train_0402.jpg,taxi_recorte_aug_02913.jpg,/home/irar/Escritorio/ProyectoTaxiDetector/dataset/positivos/recortes/train/taxi_recorte_train_0402.jpg,/home/irar/Escritorio/ProyectoTaxiDetector/dataset/positivos/recortes/augmented/taxi_recorte_aug_02913.jpg
2914,taxi_recorte_train_0186.jpg,taxi_recorte_aug_02914.jpg,/home/irar/Escritorio/ProyectoTaxiDetector/dataset/positivos/recortes/train/taxi_recorte_train_0186.jpg,/home/irar/Escritorio/ProyectoTaxiDetector/dataset/positivos/recortes/augmented/taxi_recorte_aug_02914.jpg
2915,taxi_recorte_train_0452.jpg,taxi_recorte_aug_02915.jpg,/home/irar/Escritorio/ProyectoTaxiDetector/dataset/positivos/recortes/train/taxi_recorte_train_0452.jpg,/home/irar/Escritorio/ProyectoTaxiDetector/dataset/positivos/recortes/augmented/taxi_recorte_aug_02915.jpg
2916,taxi_recorte_train_0036.jpg,taxi_recorte_aug_02916.jpg,/home/irar/Escritorio/ProyectoTaxiDetector/dataset/positivos/recortes/train/taxi_recorte_train_0036.jpg,/home/irar/Escritorio/ProyectoTaxiDetector/dataset/positivos/recortes/augmented/taxi_recorte_aug_02916.jpg
2917,taxi_recorte_train_0381.jpg,taxi_recorte_aug_02917.jpg,/home/irar/Escritorio/ProyectoTaxiDetector/dataset/positivos/recortes/train/taxi_recorte_train_0381.jpg,/home/irar/Escritorio/ProyectoTaxiDetector/dataset/positivos/recortes/augmented/taxi_recorte_aug_02917.jpg
2918,taxi_recorte_train_0364.jpg,taxi_recorte_aug_02918.jpg,/home/irar/Escritorio/ProyectoTaxiDetector/dataset/positivos/recortes/train/taxi_recorte_train_0364.jpg,/home/irar/Escritorio/ProyectoTaxiDetector/dataset/positivos/recortes/augmented/taxi_recorte_aug_02918.jpg
2919,taxi_recorte_train_0281.jpg,taxi_recorte_aug_02919.jpg,/home/irar/Escritorio/ProyectoTaxiDetector/dataset/positivos/recortes/train/taxi_recorte_train_0281.jpg,/home/irar/Escritorio/ProyectoTaxiDetector/dataset/positivos/recortes/augmented/taxi_recorte_aug_02919.jpg
2920,taxi_recorte_train_0253.jpg,taxi_recorte_aug_02920.jpg,/home/irar/Escritorio/ProyectoTaxiDetector/dataset/positivos/recortes/train/taxi_recorte_train_0253.jpg,/home/irar/Escritorio/ProyectoTaxiDetector/dataset/positivos/recortes/augmented/taxi_recorte_aug_02920.jpg
2921,taxi_recorte_train_0139.jpg,taxi_recorte_aug_02921.jpg,/home/irar/Escritorio/ProyectoTaxiDetector/dataset/positivos/recortes/train/taxi_recorte_train_0139.jpg,/home/irar/Escritorio/ProyectoTaxiDetector/dataset/positivos/recortes/augmented/taxi_recorte_aug_02921.jpg
2922,taxi_recorte_train_0174.jpg,taxi_recorte_aug_02922.jpg,/home/irar/Escritorio/ProyectoTaxiDetector/dataset/positivos/recortes/train/taxi_recorte_train_0174.jpg,/home/irar/Escritorio/ProyectoTaxiDetector/dataset/positivos/recortes/augmented/taxi_recorte_aug_02922.jpg
2923,taxi_recorte_train_0100.jpg,taxi_recorte_aug_02923.jpg,/home/irar/Escritorio/ProyectoTaxiDetector/dataset/positivos/recortes/train/taxi_recorte_train_0100.jpg,/home/irar/Escritorio/ProyectoTaxiDetector/dataset/positivos/recortes/augmented/taxi_recorte_aug_02923.jpg
2924,taxi_recorte_train_0429.jpg,taxi_recorte_aug_02924.jpg,/home/irar/Escritorio/ProyectoTaxiDetector/dataset/positivos/recortes/train/taxi_recorte_train_0429.jpg,/home/irar/Escritorio/ProyectoTaxiDetector/dataset/positivos/recortes/augmented/taxi_recorte_aug_02924.jpg
2925,taxi_recorte_train_0062.jpg,taxi_recorte_aug_02925.jpg,/home/irar/Escritorio/ProyectoTaxiDetector/dataset/positivos/recortes/train/taxi_recorte_train_0062.jpg,/home/irar/Escritorio/ProyectoTaxiDetector/dataset/positivos/recortes/augmented/taxi_recorte_aug_02925.jpg
2926,taxi_recorte_train_0507.jpg,taxi_recorte_aug_02926.jpg,/home/irar/Escritorio/ProyectoTaxiDetector/dataset/positivos/recortes/train/taxi_recorte_train_0507.jpg,/home/irar/Escritorio/ProyectoTaxiDetector/dataset/positivos/recortes/augmented/taxi_recorte_aug_02926.jpg
2927,taxi_recorte_train_0268.jpg,taxi_recorte_aug_02927.jpg,/home/irar/Escritorio/ProyectoTaxiDetector/dataset/positivos/recortes/train/taxi_recorte_train_0268.jpg,/home/irar/Escritorio/ProyectoTaxiDetector/dataset/positivos/recortes/augmented/taxi_recorte_aug_02927.jpg
2928,taxi_recorte_train_0298.jpg,taxi_recorte_aug_02928.jpg,/home/irar/Escritorio/ProyectoTaxiDetector/dataset/positivos/recortes/train/taxi_recorte_train_0298.jpg,/home/irar/Escritorio/ProyectoTaxiDetector/dataset/positivos/recortes/augmented/taxi_recorte_aug_02928.jpg
2929,taxi_recorte_train_0528.jpg,taxi_recorte_aug_02929.jpg,/home/irar/Escritorio/ProyectoTaxiDetector/dataset/positivos/recortes/train/taxi_recorte_train_0528.jpg,/home/irar/Escritorio/ProyectoTaxiDetector/dataset/positivos/recortes/augmented/taxi_recorte_aug_02929.jpg
2930,taxi_recorte_train_0102.jpg,taxi_recorte_aug_02930.jpg,/home/irar/Escritorio/ProyectoTaxiDetector/dataset/positivos/recortes/train/taxi_recorte_train_0102.jpg,/home/irar/Escritorio/ProyectoTaxiDetector/dataset/positivos/recortes/augmented/taxi_recorte_aug_02930.jpg
2931,taxi_recorte_train_0497.jpg,taxi_recorte_aug_02931.jpg,/home/irar/Escritorio/ProyectoTaxiDetector/dataset/positivos/recortes/train/taxi_recorte_train_0497.jpg,/home/irar/Escritorio/ProyectoTaxiDetector/dataset/positivos/recortes/augmented/taxi_recorte_aug_02931.jpg
2932,taxi_recorte_train_0534.jpg,taxi_recorte_aug_02932.jpg,/home/irar/Escritorio/ProyectoTaxiDetector/dataset/positivos/recortes/train/taxi_recorte_train_0534.jpg,/home/irar/Escritorio/ProyectoTaxiDetector/dataset/positivos/recortes/augmented/taxi_recorte_aug_02932.jpg
2933,taxi_recorte_train_0346.jpg,taxi_recorte_aug_02933.jpg,/home/irar/Escritorio/ProyectoTaxiDetector/dataset/positivos/recortes/train/taxi_recorte_train_0346.jpg,/home/irar/Escritorio/ProyectoTaxiDetector/dataset/positivos/recortes/augmented/taxi_recorte_aug_02933.jpg
2934,taxi_recorte_train_0440.jpg,taxi_recorte_aug_02934.jpg,/home/irar/Escritorio/ProyectoTaxiDetector/dataset/positivos/recortes/train/taxi_recorte_train_0440.jpg,/home/irar/Escritorio/ProyectoTaxiDetector/dataset/positivos/recortes/augmented/taxi_recorte_aug_02934.jpg
2935,taxi_recorte_train_0037.jpg,taxi_recorte_aug_02935.jpg,/home/irar/Escritorio/ProyectoTaxiDetector/dataset/positivos/recortes/train/taxi_recorte_train_0037.jpg,/home/irar/Escritorio/ProyectoTaxiDetector/dataset/positivos/recortes/augmented/taxi_recorte_aug_02935.jpg
2936,taxi_recorte_train_0151.jpg,taxi_recorte_aug_02936.jpg,/home/irar/Escritorio/ProyectoTaxiDetector/dataset/positivos/recortes/train/taxi_recorte_train_0151.jpg,/home/irar/Escritorio/ProyectoTaxiDetector/dataset/positivos/recortes/augmented/taxi_recorte_aug_02936.jpg
2937,taxi_recorte_train_0054.jpg,taxi_recorte_aug_02937.jpg,/home/irar/Escritorio/ProyectoTaxiDetector/dataset/positivos/recortes/train/taxi_recorte_train_0054.jpg,/home/irar/Escritorio/ProyectoTaxiDetector/dataset/positivos/recortes/augmented/taxi_recorte_aug_02937.jpg
2938,taxi_recorte_train_0260.jpg,taxi_recorte_aug_02938.jpg,/home/irar/Escritorio/ProyectoTaxiDetector/dataset/positivos/recortes/train/taxi_recorte_train_0260.jpg,/home/irar/Escritorio/ProyectoTaxiDetector/dataset/positivos/recortes/augmented/taxi_recorte_aug_02938.jpg
2939,taxi_recorte_train_0081.jpg,taxi_recorte_aug_02939.jpg,/home/irar/Escritorio/ProyectoTaxiDetector/dataset/positivos/recortes/train/taxi_recorte_train_0081.jpg,/home/irar/Escritorio/ProyectoTaxiDetector/dataset/positivos/recortes/augmented/taxi_recorte_aug_02939.jpg
2940,taxi_recorte_train_0218.jpg,taxi_recorte_aug_02940.jpg,/home/irar/Escritorio/ProyectoTaxiDetector/dataset/positivos/recortes/train/taxi_recorte_train_0218.jpg,/home/irar/Escritorio/ProyectoTaxiDetector/dataset/positivos/recortes/augmented/taxi_recorte_aug_02940.jpg
2941,taxi_recorte_train_0046.jpg,taxi_recorte_aug_02941.jpg,/home/irar/Escritorio/ProyectoTaxiDetector/dataset/positivos/recortes/train/taxi_recorte_train_0046.jpg,/home/irar/Escritorio/ProyectoTaxiDetector/dataset/positivos/recortes/augmented/taxi_recorte_aug_02941.jpg
2942,taxi_recorte_train_0290.jpg,taxi_recorte_aug_02942.jpg,/home/irar/Escritorio/ProyectoTaxiDetector/dataset/positivos/recortes/train/taxi_recorte_train_0290.jpg,/home/irar/Escritorio/ProyectoTaxiDetector/dataset/positivos/recortes/augmented/taxi_recorte_aug_02942.jpg
2943,taxi_recorte_train_0341.jpg,taxi_recorte_aug_02943.jpg,/home/irar/Escritorio/ProyectoTaxiDetector/dataset/positivos/recortes/train/taxi_recorte_train_0341.jpg,/home/irar/Escritorio/ProyectoTaxiDetector/dataset/positivos/recortes/augmented/taxi_recorte_aug_02943.jpg
2944,taxi_recorte_train_0461.jpg,taxi_recorte_aug_02944.jpg,/home/irar/Escritorio/ProyectoTaxiDetector/dataset/positivos/recortes/train/taxi_recorte_train_0461.jpg,/home/irar/Escritorio/ProyectoTaxiDetector/dataset/positivos/recortes/augmented/taxi_recorte_aug_02944.jpg
2945,taxi_recorte_train_0140.jpg,taxi_recorte_aug_02945.jpg,/home/irar/Escritorio/ProyectoTaxiDetector/dataset/positivos/recortes/train/taxi_recorte_train_0140.jpg,/home/irar/Escritorio/ProyectoTaxiDetector/dataset/positivos/recortes/augmented/taxi_recorte_aug_02945.jpg
2946,taxi_recorte_train_0242.jpg,taxi_recorte_aug_02946.jpg,/home/irar/Escritorio/ProyectoTaxiDetector/dataset/positivos/recortes/train/taxi_recorte_train_0242.jpg,/home/irar/Escritorio/ProyectoTaxiDetector/dataset/positivos/recortes/augmented/taxi_recorte_aug_02946.jpg
2947,taxi_recorte_train_0325.jpg,taxi_recorte_aug_02947.jpg,/home/irar/Escritorio/ProyectoTaxiDetector/dataset/positivos/recortes/train/taxi_recorte_train_0325.jpg,/home/irar/Escritorio/ProyectoTaxiDetector/dataset/positivos/recortes/augmented/taxi_recorte_aug_02947.jpg
2948,taxi_recorte_train_0176.jpg,taxi_recorte_aug_02948.jpg,/home/irar/Escritorio/ProyectoTaxiDetector/dataset/positivos/recortes/train/taxi_recorte_train_0176.jpg,/home/irar/Escritorio/ProyectoTaxiDetector/dataset/positivos/recortes/augmented/taxi_recorte_aug_02948.jpg
2949,taxi_recorte_train_0020.jpg,taxi_recorte_aug_02949.jpg,/home/irar/Escritorio/ProyectoTaxiDetector/dataset/positivos/recortes/train/taxi_recorte_train_0020.jpg,/home/irar/Escritorio/ProyectoTaxiDetector/dataset/positivos/recortes/augmented/taxi_recorte_aug_02949.jpg
2950,taxi_recorte_train_0012.jpg,taxi_recorte_aug_02950.jpg,/home/irar/Escritorio/ProyectoTaxiDetector/dataset/positivos/recortes/train/taxi_recorte_train_0012.jpg,/home/irar/Escritorio/ProyectoTaxiDetector/dataset/positivos/recortes/augmented/taxi_recorte_aug_02950.jpg
2951,taxi_recorte_train_0070.jpg,taxi_recorte_aug_02951.jpg,/home/irar/Escritorio/ProyectoTaxiDetector/dataset/positivos/recortes/train/taxi_recorte_train_0070.jpg,/home/irar/Escritorio/ProyectoTaxiDetector/dataset/positivos/recortes/augmented/taxi_recorte_aug_02951.jpg
2952,taxi_recorte_train_0474.jpg,taxi_recorte_aug_02952.jpg,/home/irar/Escritorio/ProyectoTaxiDetector/dataset/positivos/recortes/train/taxi_recorte_train_0474.jpg,/home/irar/Escritorio/ProyectoTaxiDetector/dataset/positivos/recortes/augmented/taxi_recorte_aug_02952.jpg
2953,taxi_recorte_train_0146.jpg,taxi_recorte_aug_02953.jpg,/home/irar/Escritorio/ProyectoTaxiDetector/dataset/positivos/recortes/train/taxi_recorte_train_0146.jpg,/home/irar/Escritorio/ProyectoTaxiDetector/dataset/positivos/recortes/augmented/taxi_recorte_aug_02953.jpg
2954,taxi_recorte_train_0228.jpg,taxi_recorte_aug_02954.jpg,/home/irar/Escritorio/ProyectoTaxiDetector/dataset/positivos/recortes/train/taxi_recorte_train_0228.jpg,/home/irar/Escritorio/ProyectoTaxiDetector/dataset/positivos/recortes/augmented/taxi_recorte_aug_02954.jpg
2955,taxi_recorte_train_0178.jpg,taxi_recorte_aug_02955.jpg,/home/irar/Escritorio/ProyectoTaxiDetector/dataset/positivos/recortes/train/taxi_recorte_train_0178.jpg,/home/irar/Escritorio/ProyectoTaxiDetector/dataset/positivos/recortes/augmented/taxi_recorte_aug_02955.jpg
2956,taxi_recorte_train_0257.jpg,taxi_recorte_aug_02956.jpg,/home/irar/Escritorio/ProyectoTaxiDetector/dataset/positivos/recortes/train/taxi_recorte_train_0257.jpg,/home/irar/Escritorio/ProyectoTaxiDetector/dataset/positivos/recortes/augmented/taxi_recorte_aug_02956.jpg
2957,taxi_recorte_train_0414.jpg,taxi_recorte_aug_02957.jpg,/home/irar/Escritorio/ProyectoTaxiDetector/dataset/positivos/recortes/train/taxi_recorte_train_0414.jpg,/home/irar/Escritorio/ProyectoTaxiDetector/dataset/positivos/recortes/augmented/taxi_recorte_aug_02957.jpg
2958,taxi_recorte_train_0424.jpg,taxi_recorte_aug_02958.jpg,/home/irar/Escritorio/ProyectoTaxiDetector/dataset/positivos/recortes/train/taxi_recorte_train_0424.jpg,/home/irar/Escritorio/ProyectoTaxiDetector/dataset/positivos/recortes/augmented/taxi_recorte_aug_02958.jpg
2959,taxi_recorte_train_0059.jpg,taxi_recorte_aug_02959.jpg,/home/irar/Escritorio/ProyectoTaxiDetector/dataset/positivos/recortes/train/taxi_recorte_train_0059.jpg,/home/irar/Escritorio/ProyectoTaxiDetector/dataset/positivos/recortes/augmented/taxi_recorte_aug_02959.jpg
2960,taxi_recorte_train_0011.jpg,taxi_recorte_aug_02960.jpg,/home/irar/Escritorio/ProyectoTaxiDetector/dataset/positivos/recortes/train/taxi_recorte_train_0011.jpg,/home/irar/Escritorio/ProyectoTaxiDetector/dataset/positivos/recortes/augmented/taxi_recorte_aug_02960.jpg
2961,taxi_recorte_train_0294.jpg,taxi_recorte_aug_02961.jpg,/home/irar/Escritorio/ProyectoTaxiDetector/dataset/positivos/recortes/train/taxi_recorte_train_0294.jpg,/home/irar/Escritorio/ProyectoTaxiDetector/dataset/positivos/recortes/augmented/taxi_recorte_aug_02961.jpg
2962,taxi_recorte_train_0136.jpg,taxi_recorte_aug_02962.jpg,/home/irar/Escritorio/ProyectoTaxiDetector/dataset/positivos/recortes/train/taxi_recorte_train_0136.jpg,/home/irar/Escritorio/ProyectoTaxiDetector/dataset/positivos/recortes/augmented/taxi_recorte_aug_02962.jpg
2963,taxi_recorte_train_0230.jpg,taxi_recorte_aug_02963.jpg,/home/irar/Escritorio/ProyectoTaxiDetector/dataset/positivos/recortes/train/taxi_recorte_train_0230.jpg,/home/irar/Escritorio/ProyectoTaxiDetector/dataset/positivos/recortes/augmented/taxi_recorte_aug_02963.jpg
2964,taxi_recorte_train_0316.jpg,taxi_recorte_aug_02964.jpg,/home/irar/Escritorio/ProyectoTaxiDetector/dataset/positivos/recortes/train/taxi_recorte_train_0316.jpg,/home/irar/Escritorio/ProyectoTaxiDetector/dataset/positivos/recortes/augmented/taxi_recorte_aug_02964.jpg
2965,taxi_recorte_train_0220.jpg,taxi_recorte_aug_02965.jpg,/home/irar/Escritorio/ProyectoTaxiDetector/dataset/positivos/recortes/train/taxi_recorte_train_0220.jpg,/home/irar/Escritorio/ProyectoTaxiDetector/dataset/positivos/recortes/augmented/taxi_recorte_aug_02965.jpg
2966,taxi_recorte_train_0323.jpg,taxi_recorte_aug_02966.jpg,/home/irar/Escritorio/ProyectoTaxiDetector/dataset/positivos/recortes/train/taxi_recorte_train_0323.jpg,/home/irar/Escritorio/ProyectoTaxiDetector/dataset/positivos/recortes/augmented/taxi_recorte_aug_02966.jpg
2967,taxi_recorte_train_0373.jpg,taxi_recorte_aug_02967.jpg,/home/irar/Escritorio/ProyectoTaxiDetector/dataset/positivos/recortes/train/taxi_recorte_train_0373.jpg,/home/irar/Escritorio/ProyectoTaxiDetector/dataset/positivos/recortes/augmented/taxi_recorte_aug_02967.jpg
2968,taxi_recorte_train_0085.jpg,taxi_recorte_aug_02968.jpg,/home/irar/Escritorio/ProyectoTaxiDetector/dataset/positivos/recortes/train/taxi_recorte_train_0085.jpg,/home/irar/Escritorio/ProyectoTaxiDetector/dataset/positivos/recortes/augmented/taxi_recorte_aug_02968.jpg
2969,taxi_recorte_train_0201.jpg,taxi_recorte_aug_02969.jpg,/home/irar/Escritorio/ProyectoTaxiDetector/dataset/positivos/recortes/train/taxi_recorte_train_0201.jpg,/home/irar/Escritorio/ProyectoTaxiDetector/dataset/positivos/recortes/augmented/taxi_recorte_aug_02969.jpg
2970,taxi_recorte_train_0166.jpg,taxi_recorte_aug_02970.jpg,/home/irar/Escritorio/ProyectoTaxiDetector/dataset/positivos/recortes/train/taxi_recorte_train_0166.jpg,/home/irar/Escritorio/ProyectoTaxiDetector/dataset/positivos/recortes/augmented/taxi_recorte_aug_02970.jpg
2971,taxi_recorte_train_0223.jpg,taxi_recorte_aug_02971.jpg,/home/irar/Escritorio/ProyectoTaxiDetector/dataset/positivos/recortes/train/taxi_recorte_train_0223.jpg,/home/irar/Escritorio/ProyectoTaxiDetector/dataset/positivos/recortes/augmented/taxi_recorte_aug_02971.jpg
2972,taxi_recorte_train_0336.jpg,taxi_recorte_aug_02972.jpg,/home/irar/Escritorio/ProyectoTaxiDetector/dataset/positivos/recortes/train/taxi_recorte_train_0336.jpg,/home/irar/Escritorio/ProyectoTaxiDetector/dataset/positivos/recortes/augmented/taxi_recorte_aug_02972.jpg
2973,taxi_recorte_train_0043.jpg,taxi_recorte_aug_02973.jpg,/home/irar/Escritorio/ProyectoTaxiDetector/dataset/positivos/recortes/train/taxi_recorte_train_0043.jpg,/home/irar/Escritorio/ProyectoTaxiDetector/dataset/positivos/recortes/augmented/taxi_recorte_aug_02973.jpg
2974,taxi_recorte_train_0088.jpg,taxi_recorte_aug_02974.jpg,/home/irar/Escritorio/ProyectoTaxiDetector/dataset/positivos/recortes/train/taxi_recorte_train_0088.jpg,/home/irar/Escritorio/ProyectoTaxiDetector/dataset/positivos/recortes/augmented/taxi_recorte_aug_02974.jpg
2975,taxi_recorte_train_0448.jpg,taxi_recorte_aug_02975.jpg,/home/irar/Escritorio/ProyectoTaxiDetector/dataset/positivos/recortes/train/taxi_recorte_train_0448.jpg,/home/irar/Escritorio/ProyectoTaxiDetector/dataset/positivos/recortes/augmented/taxi_recorte_aug_02975.jpg
2976,taxi_recorte_train_0490.jpg,taxi_recorte_aug_02976.jpg,/home/irar/Escritorio/ProyectoTaxiDetector/dataset/positivos/recortes/train/taxi_recorte_train_0490.jpg,/home/irar/Escritorio/ProyectoTaxiDetector/dataset/positivos/recortes/augmented/taxi_recorte_aug_02976.jpg
2977,taxi_recorte_train_0244.jpg,taxi_recorte_aug_02977.jpg,/home/irar/Escritorio/ProyectoTaxiDetector/dataset/positivos/recortes/train/taxi_recorte_train_0244.jpg,/home/irar/Escritorio/ProyectoTaxiDetector/dataset/positivos/recortes/augmented/taxi_recorte_aug_02977.jpg
2978,taxi_recorte_train_0406.jpg,taxi_recorte_aug_02978.jpg,/home/irar/Escritorio/ProyectoTaxiDetector/dataset/positivos/recortes/train/taxi_recorte_train_0406.jpg,/home/irar/Escritorio/ProyectoTaxiDetector/dataset/positivos/recortes/augmented/taxi_recorte_aug_02978.jpg
2979,taxi_recorte_train_0484.jpg,taxi_recorte_aug_02979.jpg,/home/irar/Escritorio/ProyectoTaxiDetector/dataset/positivos/recortes/train/taxi_recorte_train_0484.jpg,/home/irar/Escritorio/ProyectoTaxiDetector/dataset/positivos/recortes/augmented/taxi_recorte_aug_02979.jpg
2980,taxi_recorte_train_0299.jpg,taxi_recorte_aug_02980.jpg,/home/irar/Escritorio/ProyectoTaxiDetector/dataset/positivos/recortes/train/taxi_recorte_train_0299.jpg,/home/irar/Escritorio/ProyectoTaxiDetector/dataset/positivos/recortes/augmented/taxi_recorte_aug_02980.jpg
2981,taxi_recorte_train_0412.jpg,taxi_recorte_aug_02981.jpg,/home/irar/Escritorio/ProyectoTaxiDetector/dataset/positivos/recortes/train/taxi_recorte_train_0412.jpg,/home/irar/Escritorio/ProyectoTaxiDetector/dataset/positivos/recortes/augmented/taxi_recorte_aug_02981.jpg
2982,taxi_recorte_train_0514.jpg,taxi_recorte_aug_02982.jpg,/home/irar/Escritorio/ProyectoTaxiDetector/dataset/positivos/recortes/train/taxi_recorte_train_0514.jpg,/home/irar/Escritorio/ProyectoTaxiDetector/dataset/positivos/recortes/augmented/taxi_recorte_aug_02982.jpg
2983,taxi_recorte_train_0042.jpg,taxi_recorte_aug_02983.jpg,/home/irar/Escritorio/ProyectoTaxiDetector/dataset/positivos/recortes/train/taxi_recorte_train_0042.jpg,/home/irar/Escritorio/ProyectoTaxiDetector/dataset/positivos/recortes/augmented/taxi_recorte_aug_02983.jpg
2984,taxi_recorte_train_0433.jpg,taxi_recorte_aug_02984.jpg,/home/irar/Escritorio/ProyectoTaxiDetector/dataset/positivos/recortes/train/taxi_recorte_train_0433.jpg,/home/irar/Escritorio/ProyectoTaxiDetector/dataset/positivos/recortes/augmented/taxi_recorte_aug_02984.jpg
2985,taxi_recorte_train_0434.jpg,taxi_recorte_aug_02985.jpg,/home/irar/Escritorio/ProyectoTaxiDetector/dataset/positivos/recortes/train/taxi_recorte_train_0434.jpg,/home/irar/Escritorio/ProyectoTaxiDetector/dataset/positivos/recortes/augmented/taxi_recorte_aug_02985.jpg
2986,taxi_recorte_train_0382.jpg,taxi_recorte_aug_02986.jpg,/home/irar/Escritorio/ProyectoTaxiDetector/dataset/positivos/recortes/train/taxi_recorte_train_0382.jpg,/home/irar/Escritorio/ProyectoTaxiDetector/dataset/positivos/recortes/augmented/taxi_recorte_aug_02986.jpg
2987,taxi_recorte_train_0331.jpg,taxi_recorte_aug_02987.jpg,/home/irar/Escritorio/ProyectoTaxiDetector/dataset/positivos/recortes/train/taxi_recorte_train_0331.jpg,/home/irar/Escritorio/ProyectoTaxiDetector/dataset/positivos/recortes/augmented/taxi_recorte_aug_02987.jpg
2988,taxi_recorte_train_0208.jpg,taxi_recorte_aug_02988.jpg,/home/irar/Escritorio/ProyectoTaxiDetector/dataset/positivos/recortes/train/taxi_recorte_train_0208.jpg,/home/irar/Escritorio/ProyectoTaxiDetector/dataset/positivos/recortes/augmented/taxi_recorte_aug_02988.jpg
2989,taxi_recorte_train_0509.jpg,taxi_recorte_aug_02989.jpg,/home/irar/Escritorio/ProyectoTaxiDetector/dataset/positivos/recortes/train/taxi_recorte_train_0509.jpg,/home/irar/Escritorio/ProyectoTaxiDetector/dataset/positivos/recortes/augmented/taxi_recorte_aug_02989.jpg
2990,taxi_recorte_train_0415.jpg,taxi_recorte_aug_02990.jpg,/home/irar/Escritorio/ProyectoTaxiDetector/dataset/positivos/recortes/train/taxi_recorte_train_0415.jpg,/home/irar/Escritorio/ProyectoTaxiDetector/dataset/positivos/recortes/augmented/taxi_recorte_aug_02990.jpg
2991,taxi_recorte_train_0541.jpg,taxi_recorte_aug_02991.jpg,/home/irar/Escritorio/ProyectoTaxiDetector/dataset/positivos/recortes/train/taxi_recorte_train_0541.jpg,/home/irar/Escritorio/ProyectoTaxiDetector/dataset/positivos/recortes/augmented/taxi_recorte_aug_02991.jpg
2992,taxi_recorte_train_0537.jpg,taxi_recorte_aug_02992.jpg,/home/irar/Escritorio/ProyectoTaxiDetector/dataset/positivos/recortes/train/taxi_recorte_train_0537.jpg,/home/irar/Escritorio/ProyectoTaxiDetector/dataset/positivos/recortes/augmented/taxi_recorte_aug_02992.jpg
2993,taxi_recorte_train_0182.jpg,taxi_recorte_aug_02993.jpg,/home/irar/Escritorio/ProyectoTaxiDetector/dataset/positivos/recortes/train/taxi_recorte_train_0182.jpg,/home/irar/Escritorio/ProyectoTaxiDetector/dataset/positivos/recortes/augmented/taxi_recorte_aug_02993.jpg
2994,taxi_recorte_train_0130.jpg,taxi_recorte_aug_02994.jpg,/home/irar/Escritorio/ProyectoTaxiDetector/dataset/positivos/recortes/train/taxi_recorte_train_0130.jpg,/home/irar/Escritorio/ProyectoTaxiDetector/dataset/positivos/recortes/augmented/taxi_recorte_aug_02994.jpg
2995,taxi_recorte_train_0270.jpg,taxi_recorte_aug_02995.jpg,/home/irar/Escritorio/ProyectoTaxiDetector/dataset/positivos/recortes/train/taxi_recorte_train_0270.jpg,/home/irar/Escritorio/ProyectoTaxiDetector/dataset/positivos/recortes/augmented/taxi_recorte_aug_02995.jpg
2996,taxi_recorte_train_0099.jpg,taxi_recorte_aug_02996.jpg,/home/irar/Escritorio/ProyectoTaxiDetector/dataset/positivos/recortes/train/taxi_recorte_train_0099.jpg,/home/irar/Escritorio/ProyectoTaxiDetector/dataset/positivos/recortes/augmented/taxi_recorte_aug_02996.jpg
2997,taxi_recorte_train_0526.jpg,taxi_recorte_aug_02997.jpg,/home/irar/Escritorio/ProyectoTaxiDetector/dataset/positivos/recortes/train/taxi_recorte_train_0526.jpg,/home/irar/Escritorio/ProyectoTaxiDetector/dataset/positivos/recortes/augmented/taxi_recorte_aug_02997.jpg
2998,taxi_recorte_train_0442.jpg,taxi_recorte_aug_02998.jpg,/home/irar/Escritorio/ProyectoTaxiDetector/dataset/positivos/recortes/train/taxi_recorte_train_0442.jpg,/home/irar/Escritorio/ProyectoTaxiDetector/dataset/positivos/recortes/augmented/taxi_recorte_aug_02998.jpg
2999,taxi_recorte_train_0319.jpg,taxi_recorte_aug_02999.jpg,/home/irar/Escritorio/ProyectoTaxiDetector/dataset/positivos/recortes/train/taxi_recorte_train_0319.jpg,/home/irar/Escritorio/ProyectoTaxiDetector/dataset/positivos/recortes/augmented/taxi_recorte_aug_02999.jpg
3000,taxi_recorte_train_0050.jpg,taxi_recorte_aug_03000.jpg,/home/irar/Escritorio/ProyectoTaxiDetector/dataset/positivos/recortes/train/taxi_recorte_train_0050.jpg,/home/irar/Escritorio/ProyectoTaxiDetector/dataset/positivos/recortes/augmented/taxi_recorte_aug_03000.jpg
3001,taxi_recorte_train_0055.jpg,taxi_recorte_aug_03001.jpg,/home/irar/Escritorio/ProyectoTaxiDetector/dataset/positivos/recortes/train/taxi_recorte_train_0055.jpg,/home/irar/Escritorio/ProyectoTaxiDetector/dataset/positivos/recortes/augmented/taxi_recorte_aug_03001.jpg
3002,taxi_recorte_train_0092.jpg,taxi_recorte_aug_03002.jpg,/home/irar/Escritorio/ProyectoTaxiDetector/dataset/positivos/recortes/train/taxi_recorte_train_0092.jpg,/home/irar/Escritorio/ProyectoTaxiDetector/dataset/positivos/recortes/augmented/taxi_recorte_aug_03002.jpg
3003,taxi_recorte_train_0221.jpg,taxi_recorte_aug_03003.jpg,/home/irar/Escritorio/ProyectoTaxiDetector/dataset/positivos/recortes/train/taxi_recorte_train_0221.jpg,/home/irar/Escritorio/ProyectoTaxiDetector/dataset/positivos/recortes/augmented/taxi_recorte_aug_03003.jpg
3004,taxi_recorte_train_0488.jpg,taxi_recorte_aug_03004.jpg,/home/irar/Escritorio/ProyectoTaxiDetector/dataset/positivos/recortes/train/taxi_recorte_train_0488.jpg,/home/irar/Escritorio/ProyectoTaxiDetector/dataset/positivos/recortes/augmented/taxi_recorte_aug_03004.jpg
3005,taxi_recorte_train_0482.jpg,taxi_recorte_aug_03005.jpg,/home/irar/Escritorio/ProyectoTaxiDetector/dataset/positivos/recortes/train/taxi_recorte_train_0482.jpg,/home/irar/Escritorio/ProyectoTaxiDetector/dataset/positivos/recortes/augmented/taxi_recorte_aug_03005.jpg
3006,taxi_recorte_train_0147.jpg,taxi_recorte_aug_03006.jpg,/home/irar/Escritorio/ProyectoTaxiDetector/dataset/positivos/recortes/train/taxi_recorte_train_0147.jpg,/home/irar/Escritorio/ProyectoTaxiDetector/dataset/positivos/recortes/augmented/taxi_recorte_aug_03006.jpg
3007,taxi_recorte_train_0411.jpg,taxi_recorte_aug_03007.jpg,/home/irar/Escritorio/ProyectoTaxiDetector/dataset/positivos/recortes/train/taxi_recorte_train_0411.jpg,/home/irar/Escritorio/ProyectoTaxiDetector/dataset/positivos/recortes/augmented/taxi_recorte_aug_03007.jpg
3008,taxi_recorte_train_0465.jpg,taxi_recorte_aug_03008.jpg,/home/irar/Escritorio/ProyectoTaxiDetector/dataset/positivos/recortes/train/taxi_recorte_train_0465.jpg,/home/irar/Escritorio/ProyectoTaxiDetector/dataset/positivos/recortes/augmented/taxi_recorte_aug_03008.jpg
3009,taxi_recorte_train_0423.jpg,taxi_recorte_aug_03009.jpg,/home/irar/Escritorio/ProyectoTaxiDetector/dataset/positivos/recortes/train/taxi_recorte_train_0423.jpg,/home/irar/Escritorio/ProyectoTaxiDetector/dataset/positivos/recortes/augmented/taxi_recorte_aug_03009.jpg
3010,taxi_recorte_train_0491.jpg,taxi_recorte_aug_03010.jpg,/home/irar/Escritorio/ProyectoTaxiDetector/dataset/positivos/recortes/train/taxi_recorte_train_0491.jpg,/home/irar/Escritorio/ProyectoTaxiDetector/dataset/positivos/recortes/augmented/taxi_recorte_aug_03010.jpg
3011,taxi_recorte_train_0007.jpg,taxi_recorte_aug_03011.jpg,/home/irar/Escritorio/ProyectoTaxiDetector/dataset/positivos/recortes/train/taxi_recorte_train_0007.jpg,/home/irar/Escritorio/ProyectoTaxiDetector/dataset/positivos/recortes/augmented/taxi_recorte_aug_03011.jpg
3012,taxi_recorte_train_0211.jpg,taxi_recorte_aug_03012.jpg,/home/irar/Escritorio/ProyectoTaxiDetector/dataset/positivos/recortes/train/taxi_recorte_train_0211.jpg,/home/irar/Escritorio/ProyectoTaxiDetector/dataset/positivos/recortes/augmented/taxi_recorte_aug_03012.jpg
3013,taxi_recorte_train_0483.jpg,taxi_recorte_aug_03013.jpg,/home/irar/Escritorio/ProyectoTaxiDetector/dataset/positivos/recortes/train/taxi_recorte_train_0483.jpg,/home/irar/Escritorio/ProyectoTaxiDetector/dataset/positivos/recortes/augmented/taxi_recorte_aug_03013.jpg
3014,taxi_recorte_train_0273.jpg,taxi_recorte_aug_03014.jpg,/home/irar/Escritorio/ProyectoTaxiDetector/dataset/positivos/recortes/train/taxi_recorte_train_0273.jpg,/home/irar/Escritorio/ProyectoTaxiDetector/dataset/positivos/recortes/augmented/taxi_recorte_aug_03014.jpg
3015,taxi_recorte_train_0315.jpg,taxi_recorte_aug_03015.jpg,/home/irar/Escritorio/ProyectoTaxiDetector/dataset/positivos/recortes/train/taxi_recorte_train_0315.jpg,/home/irar/Escritorio/ProyectoTaxiDetector/dataset/positivos/recortes/augmented/taxi_recorte_aug_03015.jpg
3016,taxi_recorte_train_0350.jpg,taxi_recorte_aug_03016.jpg,/home/irar/Escritorio/ProyectoTaxiDetector/dataset/positivos/recortes/train/taxi_recorte_train_0350.jpg,/home/irar/Escritorio/ProyectoTaxiDetector/dataset/positivos/recortes/augmented/taxi_recorte_aug_03016.jpg
3017,taxi_recorte_train_0250.jpg,taxi_recorte_aug_03017.jpg,/home/irar/Escritorio/ProyectoTaxiDetector/dataset/positivos/recortes/train/taxi_recorte_train_0250.jpg,/home/irar/Escritorio/ProyectoTaxiDetector/dataset/positivos/recortes/augmented/taxi_recorte_aug_03017.jpg
3018,taxi_recorte_train_0248.jpg,taxi_recorte_aug_03018.jpg,/home/irar/Escritorio/ProyectoTaxiDetector/dataset/positivos/recortes/train/taxi_recorte_train_0248.jpg,/home/irar/Escritorio/ProyectoTaxiDetector/dataset/positivos/recortes/augmented/taxi_recorte_aug_03018.jpg
3019,taxi_recorte_train_0320.jpg,taxi_recorte_aug_03019.jpg,/home/irar/Escritorio/ProyectoTaxiDetector/dataset/positivos/recortes/train/taxi_recorte_train_0320.jpg,/home/irar/Escritorio/ProyectoTaxiDetector/dataset/positivos/recortes/augmented/taxi_recorte_aug_03019.jpg
3020,taxi_recorte_train_0192.jpg,taxi_recorte_aug_03020.jpg,/home/irar/Escritorio/ProyectoTaxiDetector/dataset/positivos/recortes/train/taxi_recorte_train_0192.jpg,/home/irar/Escritorio/ProyectoTaxiDetector/dataset/positivos/recortes/augmented/taxi_recorte_aug_03020.jpg
3021,taxi_recorte_train_0234.jpg,taxi_recorte_aug_03021.jpg,/home/irar/Escritorio/ProyectoTaxiDetector/dataset/positivos/recortes/train/taxi_recorte_train_0234.jpg,/home/irar/Escritorio/ProyectoTaxiDetector/dataset/positivos/recortes/augmented/taxi_recorte_aug_03021.jpg
3022,taxi_recorte_train_0259.jpg,taxi_recorte_aug_03022.jpg,/home/irar/Escritorio/ProyectoTaxiDetector/dataset/positivos/recortes/train/taxi_recorte_train_0259.jpg,/home/irar/Escritorio/ProyectoTaxiDetector/dataset/positivos/recortes/augmented/taxi_recorte_aug_03022.jpg
3023,taxi_recorte_train_0394.jpg,taxi_recorte_aug_03023.jpg,/home/irar/Escritorio/ProyectoTaxiDetector/dataset/positivos/recortes/train/taxi_recorte_train_0394.jpg,/home/irar/Escritorio/ProyectoTaxiDetector/dataset/positivos/recortes/augmented/taxi_recorte_aug_03023.jpg
3024,taxi_recorte_train_0005.jpg,taxi_recorte_aug_03024.jpg,/home/irar/Escritorio/ProyectoTaxiDetector/dataset/positivos/recortes/train/taxi_recorte_train_0005.jpg,/home/irar/Escritorio/ProyectoTaxiDetector/dataset/positivos/recortes/augmented/taxi_recorte_aug_03024.jpg
3025,taxi_recorte_train_0078.jpg,taxi_recorte_aug_03025.jpg,/home/irar/Escritorio/ProyectoTaxiDetector/dataset/positivos/recortes/train/taxi_recorte_train_0078.jpg,/home/irar/Escritorio/ProyectoTaxiDetector/dataset/positivos/recortes/augmented/taxi_recorte_aug_03025.jpg
3026,taxi_recorte_train_0511.jpg,taxi_recorte_aug_03026.jpg,/home/irar/Escritorio/ProyectoTaxiDetector/dataset/positivos/recortes/train/taxi_recorte_train_0511.jpg,/home/irar/Escritorio/ProyectoTaxiDetector/dataset/positivos/recortes/augmented/taxi_recorte_aug_03026.jpg
3027,taxi_recorte_train_0119.jpg,taxi_recorte_aug_03027.jpg,/home/irar/Escritorio/ProyectoTaxiDetector/dataset/positivos/recortes/train/taxi_recorte_train_0119.jpg,/home/irar/Escritorio/ProyectoTaxiDetector/dataset/positivos/recortes/augmented/taxi_recorte_aug_03027.jpg
3028,taxi_recorte_train_0071.jpg,taxi_recorte_aug_03028.jpg,/home/irar/Escritorio/ProyectoTaxiDetector/dataset/positivos/recortes/train/taxi_recorte_train_0071.jpg,/home/irar/Escritorio/ProyectoTaxiDetector/dataset/positivos/recortes/augmented/taxi_recorte_aug_03028.jpg
3029,taxi_recorte_train_0521.jpg,taxi_recorte_aug_03029.jpg,/home/irar/Escritorio/ProyectoTaxiDetector/dataset/positivos/recortes/train/taxi_recorte_train_0521.jpg,/home/irar/Escritorio/ProyectoTaxiDetector/dataset/positivos/recortes/augmented/taxi_recorte_aug_03029.jpg
3030,taxi_recorte_train_0530.jpg,taxi_recorte_aug_03030.jpg,/home/irar/Escritorio/ProyectoTaxiDetector/dataset/positivos/recortes/train/taxi_recorte_train_0530.jpg,/home/irar/Escritorio/ProyectoTaxiDetector/dataset/positivos/recortes/augmented/taxi_recorte_aug_03030.jpg
3031,taxi_recorte_train_0453.jpg,taxi_recorte_aug_03031.jpg,/home/irar/Escritorio/ProyectoTaxiDetector/dataset/positivos/recortes/train/taxi_recorte_train_0453.jpg,/home/irar/Escritorio/ProyectoTaxiDetector/dataset/positivos/recortes/augmented/taxi_recorte_aug_03031.jpg
3032,taxi_recorte_train_0039.jpg,taxi_recorte_aug_03032.jpg,/home/irar/Escritorio/ProyectoTaxiDetector/dataset/positivos/recortes/train/taxi_recorte_train_0039.jpg,/home/irar/Escritorio/ProyectoTaxiDetector/dataset/positivos/recortes/augmented/taxi_recorte_aug_03032.jpg
3033,taxi_recorte_train_0508.jpg,taxi_recorte_aug_03033.jpg,/home/irar/Escritorio/ProyectoTaxiDetector/dataset/positivos/recortes/train/taxi_recorte_train_0508.jpg,/home/irar/Escritorio/ProyectoTaxiDetector/dataset/positivos/recortes/augmented/taxi_recorte_aug_03033.jpg
3034,taxi_recorte_train_0503.jpg,taxi_recorte_aug_03034.jpg,/home/irar/Escritorio/ProyectoTaxiDetector/dataset/positivos/recortes/train/taxi_recorte_train_0503.jpg,/home/irar/Escritorio/ProyectoTaxiDetector/dataset/positivos/recortes/augmented/taxi_recorte_aug_03034.jpg
3035,taxi_recorte_train_0031.jpg,taxi_recorte_aug_03035.jpg,/home/irar/Escritorio/ProyectoTaxiDetector/dataset/positivos/recortes/train/taxi_recorte_train_0031.jpg,/home/irar/Escritorio/ProyectoTaxiDetector/dataset/positivos/recortes/augmented/taxi_recorte_aug_03035.jpg
3036,taxi_recorte_train_0278.jpg,taxi_recorte_aug_03036.jpg,/home/irar/Escritorio/ProyectoTaxiDetector/dataset/positivos/recortes/train/taxi_recorte_train_0278.jpg,/home/irar/Escritorio/ProyectoTaxiDetector/dataset/positivos/recortes/augmented/taxi_recorte_aug_03036.jpg
3037,taxi_recorte_train_0439.jpg,taxi_recorte_aug_03037.jpg,/home/irar/Escritorio/ProyectoTaxiDetector/dataset/positivos/recortes/train/taxi_recorte_train_0439.jpg,/home/irar/Escritorio/ProyectoTaxiDetector/dataset/positivos/recortes/augmented/taxi_recorte_aug_03037.jpg
3038,taxi_recorte_train_0416.jpg,taxi_recorte_aug_03038.jpg,/home/irar/Escritorio/ProyectoTaxiDetector/dataset/positivos/recortes/train/taxi_recorte_train_0416.jpg,/home/irar/Escritorio/ProyectoTaxiDetector/dataset/positivos/recortes/augmented/taxi_recorte_aug_03038.jpg
3039,taxi_recorte_train_0280.jpg,taxi_recorte_aug_03039.jpg,/home/irar/Escritorio/ProyectoTaxiDetector/dataset/positivos/recortes/train/taxi_recorte_train_0280.jpg,/home/irar/Escritorio/ProyectoTaxiDetector/dataset/positivos/recortes/augmented/taxi_recorte_aug_03039.jpg
3040,taxi_recorte_train_0489.jpg,taxi_recorte_aug_03040.jpg,/home/irar/Escritorio/ProyectoTaxiDetector/dataset/positivos/recortes/train/taxi_recorte_train_0489.jpg,/home/irar/Escritorio/ProyectoTaxiDetector/dataset/positivos/recortes/augmented/taxi_recorte_aug_03040.jpg
3041,taxi_recorte_train_0328.jpg,taxi_recorte_aug_03041.jpg,/home/irar/Escritorio/ProyectoTaxiDetector/dataset/positivos/recortes/train/taxi_recorte_train_0328.jpg,/home/irar/Escritorio/ProyectoTaxiDetector/dataset/positivos/recortes/augmented/taxi_recorte_aug_03041.jpg
3042,taxi_recorte_train_0181.jpg,taxi_recorte_aug_03042.jpg,/home/irar/Escritorio/ProyectoTaxiDetector/dataset/positivos/recortes/train/taxi_recorte_train_0181.jpg,/home/irar/Escritorio/ProyectoTaxiDetector/dataset/positivos/recortes/augmented/taxi_recorte_aug_03042.jpg
3043,taxi_recorte_train_0087.jpg,taxi_recorte_aug_03043.jpg,/home/irar/Escritorio/ProyectoTaxiDetector/dataset/positivos/recortes/train/taxi_recorte_train_0087.jpg,/home/irar/Escritorio/ProyectoTaxiDetector/dataset/positivos/recortes/augmented/taxi_recorte_aug_03043.jpg
3044,taxi_recorte_train_0524.jpg,taxi_recorte_aug_03044.jpg,/home/irar/Escritorio/ProyectoTaxiDetector/dataset/positivos/recortes/train/taxi_recorte_train_0524.jpg,/home/irar/Escritorio/ProyectoTaxiDetector/dataset/positivos/recortes/augmented/taxi_recorte_aug_03044.jpg
3045,taxi_recorte_train_0252.jpg,taxi_recorte_aug_03045.jpg,/home/irar/Escritorio/ProyectoTaxiDetector/dataset/positivos/recortes/train/taxi_recorte_train_0252.jpg,/home/irar/Escritorio/ProyectoTaxiDetector/dataset/positivos/recortes/augmented/taxi_recorte_aug_03045.jpg
3046,taxi_recorte_train_0329.jpg,taxi_recorte_aug_03046.jpg,/home/irar/Escritorio/ProyectoTaxiDetector/dataset/positivos/recortes/train/taxi_recorte_train_0329.jpg,/home/irar/Escritorio/ProyectoTaxiDetector/dataset/positivos/recortes/augmented/taxi_recorte_aug_03046.jpg
3047,taxi_recorte_train_0251.jpg,taxi_recorte_aug_03047.jpg,/home/irar/Escritorio/ProyectoTaxiDetector/dataset/positivos/recortes/train/taxi_recorte_train_0251.jpg,/home/irar/Escritorio/ProyectoTaxiDetector/dataset/positivos/recortes/augmented/taxi_recorte_aug_03047.jpg
3048,taxi_recorte_train_0132.jpg,taxi_recorte_aug_03048.jpg,/home/irar/Escritorio/ProyectoTaxiDetector/dataset/positivos/recortes/train/taxi_recorte_train_0132.jpg,/home/irar/Escritorio/ProyectoTaxiDetector/dataset/positivos/recortes/augmented/taxi_recorte_aug_03048.jpg
3049,taxi_recorte_train_0173.jpg,taxi_recorte_aug_03049.jpg,/home/irar/Escritorio/ProyectoTaxiDetector/dataset/positivos/recortes/train/taxi_recorte_train_0173.jpg,/home/irar/Escritorio/ProyectoTaxiDetector/dataset/positivos/recortes/augmented/taxi_recorte_aug_03049.jpg
3050,taxi_recorte_train_0282.jpg,taxi_recorte_aug_03050.jpg,/home/irar/Escritorio/ProyectoTaxiDetector/dataset/positivos/recortes/train/taxi_recorte_train_0282.jpg,/home/irar/Escritorio/ProyectoTaxiDetector/dataset/positivos/recortes/augmented/taxi_recorte_aug_03050.jpg
3051,taxi_recorte_train_0256.jpg,taxi_recorte_aug_03051.jpg,/home/irar/Escritorio/ProyectoTaxiDetector/dataset/positivos/recortes/train/taxi_recorte_train_0256.jpg,/home/irar/Escritorio/ProyectoTaxiDetector/dataset/positivos/recortes/augmented/taxi_recorte_aug_03051.jpg
3052,taxi_recorte_train_0501.jpg,taxi_recorte_aug_03052.jpg,/home/irar/Escritorio/ProyectoTaxiDetector/dataset/positivos/recortes/train/taxi_recorte_train_0501.jpg,/home/irar/Escritorio/ProyectoTaxiDetector/dataset/positivos/recortes/augmented/taxi_recorte_aug_03052.jpg
3053,taxi_recorte_train_0292.jpg,taxi_recorte_aug_03053.jpg,/home/irar/Escritorio/ProyectoTaxiDetector/dataset/positivos/recortes/train/taxi_recorte_train_0292.jpg,/home/irar/Escritorio/ProyectoTaxiDetector/dataset/positivos/recortes/augmented/taxi_recorte_aug_03053.jpg
3054,taxi_recorte_train_0372.jpg,taxi_recorte_aug_03054.jpg,/home/irar/Escritorio/ProyectoTaxiDetector/dataset/positivos/recortes/train/taxi_recorte_train_0372.jpg,/home/irar/Escritorio/ProyectoTaxiDetector/dataset/positivos/recortes/augmented/taxi_recorte_aug_03054.jpg
3055,taxi_recorte_train_0118.jpg,taxi_recorte_aug_03055.jpg,/home/irar/Escritorio/ProyectoTaxiDetector/dataset/positivos/recortes/train/taxi_recorte_train_0118.jpg,/home/irar/Escritorio/ProyectoTaxiDetector/dataset/positivos/recortes/augmented/taxi_recorte_aug_03055.jpg
3056,taxi_recorte_train_0169.jpg,taxi_recorte_aug_03056.jpg,/home/irar/Escritorio/ProyectoTaxiDetector/dataset/positivos/recortes/train/taxi_recorte_train_0169.jpg,/home/irar/Escritorio/ProyectoTaxiDetector/dataset/positivos/recortes/augmented/taxi_recorte_aug_03056.jpg
3057,taxi_recorte_train_0101.jpg,taxi_recorte_aug_03057.jpg,/home/irar/Escritorio/ProyectoTaxiDetector/dataset/positivos/recortes/train/taxi_recorte_train_0101.jpg,/home/irar/Escritorio/ProyectoTaxiDetector/dataset/positivos/recortes/augmented/taxi_recorte_aug_03057.jpg
3058,taxi_recorte_train_0079.jpg,taxi_recorte_aug_03058.jpg,/home/irar/Escritorio/ProyectoTaxiDetector/dataset/positivos/recortes/train/taxi_recorte_train_0079.jpg,/home/irar/Escritorio/ProyectoTaxiDetector/dataset/positivos/recortes/augmented/taxi_recorte_aug_03058.jpg
3059,taxi_recorte_train_0152.jpg,taxi_recorte_aug_03059.jpg,/home/irar/Escritorio/ProyectoTaxiDetector/dataset/positivos/recortes/train/taxi_recorte_train_0152.jpg,/home/irar/Escritorio/ProyectoTaxiDetector/dataset/positivos/recortes/augmented/taxi_recorte_aug_03059.jpg
3060,taxi_recorte_train_0425.jpg,taxi_recorte_aug_03060.jpg,/home/irar/Escritorio/ProyectoTaxiDetector/dataset/positivos/recortes/train/taxi_recorte_train_0425.jpg,/home/irar/Escritorio/ProyectoTaxiDetector/dataset/positivos/recortes/augmented/taxi_recorte_aug_03060.jpg
3061,taxi_recorte_train_0297.jpg,taxi_recorte_aug_03061.jpg,/home/irar/Escritorio/ProyectoTaxiDetector/dataset/positivos/recortes/train/taxi_recorte_train_0297.jpg,/home/irar/Escritorio/ProyectoTaxiDetector/dataset/positivos/recortes/augmented/taxi_recorte_aug_03061.jpg
3062,taxi_recorte_train_0300.jpg,taxi_recorte_aug_03062.jpg,/home/irar/Escritorio/ProyectoTaxiDetector/dataset/positivos/recortes/train/taxi_recorte_train_0300.jpg,/home/irar/Escritorio/ProyectoTaxiDetector/dataset/positivos/recortes/augmented/taxi_recorte_aug_03062.jpg
3063,taxi_recorte_train_0284.jpg,taxi_recorte_aug_03063.jpg,/home/irar/Escritorio/ProyectoTaxiDetector/dataset/positivos/recortes/train/taxi_recorte_train_0284.jpg,/home/irar/Escritorio/ProyectoTaxiDetector/dataset/positivos/recortes/augmented/taxi_recorte_aug_03063.jpg
3064,taxi_recorte_train_0366.jpg,taxi_recorte_aug_03064.jpg,/home/irar/Escritorio/ProyectoTaxiDetector/dataset/positivos/recortes/train/taxi_recorte_train_0366.jpg,/home/irar/Escritorio/ProyectoTaxiDetector/dataset/positivos/recortes/augmented/taxi_recorte_aug_03064.jpg
3065,taxi_recorte_train_0009.jpg,taxi_recorte_aug_03065.jpg,/home/irar/Escritorio/ProyectoTaxiDetector/dataset/positivos/recortes/train/taxi_recorte_train_0009.jpg,/home/irar/Escritorio/ProyectoTaxiDetector/dataset/positivos/recortes/augmented/taxi_recorte_aug_03065.jpg
3066,taxi_recorte_train_0075.jpg,taxi_recorte_aug_03066.jpg,/home/irar/Escritorio/ProyectoTaxiDetector/dataset/positivos/recortes/train/taxi_recorte_train_0075.jpg,/home/irar/Escritorio/ProyectoTaxiDetector/dataset/positivos/recortes/augmented/taxi_recorte_aug_03066.jpg
3067,taxi_recorte_train_0468.jpg,taxi_recorte_aug_03067.jpg,/home/irar/Escritorio/ProyectoTaxiDetector/dataset/positivos/recortes/train/taxi_recorte_train_0468.jpg,/home/irar/Escritorio/ProyectoTaxiDetector/dataset/positivos/recortes/augmented/taxi_recorte_aug_03067.jpg
3068,taxi_recorte_train_0289.jpg,taxi_recorte_aug_03068.jpg,/home/irar/Escritorio/ProyectoTaxiDetector/dataset/positivos/recortes/train/taxi_recorte_train_0289.jpg,/home/irar/Escritorio/ProyectoTaxiDetector/dataset/positivos/recortes/augmented/taxi_recorte_aug_03068.jpg
3069,taxi_recorte_train_0529.jpg,taxi_recorte_aug_03069.jpg,/home/irar/Escritorio/ProyectoTaxiDetector/dataset/positivos/recortes/train/taxi_recorte_train_0529.jpg,/home/irar/Escritorio/ProyectoTaxiDetector/dataset/positivos/recortes/augmented/taxi_recorte_aug_03069.jpg
3070,taxi_recorte_train_0426.jpg,taxi_recorte_aug_03070.jpg,/home/irar/Escritorio/ProyectoTaxiDetector/dataset/positivos/recortes/train/taxi_recorte_train_0426.jpg,/home/irar/Escritorio/ProyectoTaxiDetector/dataset/positivos/recortes/augmented/taxi_recorte_aug_03070.jpg
3071,taxi_recorte_train_0161.jpg,taxi_recorte_aug_03071.jpg,/home/irar/Escritorio/ProyectoTaxiDetector/dataset/positivos/recortes/train/taxi_recorte_train_0161.jpg,/home/irar/Escritorio/ProyectoTaxiDetector/dataset/positivos/recortes/augmented/taxi_recorte_aug_03071.jpg
3072,taxi_recorte_train_0515.jpg,taxi_recorte_aug_03072.jpg,/home/irar/Escritorio/ProyectoTaxiDetector/dataset/positivos/recortes/train/taxi_recorte_train_0515.jpg,/home/irar/Escritorio/ProyectoTaxiDetector/dataset/positivos/recortes/augmented/taxi_recorte_aug_03072.jpg
3073,taxi_recorte_train_0378.jpg,taxi_recorte_aug_03073.jpg,/home/irar/Escritorio/ProyectoTaxiDetector/dataset/positivos/recortes/train/taxi_recorte_train_0378.jpg,/home/irar/Escritorio/ProyectoTaxiDetector/dataset/positivos/recortes/augmented/taxi_recorte_aug_03073.jpg
3074,taxi_recorte_train_0446.jpg,taxi_recorte_aug_03074.jpg,/home/irar/Escritorio/ProyectoTaxiDetector/dataset/positivos/recortes/train/taxi_recorte_train_0446.jpg,/home/irar/Escritorio/ProyectoTaxiDetector/dataset/positivos/recortes/augmented/taxi_recorte_aug_03074.jpg
3075,taxi_recorte_train_0241.jpg,taxi_recorte_aug_03075.jpg,/home/irar/Escritorio/ProyectoTaxiDetector/dataset/positivos/recortes/train/taxi_recorte_train_0241.jpg,/home/irar/Escritorio/ProyectoTaxiDetector/dataset/positivos/recortes/augmented/taxi_recorte_aug_03075.jpg
3076,taxi_recorte_train_0051.jpg,taxi_recorte_aug_03076.jpg,/home/irar/Escritorio/ProyectoTaxiDetector/dataset/positivos/recortes/train/taxi_recorte_train_0051.jpg,/home/irar/Escritorio/ProyectoTaxiDetector/dataset/positivos/recortes/augmented/taxi_recorte_aug_03076.jpg
3077,taxi_recorte_train_0397.jpg,taxi_recorte_aug_03077.jpg,/home/irar/Escritorio/ProyectoTaxiDetector/dataset/positivos/recortes/train/taxi_recorte_train_0397.jpg,/home/irar/Escritorio/ProyectoTaxiDetector/dataset/positivos/recortes/augmented/taxi_recorte_aug_03077.jpg
3078,taxi_recorte_train_0255.jpg,taxi_recorte_aug_03078.jpg,/home/irar/Escritorio/ProyectoTaxiDetector/dataset/positivos/recortes/train/taxi_recorte_train_0255.jpg,/home/irar/Escritorio/ProyectoTaxiDetector/dataset/positivos/recortes/augmented/taxi_recorte_aug_03078.jpg
3079,taxi_recorte_train_0263.jpg,taxi_recorte_aug_03079.jpg,/home/irar/Escritorio/ProyectoTaxiDetector/dataset/positivos/recortes/train/taxi_recorte_train_0263.jpg,/home/irar/Escritorio/ProyectoTaxiDetector/dataset/positivos/recortes/augmented/taxi_recorte_aug_03079.jpg
3080,taxi_recorte_train_0185.jpg,taxi_recorte_aug_03080.jpg,/home/irar/Escritorio/ProyectoTaxiDetector/dataset/positivos/recortes/train/taxi_recorte_train_0185.jpg,/home/irar/Escritorio/ProyectoTaxiDetector/dataset/positivos/recortes/augmented/taxi_recorte_aug_03080.jpg
3081,taxi_recorte_train_0134.jpg,taxi_recorte_aug_03081.jpg,/home/irar/Escritorio/ProyectoTaxiDetector/dataset/positivos/recortes/train/taxi_recorte_train_0134.jpg,/home/irar/Escritorio/ProyectoTaxiDetector/dataset/positivos/recortes/augmented/taxi_recorte_aug_03081.jpg
3082,taxi_recorte_train_0158.jpg,taxi_recorte_aug_03082.jpg,/home/irar/Escritorio/ProyectoTaxiDetector/dataset/positivos/recortes/train/taxi_recorte_train_0158.jpg,/home/irar/Escritorio/ProyectoTaxiDetector/dataset/positivos/recortes/augmented/taxi_recorte_aug_03082.jpg
3083,taxi_recorte_train_0184.jpg,taxi_recorte_aug_03083.jpg,/home/irar/Escritorio/ProyectoTaxiDetector/dataset/positivos/recortes/train/taxi_recorte_train_0184.jpg,/home/irar/Escritorio/ProyectoTaxiDetector/dataset/positivos/recortes/augmented/taxi_recorte_aug_03083.jpg
3084,taxi_recorte_train_0333.jpg,taxi_recorte_aug_03084.jpg,/home/irar/Escritorio/ProyectoTaxiDetector/dataset/positivos/recortes/train/taxi_recorte_train_0333.jpg,/home/irar/Escritorio/ProyectoTaxiDetector/dataset/positivos/recortes/augmented/taxi_recorte_aug_03084.jpg
3085,taxi_recorte_train_0274.jpg,taxi_recorte_aug_03085.jpg,/home/irar/Escritorio/ProyectoTaxiDetector/dataset/positivos/recortes/train/taxi_recorte_train_0274.jpg,/home/irar/Escritorio/ProyectoTaxiDetector/dataset/positivos/recortes/augmented/taxi_recorte_aug_03085.jpg
3086,taxi_recorte_train_0239.jpg,taxi_recorte_aug_03086.jpg,/home/irar/Escritorio/ProyectoTaxiDetector/dataset/positivos/recortes/train/taxi_recorte_train_0239.jpg,/home/irar/Escritorio/ProyectoTaxiDetector/dataset/positivos/recortes/augmented/taxi_recorte_aug_03086.jpg
3087,taxi_recorte_train_0195.jpg,taxi_recorte_aug_03087.jpg,/home/irar/Escritorio/ProyectoTaxiDetector/dataset/positivos/recortes/train/taxi_recorte_train_0195.jpg,/home/irar/Escritorio/ProyectoTaxiDetector/dataset/positivos/recortes/augmented/taxi_recorte_aug_03087.jpg
3088,taxi_recorte_train_0145.jpg,taxi_recorte_aug_03088.jpg,/home/irar/Escritorio/ProyectoTaxiDetector/dataset/positivos/recortes/train/taxi_recorte_train_0145.jpg,/home/irar/Escritorio/ProyectoTaxiDetector/dataset/positivos/recortes/augmented/taxi_recorte_aug_03088.jpg
3089,taxi_recorte_train_0527.jpg,taxi_recorte_aug_03089.jpg,/home/irar/Escritorio/ProyectoTaxiDetector/dataset/positivos/recortes/train/taxi_recorte_train_0527.jpg,/home/irar/Escritorio/ProyectoTaxiDetector/dataset/positivos/recortes/augmented/taxi_recorte_aug_03089.jpg
3090,taxi_recorte_train_0519.jpg,taxi_recorte_aug_03090.jpg,/home/irar/Escritorio/ProyectoTaxiDetector/dataset/positivos/recortes/train/taxi_recorte_train_0519.jpg,/home/irar/Escritorio/ProyectoTaxiDetector/dataset/positivos/recortes/augmented/taxi_recorte_aug_03090.jpg
3091,taxi_recorte_train_0123.jpg,taxi_recorte_aug_03091.jpg,/home/irar/Escritorio/ProyectoTaxiDetector/dataset/positivos/recortes/train/taxi_recorte_train_0123.jpg,/home/irar/Escritorio/ProyectoTaxiDetector/dataset/positivos/recortes/augmented/taxi_recorte_aug_03091.jpg
3092,taxi_recorte_train_0204.jpg,taxi_recorte_aug_03092.jpg,/home/irar/Escritorio/ProyectoTaxiDetector/dataset/positivos/recortes/train/taxi_recorte_train_0204.jpg,/home/irar/Escritorio/ProyectoTaxiDetector/dataset/positivos/recortes/augmented/taxi_recorte_aug_03092.jpg
3093,taxi_recorte_train_0485.jpg,taxi_recorte_aug_03093.jpg,/home/irar/Escritorio/ProyectoTaxiDetector/dataset/positivos/recortes/train/taxi_recorte_train_0485.jpg,/home/irar/Escritorio/ProyectoTaxiDetector/dataset/positivos/recortes/augmented/taxi_recorte_aug_03093.jpg
3094,taxi_recorte_train_0504.jpg,taxi_recorte_aug_03094.jpg,/home/irar/Escritorio/ProyectoTaxiDetector/dataset/positivos/recortes/train/taxi_recorte_train_0504.jpg,/home/irar/Escritorio/ProyectoTaxiDetector/dataset/positivos/recortes/augmented/taxi_recorte_aug_03094.jpg
3095,taxi_recorte_train_0404.jpg,taxi_recorte_aug_03095.jpg,/home/irar/Escritorio/ProyectoTaxiDetector/dataset/positivos/recortes/train/taxi_recorte_train_0404.jpg,/home/irar/Escritorio/ProyectoTaxiDetector/dataset/positivos/recortes/augmented/taxi_recorte_aug_03095.jpg
3096,taxi_recorte_train_0445.jpg,taxi_recorte_aug_03096.jpg,/home/irar/Escritorio/ProyectoTaxiDetector/dataset/positivos/recortes/train/taxi_recorte_train_0445.jpg,/home/irar/Escritorio/ProyectoTaxiDetector/dataset/positivos/recortes/augmented/taxi_recorte_aug_03096.jpg
3097,taxi_recorte_train_0476.jpg,taxi_recorte_aug_03097.jpg,/home/irar/Escritorio/ProyectoTaxiDetector/dataset/positivos/recortes/train/taxi_recorte_train_0476.jpg,/home/irar/Escritorio/ProyectoTaxiDetector/dataset/positivos/recortes/augmented/taxi_recorte_aug_03097.jpg
3098,taxi_recorte_train_0393.jpg,taxi_recorte_aug_03098.jpg,/home/irar/Escritorio/ProyectoTaxiDetector/dataset/positivos/recortes/train/taxi_recorte_train_0393.jpg,/home/irar/Escritorio/ProyectoTaxiDetector/dataset/positivos/recortes/augmented/taxi_recorte_aug_03098.jpg
3099,taxi_recorte_train_0383.jpg,taxi_recorte_aug_03099.jpg,/home/irar/Escritorio/ProyectoTaxiDetector/dataset/positivos/recortes/train/taxi_recorte_train_0383.jpg,/home/irar/Escritorio/ProyectoTaxiDetector/dataset/positivos/recortes/augmented/taxi_recorte_aug_03099.jpg
3100,taxi_recorte_train_0061.jpg,taxi_recorte_aug_03100.jpg,/home/irar/Escritorio/ProyectoTaxiDetector/dataset/positivos/recortes/train/taxi_recorte_train_0061.jpg,/home/irar/Escritorio/ProyectoTaxiDetector/dataset/positivos/recortes/augmented/taxi_recorte_aug_03100.jpg
3101,taxi_recorte_train_0500.jpg,taxi_recorte_aug_03101.jpg,/home/irar/Escritorio/ProyectoTaxiDetector/dataset/positivos/recortes/train/taxi_recorte_train_0500.jpg,/home/irar/Escritorio/ProyectoTaxiDetector/dataset/positivos/recortes/augmented/taxi_recorte_aug_03101.jpg
3102,taxi_recorte_train_0409.jpg,taxi_recorte_aug_03102.jpg,/home/irar/Escritorio/ProyectoTaxiDetector/dataset/positivos/recortes/train/taxi_recorte_train_0409.jpg,/home/irar/Escritorio/ProyectoTaxiDetector/dataset/positivos/recortes/augmented/taxi_recorte_aug_03102.jpg
3103,taxi_recorte_train_0109.jpg,taxi_recorte_aug_03103.jpg,/home/irar/Escritorio/ProyectoTaxiDetector/dataset/positivos/recortes/train/taxi_recorte_train_0109.jpg,/home/irar/Escritorio/ProyectoTaxiDetector/dataset/positivos/recortes/augmented/taxi_recorte_aug_03103.jpg
3104,taxi_recorte_train_0008.jpg,taxi_recorte_aug_03104.jpg,/home/irar/Escritorio/ProyectoTaxiDetector/dataset/positivos/recortes/train/taxi_recorte_train_0008.jpg,/home/irar/Escritorio/ProyectoTaxiDetector/dataset/positivos/recortes/augmented/taxi_recorte_aug_03104.jpg
3105,taxi_recorte_train_0156.jpg,taxi_recorte_aug_03105.jpg,/home/irar/Escritorio/ProyectoTaxiDetector/dataset/positivos/recortes/train/taxi_recorte_train_0156.jpg,/home/irar/Escritorio/ProyectoTaxiDetector/dataset/positivos/recortes/augmented/taxi_recorte_aug_03105.jpg
3106,taxi_recorte_train_0171.jpg,taxi_recorte_aug_03106.jpg,/home/irar/Escritorio/ProyectoTaxiDetector/dataset/positivos/recortes/train/taxi_recorte_train_0171.jpg,/home/irar/Escritorio/ProyectoTaxiDetector/dataset/positivos/recortes/augmented/taxi_recorte_aug_03106.jpg
3107,taxi_recorte_train_0107.jpg,taxi_recorte_aug_03107.jpg,/home/irar/Escritorio/ProyectoTaxiDetector/dataset/positivos/recortes/train/taxi_recorte_train_0107.jpg,/home/irar/Escritorio/ProyectoTaxiDetector/dataset/positivos/recortes/augmented/taxi_recorte_aug_03107.jpg
3108,taxi_recorte_train_0246.jpg,taxi_recorte_aug_03108.jpg,/home/irar/Escritorio/ProyectoTaxiDetector/dataset/positivos/recortes/train/taxi_recorte_train_0246.jpg,/home/irar/Escritorio/ProyectoTaxiDetector/dataset/positivos/recortes/augmented/taxi_recorte_aug_03108.jpg
3109,taxi_recorte_train_0494.jpg,taxi_recorte_aug_03109.jpg,/home/irar/Escritorio/ProyectoTaxiDetector/dataset/positivos/recortes/train/taxi_recorte_train_0494.jpg,/home/irar/Escritorio/ProyectoTaxiDetector/dataset/positivos/recortes/augmented/taxi_recorte_aug_03109.jpg
3110,taxi_recorte_train_0287.jpg,taxi_recorte_aug_03110.jpg,/home/irar/Escritorio/ProyectoTaxiDetector/dataset/positivos/recortes/train/taxi_recorte_train_0287.jpg,/home/irar/Escritorio/ProyectoTaxiDetector/dataset/positivos/recortes/augmented/taxi_recorte_aug_03110.jpg
3111,taxi_recorte_train_0450.jpg,taxi_recorte_aug_03111.jpg,/home/irar/Escritorio/ProyectoTaxiDetector/dataset/positivos/recortes/train/taxi_recorte_train_0450.jpg,/home/irar/Escritorio/ProyectoTaxiDetector/dataset/positivos/recortes/augmented/taxi_recorte_aug_03111.jpg
3112,taxi_recorte_train_0410.jpg,taxi_recorte_aug_03112.jpg,/home/irar/Escritorio/ProyectoTaxiDetector/dataset/positivos/recortes/train/taxi_recorte_train_0410.jpg,/home/irar/Escritorio/ProyectoTaxiDetector/dataset/positivos/recortes/augmented/taxi_recorte_aug_03112.jpg
3113,taxi_recorte_train_0301.jpg,taxi_recorte_aug_03113.jpg,/home/irar/Escritorio/ProyectoTaxiDetector/dataset/positivos/recortes/train/taxi_recorte_train_0301.jpg,/home/irar/Escritorio/ProyectoTaxiDetector/dataset/positivos/recortes/augmented/taxi_recorte_aug_03113.jpg
3114,taxi_recorte_train_0390.jpg,taxi_recorte_aug_03114.jpg,/home/irar/Escritorio/ProyectoTaxiDetector/dataset/positivos/recortes/train/taxi_recorte_train_0390.jpg,/home/irar/Escritorio/ProyectoTaxiDetector/dataset/positivos/recortes/augmented/taxi_recorte_aug_03114.jpg
3115,taxi_recorte_train_0097.jpg,taxi_recorte_aug_03115.jpg,/home/irar/Escritorio/ProyectoTaxiDetector/dataset/positivos/recortes/train/taxi_recorte_train_0097.jpg,/home/irar/Escritorio/ProyectoTaxiDetector/dataset/positivos/recortes/augmented/taxi_recorte_aug_03115.jpg
3116,taxi_recorte_train_0038.jpg,taxi_recorte_aug_03116.jpg,/home/irar/Escritorio/ProyectoTaxiDetector/dataset/positivos/recortes/train/taxi_recorte_train_0038.jpg,/home/irar/Escritorio/ProyectoTaxiDetector/dataset/positivos/recortes/augmented/taxi_recorte_aug_03116.jpg
3117,taxi_recorte_train_0021.jpg,taxi_recorte_aug_03117.jpg,/home/irar/Escritorio/ProyectoTaxiDetector/dataset/positivos/recortes/train/taxi_recorte_train_0021.jpg,/home/irar/Escritorio/ProyectoTaxiDetector/dataset/positivos/recortes/augmented/taxi_recorte_aug_03117.jpg
3118,taxi_recorte_train_0309.jpg,taxi_recorte_aug_03118.jpg,/home/irar/Escritorio/ProyectoTaxiDetector/dataset/positivos/recortes/train/taxi_recorte_train_0309.jpg,/home/irar/Escritorio/ProyectoTaxiDetector/dataset/positivos/recortes/augmented/taxi_recorte_aug_03118.jpg
3119,taxi_recorte_train_0310.jpg,taxi_recorte_aug_03119.jpg,/home/irar/Escritorio/ProyectoTaxiDetector/dataset/positivos/recortes/train/taxi_recorte_train_0310.jpg,/home/irar/Escritorio/ProyectoTaxiDetector/dataset/positivos/recortes/augmented/taxi_recorte_aug_03119.jpg
3120,taxi_recorte_train_0477.jpg,taxi_recorte_aug_03120.jpg,/home/irar/Escritorio/ProyectoTaxiDetector/dataset/positivos/recortes/train/taxi_recorte_train_0477.jpg,/home/irar/Escritorio/ProyectoTaxiDetector/dataset/positivos/recortes/augmented/taxi_recorte_aug_03120.jpg
3121,taxi_recorte_train_0518.jpg,taxi_recorte_aug_03121.jpg,/home/irar/Escritorio/ProyectoTaxiDetector/dataset/positivos/recortes/train/taxi_recorte_train_0518.jpg,/home/irar/Escritorio/ProyectoTaxiDetector/dataset/positivos/recortes/augmented/taxi_recorte_aug_03121.jpg
3122,taxi_recorte_train_0138.jpg,taxi_recorte_aug_03122.jpg,/home/irar/Escritorio/ProyectoTaxiDetector/dataset/positivos/recortes/train/taxi_recorte_train_0138.jpg,/home/irar/Escritorio/ProyectoTaxiDetector/dataset/positivos/recortes/augmented/taxi_recorte_aug_03122.jpg
3123,taxi_recorte_train_0027.jpg,taxi_recorte_aug_03123.jpg,/home/irar/Escritorio/ProyectoTaxiDetector/dataset/positivos/recortes/train/taxi_recorte_train_0027.jpg,/home/irar/Escritorio/ProyectoTaxiDetector/dataset/positivos/recortes/augmented/taxi_recorte_aug_03123.jpg
3124,taxi_recorte_train_0098.jpg,taxi_recorte_aug_03124.jpg,/home/irar/Escritorio/ProyectoTaxiDetector/dataset/positivos/recortes/train/taxi_recorte_train_0098.jpg,/home/irar/Escritorio/ProyectoTaxiDetector/dataset/positivos/recortes/augmented/taxi_recorte_aug_03124.jpg
3125,taxi_recorte_train_0371.jpg,taxi_recorte_aug_03125.jpg,/home/irar/Escritorio/ProyectoTaxiDetector/dataset/positivos/recortes/train/taxi_recorte_train_0371.jpg,/home/irar/Escritorio/ProyectoTaxiDetector/dataset/positivos/recortes/augmented/taxi_recorte_aug_03125.jpg
3126,taxi_recorte_train_0275.jpg,taxi_recorte_aug_03126.jpg,/home/irar/Escritorio/ProyectoTaxiDetector/dataset/positivos/recortes/train/taxi_recorte_train_0275.jpg,/home/irar/Escritorio/ProyectoTaxiDetector/dataset/positivos/recortes/augmented/taxi_recorte_aug_03126.jpg
3127,taxi_recorte_train_0048.jpg,taxi_recorte_aug_03127.jpg,/home/irar/Escritorio/ProyectoTaxiDetector/dataset/positivos/recortes/train/taxi_recorte_train_0048.jpg,/home/irar/Escritorio/ProyectoTaxiDetector/dataset/positivos/recortes/augmented/taxi_recorte_aug_03127.jpg
3128,taxi_recorte_train_0190.jpg,taxi_recorte_aug_03128.jpg,/home/irar/Escritorio/ProyectoTaxiDetector/dataset/positivos/recortes/train/taxi_recorte_train_0190.jpg,/home/irar/Escritorio/ProyectoTaxiDetector/dataset/positivos/recortes/augmented/taxi_recorte_aug_03128.jpg
3129,taxi_recorte_train_0231.jpg,taxi_recorte_aug_03129.jpg,/home/irar/Escritorio/ProyectoTaxiDetector/dataset/positivos/recortes/train/taxi_recorte_train_0231.jpg,/home/irar/Escritorio/ProyectoTaxiDetector/dataset/positivos/recortes/augmented/taxi_recorte_aug_03129.jpg
3130,taxi_recorte_train_0041.jpg,taxi_recorte_aug_03130.jpg,/home/irar/Escritorio/ProyectoTaxiDetector/dataset/positivos/recortes/train/taxi_recorte_train_0041.jpg,/home/irar/Escritorio/ProyectoTaxiDetector/dataset/positivos/recortes/augmented/taxi_recorte_aug_03130.jpg
3131,taxi_recorte_train_0332.jpg,taxi_recorte_aug_03131.jpg,/home/irar/Escritorio/ProyectoTaxiDetector/dataset/positivos/recortes/train/taxi_recorte_train_0332.jpg,/home/irar/Escritorio/ProyectoTaxiDetector/dataset/positivos/recortes/augmented/taxi_recorte_aug_03131.jpg
3132,taxi_recorte_train_0170.jpg,taxi_recorte_aug_03132.jpg,/home/irar/Escritorio/ProyectoTaxiDetector/dataset/positivos/recortes/train/taxi_recorte_train_0170.jpg,/home/irar/Escritorio/ProyectoTaxiDetector/dataset/positivos/recortes/augmented/taxi_recorte_aug_03132.jpg
3133,taxi_recorte_train_0105.jpg,taxi_recorte_aug_03133.jpg,/home/irar/Escritorio/ProyectoTaxiDetector/dataset/positivos/recortes/train/taxi_recorte_train_0105.jpg,/home/irar/Escritorio/ProyectoTaxiDetector/dataset/positivos/recortes/augmented/taxi_recorte_aug_03133.jpg
3134,taxi_recorte_train_0532.jpg,taxi_recorte_aug_03134.jpg,/home/irar/Escritorio/ProyectoTaxiDetector/dataset/positivos/recortes/train/taxi_recorte_train_0532.jpg,/home/irar/Escritorio/ProyectoTaxiDetector/dataset/positivos/recortes/augmented/taxi_recorte_aug_03134.jpg
3135,taxi_recorte_train_0125.jpg,taxi_recorte_aug_03135.jpg,/home/irar/Escritorio/ProyectoTaxiDetector/dataset/positivos/recortes/train/taxi_recorte_train_0125.jpg,/home/irar/Escritorio/ProyectoTaxiDetector/dataset/positivos/recortes/augmented/taxi_recorte_aug_03135.jpg
3136,taxi_recorte_train_0199.jpg,taxi_recorte_aug_03136.jpg,/home/irar/Escritorio/ProyectoTaxiDetector/dataset/positivos/recortes/train/taxi_recorte_train_0199.jpg,/home/irar/Escritorio/ProyectoTaxiDetector/dataset/positivos/recortes/augmented/taxi_recorte_aug_03136.jpg
3137,taxi_recorte_train_0069.jpg,taxi_recorte_aug_03137.jpg,/home/irar/Escritorio/ProyectoTaxiDetector/dataset/positivos/recortes/train/taxi_recorte_train_0069.jpg,/home/irar/Escritorio/ProyectoTaxiDetector/dataset/positivos/recortes/augmented/taxi_recorte_aug_03137.jpg
3138,taxi_recorte_train_0272.jpg,taxi_recorte_aug_03138.jpg,/home/irar/Escritorio/ProyectoTaxiDetector/dataset/positivos/recortes/train/taxi_recorte_train_0272.jpg,/home/irar/Escritorio/ProyectoTaxiDetector/dataset/positivos/recortes/augmented/taxi_recorte_aug_03138.jpg
3139,taxi_recorte_train_0463.jpg,taxi_recorte_aug_03139.jpg,/home/irar/Escritorio/ProyectoTaxiDetector/dataset/positivos/recortes/train/taxi_recorte_train_0463.jpg,/home/irar/Escritorio/ProyectoTaxiDetector/dataset/positivos/recortes/augmented/taxi_recorte_aug_03139.jpg
3140,taxi_recorte_train_0444.jpg,taxi_recorte_aug_03140.jpg,/home/irar/Escritorio/ProyectoTaxiDetector/dataset/positivos/recortes/train/taxi_recorte_train_0444.jpg,/home/irar/Escritorio/ProyectoTaxiDetector/dataset/positivos/recortes/augmented/taxi_recorte_aug_03140.jpg
3141,taxi_recorte_train_0467.jpg,taxi_recorte_aug_03141.jpg,/home/irar/Escritorio/ProyectoTaxiDetector/dataset/positivos/recortes/train/taxi_recorte_train_0467.jpg,/home/irar/Escritorio/ProyectoTaxiDetector/dataset/positivos/recortes/augmented/taxi_recorte_aug_03141.jpg
3142,taxi_recorte_train_0288.jpg,taxi_recorte_aug_03142.jpg,/home/irar/Escritorio/ProyectoTaxiDetector/dataset/positivos/recortes/train/taxi_recorte_train_0288.jpg,/home/irar/Escritorio/ProyectoTaxiDetector/dataset/positivos/recortes/augmented/taxi_recorte_aug_03142.jpg
3143,taxi_recorte_train_0030.jpg,taxi_recorte_aug_03143.jpg,/home/irar/Escritorio/ProyectoTaxiDetector/dataset/positivos/recortes/train/taxi_recorte_train_0030.jpg,/home/irar/Escritorio/ProyectoTaxiDetector/dataset/positivos/recortes/augmented/taxi_recorte_aug_03143.jpg
3144,taxi_recorte_train_0238.jpg,taxi_recorte_aug_03144.jpg,/home/irar/Escritorio/ProyectoTaxiDetector/dataset/positivos/recortes/train/taxi_recorte_train_0238.jpg,/home/irar/Escritorio/ProyectoTaxiDetector/dataset/positivos/recortes/augmented/taxi_recorte_aug_03144.jpg
3145,taxi_recorte_train_0413.jpg,taxi_recorte_aug_03145.jpg,/home/irar/Escritorio/ProyectoTaxiDetector/dataset/positivos/recortes/train/taxi_recorte_train_0413.jpg,/home/irar/Escritorio/ProyectoTaxiDetector/dataset/positivos/recortes/augmented/taxi_recorte_aug_03145.jpg
3146,taxi_recorte_train_0471.jpg,taxi_recorte_aug_03146.jpg,/home/irar/Escritorio/ProyectoTaxiDetector/dataset/positivos/recortes/train/taxi_recorte_train_0471.jpg,/home/irar/Escritorio/ProyectoTaxiDetector/dataset/positivos/recortes/augmented/taxi_recorte_aug_03146.jpg
3147,taxi_recorte_train_0363.jpg,taxi_recorte_aug_03147.jpg,/home/irar/Escritorio/ProyectoTaxiDetector/dataset/positivos/recortes/train/taxi_recorte_train_0363.jpg,/home/irar/Escritorio/ProyectoTaxiDetector/dataset/positivos/recortes/augmented/taxi_recorte_aug_03147.jpg
3148,taxi_recorte_train_0441.jpg,taxi_recorte_aug_03148.jpg,/home/irar/Escritorio/ProyectoTaxiDetector/dataset/positivos/recortes/train/taxi_recorte_train_0441.jpg,/home/irar/Escritorio/ProyectoTaxiDetector/dataset/positivos/recortes/augmented/taxi_recorte_aug_03148.jpg
3149,taxi_recorte_train_0517.jpg,taxi_recorte_aug_03149.jpg,/home/irar/Escritorio/ProyectoTaxiDetector/dataset/positivos/recortes/train/taxi_recorte_train_0517.jpg,/home/irar/Escritorio/ProyectoTaxiDetector/dataset/positivos/recortes/augmented/taxi_recorte_aug_03149.jpg
3150,taxi_recorte_train_0124.jpg,taxi_recorte_aug_03150.jpg,/home/irar/Escritorio/ProyectoTaxiDetector/dataset/positivos/recortes/train/taxi_recorte_train_0124.jpg,/home/irar/Escritorio/ProyectoTaxiDetector/dataset/positivos/recortes/augmented/taxi_recorte_aug_03150.jpg
3151,taxi_recorte_train_0243.jpg,taxi_recorte_aug_03151.jpg,/home/irar/Escritorio/ProyectoTaxiDetector/dataset/positivos/recortes/train/taxi_recorte_train_0243.jpg,/home/irar/Escritorio/ProyectoTaxiDetector/dataset/positivos/recortes/augmented/taxi_recorte_aug_03151.jpg
3152,taxi_recorte_train_0276.jpg,taxi_recorte_aug_03152.jpg,/home/irar/Escritorio/ProyectoTaxiDetector/dataset/positivos/recortes/train/taxi_recorte_train_0276.jpg,/home/irar/Escritorio/ProyectoTaxiDetector/dataset/positivos/recortes/augmented/taxi_recorte_aug_03152.jpg
3153,taxi_recorte_train_0493.jpg,taxi_recorte_aug_03153.jpg,/home/irar/Escritorio/ProyectoTaxiDetector/dataset/positivos/recortes/train/taxi_recorte_train_0493.jpg,/home/irar/Escritorio/ProyectoTaxiDetector/dataset/positivos/recortes/augmented/taxi_recorte_aug_03153.jpg
3154,taxi_recorte_train_0095.jpg,taxi_recorte_aug_03154.jpg,/home/irar/Escritorio/ProyectoTaxiDetector/dataset/positivos/recortes/train/taxi_recorte_train_0095.jpg,/home/irar/Escritorio/ProyectoTaxiDetector/dataset/positivos/recortes/augmented/taxi_recorte_aug_03154.jpg
3155,taxi_recorte_train_0193.jpg,taxi_recorte_aug_03155.jpg,/home/irar/Escritorio/ProyectoTaxiDetector/dataset/positivos/recortes/train/taxi_recorte_train_0193.jpg,/home/irar/Escritorio/ProyectoTaxiDetector/dataset/positivos/recortes/augmented/taxi_recorte_aug_03155.jpg
3156,taxi_recorte_train_0466.jpg,taxi_recorte_aug_03156.jpg,/home/irar/Escritorio/ProyectoTaxiDetector/dataset/positivos/recortes/train/taxi_recorte_train_0466.jpg,/home/irar/Escritorio/ProyectoTaxiDetector/dataset/positivos/recortes/augmented/taxi_recorte_aug_03156.jpg
3157,taxi_recorte_train_0077.jpg,taxi_recorte_aug_03157.jpg,/home/irar/Escritorio/ProyectoTaxiDetector/dataset/positivos/recortes/train/taxi_recorte_train_0077.jpg,/home/irar/Escritorio/ProyectoTaxiDetector/dataset/positivos/recortes/augmented/taxi_recorte_aug_03157.jpg
3158,taxi_recorte_train_0210.jpg,taxi_recorte_aug_03158.jpg,/home/irar/Escritorio/ProyectoTaxiDetector/dataset/positivos/recortes/train/taxi_recorte_train_0210.jpg,/home/irar/Escritorio/ProyectoTaxiDetector/dataset/positivos/recortes/augmented/taxi_recorte_aug_03158.jpg
3159,taxi_recorte_train_0214.jpg,taxi_recorte_aug_03159.jpg,/home/irar/Escritorio/ProyectoTaxiDetector/dataset/positivos/recortes/train/taxi_recorte_train_0214.jpg,/home/irar/Escritorio/ProyectoTaxiDetector/dataset/positivos/recortes/augmented/taxi_recorte_aug_03159.jpg
3160,taxi_recorte_train_0536.jpg,taxi_recorte_aug_03160.jpg,/home/irar/Escritorio/ProyectoTaxiDetector/dataset/positivos/recortes/train/taxi_recorte_train_0536.jpg,/home/irar/Escritorio/ProyectoTaxiDetector/dataset/positivos/recortes/augmented/taxi_recorte_aug_03160.jpg
3161,taxi_recorte_train_0481.jpg,taxi_recorte_aug_03161.jpg,/home/irar/Escritorio/ProyectoTaxiDetector/dataset/positivos/recortes/train/taxi_recorte_train_0481.jpg,/home/irar/Escritorio/ProyectoTaxiDetector/dataset/positivos/recortes/augmented/taxi_recorte_aug_03161.jpg
3162,taxi_recorte_train_0269.jpg,taxi_recorte_aug_03162.jpg,/home/irar/Escritorio/ProyectoTaxiDetector/dataset/positivos/recortes/train/taxi_recorte_train_0269.jpg,/home/irar/Escritorio/ProyectoTaxiDetector/dataset/positivos/recortes/augmented/taxi_recorte_aug_03162.jpg
3163,taxi_recorte_train_0533.jpg,taxi_recorte_aug_03163.jpg,/home/irar/Escritorio/ProyectoTaxiDetector/dataset/positivos/recortes/train/taxi_recorte_train_0533.jpg,/home/irar/Escritorio/ProyectoTaxiDetector/dataset/positivos/recortes/augmented/taxi_recorte_aug_03163.jpg
3164,taxi_recorte_train_0196.jpg,taxi_recorte_aug_03164.jpg,/home/irar/Escritorio/ProyectoTaxiDetector/dataset/positivos/recortes/train/taxi_recorte_train_0196.jpg,/home/irar/Escritorio/ProyectoTaxiDetector/dataset/positivos/recortes/augmented/taxi_recorte_aug_03164.jpg
3165,taxi_recorte_train_0344.jpg,taxi_recorte_aug_03165.jpg,/home/irar/Escritorio/ProyectoTaxiDetector/dataset/positivos/recortes/train/taxi_recorte_train_0344.jpg,/home/irar/Escritorio/ProyectoTaxiDetector/dataset/positivos/recortes/augmented/taxi_recorte_aug_03165.jpg
3166,taxi_recorte_train_0330.jpg,taxi_recorte_aug_03166.jpg,/home/irar/Escritorio/ProyectoTaxiDetector/dataset/positivos/recortes/train/taxi_recorte_train_0330.jpg,/home/irar/Escritorio/ProyectoTaxiDetector/dataset/positivos/recortes/augmented/taxi_recorte_aug_03166.jpg
3167,taxi_recorte_train_0177.jpg,taxi_recorte_aug_03167.jpg,/home/irar/Escritorio/ProyectoTaxiDetector/dataset/positivos/recortes/train/taxi_recorte_train_0177.jpg,/home/irar/Escritorio/ProyectoTaxiDetector/dataset/positivos/recortes/augmented/taxi_recorte_aug_03167.jpg
3168,taxi_recorte_train_0502.jpg,taxi_recorte_aug_03168.jpg,/home/irar/Escritorio/ProyectoTaxiDetector/dataset/positivos/recortes/train/taxi_recorte_train_0502.jpg,/home/irar/Escritorio/ProyectoTaxiDetector/dataset/positivos/recortes/augmented/taxi_recorte_aug_03168.jpg
3169,taxi_recorte_train_0523.jpg,taxi_recorte_aug_03169.jpg,/home/irar/Escritorio/ProyectoTaxiDetector/dataset/positivos/recortes/train/taxi_recorte_train_0523.jpg,/home/irar/Escritorio/ProyectoTaxiDetector/dataset/positivos/recortes/augmented/taxi_recorte_aug_03169.jpg
3170,taxi_recorte_train_0285.jpg,taxi_recorte_aug_03170.jpg,/home/irar/Escritorio/ProyectoTaxiDetector/dataset/positivos/recortes/train/taxi_recorte_train_0285.jpg,/home/irar/Escritorio/ProyectoTaxiDetector/dataset/positivos/recortes/augmented/taxi_recorte_aug_03170.jpg
3171,taxi_recorte_train_0219.jpg,taxi_recorte_aug_03171.jpg,/home/irar/Escritorio/ProyectoTaxiDetector/dataset/positivos/recortes/train/taxi_recorte_train_0219.jpg,/home/irar/Escritorio/ProyectoTaxiDetector/dataset/positivos/recortes/augmented/taxi_recorte_aug_03171.jpg
3172,taxi_recorte_train_0348.jpg,taxi_recorte_aug_03172.jpg,/home/irar/Escritorio/ProyectoTaxiDetector/dataset/positivos/recortes/train/taxi_recorte_train_0348.jpg,/home/irar/Escritorio/ProyectoTaxiDetector/dataset/positivos/recortes/augmented/taxi_recorte_aug_03172.jpg
3173,taxi_recorte_train_0321.jpg,taxi_recorte_aug_03173.jpg,/home/irar/Escritorio/ProyectoTaxiDetector/dataset/positivos/recortes/train/taxi_recorte_train_0321.jpg,/home/irar/Escritorio/ProyectoTaxiDetector/dataset/positivos/recortes/augmented/taxi_recorte_aug_03173.jpg
3174,taxi_recorte_train_0090.jpg,taxi_recorte_aug_03174.jpg,/home/irar/Escritorio/ProyectoTaxiDetector/dataset/positivos/recortes/train/taxi_recorte_train_0090.jpg,/home/irar/Escritorio/ProyectoTaxiDetector/dataset/positivos/recortes/augmented/taxi_recorte_aug_03174.jpg
3175,taxi_recorte_train_0377.jpg,taxi_recorte_aug_03175.jpg,/home/irar/Escritorio/ProyectoTaxiDetector/dataset/positivos/recortes/train/taxi_recorte_train_0377.jpg,/home/irar/Escritorio/ProyectoTaxiDetector/dataset/positivos/recortes/augmented/taxi_recorte_aug_03175.jpg
3176,taxi_recorte_train_0451.jpg,taxi_recorte_aug_03176.jpg,/home/irar/Escritorio/ProyectoTaxiDetector/dataset/positivos/recortes/train/taxi_recorte_train_0451.jpg,/home/irar/Escritorio/ProyectoTaxiDetector/dataset/positivos/recortes/augmented/taxi_recorte_aug_03176.jpg
3177,taxi_recorte_train_0303.jpg,taxi_recorte_aug_03177.jpg,/home/irar/Escritorio/ProyectoTaxiDetector/dataset/positivos/recortes/train/taxi_recorte_train_0303.jpg,/home/irar/Escritorio/ProyectoTaxiDetector/dataset/positivos/recortes/augmented/taxi_recorte_aug_03177.jpg
3178,taxi_recorte_train_0286.jpg,taxi_recorte_aug_03178.jpg,/home/irar/Escritorio/ProyectoTaxiDetector/dataset/positivos/recortes/train/taxi_recorte_train_0286.jpg,/home/irar/Escritorio/ProyectoTaxiDetector/dataset/positivos/recortes/augmented/taxi_recorte_aug_03178.jpg
3179,taxi_recorte_train_0032.jpg,taxi_recorte_aug_03179.jpg,/home/irar/Escritorio/ProyectoTaxiDetector/dataset/positivos/recortes/train/taxi_recorte_train_0032.jpg,/home/irar/Escritorio/ProyectoTaxiDetector/dataset/positivos/recortes/augmented/taxi_recorte_aug_03179.jpg
3180,taxi_recorte_train_0141.jpg,taxi_recorte_aug_03180.jpg,/home/irar/Escritorio/ProyectoTaxiDetector/dataset/positivos/recortes/train/taxi_recorte_train_0141.jpg,/home/irar/Escritorio/ProyectoTaxiDetector/dataset/positivos/recortes/augmented/taxi_recorte_aug_03180.jpg
3181,taxi_recorte_train_0154.jpg,taxi_recorte_aug_03181.jpg,/home/irar/Escritorio/ProyectoTaxiDetector/dataset/positivos/recortes/train/taxi_recorte_train_0154.jpg,/home/irar/Escritorio/ProyectoTaxiDetector/dataset/positivos/recortes/augmented/taxi_recorte_aug_03181.jpg
3182,taxi_recorte_train_0512.jpg,taxi_recorte_aug_03182.jpg,/home/irar/Escritorio/ProyectoTaxiDetector/dataset/positivos/recortes/train/taxi_recorte_train_0512.jpg,/home/irar/Escritorio/ProyectoTaxiDetector/dataset/positivos/recortes/augmented/taxi_recorte_aug_03182.jpg
3183,taxi_recorte_train_0114.jpg,taxi_recorte_aug_03183.jpg,/home/irar/Escritorio/ProyectoTaxiDetector/dataset/positivos/recortes/train/taxi_recorte_train_0114.jpg,/home/irar/Escritorio/ProyectoTaxiDetector/dataset/positivos/recortes/augmented/taxi_recorte_aug_03183.jpg
3184,taxi_recorte_train_0267.jpg,taxi_recorte_aug_03184.jpg,/home/irar/Escritorio/ProyectoTaxiDetector/dataset/positivos/recortes/train/taxi_recorte_train_0267.jpg,/home/irar/Escritorio/ProyectoTaxiDetector/dataset/positivos/recortes/augmented/taxi_recorte_aug_03184.jpg
3185,taxi_recorte_train_0339.jpg,taxi_recorte_aug_03185.jpg,/home/irar/Escritorio/ProyectoTaxiDetector/dataset/positivos/recortes/train/taxi_recorte_train_0339.jpg,/home/irar/Escritorio/ProyectoTaxiDetector/dataset/positivos/recortes/augmented/taxi_recorte_aug_03185.jpg
3186,taxi_recorte_train_0074.jpg,taxi_recorte_aug_03186.jpg,/home/irar/Escritorio/ProyectoTaxiDetector/dataset/positivos/recortes/train/taxi_recorte_train_0074.jpg,/home/irar/Escritorio/ProyectoTaxiDetector/dataset/positivos/recortes/augmented/taxi_recorte_aug_03186.jpg
3187,taxi_recorte_train_0449.jpg,taxi_recorte_aug_03187.jpg,/home/irar/Escritorio/ProyectoTaxiDetector/dataset/positivos/recortes/train/taxi_recorte_train_0449.jpg,/home/irar/Escritorio/ProyectoTaxiDetector/dataset/positivos/recortes/augmented/taxi_recorte_aug_03187.jpg
3188,taxi_recorte_train_0155.jpg,taxi_recorte_aug_03188.jpg,/home/irar/Escritorio/ProyectoTaxiDetector/dataset/positivos/recortes/train/taxi_recorte_train_0155.jpg,/home/irar/Escritorio/ProyectoTaxiDetector/dataset/positivos/recortes/augmented/taxi_recorte_aug_03188.jpg
3189,taxi_recorte_train_0535.jpg,taxi_recorte_aug_03189.jpg,/home/irar/Escritorio/ProyectoTaxiDetector/dataset/positivos/recortes/train/taxi_recorte_train_0535.jpg,/home/irar/Escritorio/ProyectoTaxiDetector/dataset/positivos/recortes/augmented/taxi_recorte_aug_03189.jpg
3190,taxi_recorte_train_0165.jpg,taxi_recorte_aug_03190.jpg,/home/irar/Escritorio/ProyectoTaxiDetector/dataset/positivos/recortes/train/taxi_recorte_train_0165.jpg,/home/irar/Escritorio/ProyectoTaxiDetector/dataset/positivos/recortes/augmented/taxi_recorte_aug_03190.jpg
3191,taxi_recorte_train_0420.jpg,taxi_recorte_aug_03191.jpg,/home/irar/Escritorio/ProyectoTaxiDetector/dataset/positivos/recortes/train/taxi_recorte_train_0420.jpg,/home/irar/Escritorio/ProyectoTaxiDetector/dataset/positivos/recortes/augmented/taxi_recorte_aug_03191.jpg
3192,taxi_recorte_train_0505.jpg,taxi_recorte_aug_03192.jpg,/home/irar/Escritorio/ProyectoTaxiDetector/dataset/positivos/recortes/train/taxi_recorte_train_0505.jpg,/home/irar/Escritorio/ProyectoTaxiDetector/dataset/positivos/recortes/augmented/taxi_recorte_aug_03192.jpg
3193,taxi_recorte_train_0396.jpg,taxi_recorte_aug_03193.jpg,/home/irar/Escritorio/ProyectoTaxiDetector/dataset/positivos/recortes/train/taxi_recorte_train_0396.jpg,/home/irar/Escritorio/ProyectoTaxiDetector/dataset/positivos/recortes/augmented/taxi_recorte_aug_03193.jpg
3194,taxi_recorte_train_0506.jpg,taxi_recorte_aug_03194.jpg,/home/irar/Escritorio/ProyectoTaxiDetector/dataset/positivos/recortes/train/taxi_recorte_train_0506.jpg,/home/irar/Escritorio/ProyectoTaxiDetector/dataset/positivos/recortes/augmented/taxi_recorte_aug_03194.jpg
3195,taxi_recorte_train_0296.jpg,taxi_recorte_aug_03195.jpg,/home/irar/Escritorio/ProyectoTaxiDetector/dataset/positivos/recortes/train/taxi_recorte_train_0296.jpg,/home/irar/Escritorio/ProyectoTaxiDetector/dataset/positivos/recortes/augmented/taxi_recorte_aug_03195.jpg
3196,taxi_recorte_train_0164.jpg,taxi_recorte_aug_03196.jpg,/home/irar/Escritorio/ProyectoTaxiDetector/dataset/positivos/recortes/train/taxi_recorte_train_0164.jpg,/home/irar/Escritorio/ProyectoTaxiDetector/dataset/positivos/recortes/augmented/taxi_recorte_aug_03196.jpg
3197,taxi_recorte_train_0295.jpg,taxi_recorte_aug_03197.jpg,/home/irar/Escritorio/ProyectoTaxiDetector/dataset/positivos/recortes/train/taxi_recorte_train_0295.jpg,/home/irar/Escritorio/ProyectoTaxiDetector/dataset/positivos/recortes/augmented/taxi_recorte_aug_03197.jpg
3198,taxi_recorte_train_0375.jpg,taxi_recorte_aug_03198.jpg,/home/irar/Escritorio/ProyectoTaxiDetector/dataset/positivos/recortes/train/taxi_recorte_train_0375.jpg,/home/irar/Escritorio/ProyectoTaxiDetector/dataset/positivos/recortes/augmented/taxi_recorte_aug_03198.jpg
3199,taxi_recorte_train_0470.jpg,taxi_recorte_aug_03199.jpg,/home/irar/Escritorio/ProyectoTaxiDetector/dataset/positivos/recortes/train/taxi_recorte_train_0470.jpg,/home/irar/Escritorio/ProyectoTaxiDetector/dataset/positivos/recortes/augmented/taxi_recorte_aug_03199.jpg
3200,taxi_recorte_train_0418.jpg,taxi_recorte_aug_03200.jpg,/home/irar/Escritorio/ProyectoTaxiDetector/dataset/positivos/recortes/train/taxi_recorte_train_0418.jpg,/home/irar/Escritorio/ProyectoTaxiDetector/dataset/positivos/recortes/augmented/taxi_recorte_aug_03200.jpg
3201,taxi_recorte_train_0496.jpg,taxi_recorte_aug_03201.jpg,/home/irar/Escritorio/ProyectoTaxiDetector/dataset/positivos/recortes/train/taxi_recorte_train_0496.jpg,/home/irar/Escritorio/ProyectoTaxiDetector/dataset/positivos/recortes/augmented/taxi_recorte_aug_03201.jpg
3202,taxi_recorte_train_0149.jpg,taxi_recorte_aug_03202.jpg,/home/irar/Escritorio/ProyectoTaxiDetector/dataset/positivos/recortes/train/taxi_recorte_train_0149.jpg,/home/irar/Escritorio/ProyectoTaxiDetector/dataset/positivos/recortes/augmented/taxi_recorte_aug_03202.jpg
3203,taxi_recorte_train_0258.jpg,taxi_recorte_aug_03203.jpg,/home/irar/Escritorio/ProyectoTaxiDetector/dataset/positivos/recortes/train/taxi_recorte_train_0258.jpg,/home/irar/Escritorio/ProyectoTaxiDetector/dataset/positivos/recortes/augmented/taxi_recorte_aug_03203.jpg
3204,taxi_recorte_train_0072.jpg,taxi_recorte_aug_03204.jpg,/home/irar/Escritorio/ProyectoTaxiDetector/dataset/positivos/recortes/train/taxi_recorte_train_0072.jpg,/home/irar/Escritorio/ProyectoTaxiDetector/dataset/positivos/recortes/augmented/taxi_recorte_aug_03204.jpg
3205,taxi_recorte_train_0029.jpg,taxi_recorte_aug_03205.jpg,/home/irar/Escritorio/ProyectoTaxiDetector/dataset/positivos/recortes/train/taxi_recorte_train_0029.jpg,/home/irar/Escritorio/ProyectoTaxiDetector/dataset/positivos/recortes/augmented/taxi_recorte_aug_03205.jpg
3206,taxi_recorte_train_0398.jpg,taxi_recorte_aug_03206.jpg,/home/irar/Escritorio/ProyectoTaxiDetector/dataset/positivos/recortes/train/taxi_recorte_train_0398.jpg,/home/irar/Escritorio/ProyectoTaxiDetector/dataset/positivos/recortes/augmented/taxi_recorte_aug_03206.jpg
3207,taxi_recorte_train_0443.jpg,taxi_recorte_aug_03207.jpg,/home/irar/Escritorio/ProyectoTaxiDetector/dataset/positivos/recortes/train/taxi_recorte_train_0443.jpg,/home/irar/Escritorio/ProyectoTaxiDetector/dataset/positivos/recortes/augmented/taxi_recorte_aug_03207.jpg
3208,taxi_recorte_train_0540.jpg,taxi_recorte_aug_03208.jpg,/home/irar/Escritorio/ProyectoTaxiDetector/dataset/positivos/recortes/train/taxi_recorte_train_0540.jpg,/home/irar/Escritorio/ProyectoTaxiDetector/dataset/positivos/recortes/augmented/taxi_recorte_aug_03208.jpg
3209,taxi_recorte_train_0112.jpg,taxi_recorte_aug_03209.jpg,/home/irar/Escritorio/ProyectoTaxiDetector/dataset/positivos/recortes/train/taxi_recorte_train_0112.jpg,/home/irar/Escritorio/ProyectoTaxiDetector/dataset/positivos/recortes/augmented/taxi_recorte_aug_03209.jpg
3210,taxi_recorte_train_0277.jpg,taxi_recorte_aug_03210.jpg,/home/irar/Escritorio/ProyectoTaxiDetector/dataset/positivos/recortes/train/taxi_recorte_train_0277.jpg,/home/irar/Escritorio/ProyectoTaxiDetector/dataset/positivos/recortes/augmented/taxi_recorte_aug_03210.jpg
3211,taxi_recorte_train_0120.jpg,taxi_recorte_aug_03211.jpg,/home/irar/Escritorio/ProyectoTaxiDetector/dataset/positivos/recortes/train/taxi_recorte_train_0120.jpg,/home/irar/Escritorio/ProyectoTaxiDetector/dataset/positivos/recortes/augmented/taxi_recorte_aug_03211.jpg
3212,taxi_recorte_train_0225.jpg,taxi_recorte_aug_03212.jpg,/home/irar/Escritorio/ProyectoTaxiDetector/dataset/positivos/recortes/train/taxi_recorte_train_0225.jpg,/home/irar/Escritorio/ProyectoTaxiDetector/dataset/positivos/recortes/augmented/taxi_recorte_aug_03212.jpg
3213,taxi_recorte_train_0206.jpg,taxi_recorte_aug_03213.jpg,/home/irar/Escritorio/ProyectoTaxiDetector/dataset/positivos/recortes/train/taxi_recorte_train_0206.jpg,/home/irar/Escritorio/ProyectoTaxiDetector/dataset/positivos/recortes/augmented/taxi_recorte_aug_03213.jpg
3214,taxi_recorte_train_0023.jpg,taxi_recorte_aug_03214.jpg,/home/irar/Escritorio/ProyectoTaxiDetector/dataset/positivos/recortes/train/taxi_recorte_train_0023.jpg,/home/irar/Escritorio/ProyectoTaxiDetector/dataset/positivos/recortes/augmented/taxi_recorte_aug_03214.jpg
3215,taxi_recorte_train_0380.jpg,taxi_recorte_aug_03215.jpg,/home/irar/Escritorio/ProyectoTaxiDetector/dataset/positivos/recortes/train/taxi_recorte_train_0380.jpg,/home/irar/Escritorio/ProyectoTaxiDetector/dataset/positivos/recortes/augmented/taxi_recorte_aug_03215.jpg
3216,taxi_recorte_train_0126.jpg,taxi_recorte_aug_03216.jpg,/home/irar/Escritorio/ProyectoTaxiDetector/dataset/positivos/recortes/train/taxi_recorte_train_0126.jpg,/home/irar/Escritorio/ProyectoTaxiDetector/dataset/positivos/recortes/augmented/taxi_recorte_aug_03216.jpg
3217,taxi_recorte_train_0025.jpg,taxi_recorte_aug_03217.jpg,/home/irar/Escritorio/ProyectoTaxiDetector/dataset/positivos/recortes/train/taxi_recorte_train_0025.jpg,/home/irar/Escritorio/ProyectoTaxiDetector/dataset/positivos/recortes/augmented/taxi_recorte_aug_03217.jpg
3218,taxi_recorte_train_0447.jpg,taxi_recorte_aug_03218.jpg,/home/irar/Escritorio/ProyectoTaxiDetector/dataset/positivos/recortes/train/taxi_recorte_train_0447.jpg,/home/irar/Escritorio/ProyectoTaxiDetector/dataset/positivos/recortes/augmented/taxi_recorte_aug_03218.jpg
3219,taxi_recorte_train_0361.jpg,taxi_recorte_aug_03219.jpg,/home/irar/Escritorio/ProyectoTaxiDetector/dataset/positivos/recortes/train/taxi_recorte_train_0361.jpg,/home/irar/Escritorio/ProyectoTaxiDetector/dataset/positivos/recortes/augmented/taxi_recorte_aug_03219.jpg
3220,taxi_recorte_train_0345.jpg,taxi_recorte_aug_03220.jpg,/home/irar/Escritorio/ProyectoTaxiDetector/dataset/positivos/recortes/train/taxi_recorte_train_0345.jpg,/home/irar/Escritorio/ProyectoTaxiDetector/dataset/positivos/recortes/augmented/taxi_recorte_aug_03220.jpg
3221,taxi_recorte_train_0307.jpg,taxi_recorte_aug_03221.jpg,/home/irar/Escritorio/ProyectoTaxiDetector/dataset/positivos/recortes/train/taxi_recorte_train_0307.jpg,/home/irar/Escritorio/ProyectoTaxiDetector/dataset/positivos/recortes/augmented/taxi_recorte_aug_03221.jpg
3222,taxi_recorte_train_0531.jpg,taxi_recorte_aug_03222.jpg,/home/irar/Escritorio/ProyectoTaxiDetector/dataset/positivos/recortes/train/taxi_recorte_train_0531.jpg,/home/irar/Escritorio/ProyectoTaxiDetector/dataset/positivos/recortes/augmented/taxi_recorte_aug_03222.jpg
3223,taxi_recorte_train_0018.jpg,taxi_recorte_aug_03223.jpg,/home/irar/Escritorio/ProyectoTaxiDetector/dataset/positivos/recortes/train/taxi_recorte_train_0018.jpg,/home/irar/Escritorio/ProyectoTaxiDetector/dataset/positivos/recortes/augmented/taxi_recorte_aug_03223.jpg
