indice,imagen_origen,imagen_aumentada,ruta_origen,ruta_aumentada
1,negativos_train_0585.jpg,negativo_aug_00001.jpg,/home/irar/Escritorio/ProyectoTaxiDetector/dataset/negativos/train/negativos_train_0585.jpg,/home/irar/Escritorio/ProyectoTaxiDetector/dataset/negativos/augmented/negativo_aug_00001.jpg
2,negativos_train_0441.jpg,negativo_aug_00002.jpg,/home/irar/Escritorio/ProyectoTaxiDetector/dataset/negativos/train/negativos_train_0441.jpg,/home/irar/Escritorio/ProyectoTaxiDetector/dataset/negativos/augmented/negativo_aug_00002.jpg
3,negativos_train_0458.jpg,negativo_aug_00003.jpg,/home/irar/Escritorio/ProyectoTaxiDetector/dataset/negativos/train/negativos_train_0458.jpg,/home/irar/Escritorio/ProyectoTaxiDetector/dataset/negativos/augmented/negativo_aug_00003.jpg
4,negativos_train_0525.jpg,negativo_aug_00004.jpg,/home/irar/Escritorio/ProyectoTaxiDetector/dataset/negativos/train/negativos_train_0525.jpg,/home/irar/Escritorio/ProyectoTaxiDetector/dataset/negativos/augmented/negativo_aug_00004.jpg
5,negativos_train_0593.jpg,negativo_aug_00005.jpg,/home/irar/Escritorio/ProyectoTaxiDetector/dataset/negativos/train/negativos_train_0593.jpg,/home/irar/Escritorio/ProyectoTaxiDetector/dataset/negativos/augmented/negativo_aug_00005.jpg
6,negativos_train_0013.jpg,negativo_aug_00006.jpg,/home/irar/Escritorio/ProyectoTaxiDetector/dataset/negativos/train/negativos_train_0013.jpg,/home/irar/Escritorio/ProyectoTaxiDetector/dataset/negativos/augmented/negativo_aug_00006.jpg
7,negativos_train_0513.jpg,negativo_aug_00007.jpg,/home/irar/Escritorio/ProyectoTaxiDetector/dataset/negativos/train/negativos_train_0513.jpg,/home/irar/Escritorio/ProyectoTaxiDetector/dataset/negativos/augmented/negativo_aug_00007.jpg
8,negativos_train_0591.jpg,negativo_aug_00008.jpg,/home/irar/Escritorio/ProyectoTaxiDetector/dataset/negativos/train/negativos_train_0591.jpg,/home/irar/Escritorio/ProyectoTaxiDetector/dataset/negativos/augmented/negativo_aug_00008.jpg
9,negativos_train_0248.jpg,negativo_aug_00009.jpg,/home/irar/Escritorio/ProyectoTaxiDetector/dataset/negativos/train/negativos_train_0248.jpg,/home/irar/Escritorio/ProyectoTaxiDetector/dataset/negativos/augmented/negativo_aug_00009.jpg
10,negativos_train_0139.jpg,negativo_aug_00010.jpg,/home/irar/Escritorio/ProyectoTaxiDetector/dataset/negativos/train/negativos_train_0139.jpg,/home/irar/Escritorio/ProyectoTaxiDetector/dataset/negativos/augmented/negativo_aug_00010.jpg
11,negativos_train_0342.jpg,negativo_aug_00011.jpg,/home/irar/Escritorio/ProyectoTaxiDetector/dataset/negativos/train/negativos_train_0342.jpg,/home/irar/Escritorio/ProyectoTaxiDetector/dataset/negativos/augmented/negativo_aug_00011.jpg
12,negativos_train_0360.jpg,negativo_aug_00012.jpg,/home/irar/Escritorio/ProyectoTaxiDetector/dataset/negativos/train/negativos_train_0360.jpg,/home/irar/Escritorio/ProyectoTaxiDetector/dataset/negativos/augmented/negativo_aug_00012.jpg
13,negativos_train_0514.jpg,negativo_aug_00013.jpg,/home/irar/Escritorio/ProyectoTaxiDetector/dataset/negativos/train/negativos_train_0514.jpg,/home/irar/Escritorio/ProyectoTaxiDetector/dataset/negativos/augmented/negativo_aug_00013.jpg
14,negativos_train_0488.jpg,negativo_aug_00014.jpg,/home/irar/Escritorio/ProyectoTaxiDetector/dataset/negativos/train/negativos_train_0488.jpg,/home/irar/Escritorio/ProyectoTaxiDetector/dataset/negativos/augmented/negativo_aug_00014.jpg
15,negativos_train_0269.jpg,negativo_aug_00015.jpg,/home/irar/Escritorio/ProyectoTaxiDetector/dataset/negativos/train/negativos_train_0269.jpg,/home/irar/Escritorio/ProyectoTaxiDetector/dataset/negativos/augmented/negativo_aug_00015.jpg
16,negativos_train_0212.jpg,negativo_aug_00016.jpg,/home/irar/Escritorio/ProyectoTaxiDetector/dataset/negativos/train/negativos_train_0212.jpg,/home/irar/Escritorio/ProyectoTaxiDetector/dataset/negativos/augmented/negativo_aug_00016.jpg
17,negativos_train_0165.jpg,negativo_aug_00017.jpg,/home/irar/Escritorio/ProyectoTaxiDetector/dataset/negativos/train/negativos_train_0165.jpg,/home/irar/Escritorio/ProyectoTaxiDetector/dataset/negativos/augmented/negativo_aug_00017.jpg
18,negativos_train_0626.jpg,negativo_aug_00018.jpg,/home/irar/Escritorio/ProyectoTaxiDetector/dataset/negativos/train/negativos_train_0626.jpg,/home/irar/Escritorio/ProyectoTaxiDetector/dataset/negativos/augmented/negativo_aug_00018.jpg
19,negativos_train_0537.jpg,negativo_aug_00019.jpg,/home/irar/Escritorio/ProyectoTaxiDetector/dataset/negativos/train/negativos_train_0537.jpg,/home/irar/Escritorio/ProyectoTaxiDetector/dataset/negativos/augmented/negativo_aug_00019.jpg
20,negativos_train_0185.jpg,negativo_aug_00020.jpg,/home/irar/Escritorio/ProyectoTaxiDetector/dataset/negativos/train/negativos_train_0185.jpg,/home/irar/Escritorio/ProyectoTaxiDetector/dataset/negativos/augmented/negativo_aug_00020.jpg
21,negativos_train_0507.jpg,negativo_aug_00021.jpg,/home/irar/Escritorio/ProyectoTaxiDetector/dataset/negativos/train/negativos_train_0507.jpg,/home/irar/Escritorio/ProyectoTaxiDetector/dataset/negativos/augmented/negativo_aug_00021.jpg
22,negativos_train_0288.jpg,negativo_aug_00022.jpg,/home/irar/Escritorio/ProyectoTaxiDetector/dataset/negativos/train/negativos_train_0288.jpg,/home/irar/Escritorio/ProyectoTaxiDetector/dataset/negativos/augmented/negativo_aug_00022.jpg
23,negativos_train_0156.jpg,negativo_aug_00023.jpg,/home/irar/Escritorio/ProyectoTaxiDetector/dataset/negativos/train/negativos_train_0156.jpg,/home/irar/Escritorio/ProyectoTaxiDetector/dataset/negativos/augmented/negativo_aug_00023.jpg
24,negativos_train_0352.jpg,negativo_aug_00024.jpg,/home/irar/Escritorio/ProyectoTaxiDetector/dataset/negativos/train/negativos_train_0352.jpg,/home/irar/Escritorio/ProyectoTaxiDetector/dataset/negativos/augmented/negativo_aug_00024.jpg
25,negativos_train_0063.jpg,negativo_aug_00025.jpg,/home/irar/Escritorio/ProyectoTaxiDetector/dataset/negativos/train/negativos_train_0063.jpg,/home/irar/Escritorio/ProyectoTaxiDetector/dataset/negativos/augmented/negativo_aug_00025.jpg
26,negativos_train_0570.jpg,negativo_aug_00026.jpg,/home/irar/Escritorio/ProyectoTaxiDetector/dataset/negativos/train/negativos_train_0570.jpg,/home/irar/Escritorio/ProyectoTaxiDetector/dataset/negativos/augmented/negativo_aug_00026.jpg
27,negativos_train_0362.jpg,negativo_aug_00027.jpg,/home/irar/Escritorio/ProyectoTaxiDetector/dataset/negativos/train/negativos_train_0362.jpg,/home/irar/Escritorio/ProyectoTaxiDetector/dataset/negativos/augmented/negativo_aug_00027.jpg
28,negativos_train_0137.jpg,negativo_aug_00028.jpg,/home/irar/Escritorio/ProyectoTaxiDetector/dataset/negativos/train/negativos_train_0137.jpg,/home/irar/Escritorio/ProyectoTaxiDetector/dataset/negativos/augmented/negativo_aug_00028.jpg
29,negativos_train_0472.jpg,negativo_aug_00029.jpg,/home/irar/Escritorio/ProyectoTaxiDetector/dataset/negativos/train/negativos_train_0472.jpg,/home/irar/Escritorio/ProyectoTaxiDetector/dataset/negativos/augmented/negativo_aug_00029.jpg
30,negativos_train_0484.jpg,negativo_aug_00030.jpg,/home/irar/Escritorio/ProyectoTaxiDetector/dataset/negativos/train/negativos_train_0484.jpg,/home/irar/Escritorio/ProyectoTaxiDetector/dataset/negativos/augmented/negativo_aug_00030.jpg
31,negativos_train_0053.jpg,negativo_aug_00031.jpg,/home/irar/Escritorio/ProyectoTaxiDetector/dataset/negativos/train/negativos_train_0053.jpg,/home/irar/Escritorio/ProyectoTaxiDetector/dataset/negativos/augmented/negativo_aug_00031.jpg
32,negativos_train_0132.jpg,negativo_aug_00032.jpg,/home/irar/Escritorio/ProyectoTaxiDetector/dataset/negativos/train/negativos_train_0132.jpg,/home/irar/Escritorio/ProyectoTaxiDetector/dataset/negativos/augmented/negativo_aug_00032.jpg
33,negativos_train_0220.jpg,negativo_aug_00033.jpg,/home/irar/Escritorio/ProyectoTaxiDetector/dataset/negativos/train/negativos_train_0220.jpg,/home/irar/Escritorio/ProyectoTaxiDetector/dataset/negativos/augmented/negativo_aug_00033.jpg
34,negativos_train_0088.jpg,negativo_aug_00034.jpg,/home/irar/Escritorio/ProyectoTaxiDetector/dataset/negativos/train/negativos_train_0088.jpg,/home/irar/Escritorio/ProyectoTaxiDetector/dataset/negativos/augmented/negativo_aug_00034.jpg
35,negativos_train_0070.jpg,negativo_aug_00035.jpg,/home/irar/Escritorio/ProyectoTaxiDetector/dataset/negativos/train/negativos_train_0070.jpg,/home/irar/Escritorio/ProyectoTaxiDetector/dataset/negativos/augmented/negativo_aug_00035.jpg
36,negativos_train_0216.jpg,negativo_aug_00036.jpg,/home/irar/Escritorio/ProyectoTaxiDetector/dataset/negativos/train/negativos_train_0216.jpg,/home/irar/Escritorio/ProyectoTaxiDetector/dataset/negativos/augmented/negativo_aug_00036.jpg
37,negativos_train_0577.jpg,negativo_aug_00037.jpg,/home/irar/Escritorio/ProyectoTaxiDetector/dataset/negativos/train/negativos_train_0577.jpg,/home/irar/Escritorio/ProyectoTaxiDetector/dataset/negativos/augmented/negativo_aug_00037.jpg
38,negativos_train_0304.jpg,negativo_aug_00038.jpg,/home/irar/Escritorio/ProyectoTaxiDetector/dataset/negativos/train/negativos_train_0304.jpg,/home/irar/Escritorio/ProyectoTaxiDetector/dataset/negativos/augmented/negativo_aug_00038.jpg
39,negativos_train_0246.jpg,negativo_aug_00039.jpg,/home/irar/Escritorio/ProyectoTaxiDetector/dataset/negativos/train/negativos_train_0246.jpg,/home/irar/Escritorio/ProyectoTaxiDetector/dataset/negativos/augmented/negativo_aug_00039.jpg
40,negativos_train_0578.jpg,negativo_aug_00040.jpg,/home/irar/Escritorio/ProyectoTaxiDetector/dataset/negativos/train/negativos_train_0578.jpg,/home/irar/Escritorio/ProyectoTaxiDetector/dataset/negativos/augmented/negativo_aug_00040.jpg
41,negativos_train_0263.jpg,negativo_aug_00041.jpg,/home/irar/Escritorio/ProyectoTaxiDetector/dataset/negativos/train/negativos_train_0263.jpg,/home/irar/Escritorio/ProyectoTaxiDetector/dataset/negativos/augmented/negativo_aug_00041.jpg
42,negativos_train_0461.jpg,negativo_aug_00042.jpg,/home/irar/Escritorio/ProyectoTaxiDetector/dataset/negativos/train/negativos_train_0461.jpg,/home/irar/Escritorio/ProyectoTaxiDetector/dataset/negativos/augmented/negativo_aug_00042.jpg
43,negativos_train_0009.jpg,negativo_aug_00043.jpg,/home/irar/Escritorio/ProyectoTaxiDetector/dataset/negativos/train/negativos_train_0009.jpg,/home/irar/Escritorio/ProyectoTaxiDetector/dataset/negativos/augmented/negativo_aug_00043.jpg
44,negativos_train_0231.jpg,negativo_aug_00044.jpg,/home/irar/Escritorio/ProyectoTaxiDetector/dataset/negativos/train/negativos_train_0231.jpg,/home/irar/Escritorio/ProyectoTaxiDetector/dataset/negativos/augmented/negativo_aug_00044.jpg
45,negativos_train_0308.jpg,negativo_aug_00045.jpg,/home/irar/Escritorio/ProyectoTaxiDetector/dataset/negativos/train/negativos_train_0308.jpg,/home/irar/Escritorio/ProyectoTaxiDetector/dataset/negativos/augmented/negativo_aug_00045.jpg
46,negativos_train_0016.jpg,negativo_aug_00046.jpg,/home/irar/Escritorio/ProyectoTaxiDetector/dataset/negativos/train/negativos_train_0016.jpg,/home/irar/Escritorio/ProyectoTaxiDetector/dataset/negativos/augmented/negativo_aug_00046.jpg
47,negativos_train_0359.jpg,negativo_aug_00047.jpg,/home/irar/Escritorio/ProyectoTaxiDetector/dataset/negativos/train/negativos_train_0359.jpg,/home/irar/Escritorio/ProyectoTaxiDetector/dataset/negativos/augmented/negativo_aug_00047.jpg
48,negativos_train_0076.jpg,negativo_aug_00048.jpg,/home/irar/Escritorio/ProyectoTaxiDetector/dataset/negativos/train/negativos_train_0076.jpg,/home/irar/Escritorio/ProyectoTaxiDetector/dataset/negativos/augmented/negativo_aug_00048.jpg
49,negativos_train_0455.jpg,negativo_aug_00049.jpg,/home/irar/Escritorio/ProyectoTaxiDetector/dataset/negativos/train/negativos_train_0455.jpg,/home/irar/Escritorio/ProyectoTaxiDetector/dataset/negativos/augmented/negativo_aug_00049.jpg
50,negativos_train_0574.jpg,negativo_aug_00050.jpg,/home/irar/Escritorio/ProyectoTaxiDetector/dataset/negativos/train/negativos_train_0574.jpg,/home/irar/Escritorio/ProyectoTaxiDetector/dataset/negativos/augmented/negativo_aug_00050.jpg
51,negativos_train_0309.jpg,negativo_aug_00051.jpg,/home/irar/Escritorio/ProyectoTaxiDetector/dataset/negativos/train/negativos_train_0309.jpg,/home/irar/Escritorio/ProyectoTaxiDetector/dataset/negativos/augmented/negativo_aug_00051.jpg
52,negativos_train_0119.jpg,negativo_aug_00052.jpg,/home/irar/Escritorio/ProyectoTaxiDetector/dataset/negativos/train/negativos_train_0119.jpg,/home/irar/Escritorio/ProyectoTaxiDetector/dataset/negativos/augmented/negativo_aug_00052.jpg
53,negativos_train_0015.jpg,negativo_aug_00053.jpg,/home/irar/Escritorio/ProyectoTaxiDetector/dataset/negativos/train/negativos_train_0015.jpg,/home/irar/Escritorio/ProyectoTaxiDetector/dataset/negativos/augmented/negativo_aug_00053.jpg
54,negativos_train_0256.jpg,negativo_aug_00054.jpg,/home/irar/Escritorio/ProyectoTaxiDetector/dataset/negativos/train/negativos_train_0256.jpg,/home/irar/Escritorio/ProyectoTaxiDetector/dataset/negativos/augmented/negativo_aug_00054.jpg
55,negativos_train_0541.jpg,negativo_aug_00055.jpg,/home/irar/Escritorio/ProyectoTaxiDetector/dataset/negativos/train/negativos_train_0541.jpg,/home/irar/Escritorio/ProyectoTaxiDetector/dataset/negativos/augmented/negativo_aug_00055.jpg
56,negativos_train_0188.jpg,negativo_aug_00056.jpg,/home/irar/Escritorio/ProyectoTaxiDetector/dataset/negativos/train/negativos_train_0188.jpg,/home/irar/Escritorio/ProyectoTaxiDetector/dataset/negativos/augmented/negativo_aug_00056.jpg
57,negativos_train_0543.jpg,negativo_aug_00057.jpg,/home/irar/Escritorio/ProyectoTaxiDetector/dataset/negativos/train/negativos_train_0543.jpg,/home/irar/Escritorio/ProyectoTaxiDetector/dataset/negativos/augmented/negativo_aug_00057.jpg
58,negativos_train_0573.jpg,negativo_aug_00058.jpg,/home/irar/Escritorio/ProyectoTaxiDetector/dataset/negativos/train/negativos_train_0573.jpg,/home/irar/Escritorio/ProyectoTaxiDetector/dataset/negativos/augmented/negativo_aug_00058.jpg
59,negativos_train_0608.jpg,negativo_aug_00059.jpg,/home/irar/Escritorio/ProyectoTaxiDetector/dataset/negativos/train/negativos_train_0608.jpg,/home/irar/Escritorio/ProyectoTaxiDetector/dataset/negativos/augmented/negativo_aug_00059.jpg
60,negativos_train_0173.jpg,negativo_aug_00060.jpg,/home/irar/Escritorio/ProyectoTaxiDetector/dataset/negativos/train/negativos_train_0173.jpg,/home/irar/Escritorio/ProyectoTaxiDetector/dataset/negativos/augmented/negativo_aug_00060.jpg
61,negativos_train_0259.jpg,negativo_aug_00061.jpg,/home/irar/Escritorio/ProyectoTaxiDetector/dataset/negativos/train/negativos_train_0259.jpg,/home/irar/Escritorio/ProyectoTaxiDetector/dataset/negativos/augmented/negativo_aug_00061.jpg
62,negativos_train_0589.jpg,negativo_aug_00062.jpg,/home/irar/Escritorio/ProyectoTaxiDetector/dataset/negativos/train/negativos_train_0589.jpg,/home/irar/Escritorio/ProyectoTaxiDetector/dataset/negativos/augmented/negativo_aug_00062.jpg
63,negativos_train_0280.jpg,negativo_aug_00063.jpg,/home/irar/Escritorio/ProyectoTaxiDetector/dataset/negativos/train/negativos_train_0280.jpg,/home/irar/Escritorio/ProyectoTaxiDetector/dataset/negativos/augmented/negativo_aug_00063.jpg
64,negativos_train_0255.jpg,negativo_aug_00064.jpg,/home/irar/Escritorio/ProyectoTaxiDetector/dataset/negativos/train/negativos_train_0255.jpg,/home/irar/Escritorio/ProyectoTaxiDetector/dataset/negativos/augmented/negativo_aug_00064.jpg
65,negativos_train_0563.jpg,negativo_aug_00065.jpg,/home/irar/Escritorio/ProyectoTaxiDetector/dataset/negativos/train/negativos_train_0563.jpg,/home/irar/Escritorio/ProyectoTaxiDetector/dataset/negativos/augmented/negativo_aug_00065.jpg
66,negativos_train_0503.jpg,negativo_aug_00066.jpg,/home/irar/Escritorio/ProyectoTaxiDetector/dataset/negativos/train/negativos_train_0503.jpg,/home/irar/Escritorio/ProyectoTaxiDetector/dataset/negativos/augmented/negativo_aug_00066.jpg
67,negativos_train_0187.jpg,negativo_aug_00067.jpg,/home/irar/Escritorio/ProyectoTaxiDetector/dataset/negativos/train/negativos_train_0187.jpg,/home/irar/Escritorio/ProyectoTaxiDetector/dataset/negativos/augmented/negativo_aug_00067.jpg
68,negativos_train_0534.jpg,negativo_aug_00068.jpg,/home/irar/Escritorio/ProyectoTaxiDetector/dataset/negativos/train/negativos_train_0534.jpg,/home/irar/Escritorio/ProyectoTaxiDetector/dataset/negativos/augmented/negativo_aug_00068.jpg
69,negativos_train_0184.jpg,negativo_aug_00069.jpg,/home/irar/Escritorio/ProyectoTaxiDetector/dataset/negativos/train/negativos_train_0184.jpg,/home/irar/Escritorio/ProyectoTaxiDetector/dataset/negativos/augmented/negativo_aug_00069.jpg
70,negativos_train_0120.jpg,negativo_aug_00070.jpg,/home/irar/Escritorio/ProyectoTaxiDetector/dataset/negativos/train/negativos_train_0120.jpg,/home/irar/Escritorio/ProyectoTaxiDetector/dataset/negativos/augmented/negativo_aug_00070.jpg
71,negativos_train_0383.jpg,negativo_aug_00071.jpg,/home/irar/Escritorio/ProyectoTaxiDetector/dataset/negativos/train/negativos_train_0383.jpg,/home/irar/Escritorio/ProyectoTaxiDetector/dataset/negativos/augmented/negativo_aug_00071.jpg
72,negativos_train_0493.jpg,negativo_aug_00072.jpg,/home/irar/Escritorio/ProyectoTaxiDetector/dataset/negativos/train/negativos_train_0493.jpg,/home/irar/Escritorio/ProyectoTaxiDetector/dataset/negativos/augmented/negativo_aug_00072.jpg
73,negativos_train_0210.jpg,negativo_aug_00073.jpg,/home/irar/Escritorio/ProyectoTaxiDetector/dataset/negativos/train/negativos_train_0210.jpg,/home/irar/Escritorio/ProyectoTaxiDetector/dataset/negativos/augmented/negativo_aug_00073.jpg
74,negativos_train_0557.jpg,negativo_aug_00074.jpg,/home/irar/Escritorio/ProyectoTaxiDetector/dataset/negativos/train/negativos_train_0557.jpg,/home/irar/Escritorio/ProyectoTaxiDetector/dataset/negativos/augmented/negativo_aug_00074.jpg
75,negativos_train_0006.jpg,negativo_aug_00075.jpg,/home/irar/Escritorio/ProyectoTaxiDetector/dataset/negativos/train/negativos_train_0006.jpg,/home/irar/Escritorio/ProyectoTaxiDetector/dataset/negativos/augmented/negativo_aug_00075.jpg
76,negativos_train_0417.jpg,negativo_aug_00076.jpg,/home/irar/Escritorio/ProyectoTaxiDetector/dataset/negativos/train/negativos_train_0417.jpg,/home/irar/Escritorio/ProyectoTaxiDetector/dataset/negativos/augmented/negativo_aug_00076.jpg
77,negativos_train_0019.jpg,negativo_aug_00077.jpg,/home/irar/Escritorio/ProyectoTaxiDetector/dataset/negativos/train/negativos_train_0019.jpg,/home/irar/Escritorio/ProyectoTaxiDetector/dataset/negativos/augmented/negativo_aug_00077.jpg
78,negativos_train_0469.jpg,negativo_aug_00078.jpg,/home/irar/Escritorio/ProyectoTaxiDetector/dataset/negativos/train/negativos_train_0469.jpg,/home/irar/Escritorio/ProyectoTaxiDetector/dataset/negativos/augmented/negativo_aug_00078.jpg
79,negativos_train_0228.jpg,negativo_aug_00079.jpg,/home/irar/Escritorio/ProyectoTaxiDetector/dataset/negativos/train/negativos_train_0228.jpg,/home/irar/Escritorio/ProyectoTaxiDetector/dataset/negativos/augmented/negativo_aug_00079.jpg
80,negativos_train_0384.jpg,negativo_aug_00080.jpg,/home/irar/Escritorio/ProyectoTaxiDetector/dataset/negativos/train/negativos_train_0384.jpg,/home/irar/Escritorio/ProyectoTaxiDetector/dataset/negativos/augmented/negativo_aug_00080.jpg
81,negativos_train_0381.jpg,negativo_aug_00081.jpg,/home/irar/Escritorio/ProyectoTaxiDetector/dataset/negativos/train/negativos_train_0381.jpg,/home/irar/Escritorio/ProyectoTaxiDetector/dataset/negativos/augmented/negativo_aug_00081.jpg
82,negativos_train_0219.jpg,negativo_aug_00082.jpg,/home/irar/Escritorio/ProyectoTaxiDetector/dataset/negativos/train/negativos_train_0219.jpg,/home/irar/Escritorio/ProyectoTaxiDetector/dataset/negativos/augmented/negativo_aug_00082.jpg
83,negativos_train_0043.jpg,negativo_aug_00083.jpg,/home/irar/Escritorio/ProyectoTaxiDetector/dataset/negativos/train/negativos_train_0043.jpg,/home/irar/Escritorio/ProyectoTaxiDetector/dataset/negativos/augmented/negativo_aug_00083.jpg
84,negativos_train_0129.jpg,negativo_aug_00084.jpg,/home/irar/Escritorio/ProyectoTaxiDetector/dataset/negativos/train/negativos_train_0129.jpg,/home/irar/Escritorio/ProyectoTaxiDetector/dataset/negativos/augmented/negativo_aug_00084.jpg
85,negativos_train_0612.jpg,negativo_aug_00085.jpg,/home/irar/Escritorio/ProyectoTaxiDetector/dataset/negativos/train/negativos_train_0612.jpg,/home/irar/Escritorio/ProyectoTaxiDetector/dataset/negativos/augmented/negativo_aug_00085.jpg
86,negativos_train_0521.jpg,negativo_aug_00086.jpg,/home/irar/Escritorio/ProyectoTaxiDetector/dataset/negativos/train/negativos_train_0521.jpg,/home/irar/Escritorio/ProyectoTaxiDetector/dataset/negativos/augmented/negativo_aug_00086.jpg
87,negativos_train_0093.jpg,negativo_aug_00087.jpg,/home/irar/Escritorio/ProyectoTaxiDetector/dataset/negativos/train/negativos_train_0093.jpg,/home/irar/Escritorio/ProyectoTaxiDetector/dataset/negativos/augmented/negativo_aug_00087.jpg
88,negativos_train_0191.jpg,negativo_aug_00088.jpg,/home/irar/Escritorio/ProyectoTaxiDetector/dataset/negativos/train/negativos_train_0191.jpg,/home/irar/Escritorio/ProyectoTaxiDetector/dataset/negativos/augmented/negativo_aug_00088.jpg
89,negativos_train_0385.jpg,negativo_aug_00089.jpg,/home/irar/Escritorio/ProyectoTaxiDetector/dataset/negativos/train/negativos_train_0385.jpg,/home/irar/Escritorio/ProyectoTaxiDetector/dataset/negativos/augmented/negativo_aug_00089.jpg
90,negativos_train_0133.jpg,negativo_aug_00090.jpg,/home/irar/Escritorio/ProyectoTaxiDetector/dataset/negativos/train/negativos_train_0133.jpg,/home/irar/Escritorio/ProyectoTaxiDetector/dataset/negativos/augmented/negativo_aug_00090.jpg
91,negativos_train_0022.jpg,negativo_aug_00091.jpg,/home/irar/Escritorio/ProyectoTaxiDetector/dataset/negativos/train/negativos_train_0022.jpg,/home/irar/Escritorio/ProyectoTaxiDetector/dataset/negativos/augmented/negativo_aug_00091.jpg
92,negativos_train_0580.jpg,negativo_aug_00092.jpg,/home/irar/Escritorio/ProyectoTaxiDetector/dataset/negativos/train/negativos_train_0580.jpg,/home/irar/Escritorio/ProyectoTaxiDetector/dataset/negativos/augmented/negativo_aug_00092.jpg
93,negativos_train_0583.jpg,negativo_aug_00093.jpg,/home/irar/Escritorio/ProyectoTaxiDetector/dataset/negativos/train/negativos_train_0583.jpg,/home/irar/Escritorio/ProyectoTaxiDetector/dataset/negativos/augmented/negativo_aug_00093.jpg
94,negativos_train_0332.jpg,negativo_aug_00094.jpg,/home/irar/Escritorio/ProyectoTaxiDetector/dataset/negativos/train/negativos_train_0332.jpg,/home/irar/Escritorio/ProyectoTaxiDetector/dataset/negativos/augmented/negativo_aug_00094.jpg
95,negativos_train_0117.jpg,negativo_aug_00095.jpg,/home/irar/Escritorio/ProyectoTaxiDetector/dataset/negativos/train/negativos_train_0117.jpg,/home/irar/Escritorio/ProyectoTaxiDetector/dataset/negativos/augmented/negativo_aug_00095.jpg
96,negativos_train_0097.jpg,negativo_aug_00096.jpg,/home/irar/Escritorio/ProyectoTaxiDetector/dataset/negativos/train/negativos_train_0097.jpg,/home/irar/Escritorio/ProyectoTaxiDetector/dataset/negativos/augmented/negativo_aug_00096.jpg
97,negativos_train_0355.jpg,negativo_aug_00097.jpg,/home/irar/Escritorio/ProyectoTaxiDetector/dataset/negativos/train/negativos_train_0355.jpg,/home/irar/Escritorio/ProyectoTaxiDetector/dataset/negativos/augmented/negativo_aug_00097.jpg
98,negativos_train_0407.jpg,negativo_aug_00098.jpg,/home/irar/Escritorio/ProyectoTaxiDetector/dataset/negativos/train/negativos_train_0407.jpg,/home/irar/Escritorio/ProyectoTaxiDetector/dataset/negativos/augmented/negativo_aug_00098.jpg
99,negativos_train_0477.jpg,negativo_aug_00099.jpg,/home/irar/Escritorio/ProyectoTaxiDetector/dataset/negativos/train/negativos_train_0477.jpg,/home/irar/Escritorio/ProyectoTaxiDetector/dataset/negativos/augmented/negativo_aug_00099.jpg
100,negativos_train_0084.jpg,negativo_aug_00100.jpg,/home/irar/Escritorio/ProyectoTaxiDetector/dataset/negativos/train/negativos_train_0084.jpg,/home/irar/Escritorio/ProyectoTaxiDetector/dataset/negativos/augmented/negativo_aug_00100.jpg
101,negativos_train_0078.jpg,negativo_aug_00101.jpg,/home/irar/Escritorio/ProyectoTaxiDetector/dataset/negativos/train/negativos_train_0078.jpg,/home/irar/Escritorio/ProyectoTaxiDetector/dataset/negativos/augmented/negativo_aug_00101.jpg
102,negativos_train_0075.jpg,negativo_aug_00102.jpg,/home/irar/Escritorio/ProyectoTaxiDetector/dataset/negativos/train/negativos_train_0075.jpg,/home/irar/Escritorio/ProyectoTaxiDetector/dataset/negativos/augmented/negativo_aug_00102.jpg
103,negativos_train_0101.jpg,negativo_aug_00103.jpg,/home/irar/Escritorio/ProyectoTaxiDetector/dataset/negativos/train/negativos_train_0101.jpg,/home/irar/Escritorio/ProyectoTaxiDetector/dataset/negativos/augmented/negativo_aug_00103.jpg
104,negativos_train_0607.jpg,negativo_aug_00104.jpg,/home/irar/Escritorio/ProyectoTaxiDetector/dataset/negativos/train/negativos_train_0607.jpg,/home/irar/Escritorio/ProyectoTaxiDetector/dataset/negativos/augmented/negativo_aug_00104.jpg
105,negativos_train_0435.jpg,negativo_aug_00105.jpg,/home/irar/Escritorio/ProyectoTaxiDetector/dataset/negativos/train/negativos_train_0435.jpg,/home/irar/Escritorio/ProyectoTaxiDetector/dataset/negativos/augmented/negativo_aug_00105.jpg
106,negativos_train_0408.jpg,negativo_aug_00106.jpg,/home/irar/Escritorio/ProyectoTaxiDetector/dataset/negativos/train/negativos_train_0408.jpg,/home/irar/Escritorio/ProyectoTaxiDetector/dataset/negativos/augmented/negativo_aug_00106.jpg
107,negativos_train_0141.jpg,negativo_aug_00107.jpg,/home/irar/Escritorio/ProyectoTaxiDetector/dataset/negativos/train/negativos_train_0141.jpg,/home/irar/Escritorio/ProyectoTaxiDetector/dataset/negativos/augmented/negativo_aug_00107.jpg
108,negativos_train_0616.jpg,negativo_aug_00108.jpg,/home/irar/Escritorio/ProyectoTaxiDetector/dataset/negativos/train/negativos_train_0616.jpg,/home/irar/Escritorio/ProyectoTaxiDetector/dataset/negativos/augmented/negativo_aug_00108.jpg
109,negativos_train_0107.jpg,negativo_aug_00109.jpg,/home/irar/Escritorio/ProyectoTaxiDetector/dataset/negativos/train/negativos_train_0107.jpg,/home/irar/Escritorio/ProyectoTaxiDetector/dataset/negativos/augmented/negativo_aug_00109.jpg
110,negativos_train_0294.jpg,negativo_aug_00110.jpg,/home/irar/Escritorio/ProyectoTaxiDetector/dataset/negativos/train/negativos_train_0294.jpg,/home/irar/Escritorio/ProyectoTaxiDetector/dataset/negativos/augmented/negativo_aug_00110.jpg
111,negativos_train_0254.jpg,negativo_aug_00111.jpg,/home/irar/Escritorio/ProyectoTaxiDetector/dataset/negativos/train/negativos_train_0254.jpg,/home/irar/Escritorio/ProyectoTaxiDetector/dataset/negativos/augmented/negativo_aug_00111.jpg
112,negativos_train_0495.jpg,negativo_aug_00112.jpg,/home/irar/Escritorio/ProyectoTaxiDetector/dataset/negativos/train/negativos_train_0495.jpg,/home/irar/Escritorio/ProyectoTaxiDetector/dataset/negativos/augmented/negativo_aug_00112.jpg
113,negativos_train_0073.jpg,negativo_aug_00113.jpg,/home/irar/Escritorio/ProyectoTaxiDetector/dataset/negativos/train/negativos_train_0073.jpg,/home/irar/Escritorio/ProyectoTaxiDetector/dataset/negativos/augmented/negativo_aug_00113.jpg
114,negativos_train_0208.jpg,negativo_aug_00114.jpg,/home/irar/Escritorio/ProyectoTaxiDetector/dataset/negativos/train/negativos_train_0208.jpg,/home/irar/Escritorio/ProyectoTaxiDetector/dataset/negativos/augmented/negativo_aug_00114.jpg
115,negativos_train_0023.jpg,negativo_aug_00115.jpg,/home/irar/Escritorio/ProyectoTaxiDetector/dataset/negativos/train/negativos_train_0023.jpg,/home/irar/Escritorio/ProyectoTaxiDetector/dataset/negativos/augmented/negativo_aug_00115.jpg
116,negativos_train_0315.jpg,negativo_aug_00116.jpg,/home/irar/Escritorio/ProyectoTaxiDetector/dataset/negativos/train/negativos_train_0315.jpg,/home/irar/Escritorio/ProyectoTaxiDetector/dataset/negativos/augmented/negativo_aug_00116.jpg
117,negativos_train_0087.jpg,negativo_aug_00117.jpg,/home/irar/Escritorio/ProyectoTaxiDetector/dataset/negativos/train/negativos_train_0087.jpg,/home/irar/Escritorio/ProyectoTaxiDetector/dataset/negativos/augmented/negativo_aug_00117.jpg
118,negativos_train_0202.jpg,negativo_aug_00118.jpg,/home/irar/Escritorio/ProyectoTaxiDetector/dataset/negativos/train/negativos_train_0202.jpg,/home/irar/Escritorio/ProyectoTaxiDetector/dataset/negativos/augmented/negativo_aug_00118.jpg
119,negativos_train_0336.jpg,negativo_aug_00119.jpg,/home/irar/Escritorio/ProyectoTaxiDetector/dataset/negativos/train/negativos_train_0336.jpg,/home/irar/Escritorio/ProyectoTaxiDetector/dataset/negativos/augmented/negativo_aug_00119.jpg
120,negativos_train_0350.jpg,negativo_aug_00120.jpg,/home/irar/Escritorio/ProyectoTaxiDetector/dataset/negativos/train/negativos_train_0350.jpg,/home/irar/Escritorio/ProyectoTaxiDetector/dataset/negativos/augmented/negativo_aug_00120.jpg
121,negativos_train_0025.jpg,negativo_aug_00121.jpg,/home/irar/Escritorio/ProyectoTaxiDetector/dataset/negativos/train/negativos_train_0025.jpg,/home/irar/Escritorio/ProyectoTaxiDetector/dataset/negativos/augmented/negativo_aug_00121.jpg
122,negativos_train_0410.jpg,negativo_aug_00122.jpg,/home/irar/Escritorio/ProyectoTaxiDetector/dataset/negativos/train/negativos_train_0410.jpg,/home/irar/Escritorio/ProyectoTaxiDetector/dataset/negativos/augmented/negativo_aug_00122.jpg
123,negativos_train_0464.jpg,negativo_aug_00123.jpg,/home/irar/Escritorio/ProyectoTaxiDetector/dataset/negativos/train/negativos_train_0464.jpg,/home/irar/Escritorio/ProyectoTaxiDetector/dataset/negativos/augmented/negativo_aug_00123.jpg
124,negativos_train_0544.jpg,negativo_aug_00124.jpg,/home/irar/Escritorio/ProyectoTaxiDetector/dataset/negativos/train/negativos_train_0544.jpg,/home/irar/Escritorio/ProyectoTaxiDetector/dataset/negativos/augmented/negativo_aug_00124.jpg
125,negativos_train_0238.jpg,negativo_aug_00125.jpg,/home/irar/Escritorio/ProyectoTaxiDetector/dataset/negativos/train/negativos_train_0238.jpg,/home/irar/Escritorio/ProyectoTaxiDetector/dataset/negativos/augmented/negativo_aug_00125.jpg
126,negativos_train_0178.jpg,negativo_aug_00126.jpg,/home/irar/Escritorio/ProyectoTaxiDetector/dataset/negativos/train/negativos_train_0178.jpg,/home/irar/Escritorio/ProyectoTaxiDetector/dataset/negativos/augmented/negativo_aug_00126.jpg
127,negativos_train_0196.jpg,negativo_aug_00127.jpg,/home/irar/Escritorio/ProyectoTaxiDetector/dataset/negativos/train/negativos_train_0196.jpg,/home/irar/Escritorio/ProyectoTaxiDetector/dataset/negativos/augmented/negativo_aug_00127.jpg
128,negativos_train_0201.jpg,negativo_aug_00128.jpg,/home/irar/Escritorio/ProyectoTaxiDetector/dataset/negativos/train/negativos_train_0201.jpg,/home/irar/Escritorio/ProyectoTaxiDetector/dataset/negativos/augmented/negativo_aug_00128.jpg
129,negativos_train_0262.jpg,negativo_aug_00129.jpg,/home/irar/Escritorio/ProyectoTaxiDetector/dataset/negativos/train/negativos_train_0262.jpg,/home/irar/Escritorio/ProyectoTaxiDetector/dataset/negativos/augmented/negativo_aug_00129.jpg
130,negativos_train_0077.jpg,negativo_aug_00130.jpg,/home/irar/Escritorio/ProyectoTaxiDetector/dataset/negativos/train/negativos_train_0077.jpg,/home/irar/Escritorio/ProyectoTaxiDetector/dataset/negativos/augmented/negativo_aug_00130.jpg
131,negativos_train_0327.jpg,negativo_aug_00131.jpg,/home/irar/Escritorio/ProyectoTaxiDetector/dataset/negativos/train/negativos_train_0327.jpg,/home/irar/Escritorio/ProyectoTaxiDetector/dataset/negativos/augmented/negativo_aug_00131.jpg
132,negativos_train_0536.jpg,negativo_aug_00132.jpg,/home/irar/Escritorio/ProyectoTaxiDetector/dataset/negativos/train/negativos_train_0536.jpg,/home/irar/Escritorio/ProyectoTaxiDetector/dataset/negativos/augmented/negativo_aug_00132.jpg
133,negativos_train_0436.jpg,negativo_aug_00133.jpg,/home/irar/Escritorio/ProyectoTaxiDetector/dataset/negativos/train/negativos_train_0436.jpg,/home/irar/Escritorio/ProyectoTaxiDetector/dataset/negativos/augmented/negativo_aug_00133.jpg
134,negativos_train_0476.jpg,negativo_aug_00134.jpg,/home/irar/Escritorio/ProyectoTaxiDetector/dataset/negativos/train/negativos_train_0476.jpg,/home/irar/Escritorio/ProyectoTaxiDetector/dataset/negativos/augmented/negativo_aug_00134.jpg
135,negativos_train_0567.jpg,negativo_aug_00135.jpg,/home/irar/Escritorio/ProyectoTaxiDetector/dataset/negativos/train/negativos_train_0567.jpg,/home/irar/Escritorio/ProyectoTaxiDetector/dataset/negativos/augmented/negativo_aug_00135.jpg
136,negativos_train_0322.jpg,negativo_aug_00136.jpg,/home/irar/Escritorio/ProyectoTaxiDetector/dataset/negativos/train/negativos_train_0322.jpg,/home/irar/Escritorio/ProyectoTaxiDetector/dataset/negativos/augmented/negativo_aug_00136.jpg
137,negativos_train_0358.jpg,negativo_aug_00137.jpg,/home/irar/Escritorio/ProyectoTaxiDetector/dataset/negativos/train/negativos_train_0358.jpg,/home/irar/Escritorio/ProyectoTaxiDetector/dataset/negativos/augmented/negativo_aug_00137.jpg
138,negativos_train_0295.jpg,negativo_aug_00138.jpg,/home/irar/Escritorio/ProyectoTaxiDetector/dataset/negativos/train/negativos_train_0295.jpg,/home/irar/Escritorio/ProyectoTaxiDetector/dataset/negativos/augmented/negativo_aug_00138.jpg
139,negativos_train_0306.jpg,negativo_aug_00139.jpg,/home/irar/Escritorio/ProyectoTaxiDetector/dataset/negativos/train/negativos_train_0306.jpg,/home/irar/Escritorio/ProyectoTaxiDetector/dataset/negativos/augmented/negativo_aug_00139.jpg
140,negativos_train_0242.jpg,negativo_aug_00140.jpg,/home/irar/Escritorio/ProyectoTaxiDetector/dataset/negativos/train/negativos_train_0242.jpg,/home/irar/Escritorio/ProyectoTaxiDetector/dataset/negativos/augmented/negativo_aug_00140.jpg
141,negativos_train_0148.jpg,negativo_aug_00141.jpg,/home/irar/Escritorio/ProyectoTaxiDetector/dataset/negativos/train/negativos_train_0148.jpg,/home/irar/Escritorio/ProyectoTaxiDetector/dataset/negativos/augmented/negativo_aug_00141.jpg
142,negativos_train_0394.jpg,negativo_aug_00142.jpg,/home/irar/Escritorio/ProyectoTaxiDetector/dataset/negativos/train/negativos_train_0394.jpg,/home/irar/Escritorio/ProyectoTaxiDetector/dataset/negativos/augmented/negativo_aug_00142.jpg
143,negativos_train_0452.jpg,negativo_aug_00143.jpg,/home/irar/Escritorio/ProyectoTaxiDetector/dataset/negativos/train/negativos_train_0452.jpg,/home/irar/Escritorio/ProyectoTaxiDetector/dataset/negativos/augmented/negativo_aug_00143.jpg
144,negativos_train_0485.jpg,negativo_aug_00144.jpg,/home/irar/Escritorio/ProyectoTaxiDetector/dataset/negativos/train/negativos_train_0485.jpg,/home/irar/Escritorio/ProyectoTaxiDetector/dataset/negativos/augmented/negativo_aug_00144.jpg
145,negativos_train_0482.jpg,negativo_aug_00145.jpg,/home/irar/Escritorio/ProyectoTaxiDetector/dataset/negativos/train/negativos_train_0482.jpg,/home/irar/Escritorio/ProyectoTaxiDetector/dataset/negativos/augmented/negativo_aug_00145.jpg
146,negativos_train_0497.jpg,negativo_aug_00146.jpg,/home/irar/Escritorio/ProyectoTaxiDetector/dataset/negativos/train/negativos_train_0497.jpg,/home/irar/Escritorio/ProyectoTaxiDetector/dataset/negativos/augmented/negativo_aug_00146.jpg
147,negativos_train_0348.jpg,negativo_aug_00147.jpg,/home/irar/Escritorio/ProyectoTaxiDetector/dataset/negativos/train/negativos_train_0348.jpg,/home/irar/Escritorio/ProyectoTaxiDetector/dataset/negativos/augmented/negativo_aug_00147.jpg
148,negativos_train_0151.jpg,negativo_aug_00148.jpg,/home/irar/Escritorio/ProyectoTaxiDetector/dataset/negativos/train/negativos_train_0151.jpg,/home/irar/Escritorio/ProyectoTaxiDetector/dataset/negativos/augmented/negativo_aug_00148.jpg
149,negativos_train_0320.jpg,negativo_aug_00149.jpg,/home/irar/Escritorio/ProyectoTaxiDetector/dataset/negativos/train/negativos_train_0320.jpg,/home/irar/Escritorio/ProyectoTaxiDetector/dataset/negativos/augmented/negativo_aug_00149.jpg
150,negativos_train_0089.jpg,negativo_aug_00150.jpg,/home/irar/Escritorio/ProyectoTaxiDetector/dataset/negativos/train/negativos_train_0089.jpg,/home/irar/Escritorio/ProyectoTaxiDetector/dataset/negativos/augmented/negativo_aug_00150.jpg
151,negativos_train_0379.jpg,negativo_aug_00151.jpg,/home/irar/Escritorio/ProyectoTaxiDetector/dataset/negativos/train/negativos_train_0379.jpg,/home/irar/Escritorio/ProyectoTaxiDetector/dataset/negativos/augmented/negativo_aug_00151.jpg
152,negativos_train_0183.jpg,negativo_aug_00152.jpg,/home/irar/Escritorio/ProyectoTaxiDetector/dataset/negativos/train/negativos_train_0183.jpg,/home/irar/Escritorio/ProyectoTaxiDetector/dataset/negativos/augmented/negativo_aug_00152.jpg
153,negativos_train_0252.jpg,negativo_aug_00153.jpg,/home/irar/Escritorio/ProyectoTaxiDetector/dataset/negativos/train/negativos_train_0252.jpg,/home/irar/Escritorio/ProyectoTaxiDetector/dataset/negativos/augmented/negativo_aug_00153.jpg
154,negativos_train_0415.jpg,negativo_aug_00154.jpg,/home/irar/Escritorio/ProyectoTaxiDetector/dataset/negativos/train/negativos_train_0415.jpg,/home/irar/Escritorio/ProyectoTaxiDetector/dataset/negativos/augmented/negativo_aug_00154.jpg
155,negativos_train_0149.jpg,negativo_aug_00155.jpg,/home/irar/Escritorio/ProyectoTaxiDetector/dataset/negativos/train/negativos_train_0149.jpg,/home/irar/Escritorio/ProyectoTaxiDetector/dataset/negativos/augmented/negativo_aug_00155.jpg
156,negativos_train_0199.jpg,negativo_aug_00156.jpg,/home/irar/Escritorio/ProyectoTaxiDetector/dataset/negativos/train/negativos_train_0199.jpg,/home/irar/Escritorio/ProyectoTaxiDetector/dataset/negativos/augmented/negativo_aug_00156.jpg
157,negativos_train_0067.jpg,negativo_aug_00157.jpg,/home/irar/Escritorio/ProyectoTaxiDetector/dataset/negativos/train/negativos_train_0067.jpg,/home/irar/Escritorio/ProyectoTaxiDetector/dataset/negativos/augmented/negativo_aug_00157.jpg
158,negativos_train_0318.jpg,negativo_aug_00158.jpg,/home/irar/Escritorio/ProyectoTaxiDetector/dataset/negativos/train/negativos_train_0318.jpg,/home/irar/Escritorio/ProyectoTaxiDetector/dataset/negativos/augmented/negativo_aug_00158.jpg
159,negativos_train_0535.jpg,negativo_aug_00159.jpg,/home/irar/Escritorio/ProyectoTaxiDetector/dataset/negativos/train/negativos_train_0535.jpg,/home/irar/Escritorio/ProyectoTaxiDetector/dataset/negativos/augmented/negativo_aug_00159.jpg
160,negativos_train_0610.jpg,negativo_aug_00160.jpg,/home/irar/Escritorio/ProyectoTaxiDetector/dataset/negativos/train/negativos_train_0610.jpg,/home/irar/Escritorio/ProyectoTaxiDetector/dataset/negativos/augmented/negativo_aug_00160.jpg
161,negativos_train_0138.jpg,negativo_aug_00161.jpg,/home/irar/Escritorio/ProyectoTaxiDetector/dataset/negativos/train/negativos_train_0138.jpg,/home/irar/Escritorio/ProyectoTaxiDetector/dataset/negativos/augmented/negativo_aug_00161.jpg
162,negativos_train_0346.jpg,negativo_aug_00162.jpg,/home/irar/Escritorio/ProyectoTaxiDetector/dataset/negativos/train/negativos_train_0346.jpg,/home/irar/Escritorio/ProyectoTaxiDetector/dataset/negativos/augmented/negativo_aug_00162.jpg
163,negativos_train_0131.jpg,negativo_aug_00163.jpg,/home/irar/Escritorio/ProyectoTaxiDetector/dataset/negativos/train/negativos_train_0131.jpg,/home/irar/Escritorio/ProyectoTaxiDetector/dataset/negativos/augmented/negativo_aug_00163.jpg
164,negativos_train_0494.jpg,negativo_aug_00164.jpg,/home/irar/Escritorio/ProyectoTaxiDetector/dataset/negativos/train/negativos_train_0494.jpg,/home/irar/Escritorio/ProyectoTaxiDetector/dataset/negativos/augmented/negativo_aug_00164.jpg
165,negativos_train_0568.jpg,negativo_aug_00165.jpg,/home/irar/Escritorio/ProyectoTaxiDetector/dataset/negativos/train/negativos_train_0568.jpg,/home/irar/Escritorio/ProyectoTaxiDetector/dataset/negativos/augmented/negativo_aug_00165.jpg
166,negativos_train_0018.jpg,negativo_aug_00166.jpg,/home/irar/Escritorio/ProyectoTaxiDetector/dataset/negativos/train/negativos_train_0018.jpg,/home/irar/Escritorio/ProyectoTaxiDetector/dataset/negativos/augmented/negativo_aug_00166.jpg
167,negativos_train_0367.jpg,negativo_aug_00167.jpg,/home/irar/Escritorio/ProyectoTaxiDetector/dataset/negativos/train/negativos_train_0367.jpg,/home/irar/Escritorio/ProyectoTaxiDetector/dataset/negativos/augmented/negativo_aug_00167.jpg
168,negativos_train_0434.jpg,negativo_aug_00168.jpg,/home/irar/Escritorio/ProyectoTaxiDetector/dataset/negativos/train/negativos_train_0434.jpg,/home/irar/Escritorio/ProyectoTaxiDetector/dataset/negativos/augmented/negativo_aug_00168.jpg
169,negativos_train_0438.jpg,negativo_aug_00169.jpg,/home/irar/Escritorio/ProyectoTaxiDetector/dataset/negativos/train/negativos_train_0438.jpg,/home/irar/Escritorio/ProyectoTaxiDetector/dataset/negativos/augmented/negativo_aug_00169.jpg
170,negativos_train_0456.jpg,negativo_aug_00170.jpg,/home/irar/Escritorio/ProyectoTaxiDetector/dataset/negativos/train/negativos_train_0456.jpg,/home/irar/Escritorio/ProyectoTaxiDetector/dataset/negativos/augmented/negativo_aug_00170.jpg
171,negativos_train_0169.jpg,negativo_aug_00171.jpg,/home/irar/Escritorio/ProyectoTaxiDetector/dataset/negativos/train/negativos_train_0169.jpg,/home/irar/Escritorio/ProyectoTaxiDetector/dataset/negativos/augmented/negativo_aug_00171.jpg
172,negativos_train_0193.jpg,negativo_aug_00172.jpg,/home/irar/Escritorio/ProyectoTaxiDetector/dataset/negativos/train/negativos_train_0193.jpg,/home/irar/Escritorio/ProyectoTaxiDetector/dataset/negativos/augmented/negativo_aug_00172.jpg
173,negativos_train_0481.jpg,negativo_aug_00173.jpg,/home/irar/Escritorio/ProyectoTaxiDetector/dataset/negativos/train/negativos_train_0481.jpg,/home/irar/Escritorio/ProyectoTaxiDetector/dataset/negativos/augmented/negativo_aug_00173.jpg
174,negativos_train_0059.jpg,negativo_aug_00174.jpg,/home/irar/Escritorio/ProyectoTaxiDetector/dataset/negativos/train/negativos_train_0059.jpg,/home/irar/Escritorio/ProyectoTaxiDetector/dataset/negativos/augmented/negativo_aug_00174.jpg
175,negativos_train_0222.jpg,negativo_aug_00175.jpg,/home/irar/Escritorio/ProyectoTaxiDetector/dataset/negativos/train/negativos_train_0222.jpg,/home/irar/Escritorio/ProyectoTaxiDetector/dataset/negativos/augmented/negativo_aug_00175.jpg
176,negativos_train_0622.jpg,negativo_aug_00176.jpg,/home/irar/Escritorio/ProyectoTaxiDetector/dataset/negativos/train/negativos_train_0622.jpg,/home/irar/Escritorio/ProyectoTaxiDetector/dataset/negativos/augmented/negativo_aug_00176.jpg
177,negativos_train_0412.jpg,negativo_aug_00177.jpg,/home/irar/Escritorio/ProyectoTaxiDetector/dataset/negativos/train/negativos_train_0412.jpg,/home/irar/Escritorio/ProyectoTaxiDetector/dataset/negativos/augmented/negativo_aug_00177.jpg
178,negativos_train_0421.jpg,negativo_aug_00178.jpg,/home/irar/Escritorio/ProyectoTaxiDetector/dataset/negativos/train/negativos_train_0421.jpg,/home/irar/Escritorio/ProyectoTaxiDetector/dataset/negativos/augmented/negativo_aug_00178.jpg
179,negativos_train_0057.jpg,negativo_aug_00179.jpg,/home/irar/Escritorio/ProyectoTaxiDetector/dataset/negativos/train/negativos_train_0057.jpg,/home/irar/Escritorio/ProyectoTaxiDetector/dataset/negativos/augmented/negativo_aug_00179.jpg
180,negativos_train_0445.jpg,negativo_aug_00180.jpg,/home/irar/Escritorio/ProyectoTaxiDetector/dataset/negativos/train/negativos_train_0445.jpg,/home/irar/Escritorio/ProyectoTaxiDetector/dataset/negativos/augmented/negativo_aug_00180.jpg
181,negativos_train_0511.jpg,negativo_aug_00181.jpg,/home/irar/Escritorio/ProyectoTaxiDetector/dataset/negativos/train/negativos_train_0511.jpg,/home/irar/Escritorio/ProyectoTaxiDetector/dataset/negativos/augmented/negativo_aug_00181.jpg
182,negativos_train_0523.jpg,negativo_aug_00182.jpg,/home/irar/Escritorio/ProyectoTaxiDetector/dataset/negativos/train/negativos_train_0523.jpg,/home/irar/Escritorio/ProyectoTaxiDetector/dataset/negativos/augmented/negativo_aug_00182.jpg
183,negativos_train_0382.jpg,negativo_aug_00183.jpg,/home/irar/Escritorio/ProyectoTaxiDetector/dataset/negativos/train/negativos_train_0382.jpg,/home/irar/Escritorio/ProyectoTaxiDetector/dataset/negativos/augmented/negativo_aug_00183.jpg
184,negativos_train_0180.jpg,negativo_aug_00184.jpg,/home/irar/Escritorio/ProyectoTaxiDetector/dataset/negativos/train/negativos_train_0180.jpg,/home/irar/Escritorio/ProyectoTaxiDetector/dataset/negativos/augmented/negativo_aug_00184.jpg
185,negativos_train_0462.jpg,negativo_aug_00185.jpg,/home/irar/Escritorio/ProyectoTaxiDetector/dataset/negativos/train/negativos_train_0462.jpg,/home/irar/Escritorio/ProyectoTaxiDetector/dataset/negativos/augmented/negativo_aug_00185.jpg
186,negativos_train_0266.jpg,negativo_aug_00186.jpg,/home/irar/Escritorio/ProyectoTaxiDetector/dataset/negativos/train/negativos_train_0266.jpg,/home/irar/Escritorio/ProyectoTaxiDetector/dataset/negativos/augmented/negativo_aug_00186.jpg
187,negativos_train_0310.jpg,negativo_aug_00187.jpg,/home/irar/Escritorio/ProyectoTaxiDetector/dataset/negativos/train/negativos_train_0310.jpg,/home/irar/Escritorio/ProyectoTaxiDetector/dataset/negativos/augmented/negativo_aug_00187.jpg
188,negativos_train_0172.jpg,negativo_aug_00188.jpg,/home/irar/Escritorio/ProyectoTaxiDetector/dataset/negativos/train/negativos_train_0172.jpg,/home/irar/Escritorio/ProyectoTaxiDetector/dataset/negativos/augmented/negativo_aug_00188.jpg
189,negativos_train_0194.jpg,negativo_aug_00189.jpg,/home/irar/Escritorio/ProyectoTaxiDetector/dataset/negativos/train/negativos_train_0194.jpg,/home/irar/Escritorio/ProyectoTaxiDetector/dataset/negativos/augmented/negativo_aug_00189.jpg
190,negativos_train_0241.jpg,negativo_aug_00190.jpg,/home/irar/Escritorio/ProyectoTaxiDetector/dataset/negativos/train/negativos_train_0241.jpg,/home/irar/Escritorio/ProyectoTaxiDetector/dataset/negativos/augmented/negativo_aug_00190.jpg
191,negativos_train_0189.jpg,negativo_aug_00191.jpg,/home/irar/Escritorio/ProyectoTaxiDetector/dataset/negativos/train/negativos_train_0189.jpg,/home/irar/Escritorio/ProyectoTaxiDetector/dataset/negativos/augmented/negativo_aug_00191.jpg
192,negativos_train_0404.jpg,negativo_aug_00192.jpg,/home/irar/Escritorio/ProyectoTaxiDetector/dataset/negativos/train/negativos_train_0404.jpg,/home/irar/Escritorio/ProyectoTaxiDetector/dataset/negativos/augmented/negativo_aug_00192.jpg
193,negativos_train_0606.jpg,negativo_aug_00193.jpg,/home/irar/Escritorio/ProyectoTaxiDetector/dataset/negativos/train/negativos_train_0606.jpg,/home/irar/Escritorio/ProyectoTaxiDetector/dataset/negativos/augmented/negativo_aug_00193.jpg
194,negativos_train_0106.jpg,negativo_aug_00194.jpg,/home/irar/Escritorio/ProyectoTaxiDetector/dataset/negativos/train/negativos_train_0106.jpg,/home/irar/Escritorio/ProyectoTaxiDetector/dataset/negativos/augmented/negativo_aug_00194.jpg
195,negativos_train_0046.jpg,negativo_aug_00195.jpg,/home/irar/Escritorio/ProyectoTaxiDetector/dataset/negativos/train/negativos_train_0046.jpg,/home/irar/Escritorio/ProyectoTaxiDetector/dataset/negativos/augmented/negativo_aug_00195.jpg
196,negativos_train_0236.jpg,negativo_aug_00196.jpg,/home/irar/Escritorio/ProyectoTaxiDetector/dataset/negativos/train/negativos_train_0236.jpg,/home/irar/Escritorio/ProyectoTaxiDetector/dataset/negativos/augmented/negativo_aug_00196.jpg
197,negativos_train_0061.jpg,negativo_aug_00197.jpg,/home/irar/Escritorio/ProyectoTaxiDetector/dataset/negativos/train/negativos_train_0061.jpg,/home/irar/Escritorio/ProyectoTaxiDetector/dataset/negativos/augmented/negativo_aug_00197.jpg
198,negativos_train_0040.jpg,negativo_aug_00198.jpg,/home/irar/Escritorio/ProyectoTaxiDetector/dataset/negativos/train/negativos_train_0040.jpg,/home/irar/Escritorio/ProyectoTaxiDetector/dataset/negativos/augmented/negativo_aug_00198.jpg
199,negativos_train_0432.jpg,negativo_aug_00199.jpg,/home/irar/Escritorio/ProyectoTaxiDetector/dataset/negativos/train/negativos_train_0432.jpg,/home/irar/Escritorio/ProyectoTaxiDetector/dataset/negativos/augmented/negativo_aug_00199.jpg
200,negativos_train_0159.jpg,negativo_aug_00200.jpg,/home/irar/Escritorio/ProyectoTaxiDetector/dataset/negativos/train/negativos_train_0159.jpg,/home/irar/Escritorio/ProyectoTaxiDetector/dataset/negativos/augmented/negativo_aug_00200.jpg
201,negativos_train_0501.jpg,negativo_aug_00201.jpg,/home/irar/Escritorio/ProyectoTaxiDetector/dataset/negativos/train/negativos_train_0501.jpg,/home/irar/Escritorio/ProyectoTaxiDetector/dataset/negativos/augmented/negativo_aug_00201.jpg
202,negativos_train_0592.jpg,negativo_aug_00202.jpg,/home/irar/Escritorio/ProyectoTaxiDetector/dataset/negativos/train/negativos_train_0592.jpg,/home/irar/Escritorio/ProyectoTaxiDetector/dataset/negativos/augmented/negativo_aug_00202.jpg
203,negativos_train_0341.jpg,negativo_aug_00203.jpg,/home/irar/Escritorio/ProyectoTaxiDetector/dataset/negativos/train/negativos_train_0341.jpg,/home/irar/Escritorio/ProyectoTaxiDetector/dataset/negativos/augmented/negativo_aug_00203.jpg
204,negativos_train_0091.jpg,negativo_aug_00204.jpg,/home/irar/Escritorio/ProyectoTaxiDetector/dataset/negativos/train/negativos_train_0091.jpg,/home/irar/Escritorio/ProyectoTaxiDetector/dataset/negativos/augmented/negativo_aug_00204.jpg
205,negativos_train_0027.jpg,negativo_aug_00205.jpg,/home/irar/Escritorio/ProyectoTaxiDetector/dataset/negativos/train/negativos_train_0027.jpg,/home/irar/Escritorio/ProyectoTaxiDetector/dataset/negativos/augmented/negativo_aug_00205.jpg
206,negativos_train_0171.jpg,negativo_aug_00206.jpg,/home/irar/Escritorio/ProyectoTaxiDetector/dataset/negativos/train/negativos_train_0171.jpg,/home/irar/Escritorio/ProyectoTaxiDetector/dataset/negativos/augmented/negativo_aug_00206.jpg
207,negativos_train_0064.jpg,negativo_aug_00207.jpg,/home/irar/Escritorio/ProyectoTaxiDetector/dataset/negativos/train/negativos_train_0064.jpg,/home/irar/Escritorio/ProyectoTaxiDetector/dataset/negativos/augmented/negativo_aug_00207.jpg
208,negativos_train_0175.jpg,negativo_aug_00208.jpg,/home/irar/Escritorio/ProyectoTaxiDetector/dataset/negativos/train/negativos_train_0175.jpg,/home/irar/Escritorio/ProyectoTaxiDetector/dataset/negativos/augmented/negativo_aug_00208.jpg
209,negativos_train_0267.jpg,negativo_aug_00209.jpg,/home/irar/Escritorio/ProyectoTaxiDetector/dataset/negativos/train/negativos_train_0267.jpg,/home/irar/Escritorio/ProyectoTaxiDetector/dataset/negativos/augmented/negativo_aug_00209.jpg
210,negativos_train_0499.jpg,negativo_aug_00210.jpg,/home/irar/Escritorio/ProyectoTaxiDetector/dataset/negativos/train/negativos_train_0499.jpg,/home/irar/Escritorio/ProyectoTaxiDetector/dataset/negativos/augmented/negativo_aug_00210.jpg
211,negativos_train_0419.jpg,negativo_aug_00211.jpg,/home/irar/Escritorio/ProyectoTaxiDetector/dataset/negativos/train/negativos_train_0419.jpg,/home/irar/Escritorio/ProyectoTaxiDetector/dataset/negativos/augmented/negativo_aug_00211.jpg
212,negativos_train_0611.jpg,negativo_aug_00212.jpg,/home/irar/Escritorio/ProyectoTaxiDetector/dataset/negativos/train/negativos_train_0611.jpg,/home/irar/Escritorio/ProyectoTaxiDetector/dataset/negativos/augmented/negativo_aug_00212.jpg
213,negativos_train_0365.jpg,negativo_aug_00213.jpg,/home/irar/Escritorio/ProyectoTaxiDetector/dataset/negativos/train/negativos_train_0365.jpg,/home/irar/Escritorio/ProyectoTaxiDetector/dataset/negativos/augmented/negativo_aug_00213.jpg
214,negativos_train_0487.jpg,negativo_aug_00214.jpg,/home/irar/Escritorio/ProyectoTaxiDetector/dataset/negativos/train/negativos_train_0487.jpg,/home/irar/Escritorio/ProyectoTaxiDetector/dataset/negativos/augmented/negativo_aug_00214.jpg
215,negativos_train_0423.jpg,negativo_aug_00215.jpg,/home/irar/Escritorio/ProyectoTaxiDetector/dataset/negativos/train/negativos_train_0423.jpg,/home/irar/Escritorio/ProyectoTaxiDetector/dataset/negativos/augmented/negativo_aug_00215.jpg
216,negativos_train_0425.jpg,negativo_aug_00216.jpg,/home/irar/Escritorio/ProyectoTaxiDetector/dataset/negativos/train/negativos_train_0425.jpg,/home/irar/Escritorio/ProyectoTaxiDetector/dataset/negativos/augmented/negativo_aug_00216.jpg
217,negativos_train_0111.jpg,negativo_aug_00217.jpg,/home/irar/Escritorio/ProyectoTaxiDetector/dataset/negativos/train/negativos_train_0111.jpg,/home/irar/Escritorio/ProyectoTaxiDetector/dataset/negativos/augmented/negativo_aug_00217.jpg
218,negativos_train_0283.jpg,negativo_aug_00218.jpg,/home/irar/Escritorio/ProyectoTaxiDetector/dataset/negativos/train/negativos_train_0283.jpg,/home/irar/Escritorio/ProyectoTaxiDetector/dataset/negativos/augmented/negativo_aug_00218.jpg
219,negativos_train_0475.jpg,negativo_aug_00219.jpg,/home/irar/Escritorio/ProyectoTaxiDetector/dataset/negativos/train/negativos_train_0475.jpg,/home/irar/Escritorio/ProyectoTaxiDetector/dataset/negativos/augmented/negativo_aug_00219.jpg
220,negativos_train_0150.jpg,negativo_aug_00220.jpg,/home/irar/Escritorio/ProyectoTaxiDetector/dataset/negativos/train/negativos_train_0150.jpg,/home/irar/Escritorio/ProyectoTaxiDetector/dataset/negativos/augmented/negativo_aug_00220.jpg
221,negativos_train_0595.jpg,negativo_aug_00221.jpg,/home/irar/Escritorio/ProyectoTaxiDetector/dataset/negativos/train/negativos_train_0595.jpg,/home/irar/Escritorio/ProyectoTaxiDetector/dataset/negativos/augmented/negativo_aug_00221.jpg
222,negativos_train_0214.jpg,negativo_aug_00222.jpg,/home/irar/Escritorio/ProyectoTaxiDetector/dataset/negativos/train/negativos_train_0214.jpg,/home/irar/Escritorio/ProyectoTaxiDetector/dataset/negativos/augmented/negativo_aug_00222.jpg
223,negativos_train_0558.jpg,negativo_aug_00223.jpg,/home/irar/Escritorio/ProyectoTaxiDetector/dataset/negativos/train/negativos_train_0558.jpg,/home/irar/Escritorio/ProyectoTaxiDetector/dataset/negativos/augmented/negativo_aug_00223.jpg
224,negativos_train_0317.jpg,negativo_aug_00224.jpg,/home/irar/Escritorio/ProyectoTaxiDetector/dataset/negativos/train/negativos_train_0317.jpg,/home/irar/Escritorio/ProyectoTaxiDetector/dataset/negativos/augmented/negativo_aug_00224.jpg
225,negativos_train_0361.jpg,negativo_aug_00225.jpg,/home/irar/Escritorio/ProyectoTaxiDetector/dataset/negativos/train/negativos_train_0361.jpg,/home/irar/Escritorio/ProyectoTaxiDetector/dataset/negativos/augmented/negativo_aug_00225.jpg
226,negativos_train_0177.jpg,negativo_aug_00226.jpg,/home/irar/Escritorio/ProyectoTaxiDetector/dataset/negativos/train/negativos_train_0177.jpg,/home/irar/Escritorio/ProyectoTaxiDetector/dataset/negativos/augmented/negativo_aug_00226.jpg
227,negativos_train_0020.jpg,negativo_aug_00227.jpg,/home/irar/Escritorio/ProyectoTaxiDetector/dataset/negativos/train/negativos_train_0020.jpg,/home/irar/Escritorio/ProyectoTaxiDetector/dataset/negativos/augmented/negativo_aug_00227.jpg
228,negativos_train_0029.jpg,negativo_aug_00228.jpg,/home/irar/Escritorio/ProyectoTaxiDetector/dataset/negativos/train/negativos_train_0029.jpg,/home/irar/Escritorio/ProyectoTaxiDetector/dataset/negativos/augmented/negativo_aug_00228.jpg
229,negativos_train_0003.jpg,negativo_aug_00229.jpg,/home/irar/Escritorio/ProyectoTaxiDetector/dataset/negativos/train/negativos_train_0003.jpg,/home/irar/Escritorio/ProyectoTaxiDetector/dataset/negativos/augmented/negativo_aug_00229.jpg
230,negativos_train_0144.jpg,negativo_aug_00230.jpg,/home/irar/Escritorio/ProyectoTaxiDetector/dataset/negativos/train/negativos_train_0144.jpg,/home/irar/Escritorio/ProyectoTaxiDetector/dataset/negativos/augmented/negativo_aug_00230.jpg
231,negativos_train_0281.jpg,negativo_aug_00231.jpg,/home/irar/Escritorio/ProyectoTaxiDetector/dataset/negativos/train/negativos_train_0281.jpg,/home/irar/Escritorio/ProyectoTaxiDetector/dataset/negativos/augmented/negativo_aug_00231.jpg
232,negativos_train_0181.jpg,negativo_aug_00232.jpg,/home/irar/Escritorio/ProyectoTaxiDetector/dataset/negativos/train/negativos_train_0181.jpg,/home/irar/Escritorio/ProyectoTaxiDetector/dataset/negativos/augmented/negativo_aug_00232.jpg
233,negativos_train_0531.jpg,negativo_aug_00233.jpg,/home/irar/Escritorio/ProyectoTaxiDetector/dataset/negativos/train/negativos_train_0531.jpg,/home/irar/Escritorio/ProyectoTaxiDetector/dataset/negativos/augmented/negativo_aug_00233.jpg
234,negativos_train_0114.jpg,negativo_aug_00234.jpg,/home/irar/Escritorio/ProyectoTaxiDetector/dataset/negativos/train/negativos_train_0114.jpg,/home/irar/Escritorio/ProyectoTaxiDetector/dataset/negativos/augmented/negativo_aug_00234.jpg
235,negativos_train_0515.jpg,negativo_aug_00235.jpg,/home/irar/Escritorio/ProyectoTaxiDetector/dataset/negativos/train/negativos_train_0515.jpg,/home/irar/Escritorio/ProyectoTaxiDetector/dataset/negativos/augmented/negativo_aug_00235.jpg
236,negativos_train_0303.jpg,negativo_aug_00236.jpg,/home/irar/Escritorio/ProyectoTaxiDetector/dataset/negativos/train/negativos_train_0303.jpg,/home/irar/Escritorio/ProyectoTaxiDetector/dataset/negativos/augmented/negativo_aug_00236.jpg
237,negativos_train_0491.jpg,negativo_aug_00237.jpg,/home/irar/Escritorio/ProyectoTaxiDetector/dataset/negativos/train/negativos_train_0491.jpg,/home/irar/Escritorio/ProyectoTaxiDetector/dataset/negativos/augmented/negativo_aug_00237.jpg
238,negativos_train_0524.jpg,negativo_aug_00238.jpg,/home/irar/Escritorio/ProyectoTaxiDetector/dataset/negativos/train/negativos_train_0524.jpg,/home/irar/Escritorio/ProyectoTaxiDetector/dataset/negativos/augmented/negativo_aug_00238.jpg
239,negativos_train_0034.jpg,negativo_aug_00239.jpg,/home/irar/Escritorio/ProyectoTaxiDetector/dataset/negativos/train/negativos_train_0034.jpg,/home/irar/Escritorio/ProyectoTaxiDetector/dataset/negativos/augmented/negativo_aug_00239.jpg
240,negativos_train_0198.jpg,negativo_aug_00240.jpg,/home/irar/Escritorio/ProyectoTaxiDetector/dataset/negativos/train/negativos_train_0198.jpg,/home/irar/Escritorio/ProyectoTaxiDetector/dataset/negativos/augmented/negativo_aug_00240.jpg
241,negativos_train_0351.jpg,negativo_aug_00241.jpg,/home/irar/Escritorio/ProyectoTaxiDetector/dataset/negativos/train/negativos_train_0351.jpg,/home/irar/Escritorio/ProyectoTaxiDetector/dataset/negativos/augmented/negativo_aug_00241.jpg
242,negativos_train_0478.jpg,negativo_aug_00242.jpg,/home/irar/Escritorio/ProyectoTaxiDetector/dataset/negativos/train/negativos_train_0478.jpg,/home/irar/Escritorio/ProyectoTaxiDetector/dataset/negativos/augmented/negativo_aug_00242.jpg
243,negativos_train_0517.jpg,negativo_aug_00243.jpg,/home/irar/Escritorio/ProyectoTaxiDetector/dataset/negativos/train/negativos_train_0517.jpg,/home/irar/Escritorio/ProyectoTaxiDetector/dataset/negativos/augmented/negativo_aug_00243.jpg
244,negativos_train_0071.jpg,negativo_aug_00244.jpg,/home/irar/Escritorio/ProyectoTaxiDetector/dataset/negativos/train/negativos_train_0071.jpg,/home/irar/Escritorio/ProyectoTaxiDetector/dataset/negativos/augmented/negativo_aug_00244.jpg
245,negativos_train_0213.jpg,negativo_aug_00245.jpg,/home/irar/Escritorio/ProyectoTaxiDetector/dataset/negativos/train/negativos_train_0213.jpg,/home/irar/Escritorio/ProyectoTaxiDetector/dataset/negativos/augmented/negativo_aug_00245.jpg
246,negativos_train_0443.jpg,negativo_aug_00246.jpg,/home/irar/Escritorio/ProyectoTaxiDetector/dataset/negativos/train/negativos_train_0443.jpg,/home/irar/Escritorio/ProyectoTaxiDetector/dataset/negativos/augmented/negativo_aug_00246.jpg
247,negativos_train_0163.jpg,negativo_aug_00247.jpg,/home/irar/Escritorio/ProyectoTaxiDetector/dataset/negativos/train/negativos_train_0163.jpg,/home/irar/Escritorio/ProyectoTaxiDetector/dataset/negativos/augmented/negativo_aug_00247.jpg
248,negativos_train_0024.jpg,negativo_aug_00248.jpg,/home/irar/Escritorio/ProyectoTaxiDetector/dataset/negativos/train/negativos_train_0024.jpg,/home/irar/Escritorio/ProyectoTaxiDetector/dataset/negativos/augmented/negativo_aug_00248.jpg
249,negativos_train_0014.jpg,negativo_aug_00249.jpg,/home/irar/Escritorio/ProyectoTaxiDetector/dataset/negativos/train/negativos_train_0014.jpg,/home/irar/Escritorio/ProyectoTaxiDetector/dataset/negativos/augmented/negativo_aug_00249.jpg
250,negativos_train_0337.jpg,negativo_aug_00250.jpg,/home/irar/Escritorio/ProyectoTaxiDetector/dataset/negativos/train/negativos_train_0337.jpg,/home/irar/Escritorio/ProyectoTaxiDetector/dataset/negativos/augmented/negativo_aug_00250.jpg
251,negativos_train_0339.jpg,negativo_aug_00251.jpg,/home/irar/Escritorio/ProyectoTaxiDetector/dataset/negativos/train/negativos_train_0339.jpg,/home/irar/Escritorio/ProyectoTaxiDetector/dataset/negativos/augmented/negativo_aug_00251.jpg
252,negativos_train_0429.jpg,negativo_aug_00252.jpg,/home/irar/Escritorio/ProyectoTaxiDetector/dataset/negativos/train/negativos_train_0429.jpg,/home/irar/Escritorio/ProyectoTaxiDetector/dataset/negativos/augmented/negativo_aug_00252.jpg
253,negativos_train_0453.jpg,negativo_aug_00253.jpg,/home/irar/Escritorio/ProyectoTaxiDetector/dataset/negativos/train/negativos_train_0453.jpg,/home/irar/Escritorio/ProyectoTaxiDetector/dataset/negativos/augmented/negativo_aug_00253.jpg
254,negativos_train_0504.jpg,negativo_aug_00254.jpg,/home/irar/Escritorio/ProyectoTaxiDetector/dataset/negativos/train/negativos_train_0504.jpg,/home/irar/Escritorio/ProyectoTaxiDetector/dataset/negativos/augmented/negativo_aug_00254.jpg
255,negativos_train_0130.jpg,negativo_aug_00255.jpg,/home/irar/Escritorio/ProyectoTaxiDetector/dataset/negativos/train/negativos_train_0130.jpg,/home/irar/Escritorio/ProyectoTaxiDetector/dataset/negativos/augmented/negativo_aug_00255.jpg
256,negativos_train_0609.jpg,negativo_aug_00256.jpg,/home/irar/Escritorio/ProyectoTaxiDetector/dataset/negativos/train/negativos_train_0609.jpg,/home/irar/Escritorio/ProyectoTaxiDetector/dataset/negativos/augmented/negativo_aug_00256.jpg
257,negativos_train_0397.jpg,negativo_aug_00257.jpg,/home/irar/Escritorio/ProyectoTaxiDetector/dataset/negativos/train/negativos_train_0397.jpg,/home/irar/Escritorio/ProyectoTaxiDetector/dataset/negativos/augmented/negativo_aug_00257.jpg
258,negativos_train_0562.jpg,negativo_aug_00258.jpg,/home/irar/Escritorio/ProyectoTaxiDetector/dataset/negativos/train/negativos_train_0562.jpg,/home/irar/Escritorio/ProyectoTaxiDetector/dataset/negativos/augmented/negativo_aug_00258.jpg
259,negativos_train_0108.jpg,negativo_aug_00259.jpg,/home/irar/Escritorio/ProyectoTaxiDetector/dataset/negativos/train/negativos_train_0108.jpg,/home/irar/Escritorio/ProyectoTaxiDetector/dataset/negativos/augmented/negativo_aug_00259.jpg
260,negativos_train_0145.jpg,negativo_aug_00260.jpg,/home/irar/Escritorio/ProyectoTaxiDetector/dataset/negativos/train/negativos_train_0145.jpg,/home/irar/Escritorio/ProyectoTaxiDetector/dataset/negativos/augmented/negativo_aug_00260.jpg
261,negativos_train_0140.jpg,negativo_aug_00261.jpg,/home/irar/Escritorio/ProyectoTaxiDetector/dataset/negativos/train/negativos_train_0140.jpg,/home/irar/Escritorio/ProyectoTaxiDetector/dataset/negativos/augmented/negativo_aug_00261.jpg
262,negativos_train_0356.jpg,negativo_aug_00262.jpg,/home/irar/Escritorio/ProyectoTaxiDetector/dataset/negativos/train/negativos_train_0356.jpg,/home/irar/Escritorio/ProyectoTaxiDetector/dataset/negativos/augmented/negativo_aug_00262.jpg
263,negativos_train_0496.jpg,negativo_aug_00263.jpg,/home/irar/Escritorio/ProyectoTaxiDetector/dataset/negativos/train/negativos_train_0496.jpg,/home/irar/Escritorio/ProyectoTaxiDetector/dataset/negativos/augmented/negativo_aug_00263.jpg
264,negativos_train_0060.jpg,negativo_aug_00264.jpg,/home/irar/Escritorio/ProyectoTaxiDetector/dataset/negativos/train/negativos_train_0060.jpg,/home/irar/Escritorio/ProyectoTaxiDetector/dataset/negativos/augmented/negativo_aug_00264.jpg
265,negativos_train_0279.jpg,negativo_aug_00265.jpg,/home/irar/Escritorio/ProyectoTaxiDetector/dataset/negativos/train/negativos_train_0279.jpg,/home/irar/Escritorio/ProyectoTaxiDetector/dataset/negativos/augmented/negativo_aug_00265.jpg
266,negativos_train_0069.jpg,negativo_aug_00266.jpg,/home/irar/Escritorio/ProyectoTaxiDetector/dataset/negativos/train/negativos_train_0069.jpg,/home/irar/Escritorio/ProyectoTaxiDetector/dataset/negativos/augmented/negativo_aug_00266.jpg
267,negativos_train_0054.jpg,negativo_aug_00267.jpg,/home/irar/Escritorio/ProyectoTaxiDetector/dataset/negativos/train/negativos_train_0054.jpg,/home/irar/Escritorio/ProyectoTaxiDetector/dataset/negativos/augmented/negativo_aug_00267.jpg
268,negativos_train_0545.jpg,negativo_aug_00268.jpg,/home/irar/Escritorio/ProyectoTaxiDetector/dataset/negativos/train/negativos_train_0545.jpg,/home/irar/Escritorio/ProyectoTaxiDetector/dataset/negativos/augmented/negativo_aug_00268.jpg
269,negativos_train_0286.jpg,negativo_aug_00269.jpg,/home/irar/Escritorio/ProyectoTaxiDetector/dataset/negativos/train/negativos_train_0286.jpg,/home/irar/Escritorio/ProyectoTaxiDetector/dataset/negativos/augmented/negativo_aug_00269.jpg
270,negativos_train_0155.jpg,negativo_aug_00270.jpg,/home/irar/Escritorio/ProyectoTaxiDetector/dataset/negativos/train/negativos_train_0155.jpg,/home/irar/Escritorio/ProyectoTaxiDetector/dataset/negativos/augmented/negativo_aug_00270.jpg
271,negativos_train_0492.jpg,negativo_aug_00271.jpg,/home/irar/Escritorio/ProyectoTaxiDetector/dataset/negativos/train/negativos_train_0492.jpg,/home/irar/Escritorio/ProyectoTaxiDetector/dataset/negativos/augmented/negativo_aug_00271.jpg
272,negativos_train_0319.jpg,negativo_aug_00272.jpg,/home/irar/Escritorio/ProyectoTaxiDetector/dataset/negativos/train/negativos_train_0319.jpg,/home/irar/Escritorio/ProyectoTaxiDetector/dataset/negativos/augmented/negativo_aug_00272.jpg
273,negativos_train_0146.jpg,negativo_aug_00273.jpg,/home/irar/Escritorio/ProyectoTaxiDetector/dataset/negativos/train/negativos_train_0146.jpg,/home/irar/Escritorio/ProyectoTaxiDetector/dataset/negativos/augmented/negativo_aug_00273.jpg
274,negativos_train_0190.jpg,negativo_aug_00274.jpg,/home/irar/Escritorio/ProyectoTaxiDetector/dataset/negativos/train/negativos_train_0190.jpg,/home/irar/Escritorio/ProyectoTaxiDetector/dataset/negativos/augmented/negativo_aug_00274.jpg
275,negativos_train_0126.jpg,negativo_aug_00275.jpg,/home/irar/Escritorio/ProyectoTaxiDetector/dataset/negativos/train/negativos_train_0126.jpg,/home/irar/Escritorio/ProyectoTaxiDetector/dataset/negativos/augmented/negativo_aug_00275.jpg
276,negativos_train_0314.jpg,negativo_aug_00276.jpg,/home/irar/Escritorio/ProyectoTaxiDetector/dataset/negativos/train/negativos_train_0314.jpg,/home/irar/Escritorio/ProyectoTaxiDetector/dataset/negativos/augmented/negativo_aug_00276.jpg
277,negativos_train_0179.jpg,negativo_aug_00277.jpg,/home/irar/Escritorio/ProyectoTaxiDetector/dataset/negativos/train/negativos_train_0179.jpg,/home/irar/Escritorio/ProyectoTaxiDetector/dataset/negativos/augmented/negativo_aug_00277.jpg
278,negativos_train_0463.jpg,negativo_aug_00278.jpg,/home/irar/Escritorio/ProyectoTaxiDetector/dataset/negativos/train/negativos_train_0463.jpg,/home/irar/Escritorio/ProyectoTaxiDetector/dataset/negativos/augmented/negativo_aug_00278.jpg
279,negativos_train_0398.jpg,negativo_aug_00279.jpg,/home/irar/Escritorio/ProyectoTaxiDetector/dataset/negativos/train/negativos_train_0398.jpg,/home/irar/Escritorio/ProyectoTaxiDetector/dataset/negativos/augmented/negativo_aug_00279.jpg
280,negativos_train_0490.jpg,negativo_aug_00280.jpg,/home/irar/Escritorio/ProyectoTaxiDetector/dataset/negativos/train/negativos_train_0490.jpg,/home/irar/Escritorio/ProyectoTaxiDetector/dataset/negativos/augmented/negativo_aug_00280.jpg
281,negativos_train_0347.jpg,negativo_aug_00281.jpg,/home/irar/Escritorio/ProyectoTaxiDetector/dataset/negativos/train/negativos_train_0347.jpg,/home/irar/Escritorio/ProyectoTaxiDetector/dataset/negativos/augmented/negativo_aug_00281.jpg
282,negativos_train_0276.jpg,negativo_aug_00282.jpg,/home/irar/Escritorio/ProyectoTaxiDetector/dataset/negativos/train/negativos_train_0276.jpg,/home/irar/Escritorio/ProyectoTaxiDetector/dataset/negativos/augmented/negativo_aug_00282.jpg
283,negativos_train_0287.jpg,negativo_aug_00283.jpg,/home/irar/Escritorio/ProyectoTaxiDetector/dataset/negativos/train/negativos_train_0287.jpg,/home/irar/Escritorio/ProyectoTaxiDetector/dataset/negativos/augmented/negativo_aug_00283.jpg
284,negativos_train_0052.jpg,negativo_aug_00284.jpg,/home/irar/Escritorio/ProyectoTaxiDetector/dataset/negativos/train/negativos_train_0052.jpg,/home/irar/Escritorio/ProyectoTaxiDetector/dataset/negativos/augmented/negativo_aug_00284.jpg
285,negativos_train_0289.jpg,negativo_aug_00285.jpg,/home/irar/Escritorio/ProyectoTaxiDetector/dataset/negativos/train/negativos_train_0289.jpg,/home/irar/Escritorio/ProyectoTaxiDetector/dataset/negativos/augmented/negativo_aug_00285.jpg
286,negativos_train_0005.jpg,negativo_aug_00286.jpg,/home/irar/Escritorio/ProyectoTaxiDetector/dataset/negativos/train/negativos_train_0005.jpg,/home/irar/Escritorio/ProyectoTaxiDetector/dataset/negativos/augmented/negativo_aug_00286.jpg
287,negativos_train_0038.jpg,negativo_aug_00287.jpg,/home/irar/Escritorio/ProyectoTaxiDetector/dataset/negativos/train/negativos_train_0038.jpg,/home/irar/Escritorio/ProyectoTaxiDetector/dataset/negativos/augmented/negativo_aug_00287.jpg
288,negativos_train_0298.jpg,negativo_aug_00288.jpg,/home/irar/Escritorio/ProyectoTaxiDetector/dataset/negativos/train/negativos_train_0298.jpg,/home/irar/Escritorio/ProyectoTaxiDetector/dataset/negativos/augmented/negativo_aug_00288.jpg
289,negativos_train_0552.jpg,negativo_aug_00289.jpg,/home/irar/Escritorio/ProyectoTaxiDetector/dataset/negativos/train/negativos_train_0552.jpg,/home/irar/Escritorio/ProyectoTaxiDetector/dataset/negativos/augmented/negativo_aug_00289.jpg
290,negativos_train_0154.jpg,negativo_aug_00290.jpg,/home/irar/Escritorio/ProyectoTaxiDetector/dataset/negativos/train/negativos_train_0154.jpg,/home/irar/Escritorio/ProyectoTaxiDetector/dataset/negativos/augmented/negativo_aug_00290.jpg
291,negativos_train_0400.jpg,negativo_aug_00291.jpg,/home/irar/Escritorio/ProyectoTaxiDetector/dataset/negativos/train/negativos_train_0400.jpg,/home/irar/Escritorio/ProyectoTaxiDetector/dataset/negativos/augmented/negativo_aug_00291.jpg
292,negativos_train_0203.jpg,negativo_aug_00292.jpg,/home/irar/Escritorio/ProyectoTaxiDetector/dataset/negativos/train/negativos_train_0203.jpg,/home/irar/Escritorio/ProyectoTaxiDetector/dataset/negativos/augmented/negativo_aug_00292.jpg
293,negativos_train_0340.jpg,negativo_aug_00293.jpg,/home/irar/Escritorio/ProyectoTaxiDetector/dataset/negativos/train/negativos_train_0340.jpg,/home/irar/Escritorio/ProyectoTaxiDetector/dataset/negativos/augmented/negativo_aug_00293.jpg
294,negativos_train_0467.jpg,negativo_aug_00294.jpg,/home/irar/Escritorio/ProyectoTaxiDetector/dataset/negativos/train/negativos_train_0467.jpg,/home/irar/Escritorio/ProyectoTaxiDetector/dataset/negativos/augmented/negativo_aug_00294.jpg
295,negativos_train_0326.jpg,negativo_aug_00295.jpg,/home/irar/Escritorio/ProyectoTaxiDetector/dataset/negativos/train/negativos_train_0326.jpg,/home/irar/Escritorio/ProyectoTaxiDetector/dataset/negativos/augmented/negativo_aug_00295.jpg
296,negativos_train_0596.jpg,negativo_aug_00296.jpg,/home/irar/Escritorio/ProyectoTaxiDetector/dataset/negativos/train/negativos_train_0596.jpg,/home/irar/Escritorio/ProyectoTaxiDetector/dataset/negativos/augmented/negativo_aug_00296.jpg
297,negativos_train_0134.jpg,negativo_aug_00297.jpg,/home/irar/Escritorio/ProyectoTaxiDetector/dataset/negativos/train/negativos_train_0134.jpg,/home/irar/Escritorio/ProyectoTaxiDetector/dataset/negativos/augmented/negativo_aug_00297.jpg
298,negativos_train_0162.jpg,negativo_aug_00298.jpg,/home/irar/Escritorio/ProyectoTaxiDetector/dataset/negativos/train/negativos_train_0162.jpg,/home/irar/Escritorio/ProyectoTaxiDetector/dataset/negativos/augmented/negativo_aug_00298.jpg
299,negativos_train_0268.jpg,negativo_aug_00299.jpg,/home/irar/Escritorio/ProyectoTaxiDetector/dataset/negativos/train/negativos_train_0268.jpg,/home/irar/Escritorio/ProyectoTaxiDetector/dataset/negativos/augmented/negativo_aug_00299.jpg
300,negativos_train_0290.jpg,negativo_aug_00300.jpg,/home/irar/Escritorio/ProyectoTaxiDetector/dataset/negativos/train/negativos_train_0290.jpg,/home/irar/Escritorio/ProyectoTaxiDetector/dataset/negativos/augmented/negativo_aug_00300.jpg
301,negativos_train_0299.jpg,negativo_aug_00301.jpg,/home/irar/Escritorio/ProyectoTaxiDetector/dataset/negativos/train/negativos_train_0299.jpg,/home/irar/Escritorio/ProyectoTaxiDetector/dataset/negativos/augmented/negativo_aug_00301.jpg
302,negativos_train_0565.jpg,negativo_aug_00302.jpg,/home/irar/Escritorio/ProyectoTaxiDetector/dataset/negativos/train/negativos_train_0565.jpg,/home/irar/Escritorio/ProyectoTaxiDetector/dataset/negativos/augmented/negativo_aug_00302.jpg
303,negativos_train_0316.jpg,negativo_aug_00303.jpg,/home/irar/Escritorio/ProyectoTaxiDetector/dataset/negativos/train/negativos_train_0316.jpg,/home/irar/Escritorio/ProyectoTaxiDetector/dataset/negativos/augmented/negativo_aug_00303.jpg
304,negativos_train_0021.jpg,negativo_aug_00304.jpg,/home/irar/Escritorio/ProyectoTaxiDetector/dataset/negativos/train/negativos_train_0021.jpg,/home/irar/Escritorio/ProyectoTaxiDetector/dataset/negativos/augmented/negativo_aug_00304.jpg
305,negativos_train_0313.jpg,negativo_aug_00305.jpg,/home/irar/Escritorio/ProyectoTaxiDetector/dataset/negativos/train/negativos_train_0313.jpg,/home/irar/Escritorio/ProyectoTaxiDetector/dataset/negativos/augmented/negativo_aug_00305.jpg
306,negativos_train_0329.jpg,negativo_aug_00306.jpg,/home/irar/Escritorio/ProyectoTaxiDetector/dataset/negativos/train/negativos_train_0329.jpg,/home/irar/Escritorio/ProyectoTaxiDetector/dataset/negativos/augmented/negativo_aug_00306.jpg
307,negativos_train_0427.jpg,negativo_aug_00307.jpg,/home/irar/Escritorio/ProyectoTaxiDetector/dataset/negativos/train/negativos_train_0427.jpg,/home/irar/Escritorio/ProyectoTaxiDetector/dataset/negativos/augmented/negativo_aug_00307.jpg
308,negativos_train_0292.jpg,negativo_aug_00308.jpg,/home/irar/Escritorio/ProyectoTaxiDetector/dataset/negativos/train/negativos_train_0292.jpg,/home/irar/Escritorio/ProyectoTaxiDetector/dataset/negativos/augmented/negativo_aug_00308.jpg
309,negativos_train_0428.jpg,negativo_aug_00309.jpg,/home/irar/Escritorio/ProyectoTaxiDetector/dataset/negativos/train/negativos_train_0428.jpg,/home/irar/Escritorio/ProyectoTaxiDetector/dataset/negativos/augmented/negativo_aug_00309.jpg
310,negativos_train_0376.jpg,negativo_aug_00310.jpg,/home/irar/Escritorio/ProyectoTaxiDetector/dataset/negativos/train/negativos_train_0376.jpg,/home/irar/Escritorio/ProyectoTaxiDetector/dataset/negativos/augmented/negativo_aug_00310.jpg
311,negativos_train_0121.jpg,negativo_aug_00311.jpg,/home/irar/Escritorio/ProyectoTaxiDetector/dataset/negativos/train/negativos_train_0121.jpg,/home/irar/Escritorio/ProyectoTaxiDetector/dataset/negativos/augmented/negativo_aug_00311.jpg
312,negativos_train_0549.jpg,negativo_aug_00312.jpg,/home/irar/Escritorio/ProyectoTaxiDetector/dataset/negativos/train/negativos_train_0549.jpg,/home/irar/Escritorio/ProyectoTaxiDetector/dataset/negativos/augmented/negativo_aug_00312.jpg
313,negativos_train_0305.jpg,negativo_aug_00313.jpg,/home/irar/Escritorio/ProyectoTaxiDetector/dataset/negativos/train/negativos_train_0305.jpg,/home/irar/Escritorio/ProyectoTaxiDetector/dataset/negativos/augmented/negativo_aug_00313.jpg
314,negativos_train_0457.jpg,negativo_aug_00314.jpg,/home/irar/Escritorio/ProyectoTaxiDetector/dataset/negativos/train/negativos_train_0457.jpg,/home/irar/Escritorio/ProyectoTaxiDetector/dataset/negativos/augmented/negativo_aug_00314.jpg
315,negativos_train_0617.jpg,negativo_aug_00315.jpg,/home/irar/Escritorio/ProyectoTaxiDetector/dataset/negativos/train/negativos_train_0617.jpg,/home/irar/Escritorio/ProyectoTaxiDetector/dataset/negativos/augmented/negativo_aug_00315.jpg
316,negativos_train_0042.jpg,negativo_aug_00316.jpg,/home/irar/Escritorio/ProyectoTaxiDetector/dataset/negativos/train/negativos_train_0042.jpg,/home/irar/Escritorio/ProyectoTaxiDetector/dataset/negativos/augmented/negativo_aug_00316.jpg
317,negativos_train_0261.jpg,negativo_aug_00317.jpg,/home/irar/Escritorio/ProyectoTaxiDetector/dataset/negativos/train/negativos_train_0261.jpg,/home/irar/Escritorio/ProyectoTaxiDetector/dataset/negativos/augmented/negativo_aug_00317.jpg
318,negativos_train_0325.jpg,negativo_aug_00318.jpg,/home/irar/Escritorio/ProyectoTaxiDetector/dataset/negativos/train/negativos_train_0325.jpg,/home/irar/Escritorio/ProyectoTaxiDetector/dataset/negativos/augmented/negativo_aug_00318.jpg
319,negativos_train_0510.jpg,negativo_aug_00319.jpg,/home/irar/Escritorio/ProyectoTaxiDetector/dataset/negativos/train/negativos_train_0510.jpg,/home/irar/Escritorio/ProyectoTaxiDetector/dataset/negativos/augmented/negativo_aug_00319.jpg
320,negativos_train_0519.jpg,negativo_aug_00320.jpg,/home/irar/Escritorio/ProyectoTaxiDetector/dataset/negativos/train/negativos_train_0519.jpg,/home/irar/Escritorio/ProyectoTaxiDetector/dataset/negativos/augmented/negativo_aug_00320.jpg
321,negativos_train_0614.jpg,negativo_aug_00321.jpg,/home/irar/Escritorio/ProyectoTaxiDetector/dataset/negativos/train/negativos_train_0614.jpg,/home/irar/Escritorio/ProyectoTaxiDetector/dataset/negativos/augmented/negativo_aug_00321.jpg
322,negativos_train_0245.jpg,negativo_aug_00322.jpg,/home/irar/Escritorio/ProyectoTaxiDetector/dataset/negativos/train/negativos_train_0245.jpg,/home/irar/Escritorio/ProyectoTaxiDetector/dataset/negativos/augmented/negativo_aug_00322.jpg
323,negativos_train_0300.jpg,negativo_aug_00323.jpg,/home/irar/Escritorio/ProyectoTaxiDetector/dataset/negativos/train/negativos_train_0300.jpg,/home/irar/Escritorio/ProyectoTaxiDetector/dataset/negativos/augmented/negativo_aug_00323.jpg
324,negativos_train_0357.jpg,negativo_aug_00324.jpg,/home/irar/Escritorio/ProyectoTaxiDetector/dataset/negativos/train/negativos_train_0357.jpg,/home/irar/Escritorio/ProyectoTaxiDetector/dataset/negativos/augmented/negativo_aug_00324.jpg
325,negativos_train_0330.jpg,negativo_aug_00325.jpg,/home/irar/Escritorio/ProyectoTaxiDetector/dataset/negativos/train/negativos_train_0330.jpg,/home/irar/Escritorio/ProyectoTaxiDetector/dataset/negativos/augmented/negativo_aug_00325.jpg
326,negativos_train_0161.jpg,negativo_aug_00326.jpg,/home/irar/Escritorio/ProyectoTaxiDetector/dataset/negativos/train/negativos_train_0161.jpg,/home/irar/Escritorio/ProyectoTaxiDetector/dataset/negativos/augmented/negativo_aug_00326.jpg
327,negativos_train_0377.jpg,negativo_aug_00327.jpg,/home/irar/Escritorio/ProyectoTaxiDetector/dataset/negativos/train/negativos_train_0377.jpg,/home/irar/Escritorio/ProyectoTaxiDetector/dataset/negativos/augmented/negativo_aug_00327.jpg
328,negativos_train_0278.jpg,negativo_aug_00328.jpg,/home/irar/Escritorio/ProyectoTaxiDetector/dataset/negativos/train/negativos_train_0278.jpg,/home/irar/Escritorio/ProyectoTaxiDetector/dataset/negativos/augmented/negativo_aug_00328.jpg
329,negativos_train_0576.jpg,negativo_aug_00329.jpg,/home/irar/Escritorio/ProyectoTaxiDetector/dataset/negativos/train/negativos_train_0576.jpg,/home/irar/Escritorio/ProyectoTaxiDetector/dataset/negativos/augmented/negativo_aug_00329.jpg
330,negativos_train_0466.jpg,negativo_aug_00330.jpg,/home/irar/Escritorio/ProyectoTaxiDetector/dataset/negativos/train/negativos_train_0466.jpg,/home/irar/Escritorio/ProyectoTaxiDetector/dataset/negativos/augmented/negativo_aug_00330.jpg
331,negativos_train_0112.jpg,negativo_aug_00331.jpg,/home/irar/Escritorio/ProyectoTaxiDetector/dataset/negativos/train/negativos_train_0112.jpg,/home/irar/Escritorio/ProyectoTaxiDetector/dataset/negativos/augmented/negativo_aug_00331.jpg
332,negativos_train_0152.jpg,negativo_aug_00332.jpg,/home/irar/Escritorio/ProyectoTaxiDetector/dataset/negativos/train/negativos_train_0152.jpg,/home/irar/Escritorio/ProyectoTaxiDetector/dataset/negativos/augmented/negativo_aug_00332.jpg
333,negativos_train_0529.jpg,negativo_aug_00333.jpg,/home/irar/Escritorio/ProyectoTaxiDetector/dataset/negativos/train/negativos_train_0529.jpg,/home/irar/Escritorio/ProyectoTaxiDetector/dataset/negativos/augmented/negativo_aug_00333.jpg
334,negativos_train_0080.jpg,negativo_aug_00334.jpg,/home/irar/Escritorio/ProyectoTaxiDetector/dataset/negativos/train/negativos_train_0080.jpg,/home/irar/Escritorio/ProyectoTaxiDetector/dataset/negativos/augmented/negativo_aug_00334.jpg
335,negativos_train_0250.jpg,negativo_aug_00335.jpg,/home/irar/Escritorio/ProyectoTaxiDetector/dataset/negativos/train/negativos_train_0250.jpg,/home/irar/Escritorio/ProyectoTaxiDetector/dataset/negativos/augmented/negativo_aug_00335.jpg
336,negativos_train_0571.jpg,negativo_aug_00336.jpg,/home/irar/Escritorio/ProyectoTaxiDetector/dataset/negativos/train/negativos_train_0571.jpg,/home/irar/Escritorio/ProyectoTaxiDetector/dataset/negativos/augmented/negativo_aug_00336.jpg
337,negativos_train_0437.jpg,negativo_aug_00337.jpg,/home/irar/Escritorio/ProyectoTaxiDetector/dataset/negativos/train/negativos_train_0437.jpg,/home/irar/Escritorio/ProyectoTaxiDetector/dataset/negativos/augmented/negativo_aug_00337.jpg
338,negativos_train_0540.jpg,negativo_aug_00338.jpg,/home/irar/Escritorio/ProyectoTaxiDetector/dataset/negativos/train/negativos_train_0540.jpg,/home/irar/Escritorio/ProyectoTaxiDetector/dataset/negativos/augmented/negativo_aug_00338.jpg
339,negativos_train_0509.jpg,negativo_aug_00339.jpg,/home/irar/Escritorio/ProyectoTaxiDetector/dataset/negativos/train/negativos_train_0509.jpg,/home/irar/Escritorio/ProyectoTaxiDetector/dataset/negativos/augmented/negativo_aug_00339.jpg
340,negativos_train_0447.jpg,negativo_aug_00340.jpg,/home/irar/Escritorio/ProyectoTaxiDetector/dataset/negativos/train/negativos_train_0447.jpg,/home/irar/Escritorio/ProyectoTaxiDetector/dataset/negativos/augmented/negativo_aug_00340.jpg
341,negativos_train_0200.jpg,negativo_aug_00341.jpg,/home/irar/Escritorio/ProyectoTaxiDetector/dataset/negativos/train/negativos_train_0200.jpg,/home/irar/Escritorio/ProyectoTaxiDetector/dataset/negativos/augmented/negativo_aug_00341.jpg
342,negativos_train_0508.jpg,negativo_aug_00342.jpg,/home/irar/Escritorio/ProyectoTaxiDetector/dataset/negativos/train/negativos_train_0508.jpg,/home/irar/Escritorio/ProyectoTaxiDetector/dataset/negativos/augmented/negativo_aug_00342.jpg
343,negativos_train_0195.jpg,negativo_aug_00343.jpg,/home/irar/Escritorio/ProyectoTaxiDetector/dataset/negativos/train/negativos_train_0195.jpg,/home/irar/Escritorio/ProyectoTaxiDetector/dataset/negativos/augmented/negativo_aug_00343.jpg
344,negativos_train_0448.jpg,negativo_aug_00344.jpg,/home/irar/Escritorio/ProyectoTaxiDetector/dataset/negativos/train/negativos_train_0448.jpg,/home/irar/Escritorio/ProyectoTaxiDetector/dataset/negativos/augmented/negativo_aug_00344.jpg
345,negativos_train_0413.jpg,negativo_aug_00345.jpg,/home/irar/Escritorio/ProyectoTaxiDetector/dataset/negativos/train/negativos_train_0413.jpg,/home/irar/Escritorio/ProyectoTaxiDetector/dataset/negativos/augmented/negativo_aug_00345.jpg
346,negativos_train_0206.jpg,negativo_aug_00346.jpg,/home/irar/Escritorio/ProyectoTaxiDetector/dataset/negativos/train/negativos_train_0206.jpg,/home/irar/Escritorio/ProyectoTaxiDetector/dataset/negativos/augmented/negativo_aug_00346.jpg
347,negativos_train_0402.jpg,negativo_aug_00347.jpg,/home/irar/Escritorio/ProyectoTaxiDetector/dataset/negativos/train/negativos_train_0402.jpg,/home/irar/Escritorio/ProyectoTaxiDetector/dataset/negativos/augmented/negativo_aug_00347.jpg
348,negativos_train_0247.jpg,negativo_aug_00348.jpg,/home/irar/Escritorio/ProyectoTaxiDetector/dataset/negativos/train/negativos_train_0247.jpg,/home/irar/Escritorio/ProyectoTaxiDetector/dataset/negativos/augmented/negativo_aug_00348.jpg
349,negativos_train_0403.jpg,negativo_aug_00349.jpg,/home/irar/Escritorio/ProyectoTaxiDetector/dataset/negativos/train/negativos_train_0403.jpg,/home/irar/Escritorio/ProyectoTaxiDetector/dataset/negativos/augmented/negativo_aug_00349.jpg
350,negativos_train_0454.jpg,negativo_aug_00350.jpg,/home/irar/Escritorio/ProyectoTaxiDetector/dataset/negativos/train/negativos_train_0454.jpg,/home/irar/Escritorio/ProyectoTaxiDetector/dataset/negativos/augmented/negativo_aug_00350.jpg
351,negativos_train_0086.jpg,negativo_aug_00351.jpg,/home/irar/Escritorio/ProyectoTaxiDetector/dataset/negativos/train/negativos_train_0086.jpg,/home/irar/Escritorio/ProyectoTaxiDetector/dataset/negativos/augmented/negativo_aug_00351.jpg
352,negativos_train_0542.jpg,negativo_aug_00352.jpg,/home/irar/Escritorio/ProyectoTaxiDetector/dataset/negativos/train/negativos_train_0542.jpg,/home/irar/Escritorio/ProyectoTaxiDetector/dataset/negativos/augmented/negativo_aug_00352.jpg
353,negativos_train_0048.jpg,negativo_aug_00353.jpg,/home/irar/Escritorio/ProyectoTaxiDetector/dataset/negativos/train/negativos_train_0048.jpg,/home/irar/Escritorio/ProyectoTaxiDetector/dataset/negativos/augmented/negativo_aug_00353.jpg
354,negativos_train_0008.jpg,negativo_aug_00354.jpg,/home/irar/Escritorio/ProyectoTaxiDetector/dataset/negativos/train/negativos_train_0008.jpg,/home/irar/Escritorio/ProyectoTaxiDetector/dataset/negativos/augmented/negativo_aug_00354.jpg
355,negativos_train_0401.jpg,negativo_aug_00355.jpg,/home/irar/Escritorio/ProyectoTaxiDetector/dataset/negativos/train/negativos_train_0401.jpg,/home/irar/Escritorio/ProyectoTaxiDetector/dataset/negativos/augmented/negativo_aug_00355.jpg
356,negativos_train_0334.jpg,negativo_aug_00356.jpg,/home/irar/Escritorio/ProyectoTaxiDetector/dataset/negativos/train/negativos_train_0334.jpg,/home/irar/Escritorio/ProyectoTaxiDetector/dataset/negativos/augmented/negativo_aug_00356.jpg
357,negativos_train_0629.jpg,negativo_aug_00357.jpg,/home/irar/Escritorio/ProyectoTaxiDetector/dataset/negativos/train/negativos_train_0629.jpg,/home/irar/Escritorio/ProyectoTaxiDetector/dataset/negativos/augmented/negativo_aug_00357.jpg
358,negativos_train_0378.jpg,negativo_aug_00358.jpg,/home/irar/Escritorio/ProyectoTaxiDetector/dataset/negativos/train/negativos_train_0378.jpg,/home/irar/Escritorio/ProyectoTaxiDetector/dataset/negativos/augmented/negativo_aug_00358.jpg
359,negativos_train_0505.jpg,negativo_aug_00359.jpg,/home/irar/Escritorio/ProyectoTaxiDetector/dataset/negativos/train/negativos_train_0505.jpg,/home/irar/Escritorio/ProyectoTaxiDetector/dataset/negativos/augmented/negativo_aug_00359.jpg
360,negativos_train_0227.jpg,negativo_aug_00360.jpg,/home/irar/Escritorio/ProyectoTaxiDetector/dataset/negativos/train/negativos_train_0227.jpg,/home/irar/Escritorio/ProyectoTaxiDetector/dataset/negativos/augmented/negativo_aug_00360.jpg
361,negativos_train_0039.jpg,negativo_aug_00361.jpg,/home/irar/Escritorio/ProyectoTaxiDetector/dataset/negativos/train/negativos_train_0039.jpg,/home/irar/Escritorio/ProyectoTaxiDetector/dataset/negativos/augmented/negativo_aug_00361.jpg
362,negativos_train_0372.jpg,negativo_aug_00362.jpg,/home/irar/Escritorio/ProyectoTaxiDetector/dataset/negativos/train/negativos_train_0372.jpg,/home/irar/Escritorio/ProyectoTaxiDetector/dataset/negativos/augmented/negativo_aug_00362.jpg
363,negativos_train_0237.jpg,negativo_aug_00363.jpg,/home/irar/Escritorio/ProyectoTaxiDetector/dataset/negativos/train/negativos_train_0237.jpg,/home/irar/Escritorio/ProyectoTaxiDetector/dataset/negativos/augmented/negativo_aug_00363.jpg
364,negativos_train_0405.jpg,negativo_aug_00364.jpg,/home/irar/Escritorio/ProyectoTaxiDetector/dataset/negativos/train/negativos_train_0405.jpg,/home/irar/Escritorio/ProyectoTaxiDetector/dataset/negativos/augmented/negativo_aug_00364.jpg
365,negativos_train_0528.jpg,negativo_aug_00365.jpg,/home/irar/Escritorio/ProyectoTaxiDetector/dataset/negativos/train/negativos_train_0528.jpg,/home/irar/Escritorio/ProyectoTaxiDetector/dataset/negativos/augmented/negativo_aug_00365.jpg
366,negativos_train_0386.jpg,negativo_aug_00366.jpg,/home/irar/Escritorio/ProyectoTaxiDetector/dataset/negativos/train/negativos_train_0386.jpg,/home/irar/Escritorio/ProyectoTaxiDetector/dataset/negativos/augmented/negativo_aug_00366.jpg
367,negativos_train_0579.jpg,negativo_aug_00367.jpg,/home/irar/Escritorio/ProyectoTaxiDetector/dataset/negativos/train/negativos_train_0579.jpg,/home/irar/Escritorio/ProyectoTaxiDetector/dataset/negativos/augmented/negativo_aug_00367.jpg
368,negativos_train_0230.jpg,negativo_aug_00368.jpg,/home/irar/Escritorio/ProyectoTaxiDetector/dataset/negativos/train/negativos_train_0230.jpg,/home/irar/Escritorio/ProyectoTaxiDetector/dataset/negativos/augmented/negativo_aug_00368.jpg
369,negativos_train_0548.jpg,negativo_aug_00369.jpg,/home/irar/Escritorio/ProyectoTaxiDetector/dataset/negativos/train/negativos_train_0548.jpg,/home/irar/Escritorio/ProyectoTaxiDetector/dataset/negativos/augmented/negativo_aug_00369.jpg
370,negativos_train_0392.jpg,negativo_aug_00370.jpg,/home/irar/Escritorio/ProyectoTaxiDetector/dataset/negativos/train/negativos_train_0392.jpg,/home/irar/Escritorio/ProyectoTaxiDetector/dataset/negativos/augmented/negativo_aug_00370.jpg
371,negativos_train_0099.jpg,negativo_aug_00371.jpg,/home/irar/Escritorio/ProyectoTaxiDetector/dataset/negativos/train/negativos_train_0099.jpg,/home/irar/Escritorio/ProyectoTaxiDetector/dataset/negativos/augmented/negativo_aug_00371.jpg
372,negativos_train_0586.jpg,negativo_aug_00372.jpg,/home/irar/Escritorio/ProyectoTaxiDetector/dataset/negativos/train/negativos_train_0586.jpg,/home/irar/Escritorio/ProyectoTaxiDetector/dataset/negativos/augmented/negativo_aug_00372.jpg
373,negativos_train_0056.jpg,negativo_aug_00373.jpg,/home/irar/Escritorio/ProyectoTaxiDetector/dataset/negativos/train/negativos_train_0056.jpg,/home/irar/Escritorio/ProyectoTaxiDetector/dataset/negativos/augmented/negativo_aug_00373.jpg
374,negativos_train_0424.jpg,negativo_aug_00374.jpg,/home/irar/Escritorio/ProyectoTaxiDetector/dataset/negativos/train/negativos_train_0424.jpg,/home/irar/Escritorio/ProyectoTaxiDetector/dataset/negativos/augmented/negativo_aug_00374.jpg
375,negativos_train_0373.jpg,negativo_aug_00375.jpg,/home/irar/Escritorio/ProyectoTaxiDetector/dataset/negativos/train/negativos_train_0373.jpg,/home/irar/Escritorio/ProyectoTaxiDetector/dataset/negativos/augmented/negativo_aug_00375.jpg
376,negativos_train_0207.jpg,negativo_aug_00376.jpg,/home/irar/Escritorio/ProyectoTaxiDetector/dataset/negativos/train/negativos_train_0207.jpg,/home/irar/Escritorio/ProyectoTaxiDetector/dataset/negativos/augmented/negativo_aug_00376.jpg
377,negativos_train_0032.jpg,negativo_aug_00377.jpg,/home/irar/Escritorio/ProyectoTaxiDetector/dataset/negativos/train/negativos_train_0032.jpg,/home/irar/Escritorio/ProyectoTaxiDetector/dataset/negativos/augmented/negativo_aug_00377.jpg
378,negativos_train_0051.jpg,negativo_aug_00378.jpg,/home/irar/Escritorio/ProyectoTaxiDetector/dataset/negativos/train/negativos_train_0051.jpg,/home/irar/Escritorio/ProyectoTaxiDetector/dataset/negativos/augmented/negativo_aug_00378.jpg
379,negativos_train_0331.jpg,negativo_aug_00379.jpg,/home/irar/Escritorio/ProyectoTaxiDetector/dataset/negativos/train/negativos_train_0331.jpg,/home/irar/Escritorio/ProyectoTaxiDetector/dataset/negativos/augmented/negativo_aug_00379.jpg
380,negativos_train_0335.jpg,negativo_aug_00380.jpg,/home/irar/Escritorio/ProyectoTaxiDetector/dataset/negativos/train/negativos_train_0335.jpg,/home/irar/Escritorio/ProyectoTaxiDetector/dataset/negativos/augmented/negativo_aug_00380.jpg
381,negativos_train_0597.jpg,negativo_aug_00381.jpg,/home/irar/Escritorio/ProyectoTaxiDetector/dataset/negativos/train/negativos_train_0597.jpg,/home/irar/Escritorio/ProyectoTaxiDetector/dataset/negativos/augmented/negativo_aug_00381.jpg
382,negativos_train_0613.jpg,negativo_aug_00382.jpg,/home/irar/Escritorio/ProyectoTaxiDetector/dataset/negativos/train/negativos_train_0613.jpg,/home/irar/Escritorio/ProyectoTaxiDetector/dataset/negativos/augmented/negativo_aug_00382.jpg
383,negativos_train_0440.jpg,negativo_aug_00383.jpg,/home/irar/Escritorio/ProyectoTaxiDetector/dataset/negativos/train/negativos_train_0440.jpg,/home/irar/Escritorio/ProyectoTaxiDetector/dataset/negativos/augmented/negativo_aug_00383.jpg
384,negativos_train_0240.jpg,negativo_aug_00384.jpg,/home/irar/Escritorio/ProyectoTaxiDetector/dataset/negativos/train/negativos_train_0240.jpg,/home/irar/Escritorio/ProyectoTaxiDetector/dataset/negativos/augmented/negativo_aug_00384.jpg
385,negativos_train_0211.jpg,negativo_aug_00385.jpg,/home/irar/Escritorio/ProyectoTaxiDetector/dataset/negativos/train/negativos_train_0211.jpg,/home/irar/Escritorio/ProyectoTaxiDetector/dataset/negativos/augmented/negativo_aug_00385.jpg
386,negativos_train_0444.jpg,negativo_aug_00386.jpg,/home/irar/Escritorio/ProyectoTaxiDetector/dataset/negativos/train/negativos_train_0444.jpg,/home/irar/Escritorio/ProyectoTaxiDetector/dataset/negativos/augmented/negativo_aug_00386.jpg
387,negativos_train_0182.jpg,negativo_aug_00387.jpg,/home/irar/Escritorio/ProyectoTaxiDetector/dataset/negativos/train/negativos_train_0182.jpg,/home/irar/Escritorio/ProyectoTaxiDetector/dataset/negativos/augmented/negativo_aug_00387.jpg
388,negativos_train_0598.jpg,negativo_aug_00388.jpg,/home/irar/Escritorio/ProyectoTaxiDetector/dataset/negativos/train/negativos_train_0598.jpg,/home/irar/Escritorio/ProyectoTaxiDetector/dataset/negativos/augmented/negativo_aug_00388.jpg
389,negativos_train_0451.jpg,negativo_aug_00389.jpg,/home/irar/Escritorio/ProyectoTaxiDetector/dataset/negativos/train/negativos_train_0451.jpg,/home/irar/Escritorio/ProyectoTaxiDetector/dataset/negativos/augmented/negativo_aug_00389.jpg
390,negativos_train_0050.jpg,negativo_aug_00390.jpg,/home/irar/Escritorio/ProyectoTaxiDetector/dataset/negativos/train/negativos_train_0050.jpg,/home/irar/Escritorio/ProyectoTaxiDetector/dataset/negativos/augmented/negativo_aug_00390.jpg
391,negativos_train_0527.jpg,negativo_aug_00391.jpg,/home/irar/Escritorio/ProyectoTaxiDetector/dataset/negativos/train/negativos_train_0527.jpg,/home/irar/Escritorio/ProyectoTaxiDetector/dataset/negativos/augmented/negativo_aug_00391.jpg
392,negativos_train_0098.jpg,negativo_aug_00392.jpg,/home/irar/Escritorio/ProyectoTaxiDetector/dataset/negativos/train/negativos_train_0098.jpg,/home/irar/Escritorio/ProyectoTaxiDetector/dataset/negativos/augmented/negativo_aug_00392.jpg
393,negativos_train_0209.jpg,negativo_aug_00393.jpg,/home/irar/Escritorio/ProyectoTaxiDetector/dataset/negativos/train/negativos_train_0209.jpg,/home/irar/Escritorio/ProyectoTaxiDetector/dataset/negativos/augmented/negativo_aug_00393.jpg
394,negativos_train_0396.jpg,negativo_aug_00394.jpg,/home/irar/Escritorio/ProyectoTaxiDetector/dataset/negativos/train/negativos_train_0396.jpg,/home/irar/Escritorio/ProyectoTaxiDetector/dataset/negativos/augmented/negativo_aug_00394.jpg
395,negativos_train_0125.jpg,negativo_aug_00395.jpg,/home/irar/Escritorio/ProyectoTaxiDetector/dataset/negativos/train/negativos_train_0125.jpg,/home/irar/Escritorio/ProyectoTaxiDetector/dataset/negativos/augmented/negativo_aug_00395.jpg
396,negativos_train_0243.jpg,negativo_aug_00396.jpg,/home/irar/Escritorio/ProyectoTaxiDetector/dataset/negativos/train/negativos_train_0243.jpg,/home/irar/Escritorio/ProyectoTaxiDetector/dataset/negativos/augmented/negativo_aug_00396.jpg
397,negativos_train_0296.jpg,negativo_aug_00397.jpg,/home/irar/Escritorio/ProyectoTaxiDetector/dataset/negativos/train/negativos_train_0296.jpg,/home/irar/Escritorio/ProyectoTaxiDetector/dataset/negativos/augmented/negativo_aug_00397.jpg
398,negativos_train_0293.jpg,negativo_aug_00398.jpg,/home/irar/Escritorio/ProyectoTaxiDetector/dataset/negativos/train/negativos_train_0293.jpg,/home/irar/Escritorio/ProyectoTaxiDetector/dataset/negativos/augmented/negativo_aug_00398.jpg
399,negativos_train_0533.jpg,negativo_aug_00399.jpg,/home/irar/Escritorio/ProyectoTaxiDetector/dataset/negativos/train/negativos_train_0533.jpg,/home/irar/Escritorio/ProyectoTaxiDetector/dataset/negativos/augmented/negativo_aug_00399.jpg
400,negativos_train_0561.jpg,negativo_aug_00400.jpg,/home/irar/Escritorio/ProyectoTaxiDetector/dataset/negativos/train/negativos_train_0561.jpg,/home/irar/Escritorio/ProyectoTaxiDetector/dataset/negativos/augmented/negativo_aug_00400.jpg
401,negativos_train_0442.jpg,negativo_aug_00401.jpg,/home/irar/Escritorio/ProyectoTaxiDetector/dataset/negativos/train/negativos_train_0442.jpg,/home/irar/Escritorio/ProyectoTaxiDetector/dataset/negativos/augmented/negativo_aug_00401.jpg
402,negativos_train_0110.jpg,negativo_aug_00402.jpg,/home/irar/Escritorio/ProyectoTaxiDetector/dataset/negativos/train/negativos_train_0110.jpg,/home/irar/Escritorio/ProyectoTaxiDetector/dataset/negativos/augmented/negativo_aug_00402.jpg
403,negativos_train_0459.jpg,negativo_aug_00403.jpg,/home/irar/Escritorio/ProyectoTaxiDetector/dataset/negativos/train/negativos_train_0459.jpg,/home/irar/Escritorio/ProyectoTaxiDetector/dataset/negativos/augmented/negativo_aug_00403.jpg
404,negativos_train_0343.jpg,negativo_aug_00404.jpg,/home/irar/Escritorio/ProyectoTaxiDetector/dataset/negativos/train/negativos_train_0343.jpg,/home/irar/Escritorio/ProyectoTaxiDetector/dataset/negativos/augmented/negativo_aug_00404.jpg
405,negativos_train_0538.jpg,negativo_aug_00405.jpg,/home/irar/Escritorio/ProyectoTaxiDetector/dataset/negativos/train/negativos_train_0538.jpg,/home/irar/Escritorio/ProyectoTaxiDetector/dataset/negativos/augmented/negativo_aug_00405.jpg
406,negativos_train_0122.jpg,negativo_aug_00406.jpg,/home/irar/Escritorio/ProyectoTaxiDetector/dataset/negativos/train/negativos_train_0122.jpg,/home/irar/Escritorio/ProyectoTaxiDetector/dataset/negativos/augmented/negativo_aug_00406.jpg
407,negativos_train_0264.jpg,negativo_aug_00407.jpg,/home/irar/Escritorio/ProyectoTaxiDetector/dataset/negativos/train/negativos_train_0264.jpg,/home/irar/Escritorio/ProyectoTaxiDetector/dataset/negativos/augmented/negativo_aug_00407.jpg
408,negativos_train_0416.jpg,negativo_aug_00408.jpg,/home/irar/Escritorio/ProyectoTaxiDetector/dataset/negativos/train/negativos_train_0416.jpg,/home/irar/Escritorio/ProyectoTaxiDetector/dataset/negativos/augmented/negativo_aug_00408.jpg
409,negativos_train_0170.jpg,negativo_aug_00409.jpg,/home/irar/Escritorio/ProyectoTaxiDetector/dataset/negativos/train/negativos_train_0170.jpg,/home/irar/Escritorio/ProyectoTaxiDetector/dataset/negativos/augmented/negativo_aug_00409.jpg
410,negativos_train_0017.jpg,negativo_aug_00410.jpg,/home/irar/Escritorio/ProyectoTaxiDetector/dataset/negativos/train/negativos_train_0017.jpg,/home/irar/Escritorio/ProyectoTaxiDetector/dataset/negativos/augmented/negativo_aug_00410.jpg
411,negativos_train_0035.jpg,negativo_aug_00411.jpg,/home/irar/Escritorio/ProyectoTaxiDetector/dataset/negativos/train/negativos_train_0035.jpg,/home/irar/Escritorio/ProyectoTaxiDetector/dataset/negativos/augmented/negativo_aug_00411.jpg
412,negativos_train_0420.jpg,negativo_aug_00412.jpg,/home/irar/Escritorio/ProyectoTaxiDetector/dataset/negativos/train/negativos_train_0420.jpg,/home/irar/Escritorio/ProyectoTaxiDetector/dataset/negativos/augmented/negativo_aug_00412.jpg
413,negativos_train_0618.jpg,negativo_aug_00413.jpg,/home/irar/Escritorio/ProyectoTaxiDetector/dataset/negativos/train/negativos_train_0618.jpg,/home/irar/Escritorio/ProyectoTaxiDetector/dataset/negativos/augmented/negativo_aug_00413.jpg
414,negativos_train_0587.jpg,negativo_aug_00414.jpg,/home/irar/Escritorio/ProyectoTaxiDetector/dataset/negativos/train/negativos_train_0587.jpg,/home/irar/Escritorio/ProyectoTaxiDetector/dataset/negativos/augmented/negativo_aug_00414.jpg
415,negativos_train_0363.jpg,negativo_aug_00415.jpg,/home/irar/Escritorio/ProyectoTaxiDetector/dataset/negativos/train/negativos_train_0363.jpg,/home/irar/Escritorio/ProyectoTaxiDetector/dataset/negativos/augmented/negativo_aug_00415.jpg
416,negativos_train_0037.jpg,negativo_aug_00416.jpg,/home/irar/Escritorio/ProyectoTaxiDetector/dataset/negativos/train/negativos_train_0037.jpg,/home/irar/Escritorio/ProyectoTaxiDetector/dataset/negativos/augmented/negativo_aug_00416.jpg
417,negativos_train_0004.jpg,negativo_aug_00417.jpg,/home/irar/Escritorio/ProyectoTaxiDetector/dataset/negativos/train/negativos_train_0004.jpg,/home/irar/Escritorio/ProyectoTaxiDetector/dataset/negativos/augmented/negativo_aug_00417.jpg
418,negativos_train_0526.jpg,negativo_aug_00418.jpg,/home/irar/Escritorio/ProyectoTaxiDetector/dataset/negativos/train/negativos_train_0526.jpg,/home/irar/Escritorio/ProyectoTaxiDetector/dataset/negativos/augmented/negativo_aug_00418.jpg
419,negativos_train_0422.jpg,negativo_aug_00419.jpg,/home/irar/Escritorio/ProyectoTaxiDetector/dataset/negativos/train/negativos_train_0422.jpg,/home/irar/Escritorio/ProyectoTaxiDetector/dataset/negativos/augmented/negativo_aug_00419.jpg
420,negativos_train_0516.jpg,negativo_aug_00420.jpg,/home/irar/Escritorio/ProyectoTaxiDetector/dataset/negativos/train/negativos_train_0516.jpg,/home/irar/Escritorio/ProyectoTaxiDetector/dataset/negativos/augmented/negativo_aug_00420.jpg
421,negativos_train_0284.jpg,negativo_aug_00421.jpg,/home/irar/Escritorio/ProyectoTaxiDetector/dataset/negativos/train/negativos_train_0284.jpg,/home/irar/Escritorio/ProyectoTaxiDetector/dataset/negativos/augmented/negativo_aug_00421.jpg
422,negativos_train_0302.jpg,negativo_aug_00422.jpg,/home/irar/Escritorio/ProyectoTaxiDetector/dataset/negativos/train/negativos_train_0302.jpg,/home/irar/Escritorio/ProyectoTaxiDetector/dataset/negativos/augmented/negativo_aug_00422.jpg
423,negativos_train_0011.jpg,negativo_aug_00423.jpg,/home/irar/Escritorio/ProyectoTaxiDetector/dataset/negativos/train/negativos_train_0011.jpg,/home/irar/Escritorio/ProyectoTaxiDetector/dataset/negativos/augmented/negativo_aug_00423.jpg
424,negativos_train_0174.jpg,negativo_aug_00424.jpg,/home/irar/Escritorio/ProyectoTaxiDetector/dataset/negativos/train/negativos_train_0174.jpg,/home/irar/Escritorio/ProyectoTaxiDetector/dataset/negativos/augmented/negativo_aug_00424.jpg
425,negativos_train_0551.jpg,negativo_aug_00425.jpg,/home/irar/Escritorio/ProyectoTaxiDetector/dataset/negativos/train/negativos_train_0551.jpg,/home/irar/Escritorio/ProyectoTaxiDetector/dataset/negativos/augmented/negativo_aug_00425.jpg
426,negativos_train_0116.jpg,negativo_aug_00426.jpg,/home/irar/Escritorio/ProyectoTaxiDetector/dataset/negativos/train/negativos_train_0116.jpg,/home/irar/Escritorio/ProyectoTaxiDetector/dataset/negativos/augmented/negativo_aug_00426.jpg
427,negativos_train_0127.jpg,negativo_aug_00427.jpg,/home/irar/Escritorio/ProyectoTaxiDetector/dataset/negativos/train/negativos_train_0127.jpg,/home/irar/Escritorio/ProyectoTaxiDetector/dataset/negativos/augmented/negativo_aug_00427.jpg
428,negativos_train_0062.jpg,negativo_aug_00428.jpg,/home/irar/Escritorio/ProyectoTaxiDetector/dataset/negativos/train/negativos_train_0062.jpg,/home/irar/Escritorio/ProyectoTaxiDetector/dataset/negativos/augmented/negativo_aug_00428.jpg
429,negativos_train_0232.jpg,negativo_aug_00429.jpg,/home/irar/Escritorio/ProyectoTaxiDetector/dataset/negativos/train/negativos_train_0232.jpg,/home/irar/Escritorio/ProyectoTaxiDetector/dataset/negativos/augmented/negativo_aug_00429.jpg
430,negativos_train_0265.jpg,negativo_aug_00430.jpg,/home/irar/Escritorio/ProyectoTaxiDetector/dataset/negativos/train/negativos_train_0265.jpg,/home/irar/Escritorio/ProyectoTaxiDetector/dataset/negativos/augmented/negativo_aug_00430.jpg
431,negativos_train_0532.jpg,negativo_aug_00431.jpg,/home/irar/Escritorio/ProyectoTaxiDetector/dataset/negativos/train/negativos_train_0532.jpg,/home/irar/Escritorio/ProyectoTaxiDetector/dataset/negativos/augmented/negativo_aug_00431.jpg
432,negativos_train_0486.jpg,negativo_aug_00432.jpg,/home/irar/Escritorio/ProyectoTaxiDetector/dataset/negativos/train/negativos_train_0486.jpg,/home/irar/Escritorio/ProyectoTaxiDetector/dataset/negativos/augmented/negativo_aug_00432.jpg
433,negativos_train_0554.jpg,negativo_aug_00433.jpg,/home/irar/Escritorio/ProyectoTaxiDetector/dataset/negativos/train/negativos_train_0554.jpg,/home/irar/Escritorio/ProyectoTaxiDetector/dataset/negativos/augmented/negativo_aug_00433.jpg
434,negativos_train_0344.jpg,negativo_aug_00434.jpg,/home/irar/Escritorio/ProyectoTaxiDetector/dataset/negativos/train/negativos_train_0344.jpg,/home/irar/Escritorio/ProyectoTaxiDetector/dataset/negativos/augmented/negativo_aug_00434.jpg
435,negativos_train_0205.jpg,negativo_aug_00435.jpg,/home/irar/Escritorio/ProyectoTaxiDetector/dataset/negativos/train/negativos_train_0205.jpg,/home/irar/Escritorio/ProyectoTaxiDetector/dataset/negativos/augmented/negativo_aug_00435.jpg
436,negativos_train_0599.jpg,negativo_aug_00436.jpg,/home/irar/Escritorio/ProyectoTaxiDetector/dataset/negativos/train/negativos_train_0599.jpg,/home/irar/Escritorio/ProyectoTaxiDetector/dataset/negativos/augmented/negativo_aug_00436.jpg
437,negativos_train_0366.jpg,negativo_aug_00437.jpg,/home/irar/Escritorio/ProyectoTaxiDetector/dataset/negativos/train/negativos_train_0366.jpg,/home/irar/Escritorio/ProyectoTaxiDetector/dataset/negativos/augmented/negativo_aug_00437.jpg
438,negativos_train_0103.jpg,negativo_aug_00438.jpg,/home/irar/Escritorio/ProyectoTaxiDetector/dataset/negativos/train/negativos_train_0103.jpg,/home/irar/Escritorio/ProyectoTaxiDetector/dataset/negativos/augmented/negativo_aug_00438.jpg
439,negativos_train_0354.jpg,negativo_aug_00439.jpg,/home/irar/Escritorio/ProyectoTaxiDetector/dataset/negativos/train/negativos_train_0354.jpg,/home/irar/Escritorio/ProyectoTaxiDetector/dataset/negativos/augmented/negativo_aug_00439.jpg
440,negativos_train_0569.jpg,negativo_aug_00440.jpg,/home/irar/Escritorio/ProyectoTaxiDetector/dataset/negativos/train/negativos_train_0569.jpg,/home/irar/Escritorio/ProyectoTaxiDetector/dataset/negativos/augmented/negativo_aug_00440.jpg
441,negativos_train_0387.jpg,negativo_aug_00441.jpg,/home/irar/Escritorio/ProyectoTaxiDetector/dataset/negativos/train/negativos_train_0387.jpg,/home/irar/Escritorio/ProyectoTaxiDetector/dataset/negativos/augmented/negativo_aug_00441.jpg
442,negativos_train_0483.jpg,negativo_aug_00442.jpg,/home/irar/Escritorio/ProyectoTaxiDetector/dataset/negativos/train/negativos_train_0483.jpg,/home/irar/Escritorio/ProyectoTaxiDetector/dataset/negativos/augmented/negativo_aug_00442.jpg
443,negativos_train_0109.jpg,negativo_aug_00443.jpg,/home/irar/Escritorio/ProyectoTaxiDetector/dataset/negativos/train/negativos_train_0109.jpg,/home/irar/Escritorio/ProyectoTaxiDetector/dataset/negativos/augmented/negativo_aug_00443.jpg
444,negativos_train_0546.jpg,negativo_aug_00444.jpg,/home/irar/Escritorio/ProyectoTaxiDetector/dataset/negativos/train/negativos_train_0546.jpg,/home/irar/Escritorio/ProyectoTaxiDetector/dataset/negativos/augmented/negativo_aug_00444.jpg
445,negativos_train_0311.jpg,negativo_aug_00445.jpg,/home/irar/Escritorio/ProyectoTaxiDetector/dataset/negativos/train/negativos_train_0311.jpg,/home/irar/Escritorio/ProyectoTaxiDetector/dataset/negativos/augmented/negativo_aug_00445.jpg
446,negativos_train_0590.jpg,negativo_aug_00446.jpg,/home/irar/Escritorio/ProyectoTaxiDetector/dataset/negativos/train/negativos_train_0590.jpg,/home/irar/Escritorio/ProyectoTaxiDetector/dataset/negativos/augmented/negativo_aug_00446.jpg
447,negativos_train_0136.jpg,negativo_aug_00447.jpg,/home/irar/Escritorio/ProyectoTaxiDetector/dataset/negativos/train/negativos_train_0136.jpg,/home/irar/Escritorio/ProyectoTaxiDetector/dataset/negativos/augmented/negativo_aug_00447.jpg
448,negativos_train_0085.jpg,negativo_aug_00448.jpg,/home/irar/Escritorio/ProyectoTaxiDetector/dataset/negativos/train/negativos_train_0085.jpg,/home/irar/Escritorio/ProyectoTaxiDetector/dataset/negativos/augmented/negativo_aug_00448.jpg
449,negativos_train_0628.jpg,negativo_aug_00449.jpg,/home/irar/Escritorio/ProyectoTaxiDetector/dataset/negativos/train/negativos_train_0628.jpg,/home/irar/Escritorio/ProyectoTaxiDetector/dataset/negativos/augmented/negativo_aug_00449.jpg
450,negativos_train_0244.jpg,negativo_aug_00450.jpg,/home/irar/Escritorio/ProyectoTaxiDetector/dataset/negativos/train/negativos_train_0244.jpg,/home/irar/Escritorio/ProyectoTaxiDetector/dataset/negativos/augmented/negativo_aug_00450.jpg
451,negativos_train_0338.jpg,negativo_aug_00451.jpg,/home/irar/Escritorio/ProyectoTaxiDetector/dataset/negativos/train/negativos_train_0338.jpg,/home/irar/Escritorio/ProyectoTaxiDetector/dataset/negativos/augmented/negativo_aug_00451.jpg
452,negativos_train_0530.jpg,negativo_aug_00452.jpg,/home/irar/Escritorio/ProyectoTaxiDetector/dataset/negativos/train/negativos_train_0530.jpg,/home/irar/Escritorio/ProyectoTaxiDetector/dataset/negativos/augmented/negativo_aug_00452.jpg
453,negativos_train_0065.jpg,negativo_aug_00453.jpg,/home/irar/Escritorio/ProyectoTaxiDetector/dataset/negativos/train/negativos_train_0065.jpg,/home/irar/Escritorio/ProyectoTaxiDetector/dataset/negativos/augmented/negativo_aug_00453.jpg
454,negativos_train_0393.jpg,negativo_aug_00454.jpg,/home/irar/Escritorio/ProyectoTaxiDetector/dataset/negativos/train/negativos_train_0393.jpg,/home/irar/Escritorio/ProyectoTaxiDetector/dataset/negativos/augmented/negativo_aug_00454.jpg
455,negativos_train_0273.jpg,negativo_aug_00455.jpg,/home/irar/Escritorio/ProyectoTaxiDetector/dataset/negativos/train/negativos_train_0273.jpg,/home/irar/Escritorio/ProyectoTaxiDetector/dataset/negativos/augmented/negativo_aug_00455.jpg
456,negativos_train_0572.jpg,negativo_aug_00456.jpg,/home/irar/Escritorio/ProyectoTaxiDetector/dataset/negativos/train/negativos_train_0572.jpg,/home/irar/Escritorio/ProyectoTaxiDetector/dataset/negativos/augmented/negativo_aug_00456.jpg
457,negativos_train_0036.jpg,negativo_aug_00457.jpg,/home/irar/Escritorio/ProyectoTaxiDetector/dataset/negativos/train/negativos_train_0036.jpg,/home/irar/Escritorio/ProyectoTaxiDetector/dataset/negativos/augmented/negativo_aug_00457.jpg
458,negativos_train_0418.jpg,negativo_aug_00458.jpg,/home/irar/Escritorio/ProyectoTaxiDetector/dataset/negativos/train/negativos_train_0418.jpg,/home/irar/Escritorio/ProyectoTaxiDetector/dataset/negativos/augmented/negativo_aug_00458.jpg
459,negativos_train_0249.jpg,negativo_aug_00459.jpg,/home/irar/Escritorio/ProyectoTaxiDetector/dataset/negativos/train/negativos_train_0249.jpg,/home/irar/Escritorio/ProyectoTaxiDetector/dataset/negativos/augmented/negativo_aug_00459.jpg
460,negativos_train_0375.jpg,negativo_aug_00460.jpg,/home/irar/Escritorio/ProyectoTaxiDetector/dataset/negativos/train/negativos_train_0375.jpg,/home/irar/Escritorio/ProyectoTaxiDetector/dataset/negativos/augmented/negativo_aug_00460.jpg
461,negativos_train_0044.jpg,negativo_aug_00461.jpg,/home/irar/Escritorio/ProyectoTaxiDetector/dataset/negativos/train/negativos_train_0044.jpg,/home/irar/Escritorio/ProyectoTaxiDetector/dataset/negativos/augmented/negativo_aug_00461.jpg
462,negativos_train_0041.jpg,negativo_aug_00462.jpg,/home/irar/Escritorio/ProyectoTaxiDetector/dataset/negativos/train/negativos_train_0041.jpg,/home/irar/Escritorio/ProyectoTaxiDetector/dataset/negativos/augmented/negativo_aug_00462.jpg
463,negativos_train_0291.jpg,negativo_aug_00463.jpg,/home/irar/Escritorio/ProyectoTaxiDetector/dataset/negativos/train/negativos_train_0291.jpg,/home/irar/Escritorio/ProyectoTaxiDetector/dataset/negativos/augmented/negativo_aug_00463.jpg
464,negativos_train_0479.jpg,negativo_aug_00464.jpg,/home/irar/Escritorio/ProyectoTaxiDetector/dataset/negativos/train/negativos_train_0479.jpg,/home/irar/Escritorio/ProyectoTaxiDetector/dataset/negativos/augmented/negativo_aug_00464.jpg
465,negativos_train_0124.jpg,negativo_aug_00465.jpg,/home/irar/Escritorio/ProyectoTaxiDetector/dataset/negativos/train/negativos_train_0124.jpg,/home/irar/Escritorio/ProyectoTaxiDetector/dataset/negativos/augmented/negativo_aug_00465.jpg
466,negativos_train_0030.jpg,negativo_aug_00466.jpg,/home/irar/Escritorio/ProyectoTaxiDetector/dataset/negativos/train/negativos_train_0030.jpg,/home/irar/Escritorio/ProyectoTaxiDetector/dataset/negativos/augmented/negativo_aug_00466.jpg
467,negativos_train_0123.jpg,negativo_aug_00467.jpg,/home/irar/Escritorio/ProyectoTaxiDetector/dataset/negativos/train/negativos_train_0123.jpg,/home/irar/Escritorio/ProyectoTaxiDetector/dataset/negativos/augmented/negativo_aug_00467.jpg
468,negativos_train_0158.jpg,negativo_aug_00468.jpg,/home/irar/Escritorio/ProyectoTaxiDetector/dataset/negativos/train/negativos_train_0158.jpg,/home/irar/Escritorio/ProyectoTaxiDetector/dataset/negativos/augmented/negativo_aug_00468.jpg
469,negativos_train_0414.jpg,negativo_aug_00469.jpg,/home/irar/Escritorio/ProyectoTaxiDetector/dataset/negativos/train/negativos_train_0414.jpg,/home/irar/Escritorio/ProyectoTaxiDetector/dataset/negativos/augmented/negativo_aug_00469.jpg
470,negativos_train_0426.jpg,negativo_aug_00470.jpg,/home/irar/Escritorio/ProyectoTaxiDetector/dataset/negativos/train/negativos_train_0426.jpg,/home/irar/Escritorio/ProyectoTaxiDetector/dataset/negativos/augmented/negativo_aug_00470.jpg
471,negativos_train_0450.jpg,negativo_aug_00471.jpg,/home/irar/Escritorio/ProyectoTaxiDetector/dataset/negativos/train/negativos_train_0450.jpg,/home/irar/Escritorio/ProyectoTaxiDetector/dataset/negativos/augmented/negativo_aug_00471.jpg
472,negativos_train_0186.jpg,negativo_aug_00472.jpg,/home/irar/Escritorio/ProyectoTaxiDetector/dataset/negativos/train/negativos_train_0186.jpg,/home/irar/Escritorio/ProyectoTaxiDetector/dataset/negativos/augmented/negativo_aug_00472.jpg
473,negativos_train_0553.jpg,negativo_aug_00473.jpg,/home/irar/Escritorio/ProyectoTaxiDetector/dataset/negativos/train/negativos_train_0553.jpg,/home/irar/Escritorio/ProyectoTaxiDetector/dataset/negativos/augmented/negativo_aug_00473.jpg
474,negativos_train_0010.jpg,negativo_aug_00474.jpg,/home/irar/Escritorio/ProyectoTaxiDetector/dataset/negativos/train/negativos_train_0010.jpg,/home/irar/Escritorio/ProyectoTaxiDetector/dataset/negativos/augmented/negativo_aug_00474.jpg
475,negativos_train_0560.jpg,negativo_aug_00475.jpg,/home/irar/Escritorio/ProyectoTaxiDetector/dataset/negativos/train/negativos_train_0560.jpg,/home/irar/Escritorio/ProyectoTaxiDetector/dataset/negativos/augmented/negativo_aug_00475.jpg
476,negativos_train_0166.jpg,negativo_aug_00476.jpg,/home/irar/Escritorio/ProyectoTaxiDetector/dataset/negativos/train/negativos_train_0166.jpg,/home/irar/Escritorio/ProyectoTaxiDetector/dataset/negativos/augmented/negativo_aug_00476.jpg
477,negativos_train_0307.jpg,negativo_aug_00477.jpg,/home/irar/Escritorio/ProyectoTaxiDetector/dataset/negativos/train/negativos_train_0307.jpg,/home/irar/Escritorio/ProyectoTaxiDetector/dataset/negativos/augmented/negativo_aug_00477.jpg
478,negativos_train_0001.jpg,negativo_aug_00478.jpg,/home/irar/Escritorio/ProyectoTaxiDetector/dataset/negativos/train/negativos_train_0001.jpg,/home/irar/Escritorio/ProyectoTaxiDetector/dataset/negativos/augmented/negativo_aug_00478.jpg
479,negativos_train_0588.jpg,negativo_aug_00479.jpg,/home/irar/Escritorio/ProyectoTaxiDetector/dataset/negativos/train/negativos_train_0588.jpg,/home/irar/Escritorio/ProyectoTaxiDetector/dataset/negativos/augmented/negativo_aug_00479.jpg
480,negativos_train_0539.jpg,negativo_aug_00480.jpg,/home/irar/Escritorio/ProyectoTaxiDetector/dataset/negativos/train/negativos_train_0539.jpg,/home/irar/Escritorio/ProyectoTaxiDetector/dataset/negativos/augmented/negativo_aug_00480.jpg
481,negativos_train_0473.jpg,negativo_aug_00481.jpg,/home/irar/Escritorio/ProyectoTaxiDetector/dataset/negativos/train/negativos_train_0473.jpg,/home/irar/Escritorio/ProyectoTaxiDetector/dataset/negativos/augmented/negativo_aug_00481.jpg
482,negativos_train_0399.jpg,negativo_aug_00482.jpg,/home/irar/Escritorio/ProyectoTaxiDetector/dataset/negativos/train/negativos_train_0399.jpg,/home/irar/Escritorio/ProyectoTaxiDetector/dataset/negativos/augmented/negativo_aug_00482.jpg
483,negativos_train_0556.jpg,negativo_aug_00483.jpg,/home/irar/Escritorio/ProyectoTaxiDetector/dataset/negativos/train/negativos_train_0556.jpg,/home/irar/Escritorio/ProyectoTaxiDetector/dataset/negativos/augmented/negativo_aug_00483.jpg
484,negativos_train_0083.jpg,negativo_aug_00484.jpg,/home/irar/Escritorio/ProyectoTaxiDetector/dataset/negativos/train/negativos_train_0083.jpg,/home/irar/Escritorio/ProyectoTaxiDetector/dataset/negativos/augmented/negativo_aug_00484.jpg
485,negativos_train_0500.jpg,negativo_aug_00485.jpg,/home/irar/Escritorio/ProyectoTaxiDetector/dataset/negativos/train/negativos_train_0500.jpg,/home/irar/Escritorio/ProyectoTaxiDetector/dataset/negativos/augmented/negativo_aug_00485.jpg
486,negativos_train_0192.jpg,negativo_aug_00486.jpg,/home/irar/Escritorio/ProyectoTaxiDetector/dataset/negativos/train/negativos_train_0192.jpg,/home/irar/Escritorio/ProyectoTaxiDetector/dataset/negativos/augmented/negativo_aug_00486.jpg
487,negativos_train_0079.jpg,negativo_aug_00487.jpg,/home/irar/Escritorio/ProyectoTaxiDetector/dataset/negativos/train/negativos_train_0079.jpg,/home/irar/Escritorio/ProyectoTaxiDetector/dataset/negativos/augmented/negativo_aug_00487.jpg
488,negativos_train_0102.jpg,negativo_aug_00488.jpg,/home/irar/Escritorio/ProyectoTaxiDetector/dataset/negativos/train/negativos_train_0102.jpg,/home/irar/Escritorio/ProyectoTaxiDetector/dataset/negativos/augmented/negativo_aug_00488.jpg
489,negativos_train_0312.jpg,negativo_aug_00489.jpg,/home/irar/Escritorio/ProyectoTaxiDetector/dataset/negativos/train/negativos_train_0312.jpg,/home/irar/Escritorio/ProyectoTaxiDetector/dataset/negativos/augmented/negativo_aug_00489.jpg
490,negativos_train_0502.jpg,negativo_aug_00490.jpg,/home/irar/Escritorio/ProyectoTaxiDetector/dataset/negativos/train/negativos_train_0502.jpg,/home/irar/Escritorio/ProyectoTaxiDetector/dataset/negativos/augmented/negativo_aug_00490.jpg
491,negativos_train_0328.jpg,negativo_aug_00491.jpg,/home/irar/Escritorio/ProyectoTaxiDetector/dataset/negativos/train/negativos_train_0328.jpg,/home/irar/Escritorio/ProyectoTaxiDetector/dataset/negativos/augmented/negativo_aug_00491.jpg
492,negativos_train_0431.jpg,negativo_aug_00492.jpg,/home/irar/Escritorio/ProyectoTaxiDetector/dataset/negativos/train/negativos_train_0431.jpg,/home/irar/Escritorio/ProyectoTaxiDetector/dataset/negativos/augmented/negativo_aug_00492.jpg
493,negativos_train_0153.jpg,negativo_aug_00493.jpg,/home/irar/Escritorio/ProyectoTaxiDetector/dataset/negativos/train/negativos_train_0153.jpg,/home/irar/Escritorio/ProyectoTaxiDetector/dataset/negativos/augmented/negativo_aug_00493.jpg
494,negativos_train_0321.jpg,negativo_aug_00494.jpg,/home/irar/Escritorio/ProyectoTaxiDetector/dataset/negativos/train/negativos_train_0321.jpg,/home/irar/Escritorio/ProyectoTaxiDetector/dataset/negativos/augmented/negativo_aug_00494.jpg
495,negativos_train_0446.jpg,negativo_aug_00495.jpg,/home/irar/Escritorio/ProyectoTaxiDetector/dataset/negativos/train/negativos_train_0446.jpg,/home/irar/Escritorio/ProyectoTaxiDetector/dataset/negativos/augmented/negativo_aug_00495.jpg
496,negativos_train_0055.jpg,negativo_aug_00496.jpg,/home/irar/Escritorio/ProyectoTaxiDetector/dataset/negativos/train/negativos_train_0055.jpg,/home/irar/Escritorio/ProyectoTaxiDetector/dataset/negativos/augmented/negativo_aug_00496.jpg
497,negativos_train_0468.jpg,negativo_aug_00497.jpg,/home/irar/Escritorio/ProyectoTaxiDetector/dataset/negativos/train/negativos_train_0468.jpg,/home/irar/Escritorio/ProyectoTaxiDetector/dataset/negativos/augmented/negativo_aug_00497.jpg
498,negativos_train_0260.jpg,negativo_aug_00498.jpg,/home/irar/Escritorio/ProyectoTaxiDetector/dataset/negativos/train/negativos_train_0260.jpg,/home/irar/Escritorio/ProyectoTaxiDetector/dataset/negativos/augmented/negativo_aug_00498.jpg
499,negativos_train_0092.jpg,negativo_aug_00499.jpg,/home/irar/Escritorio/ProyectoTaxiDetector/dataset/negativos/train/negativos_train_0092.jpg,/home/irar/Escritorio/ProyectoTaxiDetector/dataset/negativos/augmented/negativo_aug_00499.jpg
500,negativos_train_0520.jpg,negativo_aug_00500.jpg,/home/irar/Escritorio/ProyectoTaxiDetector/dataset/negativos/train/negativos_train_0520.jpg,/home/irar/Escritorio/ProyectoTaxiDetector/dataset/negativos/augmented/negativo_aug_00500.jpg
501,negativos_train_0257.jpg,negativo_aug_00501.jpg,/home/irar/Escritorio/ProyectoTaxiDetector/dataset/negativos/train/negativos_train_0257.jpg,/home/irar/Escritorio/ProyectoTaxiDetector/dataset/negativos/augmented/negativo_aug_00501.jpg
502,negativos_train_0498.jpg,negativo_aug_00502.jpg,/home/irar/Escritorio/ProyectoTaxiDetector/dataset/negativos/train/negativos_train_0498.jpg,/home/irar/Escritorio/ProyectoTaxiDetector/dataset/negativos/augmented/negativo_aug_00502.jpg
503,negativos_train_0135.jpg,negativo_aug_00503.jpg,/home/irar/Escritorio/ProyectoTaxiDetector/dataset/negativos/train/negativos_train_0135.jpg,/home/irar/Escritorio/ProyectoTaxiDetector/dataset/negativos/augmented/negativo_aug_00503.jpg
504,negativos_train_0369.jpg,negativo_aug_00504.jpg,/home/irar/Escritorio/ProyectoTaxiDetector/dataset/negativos/train/negativos_train_0369.jpg,/home/irar/Escritorio/ProyectoTaxiDetector/dataset/negativos/augmented/negativo_aug_00504.jpg
505,negativos_train_0449.jpg,negativo_aug_00505.jpg,/home/irar/Escritorio/ProyectoTaxiDetector/dataset/negativos/train/negativos_train_0449.jpg,/home/irar/Escritorio/ProyectoTaxiDetector/dataset/negativos/augmented/negativo_aug_00505.jpg
506,negativos_train_0370.jpg,negativo_aug_00506.jpg,/home/irar/Escritorio/ProyectoTaxiDetector/dataset/negativos/train/negativos_train_0370.jpg,/home/irar/Escritorio/ProyectoTaxiDetector/dataset/negativos/augmented/negativo_aug_00506.jpg
507,negativos_train_0489.jpg,negativo_aug_00507.jpg,/home/irar/Escritorio/ProyectoTaxiDetector/dataset/negativos/train/negativos_train_0489.jpg,/home/irar/Escritorio/ProyectoTaxiDetector/dataset/negativos/augmented/negativo_aug_00507.jpg
508,negativos_train_0002.jpg,negativo_aug_00508.jpg,/home/irar/Escritorio/ProyectoTaxiDetector/dataset/negativos/train/negativos_train_0002.jpg,/home/irar/Escritorio/ProyectoTaxiDetector/dataset/negativos/augmented/negativo_aug_00508.jpg
509,negativos_train_0233.jpg,negativo_aug_00509.jpg,/home/irar/Escritorio/ProyectoTaxiDetector/dataset/negativos/train/negativos_train_0233.jpg,/home/irar/Escritorio/ProyectoTaxiDetector/dataset/negativos/augmented/negativo_aug_00509.jpg
510,negativos_train_0584.jpg,negativo_aug_00510.jpg,/home/irar/Escritorio/ProyectoTaxiDetector/dataset/negativos/train/negativos_train_0584.jpg,/home/irar/Escritorio/ProyectoTaxiDetector/dataset/negativos/augmented/negativo_aug_00510.jpg
511,negativos_train_0223.jpg,negativo_aug_00511.jpg,/home/irar/Escritorio/ProyectoTaxiDetector/dataset/negativos/train/negativos_train_0223.jpg,/home/irar/Escritorio/ProyectoTaxiDetector/dataset/negativos/augmented/negativo_aug_00511.jpg
512,negativos_train_0582.jpg,negativo_aug_00512.jpg,/home/irar/Escritorio/ProyectoTaxiDetector/dataset/negativos/train/negativos_train_0582.jpg,/home/irar/Escritorio/ProyectoTaxiDetector/dataset/negativos/augmented/negativo_aug_00512.jpg
513,negativos_train_0630.jpg,negativo_aug_00513.jpg,/home/irar/Escritorio/ProyectoTaxiDetector/dataset/negativos/train/negativos_train_0630.jpg,/home/irar/Escritorio/ProyectoTaxiDetector/dataset/negativos/augmented/negativo_aug_00513.jpg
514,negativos_train_0601.jpg,negativo_aug_00514.jpg,/home/irar/Escritorio/ProyectoTaxiDetector/dataset/negativos/train/negativos_train_0601.jpg,/home/irar/Escritorio/ProyectoTaxiDetector/dataset/negativos/augmented/negativo_aug_00514.jpg
515,negativos_train_0564.jpg,negativo_aug_00515.jpg,/home/irar/Escritorio/ProyectoTaxiDetector/dataset/negativos/train/negativos_train_0564.jpg,/home/irar/Escritorio/ProyectoTaxiDetector/dataset/negativos/augmented/negativo_aug_00515.jpg
516,negativos_train_0118.jpg,negativo_aug_00516.jpg,/home/irar/Escritorio/ProyectoTaxiDetector/dataset/negativos/train/negativos_train_0118.jpg,/home/irar/Escritorio/ProyectoTaxiDetector/dataset/negativos/augmented/negativo_aug_00516.jpg
517,negativos_train_0012.jpg,negativo_aug_00517.jpg,/home/irar/Escritorio/ProyectoTaxiDetector/dataset/negativos/train/negativos_train_0012.jpg,/home/irar/Escritorio/ProyectoTaxiDetector/dataset/negativos/augmented/negativo_aug_00517.jpg
518,negativos_train_0258.jpg,negativo_aug_00518.jpg,/home/irar/Escritorio/ProyectoTaxiDetector/dataset/negativos/train/negativos_train_0258.jpg,/home/irar/Escritorio/ProyectoTaxiDetector/dataset/negativos/augmented/negativo_aug_00518.jpg
519,negativos_train_0480.jpg,negativo_aug_00519.jpg,/home/irar/Escritorio/ProyectoTaxiDetector/dataset/negativos/train/negativos_train_0480.jpg,/home/irar/Escritorio/ProyectoTaxiDetector/dataset/negativos/augmented/negativo_aug_00519.jpg
520,negativos_train_0391.jpg,negativo_aug_00520.jpg,/home/irar/Escritorio/ProyectoTaxiDetector/dataset/negativos/train/negativos_train_0391.jpg,/home/irar/Escritorio/ProyectoTaxiDetector/dataset/negativos/augmented/negativo_aug_00520.jpg
521,negativos_train_0395.jpg,negativo_aug_00521.jpg,/home/irar/Escritorio/ProyectoTaxiDetector/dataset/negativos/train/negativos_train_0395.jpg,/home/irar/Escritorio/ProyectoTaxiDetector/dataset/negativos/augmented/negativo_aug_00521.jpg
522,negativos_train_0066.jpg,negativo_aug_00522.jpg,/home/irar/Escritorio/ProyectoTaxiDetector/dataset/negativos/train/negativos_train_0066.jpg,/home/irar/Escritorio/ProyectoTaxiDetector/dataset/negativos/augmented/negativo_aug_00522.jpg
523,negativos_train_0602.jpg,negativo_aug_00523.jpg,/home/irar/Escritorio/ProyectoTaxiDetector/dataset/negativos/train/negativos_train_0602.jpg,/home/irar/Escritorio/ProyectoTaxiDetector/dataset/negativos/augmented/negativo_aug_00523.jpg
524,negativos_train_0603.jpg,negativo_aug_00524.jpg,/home/irar/Escritorio/ProyectoTaxiDetector/dataset/negativos/train/negativos_train_0603.jpg,/home/irar/Escritorio/ProyectoTaxiDetector/dataset/negativos/augmented/negativo_aug_00524.jpg
525,negativos_train_0157.jpg,negativo_aug_00525.jpg,/home/irar/Escritorio/ProyectoTaxiDetector/dataset/negativos/train/negativos_train_0157.jpg,/home/irar/Escritorio/ProyectoTaxiDetector/dataset/negativos/augmented/negativo_aug_00525.jpg
526,negativos_train_0113.jpg,negativo_aug_00526.jpg,/home/irar/Escritorio/ProyectoTaxiDetector/dataset/negativos/train/negativos_train_0113.jpg,/home/irar/Escritorio/ProyectoTaxiDetector/dataset/negativos/augmented/negativo_aug_00526.jpg
527,negativos_train_0049.jpg,negativo_aug_00527.jpg,/home/irar/Escritorio/ProyectoTaxiDetector/dataset/negativos/train/negativos_train_0049.jpg,/home/irar/Escritorio/ProyectoTaxiDetector/dataset/negativos/augmented/negativo_aug_00527.jpg
528,negativos_train_0094.jpg,negativo_aug_00528.jpg,/home/irar/Escritorio/ProyectoTaxiDetector/dataset/negativos/train/negativos_train_0094.jpg,/home/irar/Escritorio/ProyectoTaxiDetector/dataset/negativos/augmented/negativo_aug_00528.jpg
529,negativos_train_0506.jpg,negativo_aug_00529.jpg,/home/irar/Escritorio/ProyectoTaxiDetector/dataset/negativos/train/negativos_train_0506.jpg,/home/irar/Escritorio/ProyectoTaxiDetector/dataset/negativos/augmented/negativo_aug_00529.jpg
530,negativos_train_0522.jpg,negativo_aug_00530.jpg,/home/irar/Escritorio/ProyectoTaxiDetector/dataset/negativos/train/negativos_train_0522.jpg,/home/irar/Escritorio/ProyectoTaxiDetector/dataset/negativos/augmented/negativo_aug_00530.jpg
531,negativos_train_0142.jpg,negativo_aug_00531.jpg,/home/irar/Escritorio/ProyectoTaxiDetector/dataset/negativos/train/negativos_train_0142.jpg,/home/irar/Escritorio/ProyectoTaxiDetector/dataset/negativos/augmented/negativo_aug_00531.jpg
532,negativos_train_0555.jpg,negativo_aug_00532.jpg,/home/irar/Escritorio/ProyectoTaxiDetector/dataset/negativos/train/negativos_train_0555.jpg,/home/irar/Escritorio/ProyectoTaxiDetector/dataset/negativos/augmented/negativo_aug_00532.jpg
533,negativos_train_0581.jpg,negativo_aug_00533.jpg,/home/irar/Escritorio/ProyectoTaxiDetector/dataset/negativos/train/negativos_train_0581.jpg,/home/irar/Escritorio/ProyectoTaxiDetector/dataset/negativos/augmented/negativo_aug_00533.jpg
534,negativos_train_0409.jpg,negativo_aug_00534.jpg,/home/irar/Escritorio/ProyectoTaxiDetector/dataset/negativos/train/negativos_train_0409.jpg,/home/irar/Escritorio/ProyectoTaxiDetector/dataset/negativos/augmented/negativo_aug_00534.jpg
535,negativos_train_0439.jpg,negativo_aug_00535.jpg,/home/irar/Escritorio/ProyectoTaxiDetector/dataset/negativos/train/negativos_train_0439.jpg,/home/irar/Escritorio/ProyectoTaxiDetector/dataset/negativos/augmented/negativo_aug_00535.jpg
536,negativos_train_0270.jpg,negativo_aug_00536.jpg,/home/irar/Escritorio/ProyectoTaxiDetector/dataset/negativos/train/negativos_train_0270.jpg,/home/irar/Escritorio/ProyectoTaxiDetector/dataset/negativos/augmented/negativo_aug_00536.jpg
537,negativos_train_0253.jpg,negativo_aug_00537.jpg,/home/irar/Escritorio/ProyectoTaxiDetector/dataset/negativos/train/negativos_train_0253.jpg,/home/irar/Escritorio/ProyectoTaxiDetector/dataset/negativos/augmented/negativo_aug_00537.jpg
538,negativos_train_0625.jpg,negativo_aug_00538.jpg,/home/irar/Escritorio/ProyectoTaxiDetector/dataset/negativos/train/negativos_train_0625.jpg,/home/irar/Escritorio/ProyectoTaxiDetector/dataset/negativos/augmented/negativo_aug_00538.jpg
539,negativos_train_0272.jpg,negativo_aug_00539.jpg,/home/irar/Escritorio/ProyectoTaxiDetector/dataset/negativos/train/negativos_train_0272.jpg,/home/irar/Escritorio/ProyectoTaxiDetector/dataset/negativos/augmented/negativo_aug_00539.jpg
540,negativos_train_0147.jpg,negativo_aug_00540.jpg,/home/irar/Escritorio/ProyectoTaxiDetector/dataset/negativos/train/negativos_train_0147.jpg,/home/irar/Escritorio/ProyectoTaxiDetector/dataset/negativos/augmented/negativo_aug_00540.jpg
541,negativos_train_0470.jpg,negativo_aug_00541.jpg,/home/irar/Escritorio/ProyectoTaxiDetector/dataset/negativos/train/negativos_train_0470.jpg,/home/irar/Escritorio/ProyectoTaxiDetector/dataset/negativos/augmented/negativo_aug_00541.jpg
542,negativos_train_0406.jpg,negativo_aug_00542.jpg,/home/irar/Escritorio/ProyectoTaxiDetector/dataset/negativos/train/negativos_train_0406.jpg,/home/irar/Escritorio/ProyectoTaxiDetector/dataset/negativos/augmented/negativo_aug_00542.jpg
543,negativos_train_0512.jpg,negativo_aug_00543.jpg,/home/irar/Escritorio/ProyectoTaxiDetector/dataset/negativos/train/negativos_train_0512.jpg,/home/irar/Escritorio/ProyectoTaxiDetector/dataset/negativos/augmented/negativo_aug_00543.jpg
544,negativos_train_0218.jpg,negativo_aug_00544.jpg,/home/irar/Escritorio/ProyectoTaxiDetector/dataset/negativos/train/negativos_train_0218.jpg,/home/irar/Escritorio/ProyectoTaxiDetector/dataset/negativos/augmented/negativo_aug_00544.jpg
545,negativos_train_0323.jpg,negativo_aug_00545.jpg,/home/irar/Escritorio/ProyectoTaxiDetector/dataset/negativos/train/negativos_train_0323.jpg,/home/irar/Escritorio/ProyectoTaxiDetector/dataset/negativos/augmented/negativo_aug_00545.jpg
546,negativos_train_0217.jpg,negativo_aug_00546.jpg,/home/irar/Escritorio/ProyectoTaxiDetector/dataset/negativos/train/negativos_train_0217.jpg,/home/irar/Escritorio/ProyectoTaxiDetector/dataset/negativos/augmented/negativo_aug_00546.jpg
547,negativos_train_0068.jpg,negativo_aug_00547.jpg,/home/irar/Escritorio/ProyectoTaxiDetector/dataset/negativos/train/negativos_train_0068.jpg,/home/irar/Escritorio/ProyectoTaxiDetector/dataset/negativos/augmented/negativo_aug_00547.jpg
548,negativos_train_0275.jpg,negativo_aug_00548.jpg,/home/irar/Escritorio/ProyectoTaxiDetector/dataset/negativos/train/negativos_train_0275.jpg,/home/irar/Escritorio/ProyectoTaxiDetector/dataset/negativos/augmented/negativo_aug_00548.jpg
549,negativos_train_0411.jpg,negativo_aug_00549.jpg,/home/irar/Escritorio/ProyectoTaxiDetector/dataset/negativos/train/negativos_train_0411.jpg,/home/irar/Escritorio/ProyectoTaxiDetector/dataset/negativos/augmented/negativo_aug_00549.jpg
550,negativos_train_0324.jpg,negativo_aug_00550.jpg,/home/irar/Escritorio/ProyectoTaxiDetector/dataset/negativos/train/negativos_train_0324.jpg,/home/irar/Escritorio/ProyectoTaxiDetector/dataset/negativos/augmented/negativo_aug_00550.jpg
551,negativos_train_0619.jpg,negativo_aug_00551.jpg,/home/irar/Escritorio/ProyectoTaxiDetector/dataset/negativos/train/negativos_train_0619.jpg,/home/irar/Escritorio/ProyectoTaxiDetector/dataset/negativos/augmented/negativo_aug_00551.jpg
552,negativos_train_0235.jpg,negativo_aug_00552.jpg,/home/irar/Escritorio/ProyectoTaxiDetector/dataset/negativos/train/negativos_train_0235.jpg,/home/irar/Escritorio/ProyectoTaxiDetector/dataset/negativos/augmented/negativo_aug_00552.jpg
553,negativos_train_0058.jpg,negativo_aug_00553.jpg,/home/irar/Escritorio/ProyectoTaxiDetector/dataset/negativos/train/negativos_train_0058.jpg,/home/irar/Escritorio/ProyectoTaxiDetector/dataset/negativos/augmented/negativo_aug_00553.jpg
554,negativos_train_0333.jpg,negativo_aug_00554.jpg,/home/irar/Escritorio/ProyectoTaxiDetector/dataset/negativos/train/negativos_train_0333.jpg,/home/irar/Escritorio/ProyectoTaxiDetector/dataset/negativos/augmented/negativo_aug_00554.jpg
555,negativos_train_0225.jpg,negativo_aug_00555.jpg,/home/irar/Escritorio/ProyectoTaxiDetector/dataset/negativos/train/negativos_train_0225.jpg,/home/irar/Escritorio/ProyectoTaxiDetector/dataset/negativos/augmented/negativo_aug_00555.jpg
556,negativos_train_0277.jpg,negativo_aug_00556.jpg,/home/irar/Escritorio/ProyectoTaxiDetector/dataset/negativos/train/negativos_train_0277.jpg,/home/irar/Escritorio/ProyectoTaxiDetector/dataset/negativos/augmented/negativo_aug_00556.jpg
557,negativos_train_0389.jpg,negativo_aug_00557.jpg,/home/irar/Escritorio/ProyectoTaxiDetector/dataset/negativos/train/negativos_train_0389.jpg,/home/irar/Escritorio/ProyectoTaxiDetector/dataset/negativos/augmented/negativo_aug_00557.jpg
558,negativos_train_0474.jpg,negativo_aug_00558.jpg,/home/irar/Escritorio/ProyectoTaxiDetector/dataset/negativos/train/negativos_train_0474.jpg,/home/irar/Escritorio/ProyectoTaxiDetector/dataset/negativos/augmented/negativo_aug_00558.jpg
559,negativos_train_0168.jpg,negativo_aug_00559.jpg,/home/irar/Escritorio/ProyectoTaxiDetector/dataset/negativos/train/negativos_train_0168.jpg,/home/irar/Escritorio/ProyectoTaxiDetector/dataset/negativos/augmented/negativo_aug_00559.jpg
560,negativos_train_0627.jpg,negativo_aug_00560.jpg,/home/irar/Escritorio/ProyectoTaxiDetector/dataset/negativos/train/negativos_train_0627.jpg,/home/irar/Escritorio/ProyectoTaxiDetector/dataset/negativos/augmented/negativo_aug_00560.jpg
561,negativos_train_0547.jpg,negativo_aug_00561.jpg,/home/irar/Escritorio/ProyectoTaxiDetector/dataset/negativos/train/negativos_train_0547.jpg,/home/irar/Escritorio/ProyectoTaxiDetector/dataset/negativos/augmented/negativo_aug_00561.jpg
562,negativos_train_0176.jpg,negativo_aug_00562.jpg,/home/irar/Escritorio/ProyectoTaxiDetector/dataset/negativos/train/negativos_train_0176.jpg,/home/irar/Escritorio/ProyectoTaxiDetector/dataset/negativos/augmented/negativo_aug_00562.jpg
563,negativos_train_0074.jpg,negativo_aug_00563.jpg,/home/irar/Escritorio/ProyectoTaxiDetector/dataset/negativos/train/negativos_train_0074.jpg,/home/irar/Escritorio/ProyectoTaxiDetector/dataset/negativos/augmented/negativo_aug_00563.jpg
564,negativos_train_0274.jpg,negativo_aug_00564.jpg,/home/irar/Escritorio/ProyectoTaxiDetector/dataset/negativos/train/negativos_train_0274.jpg,/home/irar/Escritorio/ProyectoTaxiDetector/dataset/negativos/augmented/negativo_aug_00564.jpg
565,negativos_train_0215.jpg,negativo_aug_00565.jpg,/home/irar/Escritorio/ProyectoTaxiDetector/dataset/negativos/train/negativos_train_0215.jpg,/home/irar/Escritorio/ProyectoTaxiDetector/dataset/negativos/augmented/negativo_aug_00565.jpg
566,negativos_train_0364.jpg,negativo_aug_00566.jpg,/home/irar/Escritorio/ProyectoTaxiDetector/dataset/negativos/train/negativos_train_0364.jpg,/home/irar/Escritorio/ProyectoTaxiDetector/dataset/negativos/augmented/negativo_aug_00566.jpg
567,negativos_train_0380.jpg,negativo_aug_00567.jpg,/home/irar/Escritorio/ProyectoTaxiDetector/dataset/negativos/train/negativos_train_0380.jpg,/home/irar/Escritorio/ProyectoTaxiDetector/dataset/negativos/augmented/negativo_aug_00567.jpg
568,negativos_train_0167.jpg,negativo_aug_00568.jpg,/home/irar/Escritorio/ProyectoTaxiDetector/dataset/negativos/train/negativos_train_0167.jpg,/home/irar/Escritorio/ProyectoTaxiDetector/dataset/negativos/augmented/negativo_aug_00568.jpg
569,negativos_train_0374.jpg,negativo_aug_00569.jpg,/home/irar/Escritorio/ProyectoTaxiDetector/dataset/negativos/train/negativos_train_0374.jpg,/home/irar/Escritorio/ProyectoTaxiDetector/dataset/negativos/augmented/negativo_aug_00569.jpg
570,negativos_train_0465.jpg,negativo_aug_00570.jpg,/home/irar/Escritorio/ProyectoTaxiDetector/dataset/negativos/train/negativos_train_0465.jpg,/home/irar/Escritorio/ProyectoTaxiDetector/dataset/negativos/augmented/negativo_aug_00570.jpg
571,negativos_train_0600.jpg,negativo_aug_00571.jpg,/home/irar/Escritorio/ProyectoTaxiDetector/dataset/negativos/train/negativos_train_0600.jpg,/home/irar/Escritorio/ProyectoTaxiDetector/dataset/negativos/augmented/negativo_aug_00571.jpg
572,negativos_train_0594.jpg,negativo_aug_00572.jpg,/home/irar/Escritorio/ProyectoTaxiDetector/dataset/negativos/train/negativos_train_0594.jpg,/home/irar/Escritorio/ProyectoTaxiDetector/dataset/negativos/augmented/negativo_aug_00572.jpg
573,negativos_train_0104.jpg,negativo_aug_00573.jpg,/home/irar/Escritorio/ProyectoTaxiDetector/dataset/negativos/train/negativos_train_0104.jpg,/home/irar/Escritorio/ProyectoTaxiDetector/dataset/negativos/augmented/negativo_aug_00573.jpg
574,negativos_train_0615.jpg,negativo_aug_00574.jpg,/home/irar/Escritorio/ProyectoTaxiDetector/dataset/negativos/train/negativos_train_0615.jpg,/home/irar/Escritorio/ProyectoTaxiDetector/dataset/negativos/augmented/negativo_aug_00574.jpg
575,negativos_train_0082.jpg,negativo_aug_00575.jpg,/home/irar/Escritorio/ProyectoTaxiDetector/dataset/negativos/train/negativos_train_0082.jpg,/home/irar/Escritorio/ProyectoTaxiDetector/dataset/negativos/augmented/negativo_aug_00575.jpg
576,negativos_train_0297.jpg,negativo_aug_00576.jpg,/home/irar/Escritorio/ProyectoTaxiDetector/dataset/negativos/train/negativos_train_0297.jpg,/home/irar/Escritorio/ProyectoTaxiDetector/dataset/negativos/augmented/negativo_aug_00576.jpg
577,negativos_train_0234.jpg,negativo_aug_00577.jpg,/home/irar/Escritorio/ProyectoTaxiDetector/dataset/negativos/train/negativos_train_0234.jpg,/home/irar/Escritorio/ProyectoTaxiDetector/dataset/negativos/augmented/negativo_aug_00577.jpg
578,negativos_train_0047.jpg,negativo_aug_00578.jpg,/home/irar/Escritorio/ProyectoTaxiDetector/dataset/negativos/train/negativos_train_0047.jpg,/home/irar/Escritorio/ProyectoTaxiDetector/dataset/negativos/augmented/negativo_aug_00578.jpg
579,negativos_train_0072.jpg,negativo_aug_00579.jpg,/home/irar/Escritorio/ProyectoTaxiDetector/dataset/negativos/train/negativos_train_0072.jpg,/home/irar/Escritorio/ProyectoTaxiDetector/dataset/negativos/augmented/negativo_aug_00579.jpg
580,negativos_train_0197.jpg,negativo_aug_00580.jpg,/home/irar/Escritorio/ProyectoTaxiDetector/dataset/negativos/train/negativos_train_0197.jpg,/home/irar/Escritorio/ProyectoTaxiDetector/dataset/negativos/augmented/negativo_aug_00580.jpg
581,negativos_train_0371.jpg,negativo_aug_00581.jpg,/home/irar/Escritorio/ProyectoTaxiDetector/dataset/negativos/train/negativos_train_0371.jpg,/home/irar/Escritorio/ProyectoTaxiDetector/dataset/negativos/augmented/negativo_aug_00581.jpg
582,negativos_train_0301.jpg,negativo_aug_00582.jpg,/home/irar/Escritorio/ProyectoTaxiDetector/dataset/negativos/train/negativos_train_0301.jpg,/home/irar/Escritorio/ProyectoTaxiDetector/dataset/negativos/augmented/negativo_aug_00582.jpg
583,negativos_train_0566.jpg,negativo_aug_00583.jpg,/home/irar/Escritorio/ProyectoTaxiDetector/dataset/negativos/train/negativos_train_0566.jpg,/home/irar/Escritorio/ProyectoTaxiDetector/dataset/negativos/augmented/negativo_aug_00583.jpg
584,negativos_train_0081.jpg,negativo_aug_00584.jpg,/home/irar/Escritorio/ProyectoTaxiDetector/dataset/negativos/train/negativos_train_0081.jpg,/home/irar/Escritorio/ProyectoTaxiDetector/dataset/negativos/augmented/negativo_aug_00584.jpg
585,negativos_train_0388.jpg,negativo_aug_00585.jpg,/home/irar/Escritorio/ProyectoTaxiDetector/dataset/negativos/train/negativos_train_0388.jpg,/home/irar/Escritorio/ProyectoTaxiDetector/dataset/negativos/augmented/negativo_aug_00585.jpg
586,negativos_train_0128.jpg,negativo_aug_00586.jpg,/home/irar/Escritorio/ProyectoTaxiDetector/dataset/negativos/train/negativos_train_0128.jpg,/home/irar/Escritorio/ProyectoTaxiDetector/dataset/negativos/augmented/negativo_aug_00586.jpg
587,negativos_train_0550.jpg,negativo_aug_00587.jpg,/home/irar/Escritorio/ProyectoTaxiDetector/dataset/negativos/train/negativos_train_0550.jpg,/home/irar/Escritorio/ProyectoTaxiDetector/dataset/negativos/augmented/negativo_aug_00587.jpg
588,negativos_train_0471.jpg,negativo_aug_00588.jpg,/home/irar/Escritorio/ProyectoTaxiDetector/dataset/negativos/train/negativos_train_0471.jpg,/home/irar/Escritorio/ProyectoTaxiDetector/dataset/negativos/augmented/negativo_aug_00588.jpg
589,negativos_train_0045.jpg,negativo_aug_00589.jpg,/home/irar/Escritorio/ProyectoTaxiDetector/dataset/negativos/train/negativos_train_0045.jpg,/home/irar/Escritorio/ProyectoTaxiDetector/dataset/negativos/augmented/negativo_aug_00589.jpg
590,negativos_train_0271.jpg,negativo_aug_00590.jpg,/home/irar/Escritorio/ProyectoTaxiDetector/dataset/negativos/train/negativos_train_0271.jpg,/home/irar/Escritorio/ProyectoTaxiDetector/dataset/negativos/augmented/negativo_aug_00590.jpg
591,negativos_train_0353.jpg,negativo_aug_00591.jpg,/home/irar/Escritorio/ProyectoTaxiDetector/dataset/negativos/train/negativos_train_0353.jpg,/home/irar/Escritorio/ProyectoTaxiDetector/dataset/negativos/augmented/negativo_aug_00591.jpg
592,negativos_train_0368.jpg,negativo_aug_00592.jpg,/home/irar/Escritorio/ProyectoTaxiDetector/dataset/negativos/train/negativos_train_0368.jpg,/home/irar/Escritorio/ProyectoTaxiDetector/dataset/negativos/augmented/negativo_aug_00592.jpg
593,negativos_train_0100.jpg,negativo_aug_00593.jpg,/home/irar/Escritorio/ProyectoTaxiDetector/dataset/negativos/train/negativos_train_0100.jpg,/home/irar/Escritorio/ProyectoTaxiDetector/dataset/negativos/augmented/negativo_aug_00593.jpg
594,negativos_train_0390.jpg,negativo_aug_00594.jpg,/home/irar/Escritorio/ProyectoTaxiDetector/dataset/negativos/train/negativos_train_0390.jpg,/home/irar/Escritorio/ProyectoTaxiDetector/dataset/negativos/augmented/negativo_aug_00594.jpg
595,negativos_train_0095.jpg,negativo_aug_00595.jpg,/home/irar/Escritorio/ProyectoTaxiDetector/dataset/negativos/train/negativos_train_0095.jpg,/home/irar/Escritorio/ProyectoTaxiDetector/dataset/negativos/augmented/negativo_aug_00595.jpg
596,negativos_train_0624.jpg,negativo_aug_00596.jpg,/home/irar/Escritorio/ProyectoTaxiDetector/dataset/negativos/train/negativos_train_0624.jpg,/home/irar/Escritorio/ProyectoTaxiDetector/dataset/negativos/augmented/negativo_aug_00596.jpg
597,negativos_train_0345.jpg,negativo_aug_00597.jpg,/home/irar/Escritorio/ProyectoTaxiDetector/dataset/negativos/train/negativos_train_0345.jpg,/home/irar/Escritorio/ProyectoTaxiDetector/dataset/negativos/augmented/negativo_aug_00597.jpg
598,negativos_train_0221.jpg,negativo_aug_00598.jpg,/home/irar/Escritorio/ProyectoTaxiDetector/dataset/negativos/train/negativos_train_0221.jpg,/home/irar/Escritorio/ProyectoTaxiDetector/dataset/negativos/augmented/negativo_aug_00598.jpg
599,negativos_train_0160.jpg,negativo_aug_00599.jpg,/home/irar/Escritorio/ProyectoTaxiDetector/dataset/negativos/train/negativos_train_0160.jpg,/home/irar/Escritorio/ProyectoTaxiDetector/dataset/negativos/augmented/negativo_aug_00599.jpg
600,negativos_train_0621.jpg,negativo_aug_00600.jpg,/home/irar/Escritorio/ProyectoTaxiDetector/dataset/negativos/train/negativos_train_0621.jpg,/home/irar/Escritorio/ProyectoTaxiDetector/dataset/negativos/augmented/negativo_aug_00600.jpg
601,negativos_train_0349.jpg,negativo_aug_00601.jpg,/home/irar/Escritorio/ProyectoTaxiDetector/dataset/negativos/train/negativos_train_0349.jpg,/home/irar/Escritorio/ProyectoTaxiDetector/dataset/negativos/augmented/negativo_aug_00601.jpg
602,negativos_train_0620.jpg,negativo_aug_00602.jpg,/home/irar/Escritorio/ProyectoTaxiDetector/dataset/negativos/train/negativos_train_0620.jpg,/home/irar/Escritorio/ProyectoTaxiDetector/dataset/negativos/augmented/negativo_aug_00602.jpg
603,negativos_train_0164.jpg,negativo_aug_00603.jpg,/home/irar/Escritorio/ProyectoTaxiDetector/dataset/negativos/train/negativos_train_0164.jpg,/home/irar/Escritorio/ProyectoTaxiDetector/dataset/negativos/augmented/negativo_aug_00603.jpg
604,negativos_train_0007.jpg,negativo_aug_00604.jpg,/home/irar/Escritorio/ProyectoTaxiDetector/dataset/negativos/train/negativos_train_0007.jpg,/home/irar/Escritorio/ProyectoTaxiDetector/dataset/negativos/augmented/negativo_aug_00604.jpg
605,negativos_train_0285.jpg,negativo_aug_00605.jpg,/home/irar/Escritorio/ProyectoTaxiDetector/dataset/negativos/train/negativos_train_0285.jpg,/home/irar/Escritorio/ProyectoTaxiDetector/dataset/negativos/augmented/negativo_aug_00605.jpg
606,negativos_train_0604.jpg,negativo_aug_00606.jpg,/home/irar/Escritorio/ProyectoTaxiDetector/dataset/negativos/train/negativos_train_0604.jpg,/home/irar/Escritorio/ProyectoTaxiDetector/dataset/negativos/augmented/negativo_aug_00606.jpg
607,negativos_train_0460.jpg,negativo_aug_00607.jpg,/home/irar/Escritorio/ProyectoTaxiDetector/dataset/negativos/train/negativos_train_0460.jpg,/home/irar/Escritorio/ProyectoTaxiDetector/dataset/negativos/augmented/negativo_aug_00607.jpg
608,negativos_train_0226.jpg,negativo_aug_00608.jpg,/home/irar/Escritorio/ProyectoTaxiDetector/dataset/negativos/train/negativos_train_0226.jpg,/home/irar/Escritorio/ProyectoTaxiDetector/dataset/negativos/augmented/negativo_aug_00608.jpg
609,negativos_train_0430.jpg,negativo_aug_00609.jpg,/home/irar/Escritorio/ProyectoTaxiDetector/dataset/negativos/train/negativos_train_0430.jpg,/home/irar/Escritorio/ProyectoTaxiDetector/dataset/negativos/augmented/negativo_aug_00609.jpg
610,negativos_train_0623.jpg,negativo_aug_00610.jpg,/home/irar/Escritorio/ProyectoTaxiDetector/dataset/negativos/train/negativos_train_0623.jpg,/home/irar/Escritorio/ProyectoTaxiDetector/dataset/negativos/augmented/negativo_aug_00610.jpg
611,negativos_train_0204.jpg,negativo_aug_00611.jpg,/home/irar/Escritorio/ProyectoTaxiDetector/dataset/negativos/train/negativos_train_0204.jpg,/home/irar/Escritorio/ProyectoTaxiDetector/dataset/negativos/augmented/negativo_aug_00611.jpg
612,negativos_train_0575.jpg,negativo_aug_00612.jpg,/home/irar/Escritorio/ProyectoTaxiDetector/dataset/negativos/train/negativos_train_0575.jpg,/home/irar/Escritorio/ProyectoTaxiDetector/dataset/negativos/augmented/negativo_aug_00612.jpg
613,negativos_train_0028.jpg,negativo_aug_00613.jpg,/home/irar/Escritorio/ProyectoTaxiDetector/dataset/negativos/train/negativos_train_0028.jpg,/home/irar/Escritorio/ProyectoTaxiDetector/dataset/negativos/augmented/negativo_aug_00613.jpg
614,negativos_train_0518.jpg,negativo_aug_00614.jpg,/home/irar/Escritorio/ProyectoTaxiDetector/dataset/negativos/train/negativos_train_0518.jpg,/home/irar/Escritorio/ProyectoTaxiDetector/dataset/negativos/augmented/negativo_aug_00614.jpg
615,negativos_train_0239.jpg,negativo_aug_00615.jpg,/home/irar/Escritorio/ProyectoTaxiDetector/dataset/negativos/train/negativos_train_0239.jpg,/home/irar/Escritorio/ProyectoTaxiDetector/dataset/negativos/augmented/negativo_aug_00615.jpg
616,negativos_train_0224.jpg,negativo_aug_00616.jpg,/home/irar/Escritorio/ProyectoTaxiDetector/dataset/negativos/train/negativos_train_0224.jpg,/home/irar/Escritorio/ProyectoTaxiDetector/dataset/negativos/augmented/negativo_aug_00616.jpg
617,negativos_train_0096.jpg,negativo_aug_00617.jpg,/home/irar/Escritorio/ProyectoTaxiDetector/dataset/negativos/train/negativos_train_0096.jpg,/home/irar/Escritorio/ProyectoTaxiDetector/dataset/negativos/augmented/negativo_aug_00617.jpg
618,negativos_train_0031.jpg,negativo_aug_00618.jpg,/home/irar/Escritorio/ProyectoTaxiDetector/dataset/negativos/train/negativos_train_0031.jpg,/home/irar/Escritorio/ProyectoTaxiDetector/dataset/negativos/augmented/negativo_aug_00618.jpg
619,negativos_train_0033.jpg,negativo_aug_00619.jpg,/home/irar/Escritorio/ProyectoTaxiDetector/dataset/negativos/train/negativos_train_0033.jpg,/home/irar/Escritorio/ProyectoTaxiDetector/dataset/negativos/augmented/negativo_aug_00619.jpg
620,negativos_train_0433.jpg,negativo_aug_00620.jpg,/home/irar/Escritorio/ProyectoTaxiDetector/dataset/negativos/train/negativos_train_0433.jpg,/home/irar/Escritorio/ProyectoTaxiDetector/dataset/negativos/augmented/negativo_aug_00620.jpg
621,negativos_train_0605.jpg,negativo_aug_00621.jpg,/home/irar/Escritorio/ProyectoTaxiDetector/dataset/negativos/train/negativos_train_0605.jpg,/home/irar/Escritorio/ProyectoTaxiDetector/dataset/negativos/augmented/negativo_aug_00621.jpg
622,negativos_train_0090.jpg,negativo_aug_00622.jpg,/home/irar/Escritorio/ProyectoTaxiDetector/dataset/negativos/train/negativos_train_0090.jpg,/home/irar/Escritorio/ProyectoTaxiDetector/dataset/negativos/augmented/negativo_aug_00622.jpg
623,negativos_train_0559.jpg,negativo_aug_00623.jpg,/home/irar/Escritorio/ProyectoTaxiDetector/dataset/negativos/train/negativos_train_0559.jpg,/home/irar/Escritorio/ProyectoTaxiDetector/dataset/negativos/augmented/negativo_aug_00623.jpg
624,negativos_train_0105.jpg,negativo_aug_00624.jpg,/home/irar/Escritorio/ProyectoTaxiDetector/dataset/negativos/train/negativos_train_0105.jpg,/home/irar/Escritorio/ProyectoTaxiDetector/dataset/negativos/augmented/negativo_aug_00624.jpg
625,negativos_train_0143.jpg,negativo_aug_00625.jpg,/home/irar/Escritorio/ProyectoTaxiDetector/dataset/negativos/train/negativos_train_0143.jpg,/home/irar/Escritorio/ProyectoTaxiDetector/dataset/negativos/augmented/negativo_aug_00625.jpg
626,negativos_train_0229.jpg,negativo_aug_00626.jpg,/home/irar/Escritorio/ProyectoTaxiDetector/dataset/negativos/train/negativos_train_0229.jpg,/home/irar/Escritorio/ProyectoTaxiDetector/dataset/negativos/augmented/negativo_aug_00626.jpg
627,negativos_train_0251.jpg,negativo_aug_00627.jpg,/home/irar/Escritorio/ProyectoTaxiDetector/dataset/negativos/train/negativos_train_0251.jpg,/home/irar/Escritorio/ProyectoTaxiDetector/dataset/negativos/augmented/negativo_aug_00627.jpg
628,negativos_train_0282.jpg,negativo_aug_00628.jpg,/home/irar/Escritorio/ProyectoTaxiDetector/dataset/negativos/train/negativos_train_0282.jpg,/home/irar/Escritorio/ProyectoTaxiDetector/dataset/negativos/augmented/negativo_aug_00628.jpg
629,negativos_train_0026.jpg,negativo_aug_00629.jpg,/home/irar/Escritorio/ProyectoTaxiDetector/dataset/negativos/train/negativos_train_0026.jpg,/home/irar/Escritorio/ProyectoTaxiDetector/dataset/negativos/augmented/negativo_aug_00629.jpg
630,negativos_train_0115.jpg,negativo_aug_00630.jpg,/home/irar/Escritorio/ProyectoTaxiDetector/dataset/negativos/train/negativos_train_0115.jpg,/home/irar/Escritorio/ProyectoTaxiDetector/dataset/negativos/augmented/negativo_aug_00630.jpg
631,negativos_train_0414.jpg,negativo_aug_00631.jpg,/home/irar/Escritorio/ProyectoTaxiDetector/dataset/negativos/train/negativos_train_0414.jpg,/home/irar/Escritorio/ProyectoTaxiDetector/dataset/negativos/augmented/negativo_aug_00631.jpg
632,negativos_train_0203.jpg,negativo_aug_00632.jpg,/home/irar/Escritorio/ProyectoTaxiDetector/dataset/negativos/train/negativos_train_0203.jpg,/home/irar/Escritorio/ProyectoTaxiDetector/dataset/negativos/augmented/negativo_aug_00632.jpg
633,negativos_train_0448.jpg,negativo_aug_00633.jpg,/home/irar/Escritorio/ProyectoTaxiDetector/dataset/negativos/train/negativos_train_0448.jpg,/home/irar/Escritorio/ProyectoTaxiDetector/dataset/negativos/augmented/negativo_aug_00633.jpg
634,negativos_train_0278.jpg,negativo_aug_00634.jpg,/home/irar/Escritorio/ProyectoTaxiDetector/dataset/negativos/train/negativos_train_0278.jpg,/home/irar/Escritorio/ProyectoTaxiDetector/dataset/negativos/augmented/negativo_aug_00634.jpg
635,negativos_train_0428.jpg,negativo_aug_00635.jpg,/home/irar/Escritorio/ProyectoTaxiDetector/dataset/negativos/train/negativos_train_0428.jpg,/home/irar/Escritorio/ProyectoTaxiDetector/dataset/negativos/augmented/negativo_aug_00635.jpg
636,negativos_train_0016.jpg,negativo_aug_00636.jpg,/home/irar/Escritorio/ProyectoTaxiDetector/dataset/negativos/train/negativos_train_0016.jpg,/home/irar/Escritorio/ProyectoTaxiDetector/dataset/negativos/augmented/negativo_aug_00636.jpg
637,negativos_train_0351.jpg,negativo_aug_00637.jpg,/home/irar/Escritorio/ProyectoTaxiDetector/dataset/negativos/train/negativos_train_0351.jpg,/home/irar/Escritorio/ProyectoTaxiDetector/dataset/negativos/augmented/negativo_aug_00637.jpg
638,negativos_train_0627.jpg,negativo_aug_00638.jpg,/home/irar/Escritorio/ProyectoTaxiDetector/dataset/negativos/train/negativos_train_0627.jpg,/home/irar/Escritorio/ProyectoTaxiDetector/dataset/negativos/augmented/negativo_aug_00638.jpg
639,negativos_train_0164.jpg,negativo_aug_00639.jpg,/home/irar/Escritorio/ProyectoTaxiDetector/dataset/negativos/train/negativos_train_0164.jpg,/home/irar/Escritorio/ProyectoTaxiDetector/dataset/negativos/augmented/negativo_aug_00639.jpg
640,negativos_train_0504.jpg,negativo_aug_00640.jpg,/home/irar/Escritorio/ProyectoTaxiDetector/dataset/negativos/train/negativos_train_0504.jpg,/home/irar/Escritorio/ProyectoTaxiDetector/dataset/negativos/augmented/negativo_aug_00640.jpg
641,negativos_train_0326.jpg,negativo_aug_00641.jpg,/home/irar/Escritorio/ProyectoTaxiDetector/dataset/negativos/train/negativos_train_0326.jpg,/home/irar/Escritorio/ProyectoTaxiDetector/dataset/negativos/augmented/negativo_aug_00641.jpg
642,negativos_train_0110.jpg,negativo_aug_00642.jpg,/home/irar/Escritorio/ProyectoTaxiDetector/dataset/negativos/train/negativos_train_0110.jpg,/home/irar/Escritorio/ProyectoTaxiDetector/dataset/negativos/augmented/negativo_aug_00642.jpg
643,negativos_train_0310.jpg,negativo_aug_00643.jpg,/home/irar/Escritorio/ProyectoTaxiDetector/dataset/negativos/train/negativos_train_0310.jpg,/home/irar/Escritorio/ProyectoTaxiDetector/dataset/negativos/augmented/negativo_aug_00643.jpg
644,negativos_train_0388.jpg,negativo_aug_00644.jpg,/home/irar/Escritorio/ProyectoTaxiDetector/dataset/negativos/train/negativos_train_0388.jpg,/home/irar/Escritorio/ProyectoTaxiDetector/dataset/negativos/augmented/negativo_aug_00644.jpg
645,negativos_train_0236.jpg,negativo_aug_00645.jpg,/home/irar/Escritorio/ProyectoTaxiDetector/dataset/negativos/train/negativos_train_0236.jpg,/home/irar/Escritorio/ProyectoTaxiDetector/dataset/negativos/augmented/negativo_aug_00645.jpg
646,negativos_train_0067.jpg,negativo_aug_00646.jpg,/home/irar/Escritorio/ProyectoTaxiDetector/dataset/negativos/train/negativos_train_0067.jpg,/home/irar/Escritorio/ProyectoTaxiDetector/dataset/negativos/augmented/negativo_aug_00646.jpg
647,negativos_train_0348.jpg,negativo_aug_00647.jpg,/home/irar/Escritorio/ProyectoTaxiDetector/dataset/negativos/train/negativos_train_0348.jpg,/home/irar/Escritorio/ProyectoTaxiDetector/dataset/negativos/augmented/negativo_aug_00647.jpg
648,negativos_train_0443.jpg,negativo_aug_00648.jpg,/home/irar/Escritorio/ProyectoTaxiDetector/dataset/negativos/train/negativos_train_0443.jpg,/home/irar/Escritorio/ProyectoTaxiDetector/dataset/negativos/augmented/negativo_aug_00648.jpg
649,negativos_train_0630.jpg,negativo_aug_00649.jpg,/home/irar/Escritorio/ProyectoTaxiDetector/dataset/negativos/train/negativos_train_0630.jpg,/home/irar/Escritorio/ProyectoTaxiDetector/dataset/negativos/augmented/negativo_aug_00649.jpg
650,negativos_train_0377.jpg,negativo_aug_00650.jpg,/home/irar/Escritorio/ProyectoTaxiDetector/dataset/negativos/train/negativos_train_0377.jpg,/home/irar/Escritorio/ProyectoTaxiDetector/dataset/negativos/augmented/negativo_aug_00650.jpg
651,negativos_train_0036.jpg,negativo_aug_00651.jpg,/home/irar/Escritorio/ProyectoTaxiDetector/dataset/negativos/train/negativos_train_0036.jpg,/home/irar/Escritorio/ProyectoTaxiDetector/dataset/negativos/augmented/negativo_aug_00651.jpg
652,negativos_train_0333.jpg,negativo_aug_00652.jpg,/home/irar/Escritorio/ProyectoTaxiDetector/dataset/negativos/train/negativos_train_0333.jpg,/home/irar/Escritorio/ProyectoTaxiDetector/dataset/negativos/augmented/negativo_aug_00652.jpg
653,negativos_train_0401.jpg,negativo_aug_00653.jpg,/home/irar/Escritorio/ProyectoTaxiDetector/dataset/negativos/train/negativos_train_0401.jpg,/home/irar/Escritorio/ProyectoTaxiDetector/dataset/negativos/augmented/negativo_aug_00653.jpg
654,negativos_train_0602.jpg,negativo_aug_00654.jpg,/home/irar/Escritorio/ProyectoTaxiDetector/dataset/negativos/train/negativos_train_0602.jpg,/home/irar/Escritorio/ProyectoTaxiDetector/dataset/negativos/augmented/negativo_aug_00654.jpg
655,negativos_train_0536.jpg,negativo_aug_00655.jpg,/home/irar/Escritorio/ProyectoTaxiDetector/dataset/negativos/train/negativos_train_0536.jpg,/home/irar/Escritorio/ProyectoTaxiDetector/dataset/negativos/augmented/negativo_aug_00655.jpg
656,negativos_train_0076.jpg,negativo_aug_00656.jpg,/home/irar/Escritorio/ProyectoTaxiDetector/dataset/negativos/train/negativos_train_0076.jpg,/home/irar/Escritorio/ProyectoTaxiDetector/dataset/negativos/augmented/negativo_aug_00656.jpg
657,negativos_train_0219.jpg,negativo_aug_00657.jpg,/home/irar/Escritorio/ProyectoTaxiDetector/dataset/negativos/train/negativos_train_0219.jpg,/home/irar/Escritorio/ProyectoTaxiDetector/dataset/negativos/augmented/negativo_aug_00657.jpg
658,negativos_train_0005.jpg,negativo_aug_00658.jpg,/home/irar/Escritorio/ProyectoTaxiDetector/dataset/negativos/train/negativos_train_0005.jpg,/home/irar/Escritorio/ProyectoTaxiDetector/dataset/negativos/augmented/negativo_aug_00658.jpg
659,negativos_train_0159.jpg,negativo_aug_00659.jpg,/home/irar/Escritorio/ProyectoTaxiDetector/dataset/negativos/train/negativos_train_0159.jpg,/home/irar/Escritorio/ProyectoTaxiDetector/dataset/negativos/augmented/negativo_aug_00659.jpg
660,negativos_train_0461.jpg,negativo_aug_00660.jpg,/home/irar/Escritorio/ProyectoTaxiDetector/dataset/negativos/train/negativos_train_0461.jpg,/home/irar/Escritorio/ProyectoTaxiDetector/dataset/negativos/augmented/negativo_aug_00660.jpg
661,negativos_train_0497.jpg,negativo_aug_00661.jpg,/home/irar/Escritorio/ProyectoTaxiDetector/dataset/negativos/train/negativos_train_0497.jpg,/home/irar/Escritorio/ProyectoTaxiDetector/dataset/negativos/augmented/negativo_aug_00661.jpg
662,negativos_train_0541.jpg,negativo_aug_00662.jpg,/home/irar/Escritorio/ProyectoTaxiDetector/dataset/negativos/train/negativos_train_0541.jpg,/home/irar/Escritorio/ProyectoTaxiDetector/dataset/negativos/augmented/negativo_aug_00662.jpg
663,negativos_train_0029.jpg,negativo_aug_00663.jpg,/home/irar/Escritorio/ProyectoTaxiDetector/dataset/negativos/train/negativos_train_0029.jpg,/home/irar/Escritorio/ProyectoTaxiDetector/dataset/negativos/augmented/negativo_aug_00663.jpg
664,negativos_train_0174.jpg,negativo_aug_00664.jpg,/home/irar/Escritorio/ProyectoTaxiDetector/dataset/negativos/train/negativos_train_0174.jpg,/home/irar/Escritorio/ProyectoTaxiDetector/dataset/negativos/augmented/negativo_aug_00664.jpg
665,negativos_train_0003.jpg,negativo_aug_00665.jpg,/home/irar/Escritorio/ProyectoTaxiDetector/dataset/negativos/train/negativos_train_0003.jpg,/home/irar/Escritorio/ProyectoTaxiDetector/dataset/negativos/augmented/negativo_aug_00665.jpg
666,negativos_train_0396.jpg,negativo_aug_00666.jpg,/home/irar/Escritorio/ProyectoTaxiDetector/dataset/negativos/train/negativos_train_0396.jpg,/home/irar/Escritorio/ProyectoTaxiDetector/dataset/negativos/augmented/negativo_aug_00666.jpg
667,negativos_train_0465.jpg,negativo_aug_00667.jpg,/home/irar/Escritorio/ProyectoTaxiDetector/dataset/negativos/train/negativos_train_0465.jpg,/home/irar/Escritorio/ProyectoTaxiDetector/dataset/negativos/augmented/negativo_aug_00667.jpg
668,negativos_train_0332.jpg,negativo_aug_00668.jpg,/home/irar/Escritorio/ProyectoTaxiDetector/dataset/negativos/train/negativos_train_0332.jpg,/home/irar/Escritorio/ProyectoTaxiDetector/dataset/negativos/augmented/negativo_aug_00668.jpg
669,negativos_train_0324.jpg,negativo_aug_00669.jpg,/home/irar/Escritorio/ProyectoTaxiDetector/dataset/negativos/train/negativos_train_0324.jpg,/home/irar/Escritorio/ProyectoTaxiDetector/dataset/negativos/augmented/negativo_aug_00669.jpg
670,negativos_train_0072.jpg,negativo_aug_00670.jpg,/home/irar/Escritorio/ProyectoTaxiDetector/dataset/negativos/train/negativos_train_0072.jpg,/home/irar/Escritorio/ProyectoTaxiDetector/dataset/negativos/augmented/negativo_aug_00670.jpg
671,negativos_train_0455.jpg,negativo_aug_00671.jpg,/home/irar/Escritorio/ProyectoTaxiDetector/dataset/negativos/train/negativos_train_0455.jpg,/home/irar/Escritorio/ProyectoTaxiDetector/dataset/negativos/augmented/negativo_aug_00671.jpg
672,negativos_train_0108.jpg,negativo_aug_00672.jpg,/home/irar/Escritorio/ProyectoTaxiDetector/dataset/negativos/train/negativos_train_0108.jpg,/home/irar/Escritorio/ProyectoTaxiDetector/dataset/negativos/augmented/negativo_aug_00672.jpg
673,negativos_train_0501.jpg,negativo_aug_00673.jpg,/home/irar/Escritorio/ProyectoTaxiDetector/dataset/negativos/train/negativos_train_0501.jpg,/home/irar/Escritorio/ProyectoTaxiDetector/dataset/negativos/augmented/negativo_aug_00673.jpg
674,negativos_train_0529.jpg,negativo_aug_00674.jpg,/home/irar/Escritorio/ProyectoTaxiDetector/dataset/negativos/train/negativos_train_0529.jpg,/home/irar/Escritorio/ProyectoTaxiDetector/dataset/negativos/augmented/negativo_aug_00674.jpg
675,negativos_train_0104.jpg,negativo_aug_00675.jpg,/home/irar/Escritorio/ProyectoTaxiDetector/dataset/negativos/train/negativos_train_0104.jpg,/home/irar/Escritorio/ProyectoTaxiDetector/dataset/negativos/augmented/negativo_aug_00675.jpg
676,negativos_train_0188.jpg,negativo_aug_00676.jpg,/home/irar/Escritorio/ProyectoTaxiDetector/dataset/negativos/train/negativos_train_0188.jpg,/home/irar/Escritorio/ProyectoTaxiDetector/dataset/negativos/augmented/negativo_aug_00676.jpg
677,negativos_train_0392.jpg,negativo_aug_00677.jpg,/home/irar/Escritorio/ProyectoTaxiDetector/dataset/negativos/train/negativos_train_0392.jpg,/home/irar/Escritorio/ProyectoTaxiDetector/dataset/negativos/augmented/negativo_aug_00677.jpg
678,negativos_train_0191.jpg,negativo_aug_00678.jpg,/home/irar/Escritorio/ProyectoTaxiDetector/dataset/negativos/train/negativos_train_0191.jpg,/home/irar/Escritorio/ProyectoTaxiDetector/dataset/negativos/augmented/negativo_aug_00678.jpg
679,negativos_train_0372.jpg,negativo_aug_00679.jpg,/home/irar/Escritorio/ProyectoTaxiDetector/dataset/negativos/train/negativos_train_0372.jpg,/home/irar/Escritorio/ProyectoTaxiDetector/dataset/negativos/augmented/negativo_aug_00679.jpg
680,negativos_train_0476.jpg,negativo_aug_00680.jpg,/home/irar/Escritorio/ProyectoTaxiDetector/dataset/negativos/train/negativos_train_0476.jpg,/home/irar/Escritorio/ProyectoTaxiDetector/dataset/negativos/augmented/negativo_aug_00680.jpg
681,negativos_train_0587.jpg,negativo_aug_00681.jpg,/home/irar/Escritorio/ProyectoTaxiDetector/dataset/negativos/train/negativos_train_0587.jpg,/home/irar/Escritorio/ProyectoTaxiDetector/dataset/negativos/augmented/negativo_aug_00681.jpg
682,negativos_train_0196.jpg,negativo_aug_00682.jpg,/home/irar/Escritorio/ProyectoTaxiDetector/dataset/negativos/train/negativos_train_0196.jpg,/home/irar/Escritorio/ProyectoTaxiDetector/dataset/negativos/augmented/negativo_aug_00682.jpg
683,negativos_train_0103.jpg,negativo_aug_00683.jpg,/home/irar/Escritorio/ProyectoTaxiDetector/dataset/negativos/train/negativos_train_0103.jpg,/home/irar/Escritorio/ProyectoTaxiDetector/dataset/negativos/augmented/negativo_aug_00683.jpg
684,negativos_train_0537.jpg,negativo_aug_00684.jpg,/home/irar/Escritorio/ProyectoTaxiDetector/dataset/negativos/train/negativos_train_0537.jpg,/home/irar/Escritorio/ProyectoTaxiDetector/dataset/negativos/augmented/negativo_aug_00684.jpg
685,negativos_train_0511.jpg,negativo_aug_00685.jpg,/home/irar/Escritorio/ProyectoTaxiDetector/dataset/negativos/train/negativos_train_0511.jpg,/home/irar/Escritorio/ProyectoTaxiDetector/dataset/negativos/augmented/negativo_aug_00685.jpg
686,negativos_train_0579.jpg,negativo_aug_00686.jpg,/home/irar/Escritorio/ProyectoTaxiDetector/dataset/negativos/train/negativos_train_0579.jpg,/home/irar/Escritorio/ProyectoTaxiDetector/dataset/negativos/augmented/negativo_aug_00686.jpg
687,negativos_train_0376.jpg,negativo_aug_00687.jpg,/home/irar/Escritorio/ProyectoTaxiDetector/dataset/negativos/train/negativos_train_0376.jpg,/home/irar/Escritorio/ProyectoTaxiDetector/dataset/negativos/augmented/negativo_aug_00687.jpg
688,negativos_train_0197.jpg,negativo_aug_00688.jpg,/home/irar/Escritorio/ProyectoTaxiDetector/dataset/negativos/train/negativos_train_0197.jpg,/home/irar/Escritorio/ProyectoTaxiDetector/dataset/negativos/augmented/negativo_aug_00688.jpg
689,negativos_train_0413.jpg,negativo_aug_00689.jpg,/home/irar/Escritorio/ProyectoTaxiDetector/dataset/negativos/train/negativos_train_0413.jpg,/home/irar/Escritorio/ProyectoTaxiDetector/dataset/negativos/augmented/negativo_aug_00689.jpg
690,negativos_train_0066.jpg,negativo_aug_00690.jpg,/home/irar/Escritorio/ProyectoTaxiDetector/dataset/negativos/train/negativos_train_0066.jpg,/home/irar/Escritorio/ProyectoTaxiDetector/dataset/negativos/augmented/negativo_aug_00690.jpg
691,negativos_train_0611.jpg,negativo_aug_00691.jpg,/home/irar/Escritorio/ProyectoTaxiDetector/dataset/negativos/train/negativos_train_0611.jpg,/home/irar/Escritorio/ProyectoTaxiDetector/dataset/negativos/augmented/negativo_aug_00691.jpg
692,negativos_train_0474.jpg,negativo_aug_00692.jpg,/home/irar/Escritorio/ProyectoTaxiDetector/dataset/negativos/train/negativos_train_0474.jpg,/home/irar/Escritorio/ProyectoTaxiDetector/dataset/negativos/augmented/negativo_aug_00692.jpg
693,negativos_train_0025.jpg,negativo_aug_00693.jpg,/home/irar/Escritorio/ProyectoTaxiDetector/dataset/negativos/train/negativos_train_0025.jpg,/home/irar/Escritorio/ProyectoTaxiDetector/dataset/negativos/augmented/negativo_aug_00693.jpg
694,negativos_train_0300.jpg,negativo_aug_00694.jpg,/home/irar/Escritorio/ProyectoTaxiDetector/dataset/negativos/train/negativos_train_0300.jpg,/home/irar/Escritorio/ProyectoTaxiDetector/dataset/negativos/augmented/negativo_aug_00694.jpg
695,negativos_train_0524.jpg,negativo_aug_00695.jpg,/home/irar/Escritorio/ProyectoTaxiDetector/dataset/negativos/train/negativos_train_0524.jpg,/home/irar/Escritorio/ProyectoTaxiDetector/dataset/negativos/augmented/negativo_aug_00695.jpg
696,negativos_train_0550.jpg,negativo_aug_00696.jpg,/home/irar/Escritorio/ProyectoTaxiDetector/dataset/negativos/train/negativos_train_0550.jpg,/home/irar/Escritorio/ProyectoTaxiDetector/dataset/negativos/augmented/negativo_aug_00696.jpg
697,negativos_train_0050.jpg,negativo_aug_00697.jpg,/home/irar/Escritorio/ProyectoTaxiDetector/dataset/negativos/train/negativos_train_0050.jpg,/home/irar/Escritorio/ProyectoTaxiDetector/dataset/negativos/augmented/negativo_aug_00697.jpg
698,negativos_train_0183.jpg,negativo_aug_00698.jpg,/home/irar/Escritorio/ProyectoTaxiDetector/dataset/negativos/train/negativos_train_0183.jpg,/home/irar/Escritorio/ProyectoTaxiDetector/dataset/negativos/augmented/negativo_aug_00698.jpg
699,negativos_train_0101.jpg,negativo_aug_00699.jpg,/home/irar/Escritorio/ProyectoTaxiDetector/dataset/negativos/train/negativos_train_0101.jpg,/home/irar/Escritorio/ProyectoTaxiDetector/dataset/negativos/augmented/negativo_aug_00699.jpg
700,negativos_train_0517.jpg,negativo_aug_00700.jpg,/home/irar/Escritorio/ProyectoTaxiDetector/dataset/negativos/train/negativos_train_0517.jpg,/home/irar/Escritorio/ProyectoTaxiDetector/dataset/negativos/augmented/negativo_aug_00700.jpg
701,negativos_train_0325.jpg,negativo_aug_00701.jpg,/home/irar/Escritorio/ProyectoTaxiDetector/dataset/negativos/train/negativos_train_0325.jpg,/home/irar/Escritorio/ProyectoTaxiDetector/dataset/negativos/augmented/negativo_aug_00701.jpg
702,negativos_train_0055.jpg,negativo_aug_00702.jpg,/home/irar/Escritorio/ProyectoTaxiDetector/dataset/negativos/train/negativos_train_0055.jpg,/home/irar/Escritorio/ProyectoTaxiDetector/dataset/negativos/augmented/negativo_aug_00702.jpg
703,negativos_train_0235.jpg,negativo_aug_00703.jpg,/home/irar/Escritorio/ProyectoTaxiDetector/dataset/negativos/train/negativos_train_0235.jpg,/home/irar/Escritorio/ProyectoTaxiDetector/dataset/negativos/augmented/negativo_aug_00703.jpg
704,negativos_train_0045.jpg,negativo_aug_00704.jpg,/home/irar/Escritorio/ProyectoTaxiDetector/dataset/negativos/train/negativos_train_0045.jpg,/home/irar/Escritorio/ProyectoTaxiDetector/dataset/negativos/augmented/negativo_aug_00704.jpg
705,negativos_train_0290.jpg,negativo_aug_00705.jpg,/home/irar/Escritorio/ProyectoTaxiDetector/dataset/negativos/train/negativos_train_0290.jpg,/home/irar/Escritorio/ProyectoTaxiDetector/dataset/negativos/augmented/negativo_aug_00705.jpg
706,negativos_train_0132.jpg,negativo_aug_00706.jpg,/home/irar/Escritorio/ProyectoTaxiDetector/dataset/negativos/train/negativos_train_0132.jpg,/home/irar/Escritorio/ProyectoTaxiDetector/dataset/negativos/augmented/negativo_aug_00706.jpg
707,negativos_train_0316.jpg,negativo_aug_00707.jpg,/home/irar/Escritorio/ProyectoTaxiDetector/dataset/negativos/train/negativos_train_0316.jpg,/home/irar/Escritorio/ProyectoTaxiDetector/dataset/negativos/augmented/negativo_aug_00707.jpg
708,negativos_train_0258.jpg,negativo_aug_00708.jpg,/home/irar/Escritorio/ProyectoTaxiDetector/dataset/negativos/train/negativos_train_0258.jpg,/home/irar/Escritorio/ProyectoTaxiDetector/dataset/negativos/augmented/negativo_aug_00708.jpg
709,negativos_train_0329.jpg,negativo_aug_00709.jpg,/home/irar/Escritorio/ProyectoTaxiDetector/dataset/negativos/train/negativos_train_0329.jpg,/home/irar/Escritorio/ProyectoTaxiDetector/dataset/negativos/augmented/negativo_aug_00709.jpg
710,negativos_train_0422.jpg,negativo_aug_00710.jpg,/home/irar/Escritorio/ProyectoTaxiDetector/dataset/negativos/train/negativos_train_0422.jpg,/home/irar/Escritorio/ProyectoTaxiDetector/dataset/negativos/augmented/negativo_aug_00710.jpg
711,negativos_train_0338.jpg,negativo_aug_00711.jpg,/home/irar/Escritorio/ProyectoTaxiDetector/dataset/negativos/train/negativos_train_0338.jpg,/home/irar/Escritorio/ProyectoTaxiDetector/dataset/negativos/augmented/negativo_aug_00711.jpg
712,negativos_train_0574.jpg,negativo_aug_00712.jpg,/home/irar/Escritorio/ProyectoTaxiDetector/dataset/negativos/train/negativos_train_0574.jpg,/home/irar/Escritorio/ProyectoTaxiDetector/dataset/negativos/augmented/negativo_aug_00712.jpg
713,negativos_train_0624.jpg,negativo_aug_00713.jpg,/home/irar/Escritorio/ProyectoTaxiDetector/dataset/negativos/train/negativos_train_0624.jpg,/home/irar/Escritorio/ProyectoTaxiDetector/dataset/negativos/augmented/negativo_aug_00713.jpg
714,negativos_train_0412.jpg,negativo_aug_00714.jpg,/home/irar/Escritorio/ProyectoTaxiDetector/dataset/negativos/train/negativos_train_0412.jpg,/home/irar/Escritorio/ProyectoTaxiDetector/dataset/negativos/augmented/negativo_aug_00714.jpg
715,negativos_train_0247.jpg,negativo_aug_00715.jpg,/home/irar/Escritorio/ProyectoTaxiDetector/dataset/negativos/train/negativos_train_0247.jpg,/home/irar/Escritorio/ProyectoTaxiDetector/dataset/negativos/augmented/negativo_aug_00715.jpg
716,negativos_train_0273.jpg,negativo_aug_00716.jpg,/home/irar/Escritorio/ProyectoTaxiDetector/dataset/negativos/train/negativos_train_0273.jpg,/home/irar/Escritorio/ProyectoTaxiDetector/dataset/negativos/augmented/negativo_aug_00716.jpg
717,negativos_train_0582.jpg,negativo_aug_00717.jpg,/home/irar/Escritorio/ProyectoTaxiDetector/dataset/negativos/train/negativos_train_0582.jpg,/home/irar/Escritorio/ProyectoTaxiDetector/dataset/negativos/augmented/negativo_aug_00717.jpg
718,negativos_train_0490.jpg,negativo_aug_00718.jpg,/home/irar/Escritorio/ProyectoTaxiDetector/dataset/negativos/train/negativos_train_0490.jpg,/home/irar/Escritorio/ProyectoTaxiDetector/dataset/negativos/augmented/negativo_aug_00718.jpg
719,negativos_train_0433.jpg,negativo_aug_00719.jpg,/home/irar/Escritorio/ProyectoTaxiDetector/dataset/negativos/train/negativos_train_0433.jpg,/home/irar/Escritorio/ProyectoTaxiDetector/dataset/negativos/augmented/negativo_aug_00719.jpg
720,negativos_train_0366.jpg,negativo_aug_00720.jpg,/home/irar/Escritorio/ProyectoTaxiDetector/dataset/negativos/train/negativos_train_0366.jpg,/home/irar/Escritorio/ProyectoTaxiDetector/dataset/negativos/augmented/negativo_aug_00720.jpg
721,negativos_train_0215.jpg,negativo_aug_00721.jpg,/home/irar/Escritorio/ProyectoTaxiDetector/dataset/negativos/train/negativos_train_0215.jpg,/home/irar/Escritorio/ProyectoTaxiDetector/dataset/negativos/augmented/negativo_aug_00721.jpg
722,negativos_train_0417.jpg,negativo_aug_00722.jpg,/home/irar/Escritorio/ProyectoTaxiDetector/dataset/negativos/train/negativos_train_0417.jpg,/home/irar/Escritorio/ProyectoTaxiDetector/dataset/negativos/augmented/negativo_aug_00722.jpg
723,negativos_train_0456.jpg,negativo_aug_00723.jpg,/home/irar/Escritorio/ProyectoTaxiDetector/dataset/negativos/train/negativos_train_0456.jpg,/home/irar/Escritorio/ProyectoTaxiDetector/dataset/negativos/augmented/negativo_aug_00723.jpg
724,negativos_train_0341.jpg,negativo_aug_00724.jpg,/home/irar/Escritorio/ProyectoTaxiDetector/dataset/negativos/train/negativos_train_0341.jpg,/home/irar/Escritorio/ProyectoTaxiDetector/dataset/negativos/augmented/negativo_aug_00724.jpg
725,negativos_train_0079.jpg,negativo_aug_00725.jpg,/home/irar/Escritorio/ProyectoTaxiDetector/dataset/negativos/train/negativos_train_0079.jpg,/home/irar/Escritorio/ProyectoTaxiDetector/dataset/negativos/augmented/negativo_aug_00725.jpg
726,negativos_train_0374.jpg,negativo_aug_00726.jpg,/home/irar/Escritorio/ProyectoTaxiDetector/dataset/negativos/train/negativos_train_0374.jpg,/home/irar/Escritorio/ProyectoTaxiDetector/dataset/negativos/augmented/negativo_aug_00726.jpg
727,negativos_train_0023.jpg,negativo_aug_00727.jpg,/home/irar/Escritorio/ProyectoTaxiDetector/dataset/negativos/train/negativos_train_0023.jpg,/home/irar/Escritorio/ProyectoTaxiDetector/dataset/negativos/augmented/negativo_aug_00727.jpg
728,negativos_train_0604.jpg,negativo_aug_00728.jpg,/home/irar/Escritorio/ProyectoTaxiDetector/dataset/negativos/train/negativos_train_0604.jpg,/home/irar/Escritorio/ProyectoTaxiDetector/dataset/negativos/augmented/negativo_aug_00728.jpg
729,negativos_train_0357.jpg,negativo_aug_00729.jpg,/home/irar/Escritorio/ProyectoTaxiDetector/dataset/negativos/train/negativos_train_0357.jpg,/home/irar/Escritorio/ProyectoTaxiDetector/dataset/negativos/augmented/negativo_aug_00729.jpg
730,negativos_train_0190.jpg,negativo_aug_00730.jpg,/home/irar/Escritorio/ProyectoTaxiDetector/dataset/negativos/train/negativos_train_0190.jpg,/home/irar/Escritorio/ProyectoTaxiDetector/dataset/negativos/augmented/negativo_aug_00730.jpg
731,negativos_train_0186.jpg,negativo_aug_00731.jpg,/home/irar/Escritorio/ProyectoTaxiDetector/dataset/negativos/train/negativos_train_0186.jpg,/home/irar/Escritorio/ProyectoTaxiDetector/dataset/negativos/augmented/negativo_aug_00731.jpg
732,negativos_train_0454.jpg,negativo_aug_00732.jpg,/home/irar/Escritorio/ProyectoTaxiDetector/dataset/negativos/train/negativos_train_0454.jpg,/home/irar/Escritorio/ProyectoTaxiDetector/dataset/negativos/augmented/negativo_aug_00732.jpg
733,negativos_train_0528.jpg,negativo_aug_00733.jpg,/home/irar/Escritorio/ProyectoTaxiDetector/dataset/negativos/train/negativos_train_0528.jpg,/home/irar/Escritorio/ProyectoTaxiDetector/dataset/negativos/augmented/negativo_aug_00733.jpg
734,negativos_train_0264.jpg,negativo_aug_00734.jpg,/home/irar/Escritorio/ProyectoTaxiDetector/dataset/negativos/train/negativos_train_0264.jpg,/home/irar/Escritorio/ProyectoTaxiDetector/dataset/negativos/augmented/negativo_aug_00734.jpg
735,negativos_train_0573.jpg,negativo_aug_00735.jpg,/home/irar/Escritorio/ProyectoTaxiDetector/dataset/negativos/train/negativos_train_0573.jpg,/home/irar/Escritorio/ProyectoTaxiDetector/dataset/negativos/augmented/negativo_aug_00735.jpg
736,negativos_train_0549.jpg,negativo_aug_00736.jpg,/home/irar/Escritorio/ProyectoTaxiDetector/dataset/negativos/train/negativos_train_0549.jpg,/home/irar/Escritorio/ProyectoTaxiDetector/dataset/negativos/augmented/negativo_aug_00736.jpg
737,negativos_train_0464.jpg,negativo_aug_00737.jpg,/home/irar/Escritorio/ProyectoTaxiDetector/dataset/negativos/train/negativos_train_0464.jpg,/home/irar/Escritorio/ProyectoTaxiDetector/dataset/negativos/augmented/negativo_aug_00737.jpg
738,negativos_train_0554.jpg,negativo_aug_00738.jpg,/home/irar/Escritorio/ProyectoTaxiDetector/dataset/negativos/train/negativos_train_0554.jpg,/home/irar/Escritorio/ProyectoTaxiDetector/dataset/negativos/augmented/negativo_aug_00738.jpg
739,negativos_train_0200.jpg,negativo_aug_00739.jpg,/home/irar/Escritorio/ProyectoTaxiDetector/dataset/negativos/train/negativos_train_0200.jpg,/home/irar/Escritorio/ProyectoTaxiDetector/dataset/negativos/augmented/negativo_aug_00739.jpg
740,negativos_train_0232.jpg,negativo_aug_00740.jpg,/home/irar/Escritorio/ProyectoTaxiDetector/dataset/negativos/train/negativos_train_0232.jpg,/home/irar/Escritorio/ProyectoTaxiDetector/dataset/negativos/augmented/negativo_aug_00740.jpg
741,negativos_train_0178.jpg,negativo_aug_00741.jpg,/home/irar/Escritorio/ProyectoTaxiDetector/dataset/negativos/train/negativos_train_0178.jpg,/home/irar/Escritorio/ProyectoTaxiDetector/dataset/negativos/augmented/negativo_aug_00741.jpg
742,negativos_train_0297.jpg,negativo_aug_00742.jpg,/home/irar/Escritorio/ProyectoTaxiDetector/dataset/negativos/train/negativos_train_0297.jpg,/home/irar/Escritorio/ProyectoTaxiDetector/dataset/negativos/augmented/negativo_aug_00742.jpg
743,negativos_train_0483.jpg,negativo_aug_00743.jpg,/home/irar/Escritorio/ProyectoTaxiDetector/dataset/negativos/train/negativos_train_0483.jpg,/home/irar/Escritorio/ProyectoTaxiDetector/dataset/negativos/augmented/negativo_aug_00743.jpg
744,negativos_train_0394.jpg,negativo_aug_00744.jpg,/home/irar/Escritorio/ProyectoTaxiDetector/dataset/negativos/train/negativos_train_0394.jpg,/home/irar/Escritorio/ProyectoTaxiDetector/dataset/negativos/augmented/negativo_aug_00744.jpg
745,negativos_train_0367.jpg,negativo_aug_00745.jpg,/home/irar/Escritorio/ProyectoTaxiDetector/dataset/negativos/train/negativos_train_0367.jpg,/home/irar/Escritorio/ProyectoTaxiDetector/dataset/negativos/augmented/negativo_aug_00745.jpg
746,negativos_train_0176.jpg,negativo_aug_00746.jpg,/home/irar/Escritorio/ProyectoTaxiDetector/dataset/negativos/train/negativos_train_0176.jpg,/home/irar/Escritorio/ProyectoTaxiDetector/dataset/negativos/augmented/negativo_aug_00746.jpg
747,negativos_train_0022.jpg,negativo_aug_00747.jpg,/home/irar/Escritorio/ProyectoTaxiDetector/dataset/negativos/train/negativos_train_0022.jpg,/home/irar/Escritorio/ProyectoTaxiDetector/dataset/negativos/augmented/negativo_aug_00747.jpg
748,negativos_train_0057.jpg,negativo_aug_00748.jpg,/home/irar/Escritorio/ProyectoTaxiDetector/dataset/negativos/train/negativos_train_0057.jpg,/home/irar/Escritorio/ProyectoTaxiDetector/dataset/negativos/augmented/negativo_aug_00748.jpg
749,negativos_train_0486.jpg,negativo_aug_00749.jpg,/home/irar/Escritorio/ProyectoTaxiDetector/dataset/negativos/train/negativos_train_0486.jpg,/home/irar/Escritorio/ProyectoTaxiDetector/dataset/negativos/augmented/negativo_aug_00749.jpg
750,negativos_train_0112.jpg,negativo_aug_00750.jpg,/home/irar/Escritorio/ProyectoTaxiDetector/dataset/negativos/train/negativos_train_0112.jpg,/home/irar/Escritorio/ProyectoTaxiDetector/dataset/negativos/augmented/negativo_aug_00750.jpg
751,negativos_train_0091.jpg,negativo_aug_00751.jpg,/home/irar/Escritorio/ProyectoTaxiDetector/dataset/negativos/train/negativos_train_0091.jpg,/home/irar/Escritorio/ProyectoTaxiDetector/dataset/negativos/augmented/negativo_aug_00751.jpg
752,negativos_train_0134.jpg,negativo_aug_00752.jpg,/home/irar/Escritorio/ProyectoTaxiDetector/dataset/negativos/train/negativos_train_0134.jpg,/home/irar/Escritorio/ProyectoTaxiDetector/dataset/negativos/augmented/negativo_aug_00752.jpg
753,negativos_train_0585.jpg,negativo_aug_00753.jpg,/home/irar/Escritorio/ProyectoTaxiDetector/dataset/negativos/train/negativos_train_0585.jpg,/home/irar/Escritorio/ProyectoTaxiDetector/dataset/negativos/augmented/negativo_aug_00753.jpg
754,negativos_train_0530.jpg,negativo_aug_00754.jpg,/home/irar/Escritorio/ProyectoTaxiDetector/dataset/negativos/train/negativos_train_0530.jpg,/home/irar/Escritorio/ProyectoTaxiDetector/dataset/negativos/augmented/negativo_aug_00754.jpg
755,negativos_train_0056.jpg,negativo_aug_00755.jpg,/home/irar/Escritorio/ProyectoTaxiDetector/dataset/negativos/train/negativos_train_0056.jpg,/home/irar/Escritorio/ProyectoTaxiDetector/dataset/negativos/augmented/negativo_aug_00755.jpg
756,negativos_train_0163.jpg,negativo_aug_00756.jpg,/home/irar/Escritorio/ProyectoTaxiDetector/dataset/negativos/train/negativos_train_0163.jpg,/home/irar/Escritorio/ProyectoTaxiDetector/dataset/negativos/augmented/negativo_aug_00756.jpg
757,negativos_train_0096.jpg,negativo_aug_00757.jpg,/home/irar/Escritorio/ProyectoTaxiDetector/dataset/negativos/train/negativos_train_0096.jpg,/home/irar/Escritorio/ProyectoTaxiDetector/dataset/negativos/augmented/negativo_aug_00757.jpg
758,negativos_train_0546.jpg,negativo_aug_00758.jpg,/home/irar/Escritorio/ProyectoTaxiDetector/dataset/negativos/train/negativos_train_0546.jpg,/home/irar/Escritorio/ProyectoTaxiDetector/dataset/negativos/augmented/negativo_aug_00758.jpg
759,negativos_train_0239.jpg,negativo_aug_00759.jpg,/home/irar/Escritorio/ProyectoTaxiDetector/dataset/negativos/train/negativos_train_0239.jpg,/home/irar/Escritorio/ProyectoTaxiDetector/dataset/negativos/augmented/negativo_aug_00759.jpg
760,negativos_train_0438.jpg,negativo_aug_00760.jpg,/home/irar/Escritorio/ProyectoTaxiDetector/dataset/negativos/train/negativos_train_0438.jpg,/home/irar/Escritorio/ProyectoTaxiDetector/dataset/negativos/augmented/negativo_aug_00760.jpg
761,negativos_train_0193.jpg,negativo_aug_00761.jpg,/home/irar/Escritorio/ProyectoTaxiDetector/dataset/negativos/train/negativos_train_0193.jpg,/home/irar/Escritorio/ProyectoTaxiDetector/dataset/negativos/augmented/negativo_aug_00761.jpg
762,negativos_train_0467.jpg,negativo_aug_00762.jpg,/home/irar/Escritorio/ProyectoTaxiDetector/dataset/negativos/train/negativos_train_0467.jpg,/home/irar/Escritorio/ProyectoTaxiDetector/dataset/negativos/augmented/negativo_aug_00762.jpg
763,negativos_train_0234.jpg,negativo_aug_00763.jpg,/home/irar/Escritorio/ProyectoTaxiDetector/dataset/negativos/train/negativos_train_0234.jpg,/home/irar/Escritorio/ProyectoTaxiDetector/dataset/negativos/augmented/negativo_aug_00763.jpg
764,negativos_train_0583.jpg,negativo_aug_00764.jpg,/home/irar/Escritorio/ProyectoTaxiDetector/dataset/negativos/train/negativos_train_0583.jpg,/home/irar/Escritorio/ProyectoTaxiDetector/dataset/negativos/augmented/negativo_aug_00764.jpg
765,negativos_train_0532.jpg,negativo_aug_00765.jpg,/home/irar/Escritorio/ProyectoTaxiDetector/dataset/negativos/train/negativos_train_0532.jpg,/home/irar/Escritorio/ProyectoTaxiDetector/dataset/negativos/augmented/negativo_aug_00765.jpg
766,negativos_train_0569.jpg,negativo_aug_00766.jpg,/home/irar/Escritorio/ProyectoTaxiDetector/dataset/negativos/train/negativos_train_0569.jpg,/home/irar/Escritorio/ProyectoTaxiDetector/dataset/negativos/augmented/negativo_aug_00766.jpg
767,negativos_train_0287.jpg,negativo_aug_00767.jpg,/home/irar/Escritorio/ProyectoTaxiDetector/dataset/negativos/train/negativos_train_0287.jpg,/home/irar/Escritorio/ProyectoTaxiDetector/dataset/negativos/augmented/negativo_aug_00767.jpg
768,negativos_train_0322.jpg,negativo_aug_00768.jpg,/home/irar/Escritorio/ProyectoTaxiDetector/dataset/negativos/train/negativos_train_0322.jpg,/home/irar/Escritorio/ProyectoTaxiDetector/dataset/negativos/augmented/negativo_aug_00768.jpg
769,negativos_train_0087.jpg,negativo_aug_00769.jpg,/home/irar/Escritorio/ProyectoTaxiDetector/dataset/negativos/train/negativos_train_0087.jpg,/home/irar/Escritorio/ProyectoTaxiDetector/dataset/negativos/augmented/negativo_aug_00769.jpg
770,negativos_train_0068.jpg,negativo_aug_00770.jpg,/home/irar/Escritorio/ProyectoTaxiDetector/dataset/negativos/train/negativos_train_0068.jpg,/home/irar/Escritorio/ProyectoTaxiDetector/dataset/negativos/augmented/negativo_aug_00770.jpg
771,negativos_train_0543.jpg,negativo_aug_00771.jpg,/home/irar/Escritorio/ProyectoTaxiDetector/dataset/negativos/train/negativos_train_0543.jpg,/home/irar/Escritorio/ProyectoTaxiDetector/dataset/negativos/augmented/negativo_aug_00771.jpg
772,negativos_train_0572.jpg,negativo_aug_00772.jpg,/home/irar/Escritorio/ProyectoTaxiDetector/dataset/negativos/train/negativos_train_0572.jpg,/home/irar/Escritorio/ProyectoTaxiDetector/dataset/negativos/augmented/negativo_aug_00772.jpg
773,negativos_train_0213.jpg,negativo_aug_00773.jpg,/home/irar/Escritorio/ProyectoTaxiDetector/dataset/negativos/train/negativos_train_0213.jpg,/home/irar/Escritorio/ProyectoTaxiDetector/dataset/negativos/augmented/negativo_aug_00773.jpg
774,negativos_train_0221.jpg,negativo_aug_00774.jpg,/home/irar/Escritorio/ProyectoTaxiDetector/dataset/negativos/train/negativos_train_0221.jpg,/home/irar/Escritorio/ProyectoTaxiDetector/dataset/negativos/augmented/negativo_aug_00774.jpg
775,negativos_train_0314.jpg,negativo_aug_00775.jpg,/home/irar/Escritorio/ProyectoTaxiDetector/dataset/negativos/train/negativos_train_0314.jpg,/home/irar/Escritorio/ProyectoTaxiDetector/dataset/negativos/augmented/negativo_aug_00775.jpg
776,negativos_train_0223.jpg,negativo_aug_00776.jpg,/home/irar/Escritorio/ProyectoTaxiDetector/dataset/negativos/train/negativos_train_0223.jpg,/home/irar/Escritorio/ProyectoTaxiDetector/dataset/negativos/augmented/negativo_aug_00776.jpg
777,negativos_train_0493.jpg,negativo_aug_00777.jpg,/home/irar/Escritorio/ProyectoTaxiDetector/dataset/negativos/train/negativos_train_0493.jpg,/home/irar/Escritorio/ProyectoTaxiDetector/dataset/negativos/augmented/negativo_aug_00777.jpg
778,negativos_train_0135.jpg,negativo_aug_00778.jpg,/home/irar/Escritorio/ProyectoTaxiDetector/dataset/negativos/train/negativos_train_0135.jpg,/home/irar/Escritorio/ProyectoTaxiDetector/dataset/negativos/augmented/negativo_aug_00778.jpg
779,negativos_train_0421.jpg,negativo_aug_00779.jpg,/home/irar/Escritorio/ProyectoTaxiDetector/dataset/negativos/train/negativos_train_0421.jpg,/home/irar/Escritorio/ProyectoTaxiDetector/dataset/negativos/augmented/negativo_aug_00779.jpg
780,negativos_train_0256.jpg,negativo_aug_00780.jpg,/home/irar/Escritorio/ProyectoTaxiDetector/dataset/negativos/train/negativos_train_0256.jpg,/home/irar/Escritorio/ProyectoTaxiDetector/dataset/negativos/augmented/negativo_aug_00780.jpg
781,negativos_train_0026.jpg,negativo_aug_00781.jpg,/home/irar/Escritorio/ProyectoTaxiDetector/dataset/negativos/train/negativos_train_0026.jpg,/home/irar/Escritorio/ProyectoTaxiDetector/dataset/negativos/augmented/negativo_aug_00781.jpg
782,negativos_train_0312.jpg,negativo_aug_00782.jpg,/home/irar/Escritorio/ProyectoTaxiDetector/dataset/negativos/train/negativos_train_0312.jpg,/home/irar/Escritorio/ProyectoTaxiDetector/dataset/negativos/augmented/negativo_aug_00782.jpg
783,negativos_train_0416.jpg,negativo_aug_00783.jpg,/home/irar/Escritorio/ProyectoTaxiDetector/dataset/negativos/train/negativos_train_0416.jpg,/home/irar/Escritorio/ProyectoTaxiDetector/dataset/negativos/augmented/negativo_aug_00783.jpg
784,negativos_train_0293.jpg,negativo_aug_00784.jpg,/home/irar/Escritorio/ProyectoTaxiDetector/dataset/negativos/train/negativos_train_0293.jpg,/home/irar/Escritorio/ProyectoTaxiDetector/dataset/negativos/augmented/negativo_aug_00784.jpg
785,negativos_train_0033.jpg,negativo_aug_00785.jpg,/home/irar/Escritorio/ProyectoTaxiDetector/dataset/negativos/train/negativos_train_0033.jpg,/home/irar/Escritorio/ProyectoTaxiDetector/dataset/negativos/augmented/negativo_aug_00785.jpg
786,negativos_train_0010.jpg,negativo_aug_00786.jpg,/home/irar/Escritorio/ProyectoTaxiDetector/dataset/negativos/train/negativos_train_0010.jpg,/home/irar/Escritorio/ProyectoTaxiDetector/dataset/negativos/augmented/negativo_aug_00786.jpg
787,negativos_train_0127.jpg,negativo_aug_00787.jpg,/home/irar/Escritorio/ProyectoTaxiDetector/dataset/negativos/train/negativos_train_0127.jpg,/home/irar/Escritorio/ProyectoTaxiDetector/dataset/negativos/augmented/negativo_aug_00787.jpg
788,negativos_train_0180.jpg,negativo_aug_00788.jpg,/home/irar/Escritorio/ProyectoTaxiDetector/dataset/negativos/train/negativos_train_0180.jpg,/home/irar/Escritorio/ProyectoTaxiDetector/dataset/negativos/augmented/negativo_aug_00788.jpg
789,negativos_train_0368.jpg,negativo_aug_00789.jpg,/home/irar/Escritorio/ProyectoTaxiDetector/dataset/negativos/train/negativos_train_0368.jpg,/home/irar/Escritorio/ProyectoTaxiDetector/dataset/negativos/augmented/negativo_aug_00789.jpg
790,negativos_train_0481.jpg,negativo_aug_00790.jpg,/home/irar/Escritorio/ProyectoTaxiDetector/dataset/negativos/train/negativos_train_0481.jpg,/home/irar/Escritorio/ProyectoTaxiDetector/dataset/negativos/augmented/negativo_aug_00790.jpg
791,negativos_train_0122.jpg,negativo_aug_00791.jpg,/home/irar/Escritorio/ProyectoTaxiDetector/dataset/negativos/train/negativos_train_0122.jpg,/home/irar/Escritorio/ProyectoTaxiDetector/dataset/negativos/augmented/negativo_aug_00791.jpg
792,negativos_train_0082.jpg,negativo_aug_00792.jpg,/home/irar/Escritorio/ProyectoTaxiDetector/dataset/negativos/train/negativos_train_0082.jpg,/home/irar/Escritorio/ProyectoTaxiDetector/dataset/negativos/augmented/negativo_aug_00792.jpg
793,negativos_train_0012.jpg,negativo_aug_00793.jpg,/home/irar/Escritorio/ProyectoTaxiDetector/dataset/negativos/train/negativos_train_0012.jpg,/home/irar/Escritorio/ProyectoTaxiDetector/dataset/negativos/augmented/negativo_aug_00793.jpg
794,negativos_train_0255.jpg,negativo_aug_00794.jpg,/home/irar/Escritorio/ProyectoTaxiDetector/dataset/negativos/train/negativos_train_0255.jpg,/home/irar/Escritorio/ProyectoTaxiDetector/dataset/negativos/augmented/negativo_aug_00794.jpg
795,negativos_train_0575.jpg,negativo_aug_00795.jpg,/home/irar/Escritorio/ProyectoTaxiDetector/dataset/negativos/train/negativos_train_0575.jpg,/home/irar/Escritorio/ProyectoTaxiDetector/dataset/negativos/augmented/negativo_aug_00795.jpg
796,negativos_train_0199.jpg,negativo_aug_00796.jpg,/home/irar/Escritorio/ProyectoTaxiDetector/dataset/negativos/train/negativos_train_0199.jpg,/home/irar/Escritorio/ProyectoTaxiDetector/dataset/negativos/augmented/negativo_aug_00796.jpg
797,negativos_train_0147.jpg,negativo_aug_00797.jpg,/home/irar/Escritorio/ProyectoTaxiDetector/dataset/negativos/train/negativos_train_0147.jpg,/home/irar/Escritorio/ProyectoTaxiDetector/dataset/negativos/augmented/negativo_aug_00797.jpg
798,negativos_train_0228.jpg,negativo_aug_00798.jpg,/home/irar/Escritorio/ProyectoTaxiDetector/dataset/negativos/train/negativos_train_0228.jpg,/home/irar/Escritorio/ProyectoTaxiDetector/dataset/negativos/augmented/negativo_aug_00798.jpg
799,negativos_train_0198.jpg,negativo_aug_00799.jpg,/home/irar/Escritorio/ProyectoTaxiDetector/dataset/negativos/train/negativos_train_0198.jpg,/home/irar/Escritorio/ProyectoTaxiDetector/dataset/negativos/augmented/negativo_aug_00799.jpg
800,negativos_train_0271.jpg,negativo_aug_00800.jpg,/home/irar/Escritorio/ProyectoTaxiDetector/dataset/negativos/train/negativos_train_0271.jpg,/home/irar/Escritorio/ProyectoTaxiDetector/dataset/negativos/augmented/negativo_aug_00800.jpg
801,negativos_train_0202.jpg,negativo_aug_00801.jpg,/home/irar/Escritorio/ProyectoTaxiDetector/dataset/negativos/train/negativos_train_0202.jpg,/home/irar/Escritorio/ProyectoTaxiDetector/dataset/negativos/augmented/negativo_aug_00801.jpg
802,negativos_train_0097.jpg,negativo_aug_00802.jpg,/home/irar/Escritorio/ProyectoTaxiDetector/dataset/negativos/train/negativos_train_0097.jpg,/home/irar/Escritorio/ProyectoTaxiDetector/dataset/negativos/augmented/negativo_aug_00802.jpg
803,negativos_train_0427.jpg,negativo_aug_00803.jpg,/home/irar/Escritorio/ProyectoTaxiDetector/dataset/negativos/train/negativos_train_0427.jpg,/home/irar/Escritorio/ProyectoTaxiDetector/dataset/negativos/augmented/negativo_aug_00803.jpg
804,negativos_train_0201.jpg,negativo_aug_00804.jpg,/home/irar/Escritorio/ProyectoTaxiDetector/dataset/negativos/train/negativos_train_0201.jpg,/home/irar/Escritorio/ProyectoTaxiDetector/dataset/negativos/augmented/negativo_aug_00804.jpg
805,negativos_train_0591.jpg,negativo_aug_00805.jpg,/home/irar/Escritorio/ProyectoTaxiDetector/dataset/negativos/train/negativos_train_0591.jpg,/home/irar/Escritorio/ProyectoTaxiDetector/dataset/negativos/augmented/negativo_aug_00805.jpg
806,negativos_train_0342.jpg,negativo_aug_00806.jpg,/home/irar/Escritorio/ProyectoTaxiDetector/dataset/negativos/train/negativos_train_0342.jpg,/home/irar/Escritorio/ProyectoTaxiDetector/dataset/negativos/augmented/negativo_aug_00806.jpg
807,negativos_train_0229.jpg,negativo_aug_00807.jpg,/home/irar/Escritorio/ProyectoTaxiDetector/dataset/negativos/train/negativos_train_0229.jpg,/home/irar/Escritorio/ProyectoTaxiDetector/dataset/negativos/augmented/negativo_aug_00807.jpg
808,negativos_train_0288.jpg,negativo_aug_00808.jpg,/home/irar/Escritorio/ProyectoTaxiDetector/dataset/negativos/train/negativos_train_0288.jpg,/home/irar/Escritorio/ProyectoTaxiDetector/dataset/negativos/augmented/negativo_aug_00808.jpg
809,negativos_train_0115.jpg,negativo_aug_00809.jpg,/home/irar/Escritorio/ProyectoTaxiDetector/dataset/negativos/train/negativos_train_0115.jpg,/home/irar/Escritorio/ProyectoTaxiDetector/dataset/negativos/augmented/negativo_aug_00809.jpg
810,negativos_train_0457.jpg,negativo_aug_00810.jpg,/home/irar/Escritorio/ProyectoTaxiDetector/dataset/negativos/train/negativos_train_0457.jpg,/home/irar/Escritorio/ProyectoTaxiDetector/dataset/negativos/augmented/negativo_aug_00810.jpg
811,negativos_train_0126.jpg,negativo_aug_00811.jpg,/home/irar/Escritorio/ProyectoTaxiDetector/dataset/negativos/train/negativos_train_0126.jpg,/home/irar/Escritorio/ProyectoTaxiDetector/dataset/negativos/augmented/negativo_aug_00811.jpg
812,negativos_train_0270.jpg,negativo_aug_00812.jpg,/home/irar/Escritorio/ProyectoTaxiDetector/dataset/negativos/train/negativos_train_0270.jpg,/home/irar/Escritorio/ProyectoTaxiDetector/dataset/negativos/augmented/negativo_aug_00812.jpg
813,negativos_train_0149.jpg,negativo_aug_00813.jpg,/home/irar/Escritorio/ProyectoTaxiDetector/dataset/negativos/train/negativos_train_0149.jpg,/home/irar/Escritorio/ProyectoTaxiDetector/dataset/negativos/augmented/negativo_aug_00813.jpg
814,negativos_train_0463.jpg,negativo_aug_00814.jpg,/home/irar/Escritorio/ProyectoTaxiDetector/dataset/negativos/train/negativos_train_0463.jpg,/home/irar/Escritorio/ProyectoTaxiDetector/dataset/negativos/augmented/negativo_aug_00814.jpg
815,negativos_train_0469.jpg,negativo_aug_00815.jpg,/home/irar/Escritorio/ProyectoTaxiDetector/dataset/negativos/train/negativos_train_0469.jpg,/home/irar/Escritorio/ProyectoTaxiDetector/dataset/negativos/augmented/negativo_aug_00815.jpg
816,negativos_train_0315.jpg,negativo_aug_00816.jpg,/home/irar/Escritorio/ProyectoTaxiDetector/dataset/negativos/train/negativos_train_0315.jpg,/home/irar/Escritorio/ProyectoTaxiDetector/dataset/negativos/augmented/negativo_aug_00816.jpg
817,negativos_train_0301.jpg,negativo_aug_00817.jpg,/home/irar/Escritorio/ProyectoTaxiDetector/dataset/negativos/train/negativos_train_0301.jpg,/home/irar/Escritorio/ProyectoTaxiDetector/dataset/negativos/augmented/negativo_aug_00817.jpg
818,negativos_train_0242.jpg,negativo_aug_00818.jpg,/home/irar/Escritorio/ProyectoTaxiDetector/dataset/negativos/train/negativos_train_0242.jpg,/home/irar/Escritorio/ProyectoTaxiDetector/dataset/negativos/augmented/negativo_aug_00818.jpg
819,negativos_train_0261.jpg,negativo_aug_00819.jpg,/home/irar/Escritorio/ProyectoTaxiDetector/dataset/negativos/train/negativos_train_0261.jpg,/home/irar/Escritorio/ProyectoTaxiDetector/dataset/negativos/augmented/negativo_aug_00819.jpg
820,negativos_train_0088.jpg,negativo_aug_00820.jpg,/home/irar/Escritorio/ProyectoTaxiDetector/dataset/negativos/train/negativos_train_0088.jpg,/home/irar/Escritorio/ProyectoTaxiDetector/dataset/negativos/augmented/negativo_aug_00820.jpg
821,negativos_train_0594.jpg,negativo_aug_00821.jpg,/home/irar/Escritorio/ProyectoTaxiDetector/dataset/negativos/train/negativos_train_0594.jpg,/home/irar/Escritorio/ProyectoTaxiDetector/dataset/negativos/augmented/negativo_aug_00821.jpg
822,negativos_train_0533.jpg,negativo_aug_00822.jpg,/home/irar/Escritorio/ProyectoTaxiDetector/dataset/negativos/train/negativos_train_0533.jpg,/home/irar/Escritorio/ProyectoTaxiDetector/dataset/negativos/augmented/negativo_aug_00822.jpg
823,negativos_train_0018.jpg,negativo_aug_00823.jpg,/home/irar/Escritorio/ProyectoTaxiDetector/dataset/negativos/train/negativos_train_0018.jpg,/home/irar/Escritorio/ProyectoTaxiDetector/dataset/negativos/augmented/negativo_aug_00823.jpg
824,negativos_train_0035.jpg,negativo_aug_00824.jpg,/home/irar/Escritorio/ProyectoTaxiDetector/dataset/negativos/train/negativos_train_0035.jpg,/home/irar/Escritorio/ProyectoTaxiDetector/dataset/negativos/augmented/negativo_aug_00824.jpg
825,negativos_train_0192.jpg,negativo_aug_00825.jpg,/home/irar/Escritorio/ProyectoTaxiDetector/dataset/negativos/train/negativos_train_0192.jpg,/home/irar/Escritorio/ProyectoTaxiDetector/dataset/negativos/augmented/negativo_aug_00825.jpg
826,negativos_train_0518.jpg,negativo_aug_00826.jpg,/home/irar/Escritorio/ProyectoTaxiDetector/dataset/negativos/train/negativos_train_0518.jpg,/home/irar/Escritorio/ProyectoTaxiDetector/dataset/negativos/augmented/negativo_aug_00826.jpg
827,negativos_train_0154.jpg,negativo_aug_00827.jpg,/home/irar/Escritorio/ProyectoTaxiDetector/dataset/negativos/train/negativos_train_0154.jpg,/home/irar/Escritorio/ProyectoTaxiDetector/dataset/negativos/augmented/negativo_aug_00827.jpg
828,negativos_train_0299.jpg,negativo_aug_00828.jpg,/home/irar/Escritorio/ProyectoTaxiDetector/dataset/negativos/train/negativos_train_0299.jpg,/home/irar/Escritorio/ProyectoTaxiDetector/dataset/negativos/augmented/negativo_aug_00828.jpg
829,negativos_train_0429.jpg,negativo_aug_00829.jpg,/home/irar/Escritorio/ProyectoTaxiDetector/dataset/negativos/train/negativos_train_0429.jpg,/home/irar/Escritorio/ProyectoTaxiDetector/dataset/negativos/augmented/negativo_aug_00829.jpg
830,negativos_train_0434.jpg,negativo_aug_00830.jpg,/home/irar/Escritorio/ProyectoTaxiDetector/dataset/negativos/train/negativos_train_0434.jpg,/home/irar/Escritorio/ProyectoTaxiDetector/dataset/negativos/augmented/negativo_aug_00830.jpg
831,negativos_train_0295.jpg,negativo_aug_00831.jpg,/home/irar/Escritorio/ProyectoTaxiDetector/dataset/negativos/train/negativos_train_0295.jpg,/home/irar/Escritorio/ProyectoTaxiDetector/dataset/negativos/augmented/negativo_aug_00831.jpg
832,negativos_train_0600.jpg,negativo_aug_00832.jpg,/home/irar/Escritorio/ProyectoTaxiDetector/dataset/negativos/train/negativos_train_0600.jpg,/home/irar/Escritorio/ProyectoTaxiDetector/dataset/negativos/augmented/negativo_aug_00832.jpg
833,negativos_train_0063.jpg,negativo_aug_00833.jpg,/home/irar/Escritorio/ProyectoTaxiDetector/dataset/negativos/train/negativos_train_0063.jpg,/home/irar/Escritorio/ProyectoTaxiDetector/dataset/negativos/augmented/negativo_aug_00833.jpg
834,negativos_train_0121.jpg,negativo_aug_00834.jpg,/home/irar/Escritorio/ProyectoTaxiDetector/dataset/negativos/train/negativos_train_0121.jpg,/home/irar/Escritorio/ProyectoTaxiDetector/dataset/negativos/augmented/negativo_aug_00834.jpg
835,negativos_train_0588.jpg,negativo_aug_00835.jpg,/home/irar/Escritorio/ProyectoTaxiDetector/dataset/negativos/train/negativos_train_0588.jpg,/home/irar/Escritorio/ProyectoTaxiDetector/dataset/negativos/augmented/negativo_aug_00835.jpg
836,negativos_train_0531.jpg,negativo_aug_00836.jpg,/home/irar/Escritorio/ProyectoTaxiDetector/dataset/negativos/train/negativos_train_0531.jpg,/home/irar/Escritorio/ProyectoTaxiDetector/dataset/negativos/augmented/negativo_aug_00836.jpg
837,negativos_train_0070.jpg,negativo_aug_00837.jpg,/home/irar/Escritorio/ProyectoTaxiDetector/dataset/negativos/train/negativos_train_0070.jpg,/home/irar/Escritorio/ProyectoTaxiDetector/dataset/negativos/augmented/negativo_aug_00837.jpg
838,negativos_train_0522.jpg,negativo_aug_00838.jpg,/home/irar/Escritorio/ProyectoTaxiDetector/dataset/negativos/train/negativos_train_0522.jpg,/home/irar/Escritorio/ProyectoTaxiDetector/dataset/negativos/augmented/negativo_aug_00838.jpg
839,negativos_train_0597.jpg,negativo_aug_00839.jpg,/home/irar/Escritorio/ProyectoTaxiDetector/dataset/negativos/train/negativos_train_0597.jpg,/home/irar/Escritorio/ProyectoTaxiDetector/dataset/negativos/augmented/negativo_aug_00839.jpg
840,negativos_train_0075.jpg,negativo_aug_00840.jpg,/home/irar/Escritorio/ProyectoTaxiDetector/dataset/negativos/train/negativos_train_0075.jpg,/home/irar/Escritorio/ProyectoTaxiDetector/dataset/negativos/augmented/negativo_aug_00840.jpg
841,negativos_train_0184.jpg,negativo_aug_00841.jpg,/home/irar/Escritorio/ProyectoTaxiDetector/dataset/negativos/train/negativos_train_0184.jpg,/home/irar/Escritorio/ProyectoTaxiDetector/dataset/negativos/augmented/negativo_aug_00841.jpg
842,negativos_train_0626.jpg,negativo_aug_00842.jpg,/home/irar/Escritorio/ProyectoTaxiDetector/dataset/negativos/train/negativos_train_0626.jpg,/home/irar/Escritorio/ProyectoTaxiDetector/dataset/negativos/augmented/negativo_aug_00842.jpg
843,negativos_train_0040.jpg,negativo_aug_00843.jpg,/home/irar/Escritorio/ProyectoTaxiDetector/dataset/negativos/train/negativos_train_0040.jpg,/home/irar/Escritorio/ProyectoTaxiDetector/dataset/negativos/augmented/negativo_aug_00843.jpg
844,negativos_train_0260.jpg,negativo_aug_00844.jpg,/home/irar/Escritorio/ProyectoTaxiDetector/dataset/negativos/train/negativos_train_0260.jpg,/home/irar/Escritorio/ProyectoTaxiDetector/dataset/negativos/augmented/negativo_aug_00844.jpg
845,negativos_train_0571.jpg,negativo_aug_00845.jpg,/home/irar/Escritorio/ProyectoTaxiDetector/dataset/negativos/train/negativos_train_0571.jpg,/home/irar/Escritorio/ProyectoTaxiDetector/dataset/negativos/augmented/negativo_aug_00845.jpg
846,negativos_train_0470.jpg,negativo_aug_00846.jpg,/home/irar/Escritorio/ProyectoTaxiDetector/dataset/negativos/train/negativos_train_0470.jpg,/home/irar/Escritorio/ProyectoTaxiDetector/dataset/negativos/augmented/negativo_aug_00846.jpg
847,negativos_train_0603.jpg,negativo_aug_00847.jpg,/home/irar/Escritorio/ProyectoTaxiDetector/dataset/negativos/train/negativos_train_0603.jpg,/home/irar/Escritorio/ProyectoTaxiDetector/dataset/negativos/augmented/negativo_aug_00847.jpg
848,negativos_train_0216.jpg,negativo_aug_00848.jpg,/home/irar/Escritorio/ProyectoTaxiDetector/dataset/negativos/train/negativos_train_0216.jpg,/home/irar/Escritorio/ProyectoTaxiDetector/dataset/negativos/augmented/negativo_aug_00848.jpg
849,negativos_train_0058.jpg,negativo_aug_00849.jpg,/home/irar/Escritorio/ProyectoTaxiDetector/dataset/negativos/train/negativos_train_0058.jpg,/home/irar/Escritorio/ProyectoTaxiDetector/dataset/negativos/augmented/negativo_aug_00849.jpg
850,negativos_train_0581.jpg,negativo_aug_00850.jpg,/home/irar/Escritorio/ProyectoTaxiDetector/dataset/negativos/train/negativos_train_0581.jpg,/home/irar/Escritorio/ProyectoTaxiDetector/dataset/negativos/augmented/negativo_aug_00850.jpg
851,negativos_train_0540.jpg,negativo_aug_00851.jpg,/home/irar/Escritorio/ProyectoTaxiDetector/dataset/negativos/train/negativos_train_0540.jpg,/home/irar/Escritorio/ProyectoTaxiDetector/dataset/negativos/augmented/negativo_aug_00851.jpg
852,negativos_train_0606.jpg,negativo_aug_00852.jpg,/home/irar/Escritorio/ProyectoTaxiDetector/dataset/negativos/train/negativos_train_0606.jpg,/home/irar/Escritorio/ProyectoTaxiDetector/dataset/negativos/augmented/negativo_aug_00852.jpg
853,negativos_train_0004.jpg,negativo_aug_00853.jpg,/home/irar/Escritorio/ProyectoTaxiDetector/dataset/negativos/train/negativos_train_0004.jpg,/home/irar/Escritorio/ProyectoTaxiDetector/dataset/negativos/augmented/negativo_aug_00853.jpg
854,negativos_train_0425.jpg,negativo_aug_00854.jpg,/home/irar/Escritorio/ProyectoTaxiDetector/dataset/negativos/train/negativos_train_0425.jpg,/home/irar/Escritorio/ProyectoTaxiDetector/dataset/negativos/augmented/negativo_aug_00854.jpg
855,negativos_train_0080.jpg,negativo_aug_00855.jpg,/home/irar/Escritorio/ProyectoTaxiDetector/dataset/negativos/train/negativos_train_0080.jpg,/home/irar/Escritorio/ProyectoTaxiDetector/dataset/negativos/augmented/negativo_aug_00855.jpg
856,negativos_train_0041.jpg,negativo_aug_00856.jpg,/home/irar/Escritorio/ProyectoTaxiDetector/dataset/negativos/train/negativos_train_0041.jpg,/home/irar/Escritorio/ProyectoTaxiDetector/dataset/negativos/augmented/negativo_aug_00856.jpg
857,negativos_train_0494.jpg,negativo_aug_00857.jpg,/home/irar/Escritorio/ProyectoTaxiDetector/dataset/negativos/train/negativos_train_0494.jpg,/home/irar/Escritorio/ProyectoTaxiDetector/dataset/negativos/augmented/negativo_aug_00857.jpg
858,negativos_train_0435.jpg,negativo_aug_00858.jpg,/home/irar/Escritorio/ProyectoTaxiDetector/dataset/negativos/train/negativos_train_0435.jpg,/home/irar/Escritorio/ProyectoTaxiDetector/dataset/negativos/augmented/negativo_aug_00858.jpg
859,negativos_train_0563.jpg,negativo_aug_00859.jpg,/home/irar/Escritorio/ProyectoTaxiDetector/dataset/negativos/train/negativos_train_0563.jpg,/home/irar/Escritorio/ProyectoTaxiDetector/dataset/negativos/augmented/negativo_aug_00859.jpg
860,negativos_train_0304.jpg,negativo_aug_00860.jpg,/home/irar/Escritorio/ProyectoTaxiDetector/dataset/negativos/train/negativos_train_0304.jpg,/home/irar/Escritorio/ProyectoTaxiDetector/dataset/negativos/augmented/negativo_aug_00860.jpg
861,negativos_train_0262.jpg,negativo_aug_00861.jpg,/home/irar/Escritorio/ProyectoTaxiDetector/dataset/negativos/train/negativos_train_0262.jpg,/home/irar/Escritorio/ProyectoTaxiDetector/dataset/negativos/augmented/negativo_aug_00861.jpg
862,negativos_train_0411.jpg,negativo_aug_00862.jpg,/home/irar/Escritorio/ProyectoTaxiDetector/dataset/negativos/train/negativos_train_0411.jpg,/home/irar/Escritorio/ProyectoTaxiDetector/dataset/negativos/augmented/negativo_aug_00862.jpg
863,negativos_train_0565.jpg,negativo_aug_00863.jpg,/home/irar/Escritorio/ProyectoTaxiDetector/dataset/negativos/train/negativos_train_0565.jpg,/home/irar/Escritorio/ProyectoTaxiDetector/dataset/negativos/augmented/negativo_aug_00863.jpg
864,negativos_train_0459.jpg,negativo_aug_00864.jpg,/home/irar/Escritorio/ProyectoTaxiDetector/dataset/negativos/train/negativos_train_0459.jpg,/home/irar/Escritorio/ProyectoTaxiDetector/dataset/negativos/augmented/negativo_aug_00864.jpg
865,negativos_train_0276.jpg,negativo_aug_00865.jpg,/home/irar/Escritorio/ProyectoTaxiDetector/dataset/negativos/train/negativos_train_0276.jpg,/home/irar/Escritorio/ProyectoTaxiDetector/dataset/negativos/augmented/negativo_aug_00865.jpg
866,negativos_train_0576.jpg,negativo_aug_00866.jpg,/home/irar/Escritorio/ProyectoTaxiDetector/dataset/negativos/train/negativos_train_0576.jpg,/home/irar/Escritorio/ProyectoTaxiDetector/dataset/negativos/augmented/negativo_aug_00866.jpg
867,negativos_train_0113.jpg,negativo_aug_00867.jpg,/home/irar/Escritorio/ProyectoTaxiDetector/dataset/negativos/train/negativos_train_0113.jpg,/home/irar/Escritorio/ProyectoTaxiDetector/dataset/negativos/augmented/negativo_aug_00867.jpg
868,negativos_train_0074.jpg,negativo_aug_00868.jpg,/home/irar/Escritorio/ProyectoTaxiDetector/dataset/negativos/train/negativos_train_0074.jpg,/home/irar/Escritorio/ProyectoTaxiDetector/dataset/negativos/augmented/negativo_aug_00868.jpg
869,negativos_train_0507.jpg,negativo_aug_00869.jpg,/home/irar/Escritorio/ProyectoTaxiDetector/dataset/negativos/train/negativos_train_0507.jpg,/home/irar/Escritorio/ProyectoTaxiDetector/dataset/negativos/augmented/negativo_aug_00869.jpg
870,negativos_train_0384.jpg,negativo_aug_00870.jpg,/home/irar/Escritorio/ProyectoTaxiDetector/dataset/negativos/train/negativos_train_0384.jpg,/home/irar/Escritorio/ProyectoTaxiDetector/dataset/negativos/augmented/negativo_aug_00870.jpg
871,negativos_train_0544.jpg,negativo_aug_00871.jpg,/home/irar/Escritorio/ProyectoTaxiDetector/dataset/negativos/train/negativos_train_0544.jpg,/home/irar/Escritorio/ProyectoTaxiDetector/dataset/negativos/augmented/negativo_aug_00871.jpg
872,negativos_train_0069.jpg,negativo_aug_00872.jpg,/home/irar/Escritorio/ProyectoTaxiDetector/dataset/negativos/train/negativos_train_0069.jpg,/home/irar/Escritorio/ProyectoTaxiDetector/dataset/negativos/augmented/negativo_aug_00872.jpg
873,negativos_train_0397.jpg,negativo_aug_00873.jpg,/home/irar/Escritorio/ProyectoTaxiDetector/dataset/negativos/train/negativos_train_0397.jpg,/home/irar/Escritorio/ProyectoTaxiDetector/dataset/negativos/augmented/negativo_aug_00873.jpg
874,negativos_train_0410.jpg,negativo_aug_00874.jpg,/home/irar/Escritorio/ProyectoTaxiDetector/dataset/negativos/train/negativos_train_0410.jpg,/home/irar/Escritorio/ProyectoTaxiDetector/dataset/negativos/augmented/negativo_aug_00874.jpg
875,negativos_train_0362.jpg,negativo_aug_00875.jpg,/home/irar/Escritorio/ProyectoTaxiDetector/dataset/negativos/train/negativos_train_0362.jpg,/home/irar/Escritorio/ProyectoTaxiDetector/dataset/negativos/augmented/negativo_aug_00875.jpg
876,negativos_train_0462.jpg,negativo_aug_00876.jpg,/home/irar/Escritorio/ProyectoTaxiDetector/dataset/negativos/train/negativos_train_0462.jpg,/home/irar/Escritorio/ProyectoTaxiDetector/dataset/negativos/augmented/negativo_aug_00876.jpg
877,negativos_train_0161.jpg,negativo_aug_00877.jpg,/home/irar/Escritorio/ProyectoTaxiDetector/dataset/negativos/train/negativos_train_0161.jpg,/home/irar/Escritorio/ProyectoTaxiDetector/dataset/negativos/augmented/negativo_aug_00877.jpg
878,negativos_train_0424.jpg,negativo_aug_00878.jpg,/home/irar/Escritorio/ProyectoTaxiDetector/dataset/negativos/train/negativos_train_0424.jpg,/home/irar/Escritorio/ProyectoTaxiDetector/dataset/negativos/augmented/negativo_aug_00878.jpg
879,negativos_train_0194.jpg,negativo_aug_00879.jpg,/home/irar/Escritorio/ProyectoTaxiDetector/dataset/negativos/train/negativos_train_0194.jpg,/home/irar/Escritorio/ProyectoTaxiDetector/dataset/negativos/augmented/negativo_aug_00879.jpg
880,negativos_train_0160.jpg,negativo_aug_00880.jpg,/home/irar/Escritorio/ProyectoTaxiDetector/dataset/negativos/train/negativos_train_0160.jpg,/home/irar/Escritorio/ProyectoTaxiDetector/dataset/negativos/augmented/negativo_aug_00880.jpg
881,negativos_train_0281.jpg,negativo_aug_00881.jpg,/home/irar/Escritorio/ProyectoTaxiDetector/dataset/negativos/train/negativos_train_0281.jpg,/home/irar/Escritorio/ProyectoTaxiDetector/dataset/negativos/augmented/negativo_aug_00881.jpg
882,negativos_train_0492.jpg,negativo_aug_00882.jpg,/home/irar/Escritorio/ProyectoTaxiDetector/dataset/negativos/train/negativos_train_0492.jpg,/home/irar/Escritorio/ProyectoTaxiDetector/dataset/negativos/augmented/negativo_aug_00882.jpg
883,negativos_train_0049.jpg,negativo_aug_00883.jpg,/home/irar/Escritorio/ProyectoTaxiDetector/dataset/negativos/train/negativos_train_0049.jpg,/home/irar/Escritorio/ProyectoTaxiDetector/dataset/negativos/augmented/negativo_aug_00883.jpg
884,negativos_train_0539.jpg,negativo_aug_00884.jpg,/home/irar/Escritorio/ProyectoTaxiDetector/dataset/negativos/train/negativos_train_0539.jpg,/home/irar/Escritorio/ProyectoTaxiDetector/dataset/negativos/augmented/negativo_aug_00884.jpg
885,negativos_train_0106.jpg,negativo_aug_00885.jpg,/home/irar/Escritorio/ProyectoTaxiDetector/dataset/negativos/train/negativos_train_0106.jpg,/home/irar/Escritorio/ProyectoTaxiDetector/dataset/negativos/augmented/negativo_aug_00885.jpg
886,negativos_train_0237.jpg,negativo_aug_00886.jpg,/home/irar/Escritorio/ProyectoTaxiDetector/dataset/negativos/train/negativos_train_0237.jpg,/home/irar/Escritorio/ProyectoTaxiDetector/dataset/negativos/augmented/negativo_aug_00886.jpg
887,negativos_train_0001.jpg,negativo_aug_00887.jpg,/home/irar/Escritorio/ProyectoTaxiDetector/dataset/negativos/train/negativos_train_0001.jpg,/home/irar/Escritorio/ProyectoTaxiDetector/dataset/negativos/augmented/negativo_aug_00887.jpg
888,negativos_train_0303.jpg,negativo_aug_00888.jpg,/home/irar/Escritorio/ProyectoTaxiDetector/dataset/negativos/train/negativos_train_0303.jpg,/home/irar/Escritorio/ProyectoTaxiDetector/dataset/negativos/augmented/negativo_aug_00888.jpg
889,negativos_train_0060.jpg,negativo_aug_00889.jpg,/home/irar/Escritorio/ProyectoTaxiDetector/dataset/negativos/train/negativos_train_0060.jpg,/home/irar/Escritorio/ProyectoTaxiDetector/dataset/negativos/augmented/negativo_aug_00889.jpg
890,negativos_train_0395.jpg,negativo_aug_00890.jpg,/home/irar/Escritorio/ProyectoTaxiDetector/dataset/negativos/train/negativos_train_0395.jpg,/home/irar/Escritorio/ProyectoTaxiDetector/dataset/negativos/augmented/negativo_aug_00890.jpg
891,negativos_train_0387.jpg,negativo_aug_00891.jpg,/home/irar/Escritorio/ProyectoTaxiDetector/dataset/negativos/train/negativos_train_0387.jpg,/home/irar/Escritorio/ProyectoTaxiDetector/dataset/negativos/augmented/negativo_aug_00891.jpg
892,negativos_train_0499.jpg,negativo_aug_00892.jpg,/home/irar/Escritorio/ProyectoTaxiDetector/dataset/negativos/train/negativos_train_0499.jpg,/home/irar/Escritorio/ProyectoTaxiDetector/dataset/negativos/augmented/negativo_aug_00892.jpg
893,negativos_train_0046.jpg,negativo_aug_00893.jpg,/home/irar/Escritorio/ProyectoTaxiDetector/dataset/negativos/train/negativos_train_0046.jpg,/home/irar/Escritorio/ProyectoTaxiDetector/dataset/negativos/augmented/negativo_aug_00893.jpg
894,negativos_train_0328.jpg,negativo_aug_00894.jpg,/home/irar/Escritorio/ProyectoTaxiDetector/dataset/negativos/train/negativos_train_0328.jpg,/home/irar/Escritorio/ProyectoTaxiDetector/dataset/negativos/augmented/negativo_aug_00894.jpg
895,negativos_train_0019.jpg,negativo_aug_00895.jpg,/home/irar/Escritorio/ProyectoTaxiDetector/dataset/negativos/train/negativos_train_0019.jpg,/home/irar/Escritorio/ProyectoTaxiDetector/dataset/negativos/augmented/negativo_aug_00895.jpg
896,negativos_train_0383.jpg,negativo_aug_00896.jpg,/home/irar/Escritorio/ProyectoTaxiDetector/dataset/negativos/train/negativos_train_0383.jpg,/home/irar/Escritorio/ProyectoTaxiDetector/dataset/negativos/augmented/negativo_aug_00896.jpg
897,negativos_train_0308.jpg,negativo_aug_00897.jpg,/home/irar/Escritorio/ProyectoTaxiDetector/dataset/negativos/train/negativos_train_0308.jpg,/home/irar/Escritorio/ProyectoTaxiDetector/dataset/negativos/augmented/negativo_aug_00897.jpg
898,negativos_train_0608.jpg,negativo_aug_00898.jpg,/home/irar/Escritorio/ProyectoTaxiDetector/dataset/negativos/train/negativos_train_0608.jpg,/home/irar/Escritorio/ProyectoTaxiDetector/dataset/negativos/augmented/negativo_aug_00898.jpg
899,negativos_train_0211.jpg,negativo_aug_00899.jpg,/home/irar/Escritorio/ProyectoTaxiDetector/dataset/negativos/train/negativos_train_0211.jpg,/home/irar/Escritorio/ProyectoTaxiDetector/dataset/negativos/augmented/negativo_aug_00899.jpg
900,negativos_train_0169.jpg,negativo_aug_00900.jpg,/home/irar/Escritorio/ProyectoTaxiDetector/dataset/negativos/train/negativos_train_0169.jpg,/home/irar/Escritorio/ProyectoTaxiDetector/dataset/negativos/augmented/negativo_aug_00900.jpg
901,negativos_train_0083.jpg,negativo_aug_00901.jpg,/home/irar/Escritorio/ProyectoTaxiDetector/dataset/negativos/train/negativos_train_0083.jpg,/home/irar/Escritorio/ProyectoTaxiDetector/dataset/negativos/augmented/negativo_aug_00901.jpg
902,negativos_train_0570.jpg,negativo_aug_00902.jpg,/home/irar/Escritorio/ProyectoTaxiDetector/dataset/negativos/train/negativos_train_0570.jpg,/home/irar/Escritorio/ProyectoTaxiDetector/dataset/negativos/augmented/negativo_aug_00902.jpg
903,negativos_train_0165.jpg,negativo_aug_00903.jpg,/home/irar/Escritorio/ProyectoTaxiDetector/dataset/negativos/train/negativos_train_0165.jpg,/home/irar/Escritorio/ProyectoTaxiDetector/dataset/negativos/augmented/negativo_aug_00903.jpg
904,negativos_train_0171.jpg,negativo_aug_00904.jpg,/home/irar/Escritorio/ProyectoTaxiDetector/dataset/negativos/train/negativos_train_0171.jpg,/home/irar/Escritorio/ProyectoTaxiDetector/dataset/negativos/augmented/negativo_aug_00904.jpg
905,negativos_train_0337.jpg,negativo_aug_00905.jpg,/home/irar/Escritorio/ProyectoTaxiDetector/dataset/negativos/train/negativos_train_0337.jpg,/home/irar/Escritorio/ProyectoTaxiDetector/dataset/negativos/augmented/negativo_aug_00905.jpg
906,negativos_train_0179.jpg,negativo_aug_00906.jpg,/home/irar/Escritorio/ProyectoTaxiDetector/dataset/negativos/train/negativos_train_0179.jpg,/home/irar/Escritorio/ProyectoTaxiDetector/dataset/negativos/augmented/negativo_aug_00906.jpg
907,negativos_train_0475.jpg,negativo_aug_00907.jpg,/home/irar/Escritorio/ProyectoTaxiDetector/dataset/negativos/train/negativos_train_0475.jpg,/home/irar/Escritorio/ProyectoTaxiDetector/dataset/negativos/augmented/negativo_aug_00907.jpg
908,negativos_train_0291.jpg,negativo_aug_00908.jpg,/home/irar/Escritorio/ProyectoTaxiDetector/dataset/negativos/train/negativos_train_0291.jpg,/home/irar/Escritorio/ProyectoTaxiDetector/dataset/negativos/augmented/negativo_aug_00908.jpg
909,negativos_train_0449.jpg,negativo_aug_00909.jpg,/home/irar/Escritorio/ProyectoTaxiDetector/dataset/negativos/train/negativos_train_0449.jpg,/home/irar/Escritorio/ProyectoTaxiDetector/dataset/negativos/augmented/negativo_aug_00909.jpg
910,negativos_train_0628.jpg,negativo_aug_00910.jpg,/home/irar/Escritorio/ProyectoTaxiDetector/dataset/negativos/train/negativos_train_0628.jpg,/home/irar/Escritorio/ProyectoTaxiDetector/dataset/negativos/augmented/negativo_aug_00910.jpg
911,negativos_train_0093.jpg,negativo_aug_00911.jpg,/home/irar/Escritorio/ProyectoTaxiDetector/dataset/negativos/train/negativos_train_0093.jpg,/home/irar/Escritorio/ProyectoTaxiDetector/dataset/negativos/augmented/negativo_aug_00911.jpg
912,negativos_train_0143.jpg,negativo_aug_00912.jpg,/home/irar/Escritorio/ProyectoTaxiDetector/dataset/negativos/train/negativos_train_0143.jpg,/home/irar/Escritorio/ProyectoTaxiDetector/dataset/negativos/augmented/negativo_aug_00912.jpg
913,negativos_train_0445.jpg,negativo_aug_00913.jpg,/home/irar/Escritorio/ProyectoTaxiDetector/dataset/negativos/train/negativos_train_0445.jpg,/home/irar/Escritorio/ProyectoTaxiDetector/dataset/negativos/augmented/negativo_aug_00913.jpg
914,negativos_train_0266.jpg,negativo_aug_00914.jpg,/home/irar/Escritorio/ProyectoTaxiDetector/dataset/negativos/train/negativos_train_0266.jpg,/home/irar/Escritorio/ProyectoTaxiDetector/dataset/negativos/augmented/negativo_aug_00914.jpg
915,negativos_train_0334.jpg,negativo_aug_00915.jpg,/home/irar/Escritorio/ProyectoTaxiDetector/dataset/negativos/train/negativos_train_0334.jpg,/home/irar/Escritorio/ProyectoTaxiDetector/dataset/negativos/augmented/negativo_aug_00915.jpg
916,negativos_train_0090.jpg,negativo_aug_00916.jpg,/home/irar/Escritorio/ProyectoTaxiDetector/dataset/negativos/train/negativos_train_0090.jpg,/home/irar/Escritorio/ProyectoTaxiDetector/dataset/negativos/augmented/negativo_aug_00916.jpg
917,negativos_train_0534.jpg,negativo_aug_00917.jpg,/home/irar/Escritorio/ProyectoTaxiDetector/dataset/negativos/train/negativos_train_0534.jpg,/home/irar/Escritorio/ProyectoTaxiDetector/dataset/negativos/augmented/negativo_aug_00917.jpg
918,negativos_train_0138.jpg,negativo_aug_00918.jpg,/home/irar/Escritorio/ProyectoTaxiDetector/dataset/negativos/train/negativos_train_0138.jpg,/home/irar/Escritorio/ProyectoTaxiDetector/dataset/negativos/augmented/negativo_aug_00918.jpg
919,negativos_train_0011.jpg,negativo_aug_00919.jpg,/home/irar/Escritorio/ProyectoTaxiDetector/dataset/negativos/train/negativos_train_0011.jpg,/home/irar/Escritorio/ProyectoTaxiDetector/dataset/negativos/augmented/negativo_aug_00919.jpg
920,negativos_train_0551.jpg,negativo_aug_00920.jpg,/home/irar/Escritorio/ProyectoTaxiDetector/dataset/negativos/train/negativos_train_0551.jpg,/home/irar/Escritorio/ProyectoTaxiDetector/dataset/negativos/augmented/negativo_aug_00920.jpg
921,negativos_train_0047.jpg,negativo_aug_00921.jpg,/home/irar/Escritorio/ProyectoTaxiDetector/dataset/negativos/train/negativos_train_0047.jpg,/home/irar/Escritorio/ProyectoTaxiDetector/dataset/negativos/augmented/negativo_aug_00921.jpg
922,negativos_train_0014.jpg,negativo_aug_00922.jpg,/home/irar/Escritorio/ProyectoTaxiDetector/dataset/negativos/train/negativos_train_0014.jpg,/home/irar/Escritorio/ProyectoTaxiDetector/dataset/negativos/augmented/negativo_aug_00922.jpg
923,negativos_train_0441.jpg,negativo_aug_00923.jpg,/home/irar/Escritorio/ProyectoTaxiDetector/dataset/negativos/train/negativos_train_0441.jpg,/home/irar/Escritorio/ProyectoTaxiDetector/dataset/negativos/augmented/negativo_aug_00923.jpg
924,negativos_train_0166.jpg,negativo_aug_00924.jpg,/home/irar/Escritorio/ProyectoTaxiDetector/dataset/negativos/train/negativos_train_0166.jpg,/home/irar/Escritorio/ProyectoTaxiDetector/dataset/negativos/augmented/negativo_aug_00924.jpg
925,negativos_train_0222.jpg,negativo_aug_00925.jpg,/home/irar/Escritorio/ProyectoTaxiDetector/dataset/negativos/train/negativos_train_0222.jpg,/home/irar/Escritorio/ProyectoTaxiDetector/dataset/negativos/augmented/negativo_aug_00925.jpg
926,negativos_train_0562.jpg,negativo_aug_00926.jpg,/home/irar/Escritorio/ProyectoTaxiDetector/dataset/negativos/train/negativos_train_0562.jpg,/home/irar/Escritorio/ProyectoTaxiDetector/dataset/negativos/augmented/negativo_aug_00926.jpg
927,negativos_train_0601.jpg,negativo_aug_00927.jpg,/home/irar/Escritorio/ProyectoTaxiDetector/dataset/negativos/train/negativos_train_0601.jpg,/home/irar/Escritorio/ProyectoTaxiDetector/dataset/negativos/augmented/negativo_aug_00927.jpg
928,negativos_train_0307.jpg,negativo_aug_00928.jpg,/home/irar/Escritorio/ProyectoTaxiDetector/dataset/negativos/train/negativos_train_0307.jpg,/home/irar/Escritorio/ProyectoTaxiDetector/dataset/negativos/augmented/negativo_aug_00928.jpg
929,negativos_train_0253.jpg,negativo_aug_00929.jpg,/home/irar/Escritorio/ProyectoTaxiDetector/dataset/negativos/train/negativos_train_0253.jpg,/home/irar/Escritorio/ProyectoTaxiDetector/dataset/negativos/augmented/negativo_aug_00929.jpg
930,negativos_train_0520.jpg,negativo_aug_00930.jpg,/home/irar/Escritorio/ProyectoTaxiDetector/dataset/negativos/train/negativos_train_0520.jpg,/home/irar/Escritorio/ProyectoTaxiDetector/dataset/negativos/augmented/negativo_aug_00930.jpg
931,negativos_train_0257.jpg,negativo_aug_00931.jpg,/home/irar/Escritorio/ProyectoTaxiDetector/dataset/negativos/train/negativos_train_0257.jpg,/home/irar/Escritorio/ProyectoTaxiDetector/dataset/negativos/augmented/negativo_aug_00931.jpg
932,negativos_train_0140.jpg,negativo_aug_00932.jpg,/home/irar/Escritorio/ProyectoTaxiDetector/dataset/negativos/train/negativos_train_0140.jpg,/home/irar/Escritorio/ProyectoTaxiDetector/dataset/negativos/augmented/negativo_aug_00932.jpg
933,negativos_train_0207.jpg,negativo_aug_00933.jpg,/home/irar/Escritorio/ProyectoTaxiDetector/dataset/negativos/train/negativos_train_0207.jpg,/home/irar/Escritorio/ProyectoTaxiDetector/dataset/negativos/augmented/negativo_aug_00933.jpg
934,negativos_train_0373.jpg,negativo_aug_00934.jpg,/home/irar/Escritorio/ProyectoTaxiDetector/dataset/negativos/train/negativos_train_0373.jpg,/home/irar/Escritorio/ProyectoTaxiDetector/dataset/negativos/augmented/negativo_aug_00934.jpg
935,negativos_train_0240.jpg,negativo_aug_00935.jpg,/home/irar/Escritorio/ProyectoTaxiDetector/dataset/negativos/train/negativos_train_0240.jpg,/home/irar/Escritorio/ProyectoTaxiDetector/dataset/negativos/augmented/negativo_aug_00935.jpg
936,negativos_train_0625.jpg,negativo_aug_00936.jpg,/home/irar/Escritorio/ProyectoTaxiDetector/dataset/negativos/train/negativos_train_0625.jpg,/home/irar/Escritorio/ProyectoTaxiDetector/dataset/negativos/augmented/negativo_aug_00936.jpg
937,negativos_train_0607.jpg,negativo_aug_00937.jpg,/home/irar/Escritorio/ProyectoTaxiDetector/dataset/negativos/train/negativos_train_0607.jpg,/home/irar/Escritorio/ProyectoTaxiDetector/dataset/negativos/augmented/negativo_aug_00937.jpg
938,negativos_train_0330.jpg,negativo_aug_00938.jpg,/home/irar/Escritorio/ProyectoTaxiDetector/dataset/negativos/train/negativos_train_0330.jpg,/home/irar/Escritorio/ProyectoTaxiDetector/dataset/negativos/augmented/negativo_aug_00938.jpg
939,negativos_train_0460.jpg,negativo_aug_00939.jpg,/home/irar/Escritorio/ProyectoTaxiDetector/dataset/negativos/train/negativos_train_0460.jpg,/home/irar/Escritorio/ProyectoTaxiDetector/dataset/negativos/augmented/negativo_aug_00939.jpg
940,negativos_train_0580.jpg,negativo_aug_00940.jpg,/home/irar/Escritorio/ProyectoTaxiDetector/dataset/negativos/train/negativos_train_0580.jpg,/home/irar/Escritorio/ProyectoTaxiDetector/dataset/negativos/augmented/negativo_aug_00940.jpg
941,negativos_train_0158.jpg,negativo_aug_00941.jpg,/home/irar/Escritorio/ProyectoTaxiDetector/dataset/negativos/train/negativos_train_0158.jpg,/home/irar/Escritorio/ProyectoTaxiDetector/dataset/negativos/augmented/negativo_aug_00941.jpg
942,negativos_train_0085.jpg,negativo_aug_00942.jpg,/home/irar/Escritorio/ProyectoTaxiDetector/dataset/negativos/train/negativos_train_0085.jpg,/home/irar/Escritorio/ProyectoTaxiDetector/dataset/negativos/augmented/negativo_aug_00942.jpg
943,negativos_train_0353.jpg,negativo_aug_00943.jpg,/home/irar/Escritorio/ProyectoTaxiDetector/dataset/negativos/train/negativos_train_0353.jpg,/home/irar/Escritorio/ProyectoTaxiDetector/dataset/negativos/augmented/negativo_aug_00943.jpg
944,negativos_train_0613.jpg,negativo_aug_00944.jpg,/home/irar/Escritorio/ProyectoTaxiDetector/dataset/negativos/train/negativos_train_0613.jpg,/home/irar/Escritorio/ProyectoTaxiDetector/dataset/negativos/augmented/negativo_aug_00944.jpg
945,negativos_train_0073.jpg,negativo_aug_00945.jpg,/home/irar/Escritorio/ProyectoTaxiDetector/dataset/negativos/train/negativos_train_0073.jpg,/home/irar/Escritorio/ProyectoTaxiDetector/dataset/negativos/augmented/negativo_aug_00945.jpg
946,negativos_train_0137.jpg,negativo_aug_00946.jpg,/home/irar/Escritorio/ProyectoTaxiDetector/dataset/negativos/train/negativos_train_0137.jpg,/home/irar/Escritorio/ProyectoTaxiDetector/dataset/negativos/augmented/negativo_aug_00946.jpg
947,negativos_train_0375.jpg,negativo_aug_00947.jpg,/home/irar/Escritorio/ProyectoTaxiDetector/dataset/negativos/train/negativos_train_0375.jpg,/home/irar/Escritorio/ProyectoTaxiDetector/dataset/negativos/augmented/negativo_aug_00947.jpg
948,negativos_train_0364.jpg,negativo_aug_00948.jpg,/home/irar/Escritorio/ProyectoTaxiDetector/dataset/negativos/train/negativos_train_0364.jpg,/home/irar/Escritorio/ProyectoTaxiDetector/dataset/negativos/augmented/negativo_aug_00948.jpg
949,negativos_train_0279.jpg,negativo_aug_00949.jpg,/home/irar/Escritorio/ProyectoTaxiDetector/dataset/negativos/train/negativos_train_0279.jpg,/home/irar/Escritorio/ProyectoTaxiDetector/dataset/negativos/augmented/negativo_aug_00949.jpg
950,negativos_train_0508.jpg,negativo_aug_00950.jpg,/home/irar/Escritorio/ProyectoTaxiDetector/dataset/negativos/train/negativos_train_0508.jpg,/home/irar/Escritorio/ProyectoTaxiDetector/dataset/negativos/augmented/negativo_aug_00950.jpg
951,negativos_train_0450.jpg,negativo_aug_00951.jpg,/home/irar/Escritorio/ProyectoTaxiDetector/dataset/negativos/train/negativos_train_0450.jpg,/home/irar/Escritorio/ProyectoTaxiDetector/dataset/negativos/augmented/negativo_aug_00951.jpg
952,negativos_train_0102.jpg,negativo_aug_00952.jpg,/home/irar/Escritorio/ProyectoTaxiDetector/dataset/negativos/train/negativos_train_0102.jpg,/home/irar/Escritorio/ProyectoTaxiDetector/dataset/negativos/augmented/negativo_aug_00952.jpg
953,negativos_train_0402.jpg,negativo_aug_00953.jpg,/home/irar/Escritorio/ProyectoTaxiDetector/dataset/negativos/train/negativos_train_0402.jpg,/home/irar/Escritorio/ProyectoTaxiDetector/dataset/negativos/augmented/negativo_aug_00953.jpg
954,negativos_train_0349.jpg,negativo_aug_00954.jpg,/home/irar/Escritorio/ProyectoTaxiDetector/dataset/negativos/train/negativos_train_0349.jpg,/home/irar/Escritorio/ProyectoTaxiDetector/dataset/negativos/augmented/negativo_aug_00954.jpg
955,negativos_train_0347.jpg,negativo_aug_00955.jpg,/home/irar/Escritorio/ProyectoTaxiDetector/dataset/negativos/train/negativos_train_0347.jpg,/home/irar/Escritorio/ProyectoTaxiDetector/dataset/negativos/augmented/negativo_aug_00955.jpg
956,negativos_train_0120.jpg,negativo_aug_00956.jpg,/home/irar/Escritorio/ProyectoTaxiDetector/dataset/negativos/train/negativos_train_0120.jpg,/home/irar/Escritorio/ProyectoTaxiDetector/dataset/negativos/augmented/negativo_aug_00956.jpg
957,negativos_train_0037.jpg,negativo_aug_00957.jpg,/home/irar/Escritorio/ProyectoTaxiDetector/dataset/negativos/train/negativos_train_0037.jpg,/home/irar/Escritorio/ProyectoTaxiDetector/dataset/negativos/augmented/negativo_aug_00957.jpg
958,negativos_train_0526.jpg,negativo_aug_00958.jpg,/home/irar/Escritorio/ProyectoTaxiDetector/dataset/negativos/train/negativos_train_0526.jpg,/home/irar/Escritorio/ProyectoTaxiDetector/dataset/negativos/augmented/negativo_aug_00958.jpg
959,negativos_train_0419.jpg,negativo_aug_00959.jpg,/home/irar/Escritorio/ProyectoTaxiDetector/dataset/negativos/train/negativos_train_0419.jpg,/home/irar/Escritorio/ProyectoTaxiDetector/dataset/negativos/augmented/negativo_aug_00959.jpg
960,negativos_train_0148.jpg,negativo_aug_00960.jpg,/home/irar/Escritorio/ProyectoTaxiDetector/dataset/negativos/train/negativos_train_0148.jpg,/home/irar/Escritorio/ProyectoTaxiDetector/dataset/negativos/augmented/negativo_aug_00960.jpg
961,negativos_train_0440.jpg,negativo_aug_00961.jpg,/home/irar/Escritorio/ProyectoTaxiDetector/dataset/negativos/train/negativos_train_0440.jpg,/home/irar/Escritorio/ProyectoTaxiDetector/dataset/negativos/augmented/negativo_aug_00961.jpg
962,negativos_train_0017.jpg,negativo_aug_00962.jpg,/home/irar/Escritorio/ProyectoTaxiDetector/dataset/negativos/train/negativos_train_0017.jpg,/home/irar/Escritorio/ProyectoTaxiDetector/dataset/negativos/augmented/negativo_aug_00962.jpg
963,negativos_train_0403.jpg,negativo_aug_00963.jpg,/home/irar/Escritorio/ProyectoTaxiDetector/dataset/negativos/train/negativos_train_0403.jpg,/home/irar/Escritorio/ProyectoTaxiDetector/dataset/negativos/augmented/negativo_aug_00963.jpg
964,negativos_train_0393.jpg,negativo_aug_00964.jpg,/home/irar/Escritorio/ProyectoTaxiDetector/dataset/negativos/train/negativos_train_0393.jpg,/home/irar/Escritorio/ProyectoTaxiDetector/dataset/negativos/augmented/negativo_aug_00964.jpg
965,negativos_train_0305.jpg,negativo_aug_00965.jpg,/home/irar/Escritorio/ProyectoTaxiDetector/dataset/negativos/train/negativos_train_0305.jpg,/home/irar/Escritorio/ProyectoTaxiDetector/dataset/negativos/augmented/negativo_aug_00965.jpg
966,negativos_train_0615.jpg,negativo_aug_00966.jpg,/home/irar/Escritorio/ProyectoTaxiDetector/dataset/negativos/train/negativos_train_0615.jpg,/home/irar/Escritorio/ProyectoTaxiDetector/dataset/negativos/augmented/negativo_aug_00966.jpg
967,negativos_train_0210.jpg,negativo_aug_00967.jpg,/home/irar/Escritorio/ProyectoTaxiDetector/dataset/negativos/train/negativos_train_0210.jpg,/home/irar/Escritorio/ProyectoTaxiDetector/dataset/negativos/augmented/negativo_aug_00967.jpg
968,negativos_train_0002.jpg,negativo_aug_00968.jpg,/home/irar/Escritorio/ProyectoTaxiDetector/dataset/negativos/train/negativos_train_0002.jpg,/home/irar/Escritorio/ProyectoTaxiDetector/dataset/negativos/augmented/negativo_aug_00968.jpg
969,negativos_train_0344.jpg,negativo_aug_00969.jpg,/home/irar/Escritorio/ProyectoTaxiDetector/dataset/negativos/train/negativos_train_0344.jpg,/home/irar/Escritorio/ProyectoTaxiDetector/dataset/negativos/augmented/negativo_aug_00969.jpg
970,negativos_train_0039.jpg,negativo_aug_00970.jpg,/home/irar/Escritorio/ProyectoTaxiDetector/dataset/negativos/train/negativos_train_0039.jpg,/home/irar/Escritorio/ProyectoTaxiDetector/dataset/negativos/augmented/negativo_aug_00970.jpg
971,negativos_train_0283.jpg,negativo_aug_00971.jpg,/home/irar/Escritorio/ProyectoTaxiDetector/dataset/negativos/train/negativos_train_0283.jpg,/home/irar/Escritorio/ProyectoTaxiDetector/dataset/negativos/augmented/negativo_aug_00971.jpg
972,negativos_train_0513.jpg,negativo_aug_00972.jpg,/home/irar/Escritorio/ProyectoTaxiDetector/dataset/negativos/train/negativos_train_0513.jpg,/home/irar/Escritorio/ProyectoTaxiDetector/dataset/negativos/augmented/negativo_aug_00972.jpg
973,negativos_train_0123.jpg,negativo_aug_00973.jpg,/home/irar/Escritorio/ProyectoTaxiDetector/dataset/negativos/train/negativos_train_0123.jpg,/home/irar/Escritorio/ProyectoTaxiDetector/dataset/negativos/augmented/negativo_aug_00973.jpg
974,negativos_train_0081.jpg,negativo_aug_00974.jpg,/home/irar/Escritorio/ProyectoTaxiDetector/dataset/negativos/train/negativos_train_0081.jpg,/home/irar/Escritorio/ProyectoTaxiDetector/dataset/negativos/augmented/negativo_aug_00974.jpg
975,negativos_train_0566.jpg,negativo_aug_00975.jpg,/home/irar/Escritorio/ProyectoTaxiDetector/dataset/negativos/train/negativos_train_0566.jpg,/home/irar/Escritorio/ProyectoTaxiDetector/dataset/negativos/augmented/negativo_aug_00975.jpg
976,negativos_train_0629.jpg,negativo_aug_00976.jpg,/home/irar/Escritorio/ProyectoTaxiDetector/dataset/negativos/train/negativos_train_0629.jpg,/home/irar/Escritorio/ProyectoTaxiDetector/dataset/negativos/augmented/negativo_aug_00976.jpg
977,negativos_train_0136.jpg,negativo_aug_00977.jpg,/home/irar/Escritorio/ProyectoTaxiDetector/dataset/negativos/train/negativos_train_0136.jpg,/home/irar/Escritorio/ProyectoTaxiDetector/dataset/negativos/augmented/negativo_aug_00977.jpg
978,negativos_train_0495.jpg,negativo_aug_00978.jpg,/home/irar/Escritorio/ProyectoTaxiDetector/dataset/negativos/train/negativos_train_0495.jpg,/home/irar/Escritorio/ProyectoTaxiDetector/dataset/negativos/augmented/negativo_aug_00978.jpg
979,negativos_train_0321.jpg,negativo_aug_00979.jpg,/home/irar/Escritorio/ProyectoTaxiDetector/dataset/negativos/train/negativos_train_0321.jpg,/home/irar/Escritorio/ProyectoTaxiDetector/dataset/negativos/augmented/negativo_aug_00979.jpg
980,negativos_train_0107.jpg,negativo_aug_00980.jpg,/home/irar/Escritorio/ProyectoTaxiDetector/dataset/negativos/train/negativos_train_0107.jpg,/home/irar/Escritorio/ProyectoTaxiDetector/dataset/negativos/augmented/negativo_aug_00980.jpg
981,negativos_train_0051.jpg,negativo_aug_00981.jpg,/home/irar/Escritorio/ProyectoTaxiDetector/dataset/negativos/train/negativos_train_0051.jpg,/home/irar/Escritorio/ProyectoTaxiDetector/dataset/negativos/augmented/negativo_aug_00981.jpg
982,negativos_train_0505.jpg,negativo_aug_00982.jpg,/home/irar/Escritorio/ProyectoTaxiDetector/dataset/negativos/train/negativos_train_0505.jpg,/home/irar/Escritorio/ProyectoTaxiDetector/dataset/negativos/augmented/negativo_aug_00982.jpg
983,negativos_train_0031.jpg,negativo_aug_00983.jpg,/home/irar/Escritorio/ProyectoTaxiDetector/dataset/negativos/train/negativos_train_0031.jpg,/home/irar/Escritorio/ProyectoTaxiDetector/dataset/negativos/augmented/negativo_aug_00983.jpg
984,negativos_train_0318.jpg,negativo_aug_00984.jpg,/home/irar/Escritorio/ProyectoTaxiDetector/dataset/negativos/train/negativos_train_0318.jpg,/home/irar/Escritorio/ProyectoTaxiDetector/dataset/negativos/augmented/negativo_aug_00984.jpg
985,negativos_train_0506.jpg,negativo_aug_00985.jpg,/home/irar/Escritorio/ProyectoTaxiDetector/dataset/negativos/train/negativos_train_0506.jpg,/home/irar/Escritorio/ProyectoTaxiDetector/dataset/negativos/augmented/negativo_aug_00985.jpg
986,negativos_train_0442.jpg,negativo_aug_00986.jpg,/home/irar/Escritorio/ProyectoTaxiDetector/dataset/negativos/train/negativos_train_0442.jpg,/home/irar/Escritorio/ProyectoTaxiDetector/dataset/negativos/augmented/negativo_aug_00986.jpg
987,negativos_train_0220.jpg,negativo_aug_00987.jpg,/home/irar/Escritorio/ProyectoTaxiDetector/dataset/negativos/train/negativos_train_0220.jpg,/home/irar/Escritorio/ProyectoTaxiDetector/dataset/negativos/augmented/negativo_aug_00987.jpg
988,negativos_train_0423.jpg,negativo_aug_00988.jpg,/home/irar/Escritorio/ProyectoTaxiDetector/dataset/negativos/train/negativos_train_0423.jpg,/home/irar/Escritorio/ProyectoTaxiDetector/dataset/negativos/augmented/negativo_aug_00988.jpg
989,negativos_train_0153.jpg,negativo_aug_00989.jpg,/home/irar/Escritorio/ProyectoTaxiDetector/dataset/negativos/train/negativos_train_0153.jpg,/home/irar/Escritorio/ProyectoTaxiDetector/dataset/negativos/augmented/negativo_aug_00989.jpg
990,negativos_train_0227.jpg,negativo_aug_00990.jpg,/home/irar/Escritorio/ProyectoTaxiDetector/dataset/negativos/train/negativos_train_0227.jpg,/home/irar/Escritorio/ProyectoTaxiDetector/dataset/negativos/augmented/negativo_aug_00990.jpg
991,negativos_train_0510.jpg,negativo_aug_00991.jpg,/home/irar/Escritorio/ProyectoTaxiDetector/dataset/negativos/train/negativos_train_0510.jpg,/home/irar/Escritorio/ProyectoTaxiDetector/dataset/negativos/augmented/negativo_aug_00991.jpg
992,negativos_train_0503.jpg,negativo_aug_00992.jpg,/home/irar/Escritorio/ProyectoTaxiDetector/dataset/negativos/train/negativos_train_0503.jpg,/home/irar/Escritorio/ProyectoTaxiDetector/dataset/negativos/augmented/negativo_aug_00992.jpg
993,negativos_train_0268.jpg,negativo_aug_00993.jpg,/home/irar/Escritorio/ProyectoTaxiDetector/dataset/negativos/train/negativos_train_0268.jpg,/home/irar/Escritorio/ProyectoTaxiDetector/dataset/negativos/augmented/negativo_aug_00993.jpg
994,negativos_train_0116.jpg,negativo_aug_00994.jpg,/home/irar/Escritorio/ProyectoTaxiDetector/dataset/negativos/train/negativos_train_0116.jpg,/home/irar/Escritorio/ProyectoTaxiDetector/dataset/negativos/augmented/negativo_aug_00994.jpg
995,negativos_train_0317.jpg,negativo_aug_00995.jpg,/home/irar/Escritorio/ProyectoTaxiDetector/dataset/negativos/train/negativos_train_0317.jpg,/home/irar/Escritorio/ProyectoTaxiDetector/dataset/negativos/augmented/negativo_aug_00995.jpg
996,negativos_train_0420.jpg,negativo_aug_00996.jpg,/home/irar/Escritorio/ProyectoTaxiDetector/dataset/negativos/train/negativos_train_0420.jpg,/home/irar/Escritorio/ProyectoTaxiDetector/dataset/negativos/augmented/negativo_aug_00996.jpg
997,negativos_train_0311.jpg,negativo_aug_00997.jpg,/home/irar/Escritorio/ProyectoTaxiDetector/dataset/negativos/train/negativos_train_0311.jpg,/home/irar/Escritorio/ProyectoTaxiDetector/dataset/negativos/augmented/negativo_aug_00997.jpg
998,negativos_train_0214.jpg,negativo_aug_00998.jpg,/home/irar/Escritorio/ProyectoTaxiDetector/dataset/negativos/train/negativos_train_0214.jpg,/home/irar/Escritorio/ProyectoTaxiDetector/dataset/negativos/augmented/negativo_aug_00998.jpg
999,negativos_train_0512.jpg,negativo_aug_00999.jpg,/home/irar/Escritorio/ProyectoTaxiDetector/dataset/negativos/train/negativos_train_0512.jpg,/home/irar/Escritorio/ProyectoTaxiDetector/dataset/negativos/augmented/negativo_aug_00999.jpg
1000,negativos_train_0061.jpg,negativo_aug_01000.jpg,/home/irar/Escritorio/ProyectoTaxiDetector/dataset/negativos/train/negativos_train_0061.jpg,/home/irar/Escritorio/ProyectoTaxiDetector/dataset/negativos/augmented/negativo_aug_01000.jpg
1001,negativos_train_0128.jpg,negativo_aug_01001.jpg,/home/irar/Escritorio/ProyectoTaxiDetector/dataset/negativos/train/negativos_train_0128.jpg,/home/irar/Escritorio/ProyectoTaxiDetector/dataset/negativos/augmented/negativo_aug_01001.jpg
1002,negativos_train_0480.jpg,negativo_aug_01002.jpg,/home/irar/Escritorio/ProyectoTaxiDetector/dataset/negativos/train/negativos_train_0480.jpg,/home/irar/Escritorio/ProyectoTaxiDetector/dataset/negativos/augmented/negativo_aug_01002.jpg
1003,negativos_train_0156.jpg,negativo_aug_01003.jpg,/home/irar/Escritorio/ProyectoTaxiDetector/dataset/negativos/train/negativos_train_0156.jpg,/home/irar/Escritorio/ProyectoTaxiDetector/dataset/negativos/augmented/negativo_aug_01003.jpg
1004,negativos_train_0289.jpg,negativo_aug_01004.jpg,/home/irar/Escritorio/ProyectoTaxiDetector/dataset/negativos/train/negativos_train_0289.jpg,/home/irar/Escritorio/ProyectoTaxiDetector/dataset/negativos/augmented/negativo_aug_01004.jpg
1005,negativos_train_0077.jpg,negativo_aug_01005.jpg,/home/irar/Escritorio/ProyectoTaxiDetector/dataset/negativos/train/negativos_train_0077.jpg,/home/irar/Escritorio/ProyectoTaxiDetector/dataset/negativos/augmented/negativo_aug_01005.jpg
1006,negativos_train_0542.jpg,negativo_aug_01006.jpg,/home/irar/Escritorio/ProyectoTaxiDetector/dataset/negativos/train/negativos_train_0542.jpg,/home/irar/Escritorio/ProyectoTaxiDetector/dataset/negativos/augmented/negativo_aug_01006.jpg
1007,negativos_train_0405.jpg,negativo_aug_01007.jpg,/home/irar/Escritorio/ProyectoTaxiDetector/dataset/negativos/train/negativos_train_0405.jpg,/home/irar/Escritorio/ProyectoTaxiDetector/dataset/negativos/augmented/negativo_aug_01007.jpg
1008,negativos_train_0352.jpg,negativo_aug_01008.jpg,/home/irar/Escritorio/ProyectoTaxiDetector/dataset/negativos/train/negativos_train_0352.jpg,/home/irar/Escritorio/ProyectoTaxiDetector/dataset/negativos/augmented/negativo_aug_01008.jpg
1009,negativos_train_0323.jpg,negativo_aug_01009.jpg,/home/irar/Escritorio/ProyectoTaxiDetector/dataset/negativos/train/negativos_train_0323.jpg,/home/irar/Escritorio/ProyectoTaxiDetector/dataset/negativos/augmented/negativo_aug_01009.jpg
1010,negativos_train_0296.jpg,negativo_aug_01010.jpg,/home/irar/Escritorio/ProyectoTaxiDetector/dataset/negativos/train/negativos_train_0296.jpg,/home/irar/Escritorio/ProyectoTaxiDetector/dataset/negativos/augmented/negativo_aug_01010.jpg
1011,negativos_train_0038.jpg,negativo_aug_01011.jpg,/home/irar/Escritorio/ProyectoTaxiDetector/dataset/negativos/train/negativos_train_0038.jpg,/home/irar/Escritorio/ProyectoTaxiDetector/dataset/negativos/augmented/negativo_aug_01011.jpg
1012,negativos_train_0398.jpg,negativo_aug_01012.jpg,/home/irar/Escritorio/ProyectoTaxiDetector/dataset/negativos/train/negativos_train_0398.jpg,/home/irar/Escritorio/ProyectoTaxiDetector/dataset/negativos/augmented/negativo_aug_01012.jpg
1013,negativos_train_0206.jpg,negativo_aug_01013.jpg,/home/irar/Escritorio/ProyectoTaxiDetector/dataset/negativos/train/negativos_train_0206.jpg,/home/irar/Escritorio/ProyectoTaxiDetector/dataset/negativos/augmented/negativo_aug_01013.jpg
1014,negativos_train_0034.jpg,negativo_aug_01014.jpg,/home/irar/Escritorio/ProyectoTaxiDetector/dataset/negativos/train/negativos_train_0034.jpg,/home/irar/Escritorio/ProyectoTaxiDetector/dataset/negativos/augmented/negativo_aug_01014.jpg
1015,negativos_train_0059.jpg,negativo_aug_01015.jpg,/home/irar/Escritorio/ProyectoTaxiDetector/dataset/negativos/train/negativos_train_0059.jpg,/home/irar/Escritorio/ProyectoTaxiDetector/dataset/negativos/augmented/negativo_aug_01015.jpg
1016,negativos_train_0610.jpg,negativo_aug_01016.jpg,/home/irar/Escritorio/ProyectoTaxiDetector/dataset/negativos/train/negativos_train_0610.jpg,/home/irar/Escritorio/ProyectoTaxiDetector/dataset/negativos/augmented/negativo_aug_01016.jpg
1017,negativos_train_0559.jpg,negativo_aug_01017.jpg,/home/irar/Escritorio/ProyectoTaxiDetector/dataset/negativos/train/negativos_train_0559.jpg,/home/irar/Escritorio/ProyectoTaxiDetector/dataset/negativos/augmented/negativo_aug_01017.jpg
1018,negativos_train_0596.jpg,negativo_aug_01018.jpg,/home/irar/Escritorio/ProyectoTaxiDetector/dataset/negativos/train/negativos_train_0596.jpg,/home/irar/Escritorio/ProyectoTaxiDetector/dataset/negativos/augmented/negativo_aug_01018.jpg
1019,negativos_train_0612.jpg,negativo_aug_01019.jpg,/home/irar/Escritorio/ProyectoTaxiDetector/dataset/negativos/train/negativos_train_0612.jpg,/home/irar/Escritorio/ProyectoTaxiDetector/dataset/negativos/augmented/negativo_aug_01019.jpg
1020,negativos_train_0491.jpg,negativo_aug_01020.jpg,/home/irar/Escritorio/ProyectoTaxiDetector/dataset/negativos/train/negativos_train_0491.jpg,/home/irar/Escritorio/ProyectoTaxiDetector/dataset/negativos/augmented/negativo_aug_01020.jpg
1021,negativos_train_0609.jpg,negativo_aug_01021.jpg,/home/irar/Escritorio/ProyectoTaxiDetector/dataset/negativos/train/negativos_train_0609.jpg,/home/irar/Escritorio/ProyectoTaxiDetector/dataset/negativos/augmented/negativo_aug_01021.jpg
1022,negativos_train_0246.jpg,negativo_aug_01022.jpg,/home/irar/Escritorio/ProyectoTaxiDetector/dataset/negativos/train/negativos_train_0246.jpg,/home/irar/Escritorio/ProyectoTaxiDetector/dataset/negativos/augmented/negativo_aug_01022.jpg
1023,negativos_train_0241.jpg,negativo_aug_01023.jpg,/home/irar/Escritorio/ProyectoTaxiDetector/dataset/negativos/train/negativos_train_0241.jpg,/home/irar/Escritorio/ProyectoTaxiDetector/dataset/negativos/augmented/negativo_aug_01023.jpg
1024,negativos_train_0146.jpg,negativo_aug_01024.jpg,/home/irar/Escritorio/ProyectoTaxiDetector/dataset/negativos/train/negativos_train_0146.jpg,/home/irar/Escritorio/ProyectoTaxiDetector/dataset/negativos/augmented/negativo_aug_01024.jpg
1025,negativos_train_0294.jpg,negativo_aug_01025.jpg,/home/irar/Escritorio/ProyectoTaxiDetector/dataset/negativos/train/negativos_train_0294.jpg,/home/irar/Escritorio/ProyectoTaxiDetector/dataset/negativos/augmented/negativo_aug_01025.jpg
1026,negativos_train_0616.jpg,negativo_aug_01026.jpg,/home/irar/Escritorio/ProyectoTaxiDetector/dataset/negativos/train/negativos_train_0616.jpg,/home/irar/Escritorio/ProyectoTaxiDetector/dataset/negativos/augmented/negativo_aug_01026.jpg
1027,negativos_train_0053.jpg,negativo_aug_01027.jpg,/home/irar/Escritorio/ProyectoTaxiDetector/dataset/negativos/train/negativos_train_0053.jpg,/home/irar/Escritorio/ProyectoTaxiDetector/dataset/negativos/augmented/negativo_aug_01027.jpg
1028,negativos_train_0468.jpg,negativo_aug_01028.jpg,/home/irar/Escritorio/ProyectoTaxiDetector/dataset/negativos/train/negativos_train_0468.jpg,/home/irar/Escritorio/ProyectoTaxiDetector/dataset/negativos/augmented/negativo_aug_01028.jpg
1029,negativos_train_0386.jpg,negativo_aug_01029.jpg,/home/irar/Escritorio/ProyectoTaxiDetector/dataset/negativos/train/negativos_train_0386.jpg,/home/irar/Escritorio/ProyectoTaxiDetector/dataset/negativos/augmented/negativo_aug_01029.jpg
1030,negativos_train_0327.jpg,negativo_aug_01030.jpg,/home/irar/Escritorio/ProyectoTaxiDetector/dataset/negativos/train/negativos_train_0327.jpg,/home/irar/Escritorio/ProyectoTaxiDetector/dataset/negativos/augmented/negativo_aug_01030.jpg
1031,negativos_train_0408.jpg,negativo_aug_01031.jpg,/home/irar/Escritorio/ProyectoTaxiDetector/dataset/negativos/train/negativos_train_0408.jpg,/home/irar/Escritorio/ProyectoTaxiDetector/dataset/negativos/augmented/negativo_aug_01031.jpg
1032,negativos_train_0358.jpg,negativo_aug_01032.jpg,/home/irar/Escritorio/ProyectoTaxiDetector/dataset/negativos/train/negativos_train_0358.jpg,/home/irar/Escritorio/ProyectoTaxiDetector/dataset/negativos/augmented/negativo_aug_01032.jpg
1033,negativos_train_0150.jpg,negativo_aug_01033.jpg,/home/irar/Escritorio/ProyectoTaxiDetector/dataset/negativos/train/negativos_train_0150.jpg,/home/irar/Escritorio/ProyectoTaxiDetector/dataset/negativos/augmented/negativo_aug_01033.jpg
1034,negativos_train_0453.jpg,negativo_aug_01034.jpg,/home/irar/Escritorio/ProyectoTaxiDetector/dataset/negativos/train/negativos_train_0453.jpg,/home/irar/Escritorio/ProyectoTaxiDetector/dataset/negativos/augmented/negativo_aug_01034.jpg
1035,negativos_train_0592.jpg,negativo_aug_01035.jpg,/home/irar/Escritorio/ProyectoTaxiDetector/dataset/negativos/train/negativos_train_0592.jpg,/home/irar/Escritorio/ProyectoTaxiDetector/dataset/negativos/augmented/negativo_aug_01035.jpg
1036,negativos_train_0024.jpg,negativo_aug_01036.jpg,/home/irar/Escritorio/ProyectoTaxiDetector/dataset/negativos/train/negativos_train_0024.jpg,/home/irar/Escritorio/ProyectoTaxiDetector/dataset/negativos/augmented/negativo_aug_01036.jpg
1037,negativos_train_0141.jpg,negativo_aug_01037.jpg,/home/irar/Escritorio/ProyectoTaxiDetector/dataset/negativos/train/negativos_train_0141.jpg,/home/irar/Escritorio/ProyectoTaxiDetector/dataset/negativos/augmented/negativo_aug_01037.jpg
1038,negativos_train_0065.jpg,negativo_aug_01038.jpg,/home/irar/Escritorio/ProyectoTaxiDetector/dataset/negativos/train/negativos_train_0065.jpg,/home/irar/Escritorio/ProyectoTaxiDetector/dataset/negativos/augmented/negativo_aug_01038.jpg
1039,negativos_train_0274.jpg,negativo_aug_01039.jpg,/home/irar/Escritorio/ProyectoTaxiDetector/dataset/negativos/train/negativos_train_0274.jpg,/home/irar/Escritorio/ProyectoTaxiDetector/dataset/negativos/augmented/negativo_aug_01039.jpg
1040,negativos_train_0363.jpg,negativo_aug_01040.jpg,/home/irar/Escritorio/ProyectoTaxiDetector/dataset/negativos/train/negativos_train_0363.jpg,/home/irar/Escritorio/ProyectoTaxiDetector/dataset/negativos/augmented/negativo_aug_01040.jpg
1041,negativos_train_0008.jpg,negativo_aug_01041.jpg,/home/irar/Escritorio/ProyectoTaxiDetector/dataset/negativos/train/negativos_train_0008.jpg,/home/irar/Escritorio/ProyectoTaxiDetector/dataset/negativos/augmented/negativo_aug_01041.jpg
1042,negativos_train_0155.jpg,negativo_aug_01042.jpg,/home/irar/Escritorio/ProyectoTaxiDetector/dataset/negativos/train/negativos_train_0155.jpg,/home/irar/Escritorio/ProyectoTaxiDetector/dataset/negativos/augmented/negativo_aug_01042.jpg
1043,negativos_train_0092.jpg,negativo_aug_01043.jpg,/home/irar/Escritorio/ProyectoTaxiDetector/dataset/negativos/train/negativos_train_0092.jpg,/home/irar/Escritorio/ProyectoTaxiDetector/dataset/negativos/augmented/negativo_aug_01043.jpg
1044,negativos_train_0185.jpg,negativo_aug_01044.jpg,/home/irar/Escritorio/ProyectoTaxiDetector/dataset/negativos/train/negativos_train_0185.jpg,/home/irar/Escritorio/ProyectoTaxiDetector/dataset/negativos/augmented/negativo_aug_01044.jpg
1045,negativos_train_0117.jpg,negativo_aug_01045.jpg,/home/irar/Escritorio/ProyectoTaxiDetector/dataset/negativos/train/negativos_train_0117.jpg,/home/irar/Escritorio/ProyectoTaxiDetector/dataset/negativos/augmented/negativo_aug_01045.jpg
1046,negativos_train_0152.jpg,negativo_aug_01046.jpg,/home/irar/Escritorio/ProyectoTaxiDetector/dataset/negativos/train/negativos_train_0152.jpg,/home/irar/Escritorio/ProyectoTaxiDetector/dataset/negativos/augmented/negativo_aug_01046.jpg
1047,negativos_train_0100.jpg,negativo_aug_01047.jpg,/home/irar/Escritorio/ProyectoTaxiDetector/dataset/negativos/train/negativos_train_0100.jpg,/home/irar/Escritorio/ProyectoTaxiDetector/dataset/negativos/augmented/negativo_aug_01047.jpg
1048,negativos_train_0586.jpg,negativo_aug_01048.jpg,/home/irar/Escritorio/ProyectoTaxiDetector/dataset/negativos/train/negativos_train_0586.jpg,/home/irar/Escritorio/ProyectoTaxiDetector/dataset/negativos/augmented/negativo_aug_01048.jpg
1049,negativos_train_0145.jpg,negativo_aug_01049.jpg,/home/irar/Escritorio/ProyectoTaxiDetector/dataset/negativos/train/negativos_train_0145.jpg,/home/irar/Escritorio/ProyectoTaxiDetector/dataset/negativos/augmented/negativo_aug_01049.jpg
1050,negativos_train_0488.jpg,negativo_aug_01050.jpg,/home/irar/Escritorio/ProyectoTaxiDetector/dataset/negativos/train/negativos_train_0488.jpg,/home/irar/Escritorio/ProyectoTaxiDetector/dataset/negativos/augmented/negativo_aug_01050.jpg
1051,negativos_train_0269.jpg,negativo_aug_01051.jpg,/home/irar/Escritorio/ProyectoTaxiDetector/dataset/negativos/train/negativos_train_0269.jpg,/home/irar/Escritorio/ProyectoTaxiDetector/dataset/negativos/augmented/negativo_aug_01051.jpg
1052,negativos_train_0618.jpg,negativo_aug_01052.jpg,/home/irar/Escritorio/ProyectoTaxiDetector/dataset/negativos/train/negativos_train_0618.jpg,/home/irar/Escritorio/ProyectoTaxiDetector/dataset/negativos/augmented/negativo_aug_01052.jpg
1053,negativos_train_0302.jpg,negativo_aug_01053.jpg,/home/irar/Escritorio/ProyectoTaxiDetector/dataset/negativos/train/negativos_train_0302.jpg,/home/irar/Escritorio/ProyectoTaxiDetector/dataset/negativos/augmented/negativo_aug_01053.jpg
1054,negativos_train_0525.jpg,negativo_aug_01054.jpg,/home/irar/Escritorio/ProyectoTaxiDetector/dataset/negativos/train/negativos_train_0525.jpg,/home/irar/Escritorio/ProyectoTaxiDetector/dataset/negativos/augmented/negativo_aug_01054.jpg
1055,negativos_train_0558.jpg,negativo_aug_01055.jpg,/home/irar/Escritorio/ProyectoTaxiDetector/dataset/negativos/train/negativos_train_0558.jpg,/home/irar/Escritorio/ProyectoTaxiDetector/dataset/negativos/augmented/negativo_aug_01055.jpg
1056,negativos_train_0248.jpg,negativo_aug_01056.jpg,/home/irar/Escritorio/ProyectoTaxiDetector/dataset/negativos/train/negativos_train_0248.jpg,/home/irar/Escritorio/ProyectoTaxiDetector/dataset/negativos/augmented/negativo_aug_01056.jpg
1057,negativos_train_0379.jpg,negativo_aug_01057.jpg,/home/irar/Escritorio/ProyectoTaxiDetector/dataset/negativos/train/negativos_train_0379.jpg,/home/irar/Escritorio/ProyectoTaxiDetector/dataset/negativos/augmented/negativo_aug_01057.jpg
1058,negativos_train_0548.jpg,negativo_aug_01058.jpg,/home/irar/Escritorio/ProyectoTaxiDetector/dataset/negativos/train/negativos_train_0548.jpg,/home/irar/Escritorio/ProyectoTaxiDetector/dataset/negativos/augmented/negativo_aug_01058.jpg
1059,negativos_train_0437.jpg,negativo_aug_01059.jpg,/home/irar/Escritorio/ProyectoTaxiDetector/dataset/negativos/train/negativos_train_0437.jpg,/home/irar/Escritorio/ProyectoTaxiDetector/dataset/negativos/augmented/negativo_aug_01059.jpg
1060,negativos_train_0095.jpg,negativo_aug_01060.jpg,/home/irar/Escritorio/ProyectoTaxiDetector/dataset/negativos/train/negativos_train_0095.jpg,/home/irar/Escritorio/ProyectoTaxiDetector/dataset/negativos/augmented/negativo_aug_01060.jpg
1061,negativos_train_0472.jpg,negativo_aug_01061.jpg,/home/irar/Escritorio/ProyectoTaxiDetector/dataset/negativos/train/negativos_train_0472.jpg,/home/irar/Escritorio/ProyectoTaxiDetector/dataset/negativos/augmented/negativo_aug_01061.jpg
1062,negativos_train_0391.jpg,negativo_aug_01062.jpg,/home/irar/Escritorio/ProyectoTaxiDetector/dataset/negativos/train/negativos_train_0391.jpg,/home/irar/Escritorio/ProyectoTaxiDetector/dataset/negativos/augmented/negativo_aug_01062.jpg
1063,negativos_train_0516.jpg,negativo_aug_01063.jpg,/home/irar/Escritorio/ProyectoTaxiDetector/dataset/negativos/train/negativos_train_0516.jpg,/home/irar/Escritorio/ProyectoTaxiDetector/dataset/negativos/augmented/negativo_aug_01063.jpg
1064,negativos_train_0381.jpg,negativo_aug_01064.jpg,/home/irar/Escritorio/ProyectoTaxiDetector/dataset/negativos/train/negativos_train_0381.jpg,/home/irar/Escritorio/ProyectoTaxiDetector/dataset/negativos/augmented/negativo_aug_01064.jpg
1065,negativos_train_0535.jpg,negativo_aug_01065.jpg,/home/irar/Escritorio/ProyectoTaxiDetector/dataset/negativos/train/negativos_train_0535.jpg,/home/irar/Escritorio/ProyectoTaxiDetector/dataset/negativos/augmented/negativo_aug_01065.jpg
1066,negativos_train_0162.jpg,negativo_aug_01066.jpg,/home/irar/Escritorio/ProyectoTaxiDetector/dataset/negativos/train/negativos_train_0162.jpg,/home/irar/Escritorio/ProyectoTaxiDetector/dataset/negativos/augmented/negativo_aug_01066.jpg
1067,negativos_train_0099.jpg,negativo_aug_01067.jpg,/home/irar/Escritorio/ProyectoTaxiDetector/dataset/negativos/train/negativos_train_0099.jpg,/home/irar/Escritorio/ProyectoTaxiDetector/dataset/negativos/augmented/negativo_aug_01067.jpg
1068,negativos_train_0370.jpg,negativo_aug_01068.jpg,/home/irar/Escritorio/ProyectoTaxiDetector/dataset/negativos/train/negativos_train_0370.jpg,/home/irar/Escritorio/ProyectoTaxiDetector/dataset/negativos/augmented/negativo_aug_01068.jpg
1069,negativos_train_0062.jpg,negativo_aug_01069.jpg,/home/irar/Escritorio/ProyectoTaxiDetector/dataset/negativos/train/negativos_train_0062.jpg,/home/irar/Escritorio/ProyectoTaxiDetector/dataset/negativos/augmented/negativo_aug_01069.jpg
1070,negativos_train_0119.jpg,negativo_aug_01070.jpg,/home/irar/Escritorio/ProyectoTaxiDetector/dataset/negativos/train/negativos_train_0119.jpg,/home/irar/Escritorio/ProyectoTaxiDetector/dataset/negativos/augmented/negativo_aug_01070.jpg
1071,negativos_train_0129.jpg,negativo_aug_01071.jpg,/home/irar/Escritorio/ProyectoTaxiDetector/dataset/negativos/train/negativos_train_0129.jpg,/home/irar/Escritorio/ProyectoTaxiDetector/dataset/negativos/augmented/negativo_aug_01071.jpg
1072,negativos_train_0458.jpg,negativo_aug_01072.jpg,/home/irar/Escritorio/ProyectoTaxiDetector/dataset/negativos/train/negativos_train_0458.jpg,/home/irar/Escritorio/ProyectoTaxiDetector/dataset/negativos/augmented/negativo_aug_01072.jpg
1073,negativos_train_0589.jpg,negativo_aug_01073.jpg,/home/irar/Escritorio/ProyectoTaxiDetector/dataset/negativos/train/negativos_train_0589.jpg,/home/irar/Escritorio/ProyectoTaxiDetector/dataset/negativos/augmented/negativo_aug_01073.jpg
1074,negativos_train_0233.jpg,negativo_aug_01074.jpg,/home/irar/Escritorio/ProyectoTaxiDetector/dataset/negativos/train/negativos_train_0233.jpg,/home/irar/Escritorio/ProyectoTaxiDetector/dataset/negativos/augmented/negativo_aug_01074.jpg
1075,negativos_train_0487.jpg,negativo_aug_01075.jpg,/home/irar/Escritorio/ProyectoTaxiDetector/dataset/negativos/train/negativos_train_0487.jpg,/home/irar/Escritorio/ProyectoTaxiDetector/dataset/negativos/augmented/negativo_aug_01075.jpg
1076,negativos_train_0521.jpg,negativo_aug_01076.jpg,/home/irar/Escritorio/ProyectoTaxiDetector/dataset/negativos/train/negativos_train_0521.jpg,/home/irar/Escritorio/ProyectoTaxiDetector/dataset/negativos/augmented/negativo_aug_01076.jpg
1077,negativos_train_0621.jpg,negativo_aug_01077.jpg,/home/irar/Escritorio/ProyectoTaxiDetector/dataset/negativos/train/negativos_train_0621.jpg,/home/irar/Escritorio/ProyectoTaxiDetector/dataset/negativos/augmented/negativo_aug_01077.jpg
1078,negativos_train_0282.jpg,negativo_aug_01078.jpg,/home/irar/Escritorio/ProyectoTaxiDetector/dataset/negativos/train/negativos_train_0282.jpg,/home/irar/Escritorio/ProyectoTaxiDetector/dataset/negativos/augmented/negativo_aug_01078.jpg
1079,negativos_train_0382.jpg,negativo_aug_01079.jpg,/home/irar/Escritorio/ProyectoTaxiDetector/dataset/negativos/train/negativos_train_0382.jpg,/home/irar/Escritorio/ProyectoTaxiDetector/dataset/negativos/augmented/negativo_aug_01079.jpg
1080,negativos_train_0218.jpg,negativo_aug_01080.jpg,/home/irar/Escritorio/ProyectoTaxiDetector/dataset/negativos/train/negativos_train_0218.jpg,/home/irar/Escritorio/ProyectoTaxiDetector/dataset/negativos/augmented/negativo_aug_01080.jpg
1081,negativos_train_0177.jpg,negativo_aug_01081.jpg,/home/irar/Escritorio/ProyectoTaxiDetector/dataset/negativos/train/negativos_train_0177.jpg,/home/irar/Escritorio/ProyectoTaxiDetector/dataset/negativos/augmented/negativo_aug_01081.jpg
1082,negativos_train_0272.jpg,negativo_aug_01082.jpg,/home/irar/Escritorio/ProyectoTaxiDetector/dataset/negativos/train/negativos_train_0272.jpg,/home/irar/Escritorio/ProyectoTaxiDetector/dataset/negativos/augmented/negativo_aug_01082.jpg
1083,negativos_train_0284.jpg,negativo_aug_01083.jpg,/home/irar/Escritorio/ProyectoTaxiDetector/dataset/negativos/train/negativos_train_0284.jpg,/home/irar/Escritorio/ProyectoTaxiDetector/dataset/negativos/augmented/negativo_aug_01083.jpg
1084,negativos_train_0243.jpg,negativo_aug_01084.jpg,/home/irar/Escritorio/ProyectoTaxiDetector/dataset/negativos/train/negativos_train_0243.jpg,/home/irar/Escritorio/ProyectoTaxiDetector/dataset/negativos/augmented/negativo_aug_01084.jpg
1085,negativos_train_0189.jpg,negativo_aug_01085.jpg,/home/irar/Escritorio/ProyectoTaxiDetector/dataset/negativos/train/negativos_train_0189.jpg,/home/irar/Escritorio/ProyectoTaxiDetector/dataset/negativos/augmented/negativo_aug_01085.jpg
1086,negativos_train_0298.jpg,negativo_aug_01086.jpg,/home/irar/Escritorio/ProyectoTaxiDetector/dataset/negativos/train/negativos_train_0298.jpg,/home/irar/Escritorio/ProyectoTaxiDetector/dataset/negativos/augmented/negativo_aug_01086.jpg
1087,negativos_train_0340.jpg,negativo_aug_01087.jpg,/home/irar/Escritorio/ProyectoTaxiDetector/dataset/negativos/train/negativos_train_0340.jpg,/home/irar/Escritorio/ProyectoTaxiDetector/dataset/negativos/augmented/negativo_aug_01087.jpg
1088,negativos_train_0523.jpg,negativo_aug_01088.jpg,/home/irar/Escritorio/ProyectoTaxiDetector/dataset/negativos/train/negativos_train_0523.jpg,/home/irar/Escritorio/ProyectoTaxiDetector/dataset/negativos/augmented/negativo_aug_01088.jpg
1089,negativos_train_0509.jpg,negativo_aug_01089.jpg,/home/irar/Escritorio/ProyectoTaxiDetector/dataset/negativos/train/negativos_train_0509.jpg,/home/irar/Escritorio/ProyectoTaxiDetector/dataset/negativos/augmented/negativo_aug_01089.jpg
1090,negativos_train_0355.jpg,negativo_aug_01090.jpg,/home/irar/Escritorio/ProyectoTaxiDetector/dataset/negativos/train/negativos_train_0355.jpg,/home/irar/Escritorio/ProyectoTaxiDetector/dataset/negativos/augmented/negativo_aug_01090.jpg
1091,negativos_train_0208.jpg,negativo_aug_01091.jpg,/home/irar/Escritorio/ProyectoTaxiDetector/dataset/negativos/train/negativos_train_0208.jpg,/home/irar/Escritorio/ProyectoTaxiDetector/dataset/negativos/augmented/negativo_aug_01091.jpg
1092,negativos_train_0114.jpg,negativo_aug_01092.jpg,/home/irar/Escritorio/ProyectoTaxiDetector/dataset/negativos/train/negativos_train_0114.jpg,/home/irar/Escritorio/ProyectoTaxiDetector/dataset/negativos/augmented/negativo_aug_01092.jpg
1093,negativos_train_0151.jpg,negativo_aug_01093.jpg,/home/irar/Escritorio/ProyectoTaxiDetector/dataset/negativos/train/negativos_train_0151.jpg,/home/irar/Escritorio/ProyectoTaxiDetector/dataset/negativos/augmented/negativo_aug_01093.jpg
1094,negativos_train_0048.jpg,negativo_aug_01094.jpg,/home/irar/Escritorio/ProyectoTaxiDetector/dataset/negativos/train/negativos_train_0048.jpg,/home/irar/Escritorio/ProyectoTaxiDetector/dataset/negativos/augmented/negativo_aug_01094.jpg
1095,negativos_train_0009.jpg,negativo_aug_01095.jpg,/home/irar/Escritorio/ProyectoTaxiDetector/dataset/negativos/train/negativos_train_0009.jpg,/home/irar/Escritorio/ProyectoTaxiDetector/dataset/negativos/augmented/negativo_aug_01095.jpg
1096,negativos_train_0406.jpg,negativo_aug_01096.jpg,/home/irar/Escritorio/ProyectoTaxiDetector/dataset/negativos/train/negativos_train_0406.jpg,/home/irar/Escritorio/ProyectoTaxiDetector/dataset/negativos/augmented/negativo_aug_01096.jpg
1097,negativos_train_0568.jpg,negativo_aug_01097.jpg,/home/irar/Escritorio/ProyectoTaxiDetector/dataset/negativos/train/negativos_train_0568.jpg,/home/irar/Escritorio/ProyectoTaxiDetector/dataset/negativos/augmented/negativo_aug_01097.jpg
1098,negativos_train_0514.jpg,negativo_aug_01098.jpg,/home/irar/Escritorio/ProyectoTaxiDetector/dataset/negativos/train/negativos_train_0514.jpg,/home/irar/Escritorio/ProyectoTaxiDetector/dataset/negativos/augmented/negativo_aug_01098.jpg
1099,negativos_train_0365.jpg,negativo_aug_01099.jpg,/home/irar/Escritorio/ProyectoTaxiDetector/dataset/negativos/train/negativos_train_0365.jpg,/home/irar/Escritorio/ProyectoTaxiDetector/dataset/negativos/augmented/negativo_aug_01099.jpg
1100,negativos_train_0515.jpg,negativo_aug_01100.jpg,/home/irar/Escritorio/ProyectoTaxiDetector/dataset/negativos/train/negativos_train_0515.jpg,/home/irar/Escritorio/ProyectoTaxiDetector/dataset/negativos/augmented/negativo_aug_01100.jpg
1101,negativos_train_0244.jpg,negativo_aug_01101.jpg,/home/irar/Escritorio/ProyectoTaxiDetector/dataset/negativos/train/negativos_train_0244.jpg,/home/irar/Escritorio/ProyectoTaxiDetector/dataset/negativos/augmented/negativo_aug_01101.jpg
1102,negativos_train_0354.jpg,negativo_aug_01102.jpg,/home/irar/Escritorio/ProyectoTaxiDetector/dataset/negativos/train/negativos_train_0354.jpg,/home/irar/Escritorio/ProyectoTaxiDetector/dataset/negativos/augmented/negativo_aug_01102.jpg
1103,negativos_train_0598.jpg,negativo_aug_01103.jpg,/home/irar/Escritorio/ProyectoTaxiDetector/dataset/negativos/train/negativos_train_0598.jpg,/home/irar/Escritorio/ProyectoTaxiDetector/dataset/negativos/augmented/negativo_aug_01103.jpg
1104,negativos_train_0593.jpg,negativo_aug_01104.jpg,/home/irar/Escritorio/ProyectoTaxiDetector/dataset/negativos/train/negativos_train_0593.jpg,/home/irar/Escritorio/ProyectoTaxiDetector/dataset/negativos/augmented/negativo_aug_01104.jpg
1105,negativos_train_0484.jpg,negativo_aug_01105.jpg,/home/irar/Escritorio/ProyectoTaxiDetector/dataset/negativos/train/negativos_train_0484.jpg,/home/irar/Escritorio/ProyectoTaxiDetector/dataset/negativos/augmented/negativo_aug_01105.jpg
1106,negativos_train_0251.jpg,negativo_aug_01106.jpg,/home/irar/Escritorio/ProyectoTaxiDetector/dataset/negativos/train/negativos_train_0251.jpg,/home/irar/Escritorio/ProyectoTaxiDetector/dataset/negativos/augmented/negativo_aug_01106.jpg
1107,negativos_train_0209.jpg,negativo_aug_01107.jpg,/home/irar/Escritorio/ProyectoTaxiDetector/dataset/negativos/train/negativos_train_0209.jpg,/home/irar/Escritorio/ProyectoTaxiDetector/dataset/negativos/augmented/negativo_aug_01107.jpg
1108,negativos_train_0369.jpg,negativo_aug_01108.jpg,/home/irar/Escritorio/ProyectoTaxiDetector/dataset/negativos/train/negativos_train_0369.jpg,/home/irar/Escritorio/ProyectoTaxiDetector/dataset/negativos/augmented/negativo_aug_01108.jpg
1109,negativos_train_0538.jpg,negativo_aug_01109.jpg,/home/irar/Escritorio/ProyectoTaxiDetector/dataset/negativos/train/negativos_train_0538.jpg,/home/irar/Escritorio/ProyectoTaxiDetector/dataset/negativos/augmented/negativo_aug_01109.jpg
1110,negativos_train_0044.jpg,negativo_aug_01110.jpg,/home/irar/Escritorio/ProyectoTaxiDetector/dataset/negativos/train/negativos_train_0044.jpg,/home/irar/Escritorio/ProyectoTaxiDetector/dataset/negativos/augmented/negativo_aug_01110.jpg
1111,negativos_train_0098.jpg,negativo_aug_01111.jpg,/home/irar/Escritorio/ProyectoTaxiDetector/dataset/negativos/train/negativos_train_0098.jpg,/home/irar/Escritorio/ProyectoTaxiDetector/dataset/negativos/augmented/negativo_aug_01111.jpg
1112,negativos_train_0265.jpg,negativo_aug_01112.jpg,/home/irar/Escritorio/ProyectoTaxiDetector/dataset/negativos/train/negativos_train_0265.jpg,/home/irar/Escritorio/ProyectoTaxiDetector/dataset/negativos/augmented/negativo_aug_01112.jpg
1113,negativos_train_0006.jpg,negativo_aug_01113.jpg,/home/irar/Escritorio/ProyectoTaxiDetector/dataset/negativos/train/negativos_train_0006.jpg,/home/irar/Escritorio/ProyectoTaxiDetector/dataset/negativos/augmented/negativo_aug_01113.jpg
1114,negativos_train_0577.jpg,negativo_aug_01114.jpg,/home/irar/Escritorio/ProyectoTaxiDetector/dataset/negativos/train/negativos_train_0577.jpg,/home/irar/Escritorio/ProyectoTaxiDetector/dataset/negativos/augmented/negativo_aug_01114.jpg
1115,negativos_train_0142.jpg,negativo_aug_01115.jpg,/home/irar/Escritorio/ProyectoTaxiDetector/dataset/negativos/train/negativos_train_0142.jpg,/home/irar/Escritorio/ProyectoTaxiDetector/dataset/negativos/augmented/negativo_aug_01115.jpg
1116,negativos_train_0617.jpg,negativo_aug_01116.jpg,/home/irar/Escritorio/ProyectoTaxiDetector/dataset/negativos/train/negativos_train_0617.jpg,/home/irar/Escritorio/ProyectoTaxiDetector/dataset/negativos/augmented/negativo_aug_01116.jpg
1117,negativos_train_0360.jpg,negativo_aug_01117.jpg,/home/irar/Escritorio/ProyectoTaxiDetector/dataset/negativos/train/negativos_train_0360.jpg,/home/irar/Escritorio/ProyectoTaxiDetector/dataset/negativos/augmented/negativo_aug_01117.jpg
1118,negativos_train_0614.jpg,negativo_aug_01118.jpg,/home/irar/Escritorio/ProyectoTaxiDetector/dataset/negativos/train/negativos_train_0614.jpg,/home/irar/Escritorio/ProyectoTaxiDetector/dataset/negativos/augmented/negativo_aug_01118.jpg
1119,negativos_train_0451.jpg,negativo_aug_01119.jpg,/home/irar/Escritorio/ProyectoTaxiDetector/dataset/negativos/train/negativos_train_0451.jpg,/home/irar/Escritorio/ProyectoTaxiDetector/dataset/negativos/augmented/negativo_aug_01119.jpg
1120,negativos_train_0144.jpg,negativo_aug_01120.jpg,/home/irar/Escritorio/ProyectoTaxiDetector/dataset/negativos/train/negativos_train_0144.jpg,/home/irar/Escritorio/ProyectoTaxiDetector/dataset/negativos/augmented/negativo_aug_01120.jpg
1121,negativos_train_0175.jpg,negativo_aug_01121.jpg,/home/irar/Escritorio/ProyectoTaxiDetector/dataset/negativos/train/negativos_train_0175.jpg,/home/irar/Escritorio/ProyectoTaxiDetector/dataset/negativos/augmented/negativo_aug_01121.jpg
1122,negativos_train_0133.jpg,negativo_aug_01122.jpg,/home/irar/Escritorio/ProyectoTaxiDetector/dataset/negativos/train/negativos_train_0133.jpg,/home/irar/Escritorio/ProyectoTaxiDetector/dataset/negativos/augmented/negativo_aug_01122.jpg
1123,negativos_train_0409.jpg,negativo_aug_01123.jpg,/home/irar/Escritorio/ProyectoTaxiDetector/dataset/negativos/train/negativos_train_0409.jpg,/home/irar/Escritorio/ProyectoTaxiDetector/dataset/negativos/augmented/negativo_aug_01123.jpg
1124,negativos_train_0182.jpg,negativo_aug_01124.jpg,/home/irar/Escritorio/ProyectoTaxiDetector/dataset/negativos/train/negativos_train_0182.jpg,/home/irar/Escritorio/ProyectoTaxiDetector/dataset/negativos/augmented/negativo_aug_01124.jpg
1125,negativos_train_0527.jpg,negativo_aug_01125.jpg,/home/irar/Escritorio/ProyectoTaxiDetector/dataset/negativos/train/negativos_train_0527.jpg,/home/irar/Escritorio/ProyectoTaxiDetector/dataset/negativos/augmented/negativo_aug_01125.jpg
1126,negativos_train_0250.jpg,negativo_aug_01126.jpg,/home/irar/Escritorio/ProyectoTaxiDetector/dataset/negativos/train/negativos_train_0250.jpg,/home/irar/Escritorio/ProyectoTaxiDetector/dataset/negativos/augmented/negativo_aug_01126.jpg
1127,negativos_train_0094.jpg,negativo_aug_01127.jpg,/home/irar/Escritorio/ProyectoTaxiDetector/dataset/negativos/train/negativos_train_0094.jpg,/home/irar/Escritorio/ProyectoTaxiDetector/dataset/negativos/augmented/negativo_aug_01127.jpg
1128,negativos_train_0167.jpg,negativo_aug_01128.jpg,/home/irar/Escritorio/ProyectoTaxiDetector/dataset/negativos/train/negativos_train_0167.jpg,/home/irar/Escritorio/ProyectoTaxiDetector/dataset/negativos/augmented/negativo_aug_01128.jpg
1129,negativos_train_0436.jpg,negativo_aug_01129.jpg,/home/irar/Escritorio/ProyectoTaxiDetector/dataset/negativos/train/negativos_train_0436.jpg,/home/irar/Escritorio/ProyectoTaxiDetector/dataset/negativos/augmented/negativo_aug_01129.jpg
1130,negativos_train_0564.jpg,negativo_aug_01130.jpg,/home/irar/Escritorio/ProyectoTaxiDetector/dataset/negativos/train/negativos_train_0564.jpg,/home/irar/Escritorio/ProyectoTaxiDetector/dataset/negativos/augmented/negativo_aug_01130.jpg
1131,negativos_train_0015.jpg,negativo_aug_01131.jpg,/home/irar/Escritorio/ProyectoTaxiDetector/dataset/negativos/train/negativos_train_0015.jpg,/home/irar/Escritorio/ProyectoTaxiDetector/dataset/negativos/augmented/negativo_aug_01131.jpg
1132,negativos_train_0173.jpg,negativo_aug_01132.jpg,/home/irar/Escritorio/ProyectoTaxiDetector/dataset/negativos/train/negativos_train_0173.jpg,/home/irar/Escritorio/ProyectoTaxiDetector/dataset/negativos/augmented/negativo_aug_01132.jpg
1133,negativos_train_0195.jpg,negativo_aug_01133.jpg,/home/irar/Escritorio/ProyectoTaxiDetector/dataset/negativos/train/negativos_train_0195.jpg,/home/irar/Escritorio/ProyectoTaxiDetector/dataset/negativos/augmented/negativo_aug_01133.jpg
1134,negativos_train_0343.jpg,negativo_aug_01134.jpg,/home/irar/Escritorio/ProyectoTaxiDetector/dataset/negativos/train/negativos_train_0343.jpg,/home/irar/Escritorio/ProyectoTaxiDetector/dataset/negativos/augmented/negativo_aug_01134.jpg
1135,negativos_train_0313.jpg,negativo_aug_01135.jpg,/home/irar/Escritorio/ProyectoTaxiDetector/dataset/negativos/train/negativos_train_0313.jpg,/home/irar/Escritorio/ProyectoTaxiDetector/dataset/negativos/augmented/negativo_aug_01135.jpg
1136,negativos_train_0292.jpg,negativo_aug_01136.jpg,/home/irar/Escritorio/ProyectoTaxiDetector/dataset/negativos/train/negativos_train_0292.jpg,/home/irar/Escritorio/ProyectoTaxiDetector/dataset/negativos/augmented/negativo_aug_01136.jpg
1137,negativos_train_0238.jpg,negativo_aug_01137.jpg,/home/irar/Escritorio/ProyectoTaxiDetector/dataset/negativos/train/negativos_train_0238.jpg,/home/irar/Escritorio/ProyectoTaxiDetector/dataset/negativos/augmented/negativo_aug_01137.jpg
1138,negativos_train_0545.jpg,negativo_aug_01138.jpg,/home/irar/Escritorio/ProyectoTaxiDetector/dataset/negativos/train/negativos_train_0545.jpg,/home/irar/Escritorio/ProyectoTaxiDetector/dataset/negativos/augmented/negativo_aug_01138.jpg
1139,negativos_train_0125.jpg,negativo_aug_01139.jpg,/home/irar/Escritorio/ProyectoTaxiDetector/dataset/negativos/train/negativos_train_0125.jpg,/home/irar/Escritorio/ProyectoTaxiDetector/dataset/negativos/augmented/negativo_aug_01139.jpg
1140,negativos_train_0231.jpg,negativo_aug_01140.jpg,/home/irar/Escritorio/ProyectoTaxiDetector/dataset/negativos/train/negativos_train_0231.jpg,/home/irar/Escritorio/ProyectoTaxiDetector/dataset/negativos/augmented/negativo_aug_01140.jpg
1141,negativos_train_0452.jpg,negativo_aug_01141.jpg,/home/irar/Escritorio/ProyectoTaxiDetector/dataset/negativos/train/negativos_train_0452.jpg,/home/irar/Escritorio/ProyectoTaxiDetector/dataset/negativos/augmented/negativo_aug_01141.jpg
1142,negativos_train_0286.jpg,negativo_aug_01142.jpg,/home/irar/Escritorio/ProyectoTaxiDetector/dataset/negativos/train/negativos_train_0286.jpg,/home/irar/Escritorio/ProyectoTaxiDetector/dataset/negativos/augmented/negativo_aug_01142.jpg
1143,negativos_train_0089.jpg,negativo_aug_01143.jpg,/home/irar/Escritorio/ProyectoTaxiDetector/dataset/negativos/train/negativos_train_0089.jpg,/home/irar/Escritorio/ProyectoTaxiDetector/dataset/negativos/augmented/negativo_aug_01143.jpg
1144,negativos_train_0252.jpg,negativo_aug_01144.jpg,/home/irar/Escritorio/ProyectoTaxiDetector/dataset/negativos/train/negativos_train_0252.jpg,/home/irar/Escritorio/ProyectoTaxiDetector/dataset/negativos/augmented/negativo_aug_01144.jpg
1145,negativos_train_0331.jpg,negativo_aug_01145.jpg,/home/irar/Escritorio/ProyectoTaxiDetector/dataset/negativos/train/negativos_train_0331.jpg,/home/irar/Escritorio/ProyectoTaxiDetector/dataset/negativos/augmented/negativo_aug_01145.jpg
1146,negativos_train_0275.jpg,negativo_aug_01146.jpg,/home/irar/Escritorio/ProyectoTaxiDetector/dataset/negativos/train/negativos_train_0275.jpg,/home/irar/Escritorio/ProyectoTaxiDetector/dataset/negativos/augmented/negativo_aug_01146.jpg
1147,negativos_train_0605.jpg,negativo_aug_01147.jpg,/home/irar/Escritorio/ProyectoTaxiDetector/dataset/negativos/train/negativos_train_0605.jpg,/home/irar/Escritorio/ProyectoTaxiDetector/dataset/negativos/augmented/negativo_aug_01147.jpg
1148,negativos_train_0555.jpg,negativo_aug_01148.jpg,/home/irar/Escritorio/ProyectoTaxiDetector/dataset/negativos/train/negativos_train_0555.jpg,/home/irar/Escritorio/ProyectoTaxiDetector/dataset/negativos/augmented/negativo_aug_01148.jpg
1149,negativos_train_0496.jpg,negativo_aug_01149.jpg,/home/irar/Escritorio/ProyectoTaxiDetector/dataset/negativos/train/negativos_train_0496.jpg,/home/irar/Escritorio/ProyectoTaxiDetector/dataset/negativos/augmented/negativo_aug_01149.jpg
1150,negativos_train_0277.jpg,negativo_aug_01150.jpg,/home/irar/Escritorio/ProyectoTaxiDetector/dataset/negativos/train/negativos_train_0277.jpg,/home/irar/Escritorio/ProyectoTaxiDetector/dataset/negativos/augmented/negativo_aug_01150.jpg
1151,negativos_train_0181.jpg,negativo_aug_01151.jpg,/home/irar/Escritorio/ProyectoTaxiDetector/dataset/negativos/train/negativos_train_0181.jpg,/home/irar/Escritorio/ProyectoTaxiDetector/dataset/negativos/augmented/negativo_aug_01151.jpg
1152,negativos_train_0446.jpg,negativo_aug_01152.jpg,/home/irar/Escritorio/ProyectoTaxiDetector/dataset/negativos/train/negativos_train_0446.jpg,/home/irar/Escritorio/ProyectoTaxiDetector/dataset/negativos/augmented/negativo_aug_01152.jpg
1153,negativos_train_0561.jpg,negativo_aug_01153.jpg,/home/irar/Escritorio/ProyectoTaxiDetector/dataset/negativos/train/negativos_train_0561.jpg,/home/irar/Escritorio/ProyectoTaxiDetector/dataset/negativos/augmented/negativo_aug_01153.jpg
1154,negativos_train_0471.jpg,negativo_aug_01154.jpg,/home/irar/Escritorio/ProyectoTaxiDetector/dataset/negativos/train/negativos_train_0471.jpg,/home/irar/Escritorio/ProyectoTaxiDetector/dataset/negativos/augmented/negativo_aug_01154.jpg
1155,negativos_train_0371.jpg,negativo_aug_01155.jpg,/home/irar/Escritorio/ProyectoTaxiDetector/dataset/negativos/train/negativos_train_0371.jpg,/home/irar/Escritorio/ProyectoTaxiDetector/dataset/negativos/augmented/negativo_aug_01155.jpg
1156,negativos_train_0444.jpg,negativo_aug_01156.jpg,/home/irar/Escritorio/ProyectoTaxiDetector/dataset/negativos/train/negativos_train_0444.jpg,/home/irar/Escritorio/ProyectoTaxiDetector/dataset/negativos/augmented/negativo_aug_01156.jpg
1157,negativos_train_0109.jpg,negativo_aug_01157.jpg,/home/irar/Escritorio/ProyectoTaxiDetector/dataset/negativos/train/negativos_train_0109.jpg,/home/irar/Escritorio/ProyectoTaxiDetector/dataset/negativos/augmented/negativo_aug_01157.jpg
1158,negativos_train_0502.jpg,negativo_aug_01158.jpg,/home/irar/Escritorio/ProyectoTaxiDetector/dataset/negativos/train/negativos_train_0502.jpg,/home/irar/Escritorio/ProyectoTaxiDetector/dataset/negativos/augmented/negativo_aug_01158.jpg
1159,negativos_train_0623.jpg,negativo_aug_01159.jpg,/home/irar/Escritorio/ProyectoTaxiDetector/dataset/negativos/train/negativos_train_0623.jpg,/home/irar/Escritorio/ProyectoTaxiDetector/dataset/negativos/augmented/negativo_aug_01159.jpg
1160,negativos_train_0013.jpg,negativo_aug_01160.jpg,/home/irar/Escritorio/ProyectoTaxiDetector/dataset/negativos/train/negativos_train_0013.jpg,/home/irar/Escritorio/ProyectoTaxiDetector/dataset/negativos/augmented/negativo_aug_01160.jpg
1161,negativos_train_0350.jpg,negativo_aug_01161.jpg,/home/irar/Escritorio/ProyectoTaxiDetector/dataset/negativos/train/negativos_train_0350.jpg,/home/irar/Escritorio/ProyectoTaxiDetector/dataset/negativos/augmented/negativo_aug_01161.jpg
1162,negativos_train_0519.jpg,negativo_aug_01162.jpg,/home/irar/Escritorio/ProyectoTaxiDetector/dataset/negativos/train/negativos_train_0519.jpg,/home/irar/Escritorio/ProyectoTaxiDetector/dataset/negativos/augmented/negativo_aug_01162.jpg
1163,negativos_train_0567.jpg,negativo_aug_01163.jpg,/home/irar/Escritorio/ProyectoTaxiDetector/dataset/negativos/train/negativos_train_0567.jpg,/home/irar/Escritorio/ProyectoTaxiDetector/dataset/negativos/augmented/negativo_aug_01163.jpg
1164,negativos_train_0380.jpg,negativo_aug_01164.jpg,/home/irar/Escritorio/ProyectoTaxiDetector/dataset/negativos/train/negativos_train_0380.jpg,/home/irar/Escritorio/ProyectoTaxiDetector/dataset/negativos/augmented/negativo_aug_01164.jpg
1165,negativos_train_0619.jpg,negativo_aug_01165.jpg,/home/irar/Escritorio/ProyectoTaxiDetector/dataset/negativos/train/negativos_train_0619.jpg,/home/irar/Escritorio/ProyectoTaxiDetector/dataset/negativos/augmented/negativo_aug_01165.jpg
1166,negativos_train_0356.jpg,negativo_aug_01166.jpg,/home/irar/Escritorio/ProyectoTaxiDetector/dataset/negativos/train/negativos_train_0356.jpg,/home/irar/Escritorio/ProyectoTaxiDetector/dataset/negativos/augmented/negativo_aug_01166.jpg
1167,negativos_train_0043.jpg,negativo_aug_01167.jpg,/home/irar/Escritorio/ProyectoTaxiDetector/dataset/negativos/train/negativos_train_0043.jpg,/home/irar/Escritorio/ProyectoTaxiDetector/dataset/negativos/augmented/negativo_aug_01167.jpg
1168,negativos_train_0124.jpg,negativo_aug_01168.jpg,/home/irar/Escritorio/ProyectoTaxiDetector/dataset/negativos/train/negativos_train_0124.jpg,/home/irar/Escritorio/ProyectoTaxiDetector/dataset/negativos/augmented/negativo_aug_01168.jpg
1169,negativos_train_0309.jpg,negativo_aug_01169.jpg,/home/irar/Escritorio/ProyectoTaxiDetector/dataset/negativos/train/negativos_train_0309.jpg,/home/irar/Escritorio/ProyectoTaxiDetector/dataset/negativos/augmented/negativo_aug_01169.jpg
1170,negativos_train_0105.jpg,negativo_aug_01170.jpg,/home/irar/Escritorio/ProyectoTaxiDetector/dataset/negativos/train/negativos_train_0105.jpg,/home/irar/Escritorio/ProyectoTaxiDetector/dataset/negativos/augmented/negativo_aug_01170.jpg
1171,negativos_train_0249.jpg,negativo_aug_01171.jpg,/home/irar/Escritorio/ProyectoTaxiDetector/dataset/negativos/train/negativos_train_0249.jpg,/home/irar/Escritorio/ProyectoTaxiDetector/dataset/negativos/augmented/negativo_aug_01171.jpg
1172,negativos_train_0078.jpg,negativo_aug_01172.jpg,/home/irar/Escritorio/ProyectoTaxiDetector/dataset/negativos/train/negativos_train_0078.jpg,/home/irar/Escritorio/ProyectoTaxiDetector/dataset/negativos/augmented/negativo_aug_01172.jpg
1173,negativos_train_0204.jpg,negativo_aug_01173.jpg,/home/irar/Escritorio/ProyectoTaxiDetector/dataset/negativos/train/negativos_train_0204.jpg,/home/irar/Escritorio/ProyectoTaxiDetector/dataset/negativos/augmented/negativo_aug_01173.jpg
1174,negativos_train_0407.jpg,negativo_aug_01174.jpg,/home/irar/Escritorio/ProyectoTaxiDetector/dataset/negativos/train/negativos_train_0407.jpg,/home/irar/Escritorio/ProyectoTaxiDetector/dataset/negativos/augmented/negativo_aug_01174.jpg
1175,negativos_train_0385.jpg,negativo_aug_01175.jpg,/home/irar/Escritorio/ProyectoTaxiDetector/dataset/negativos/train/negativos_train_0385.jpg,/home/irar/Escritorio/ProyectoTaxiDetector/dataset/negativos/augmented/negativo_aug_01175.jpg
1176,negativos_train_0320.jpg,negativo_aug_01176.jpg,/home/irar/Escritorio/ProyectoTaxiDetector/dataset/negativos/train/negativos_train_0320.jpg,/home/irar/Escritorio/ProyectoTaxiDetector/dataset/negativos/augmented/negativo_aug_01176.jpg
1177,negativos_train_0027.jpg,negativo_aug_01177.jpg,/home/irar/Escritorio/ProyectoTaxiDetector/dataset/negativos/train/negativos_train_0027.jpg,/home/irar/Escritorio/ProyectoTaxiDetector/dataset/negativos/augmented/negativo_aug_01177.jpg
1178,negativos_train_0111.jpg,negativo_aug_01178.jpg,/home/irar/Escritorio/ProyectoTaxiDetector/dataset/negativos/train/negativos_train_0111.jpg,/home/irar/Escritorio/ProyectoTaxiDetector/dataset/negativos/augmented/negativo_aug_01178.jpg
1179,negativos_train_0319.jpg,negativo_aug_01179.jpg,/home/irar/Escritorio/ProyectoTaxiDetector/dataset/negativos/train/negativos_train_0319.jpg,/home/irar/Escritorio/ProyectoTaxiDetector/dataset/negativos/augmented/negativo_aug_01179.jpg
1180,negativos_train_0168.jpg,negativo_aug_01180.jpg,/home/irar/Escritorio/ProyectoTaxiDetector/dataset/negativos/train/negativos_train_0168.jpg,/home/irar/Escritorio/ProyectoTaxiDetector/dataset/negativos/augmented/negativo_aug_01180.jpg
1181,negativos_train_0557.jpg,negativo_aug_01181.jpg,/home/irar/Escritorio/ProyectoTaxiDetector/dataset/negativos/train/negativos_train_0557.jpg,/home/irar/Escritorio/ProyectoTaxiDetector/dataset/negativos/augmented/negativo_aug_01181.jpg
1182,negativos_train_0172.jpg,negativo_aug_01182.jpg,/home/irar/Escritorio/ProyectoTaxiDetector/dataset/negativos/train/negativos_train_0172.jpg,/home/irar/Escritorio/ProyectoTaxiDetector/dataset/negativos/augmented/negativo_aug_01182.jpg
1183,negativos_train_0378.jpg,negativo_aug_01183.jpg,/home/irar/Escritorio/ProyectoTaxiDetector/dataset/negativos/train/negativos_train_0378.jpg,/home/irar/Escritorio/ProyectoTaxiDetector/dataset/negativos/augmented/negativo_aug_01183.jpg
1184,negativos_train_0263.jpg,negativo_aug_01184.jpg,/home/irar/Escritorio/ProyectoTaxiDetector/dataset/negativos/train/negativos_train_0263.jpg,/home/irar/Escritorio/ProyectoTaxiDetector/dataset/negativos/augmented/negativo_aug_01184.jpg
1185,negativos_train_0477.jpg,negativo_aug_01185.jpg,/home/irar/Escritorio/ProyectoTaxiDetector/dataset/negativos/train/negativos_train_0477.jpg,/home/irar/Escritorio/ProyectoTaxiDetector/dataset/negativos/augmented/negativo_aug_01185.jpg
1186,negativos_train_0224.jpg,negativo_aug_01186.jpg,/home/irar/Escritorio/ProyectoTaxiDetector/dataset/negativos/train/negativos_train_0224.jpg,/home/irar/Escritorio/ProyectoTaxiDetector/dataset/negativos/augmented/negativo_aug_01186.jpg
1187,negativos_train_0118.jpg,negativo_aug_01187.jpg,/home/irar/Escritorio/ProyectoTaxiDetector/dataset/negativos/train/negativos_train_0118.jpg,/home/irar/Escritorio/ProyectoTaxiDetector/dataset/negativos/augmented/negativo_aug_01187.jpg
1188,negativos_train_0485.jpg,negativo_aug_01188.jpg,/home/irar/Escritorio/ProyectoTaxiDetector/dataset/negativos/train/negativos_train_0485.jpg,/home/irar/Escritorio/ProyectoTaxiDetector/dataset/negativos/augmented/negativo_aug_01188.jpg
1189,negativos_train_0130.jpg,negativo_aug_01189.jpg,/home/irar/Escritorio/ProyectoTaxiDetector/dataset/negativos/train/negativos_train_0130.jpg,/home/irar/Escritorio/ProyectoTaxiDetector/dataset/negativos/augmented/negativo_aug_01189.jpg
1190,negativos_train_0245.jpg,negativo_aug_01190.jpg,/home/irar/Escritorio/ProyectoTaxiDetector/dataset/negativos/train/negativos_train_0245.jpg,/home/irar/Escritorio/ProyectoTaxiDetector/dataset/negativos/augmented/negativo_aug_01190.jpg
1191,negativos_train_0157.jpg,negativo_aug_01191.jpg,/home/irar/Escritorio/ProyectoTaxiDetector/dataset/negativos/train/negativos_train_0157.jpg,/home/irar/Escritorio/ProyectoTaxiDetector/dataset/negativos/augmented/negativo_aug_01191.jpg
1192,negativos_train_0620.jpg,negativo_aug_01192.jpg,/home/irar/Escritorio/ProyectoTaxiDetector/dataset/negativos/train/negativos_train_0620.jpg,/home/irar/Escritorio/ProyectoTaxiDetector/dataset/negativos/augmented/negativo_aug_01192.jpg
1193,negativos_train_0205.jpg,negativo_aug_01193.jpg,/home/irar/Escritorio/ProyectoTaxiDetector/dataset/negativos/train/negativos_train_0205.jpg,/home/irar/Escritorio/ProyectoTaxiDetector/dataset/negativos/augmented/negativo_aug_01193.jpg
1194,negativos_train_0254.jpg,negativo_aug_01194.jpg,/home/irar/Escritorio/ProyectoTaxiDetector/dataset/negativos/train/negativos_train_0254.jpg,/home/irar/Escritorio/ProyectoTaxiDetector/dataset/negativos/augmented/negativo_aug_01194.jpg
1195,negativos_train_0032.jpg,negativo_aug_01195.jpg,/home/irar/Escritorio/ProyectoTaxiDetector/dataset/negativos/train/negativos_train_0032.jpg,/home/irar/Escritorio/ProyectoTaxiDetector/dataset/negativos/augmented/negativo_aug_01195.jpg
1196,negativos_train_0042.jpg,negativo_aug_01196.jpg,/home/irar/Escritorio/ProyectoTaxiDetector/dataset/negativos/train/negativos_train_0042.jpg,/home/irar/Escritorio/ProyectoTaxiDetector/dataset/negativos/augmented/negativo_aug_01196.jpg
1197,negativos_train_0071.jpg,negativo_aug_01197.jpg,/home/irar/Escritorio/ProyectoTaxiDetector/dataset/negativos/train/negativos_train_0071.jpg,/home/irar/Escritorio/ProyectoTaxiDetector/dataset/negativos/augmented/negativo_aug_01197.jpg
1198,negativos_train_0230.jpg,negativo_aug_01198.jpg,/home/irar/Escritorio/ProyectoTaxiDetector/dataset/negativos/train/negativos_train_0230.jpg,/home/irar/Escritorio/ProyectoTaxiDetector/dataset/negativos/augmented/negativo_aug_01198.jpg
1199,negativos_train_0359.jpg,negativo_aug_01199.jpg,/home/irar/Escritorio/ProyectoTaxiDetector/dataset/negativos/train/negativos_train_0359.jpg,/home/irar/Escritorio/ProyectoTaxiDetector/dataset/negativos/augmented/negativo_aug_01199.jpg
1200,negativos_train_0054.jpg,negativo_aug_01200.jpg,/home/irar/Escritorio/ProyectoTaxiDetector/dataset/negativos/train/negativos_train_0054.jpg,/home/irar/Escritorio/ProyectoTaxiDetector/dataset/negativos/augmented/negativo_aug_01200.jpg
1201,negativos_train_0553.jpg,negativo_aug_01201.jpg,/home/irar/Escritorio/ProyectoTaxiDetector/dataset/negativos/train/negativos_train_0553.jpg,/home/irar/Escritorio/ProyectoTaxiDetector/dataset/negativos/augmented/negativo_aug_01201.jpg
1202,negativos_train_0020.jpg,negativo_aug_01202.jpg,/home/irar/Escritorio/ProyectoTaxiDetector/dataset/negativos/train/negativos_train_0020.jpg,/home/irar/Escritorio/ProyectoTaxiDetector/dataset/negativos/augmented/negativo_aug_01202.jpg
1203,negativos_train_0482.jpg,negativo_aug_01203.jpg,/home/irar/Escritorio/ProyectoTaxiDetector/dataset/negativos/train/negativos_train_0482.jpg,/home/irar/Escritorio/ProyectoTaxiDetector/dataset/negativos/augmented/negativo_aug_01203.jpg
1204,negativos_train_0084.jpg,negativo_aug_01204.jpg,/home/irar/Escritorio/ProyectoTaxiDetector/dataset/negativos/train/negativos_train_0084.jpg,/home/irar/Escritorio/ProyectoTaxiDetector/dataset/negativos/augmented/negativo_aug_01204.jpg
1205,negativos_train_0259.jpg,negativo_aug_01205.jpg,/home/irar/Escritorio/ProyectoTaxiDetector/dataset/negativos/train/negativos_train_0259.jpg,/home/irar/Escritorio/ProyectoTaxiDetector/dataset/negativos/augmented/negativo_aug_01205.jpg
1206,negativos_train_0432.jpg,negativo_aug_01206.jpg,/home/irar/Escritorio/ProyectoTaxiDetector/dataset/negativos/train/negativos_train_0432.jpg,/home/irar/Escritorio/ProyectoTaxiDetector/dataset/negativos/augmented/negativo_aug_01206.jpg
1207,negativos_train_0285.jpg,negativo_aug_01207.jpg,/home/irar/Escritorio/ProyectoTaxiDetector/dataset/negativos/train/negativos_train_0285.jpg,/home/irar/Escritorio/ProyectoTaxiDetector/dataset/negativos/augmented/negativo_aug_01207.jpg
1208,negativos_train_0584.jpg,negativo_aug_01208.jpg,/home/irar/Escritorio/ProyectoTaxiDetector/dataset/negativos/train/negativos_train_0584.jpg,/home/irar/Escritorio/ProyectoTaxiDetector/dataset/negativos/augmented/negativo_aug_01208.jpg
1209,negativos_train_0346.jpg,negativo_aug_01209.jpg,/home/irar/Escritorio/ProyectoTaxiDetector/dataset/negativos/train/negativos_train_0346.jpg,/home/irar/Escritorio/ProyectoTaxiDetector/dataset/negativos/augmented/negativo_aug_01209.jpg
1210,negativos_train_0335.jpg,negativo_aug_01210.jpg,/home/irar/Escritorio/ProyectoTaxiDetector/dataset/negativos/train/negativos_train_0335.jpg,/home/irar/Escritorio/ProyectoTaxiDetector/dataset/negativos/augmented/negativo_aug_01210.jpg
1211,negativos_train_0466.jpg,negativo_aug_01211.jpg,/home/irar/Escritorio/ProyectoTaxiDetector/dataset/negativos/train/negativos_train_0466.jpg,/home/irar/Escritorio/ProyectoTaxiDetector/dataset/negativos/augmented/negativo_aug_01211.jpg
1212,negativos_train_0217.jpg,negativo_aug_01212.jpg,/home/irar/Escritorio/ProyectoTaxiDetector/dataset/negativos/train/negativos_train_0217.jpg,/home/irar/Escritorio/ProyectoTaxiDetector/dataset/negativos/augmented/negativo_aug_01212.jpg
1213,negativos_train_0336.jpg,negativo_aug_01213.jpg,/home/irar/Escritorio/ProyectoTaxiDetector/dataset/negativos/train/negativos_train_0336.jpg,/home/irar/Escritorio/ProyectoTaxiDetector/dataset/negativos/augmented/negativo_aug_01213.jpg
1214,negativos_train_0389.jpg,negativo_aug_01214.jpg,/home/irar/Escritorio/ProyectoTaxiDetector/dataset/negativos/train/negativos_train_0389.jpg,/home/irar/Escritorio/ProyectoTaxiDetector/dataset/negativos/augmented/negativo_aug_01214.jpg
1215,negativos_train_0267.jpg,negativo_aug_01215.jpg,/home/irar/Escritorio/ProyectoTaxiDetector/dataset/negativos/train/negativos_train_0267.jpg,/home/irar/Escritorio/ProyectoTaxiDetector/dataset/negativos/augmented/negativo_aug_01215.jpg
1216,negativos_train_0052.jpg,negativo_aug_01216.jpg,/home/irar/Escritorio/ProyectoTaxiDetector/dataset/negativos/train/negativos_train_0052.jpg,/home/irar/Escritorio/ProyectoTaxiDetector/dataset/negativos/augmented/negativo_aug_01216.jpg
1217,negativos_train_0187.jpg,negativo_aug_01217.jpg,/home/irar/Escritorio/ProyectoTaxiDetector/dataset/negativos/train/negativos_train_0187.jpg,/home/irar/Escritorio/ProyectoTaxiDetector/dataset/negativos/augmented/negativo_aug_01217.jpg
1218,negativos_train_0473.jpg,negativo_aug_01218.jpg,/home/irar/Escritorio/ProyectoTaxiDetector/dataset/negativos/train/negativos_train_0473.jpg,/home/irar/Escritorio/ProyectoTaxiDetector/dataset/negativos/augmented/negativo_aug_01218.jpg
1219,negativos_train_0139.jpg,negativo_aug_01219.jpg,/home/irar/Escritorio/ProyectoTaxiDetector/dataset/negativos/train/negativos_train_0139.jpg,/home/irar/Escritorio/ProyectoTaxiDetector/dataset/negativos/augmented/negativo_aug_01219.jpg
1220,negativos_train_0439.jpg,negativo_aug_01220.jpg,/home/irar/Escritorio/ProyectoTaxiDetector/dataset/negativos/train/negativos_train_0439.jpg,/home/irar/Escritorio/ProyectoTaxiDetector/dataset/negativos/augmented/negativo_aug_01220.jpg
1221,negativos_train_0086.jpg,negativo_aug_01221.jpg,/home/irar/Escritorio/ProyectoTaxiDetector/dataset/negativos/train/negativos_train_0086.jpg,/home/irar/Escritorio/ProyectoTaxiDetector/dataset/negativos/augmented/negativo_aug_01221.jpg
1222,negativos_train_0595.jpg,negativo_aug_01222.jpg,/home/irar/Escritorio/ProyectoTaxiDetector/dataset/negativos/train/negativos_train_0595.jpg,/home/irar/Escritorio/ProyectoTaxiDetector/dataset/negativos/augmented/negativo_aug_01222.jpg
1223,negativos_train_0578.jpg,negativo_aug_01223.jpg,/home/irar/Escritorio/ProyectoTaxiDetector/dataset/negativos/train/negativos_train_0578.jpg,/home/irar/Escritorio/ProyectoTaxiDetector/dataset/negativos/augmented/negativo_aug_01223.jpg
1224,negativos_train_0404.jpg,negativo_aug_01224.jpg,/home/irar/Escritorio/ProyectoTaxiDetector/dataset/negativos/train/negativos_train_0404.jpg,/home/irar/Escritorio/ProyectoTaxiDetector/dataset/negativos/augmented/negativo_aug_01224.jpg
1225,negativos_train_0028.jpg,negativo_aug_01225.jpg,/home/irar/Escritorio/ProyectoTaxiDetector/dataset/negativos/train/negativos_train_0028.jpg,/home/irar/Escritorio/ProyectoTaxiDetector/dataset/negativos/augmented/negativo_aug_01225.jpg
1226,negativos_train_0547.jpg,negativo_aug_01226.jpg,/home/irar/Escritorio/ProyectoTaxiDetector/dataset/negativos/train/negativos_train_0547.jpg,/home/irar/Escritorio/ProyectoTaxiDetector/dataset/negativos/augmented/negativo_aug_01226.jpg
1227,negativos_train_0131.jpg,negativo_aug_01227.jpg,/home/irar/Escritorio/ProyectoTaxiDetector/dataset/negativos/train/negativos_train_0131.jpg,/home/irar/Escritorio/ProyectoTaxiDetector/dataset/negativos/augmented/negativo_aug_01227.jpg
1228,negativos_train_0479.jpg,negativo_aug_01228.jpg,/home/irar/Escritorio/ProyectoTaxiDetector/dataset/negativos/train/negativos_train_0479.jpg,/home/irar/Escritorio/ProyectoTaxiDetector/dataset/negativos/augmented/negativo_aug_01228.jpg
1229,negativos_train_0170.jpg,negativo_aug_01229.jpg,/home/irar/Escritorio/ProyectoTaxiDetector/dataset/negativos/train/negativos_train_0170.jpg,/home/irar/Escritorio/ProyectoTaxiDetector/dataset/negativos/augmented/negativo_aug_01229.jpg
1230,negativos_train_0415.jpg,negativo_aug_01230.jpg,/home/irar/Escritorio/ProyectoTaxiDetector/dataset/negativos/train/negativos_train_0415.jpg,/home/irar/Escritorio/ProyectoTaxiDetector/dataset/negativos/augmented/negativo_aug_01230.jpg
1231,negativos_train_0345.jpg,negativo_aug_01231.jpg,/home/irar/Escritorio/ProyectoTaxiDetector/dataset/negativos/train/negativos_train_0345.jpg,/home/irar/Escritorio/ProyectoTaxiDetector/dataset/negativos/augmented/negativo_aug_01231.jpg
1232,negativos_train_0622.jpg,negativo_aug_01232.jpg,/home/irar/Escritorio/ProyectoTaxiDetector/dataset/negativos/train/negativos_train_0622.jpg,/home/irar/Escritorio/ProyectoTaxiDetector/dataset/negativos/augmented/negativo_aug_01232.jpg
1233,negativos_train_0030.jpg,negativo_aug_01233.jpg,/home/irar/Escritorio/ProyectoTaxiDetector/dataset/negativos/train/negativos_train_0030.jpg,/home/irar/Escritorio/ProyectoTaxiDetector/dataset/negativos/augmented/negativo_aug_01233.jpg
1234,negativos_train_0498.jpg,negativo_aug_01234.jpg,/home/irar/Escritorio/ProyectoTaxiDetector/dataset/negativos/train/negativos_train_0498.jpg,/home/irar/Escritorio/ProyectoTaxiDetector/dataset/negativos/augmented/negativo_aug_01234.jpg
1235,negativos_train_0447.jpg,negativo_aug_01235.jpg,/home/irar/Escritorio/ProyectoTaxiDetector/dataset/negativos/train/negativos_train_0447.jpg,/home/irar/Escritorio/ProyectoTaxiDetector/dataset/negativos/augmented/negativo_aug_01235.jpg
1236,negativos_train_0280.jpg,negativo_aug_01236.jpg,/home/irar/Escritorio/ProyectoTaxiDetector/dataset/negativos/train/negativos_train_0280.jpg,/home/irar/Escritorio/ProyectoTaxiDetector/dataset/negativos/augmented/negativo_aug_01236.jpg
1237,negativos_train_0225.jpg,negativo_aug_01237.jpg,/home/irar/Escritorio/ProyectoTaxiDetector/dataset/negativos/train/negativos_train_0225.jpg,/home/irar/Escritorio/ProyectoTaxiDetector/dataset/negativos/augmented/negativo_aug_01237.jpg
1238,negativos_train_0500.jpg,negativo_aug_01238.jpg,/home/irar/Escritorio/ProyectoTaxiDetector/dataset/negativos/train/negativos_train_0500.jpg,/home/irar/Escritorio/ProyectoTaxiDetector/dataset/negativos/augmented/negativo_aug_01238.jpg
1239,negativos_train_0226.jpg,negativo_aug_01239.jpg,/home/irar/Escritorio/ProyectoTaxiDetector/dataset/negativos/train/negativos_train_0226.jpg,/home/irar/Escritorio/ProyectoTaxiDetector/dataset/negativos/augmented/negativo_aug_01239.jpg
1240,negativos_train_0560.jpg,negativo_aug_01240.jpg,/home/irar/Escritorio/ProyectoTaxiDetector/dataset/negativos/train/negativos_train_0560.jpg,/home/irar/Escritorio/ProyectoTaxiDetector/dataset/negativos/augmented/negativo_aug_01240.jpg
1241,negativos_train_0552.jpg,negativo_aug_01241.jpg,/home/irar/Escritorio/ProyectoTaxiDetector/dataset/negativos/train/negativos_train_0552.jpg,/home/irar/Escritorio/ProyectoTaxiDetector/dataset/negativos/augmented/negativo_aug_01241.jpg
1242,negativos_train_0430.jpg,negativo_aug_01242.jpg,/home/irar/Escritorio/ProyectoTaxiDetector/dataset/negativos/train/negativos_train_0430.jpg,/home/irar/Escritorio/ProyectoTaxiDetector/dataset/negativos/augmented/negativo_aug_01242.jpg
1243,negativos_train_0400.jpg,negativo_aug_01243.jpg,/home/irar/Escritorio/ProyectoTaxiDetector/dataset/negativos/train/negativos_train_0400.jpg,/home/irar/Escritorio/ProyectoTaxiDetector/dataset/negativos/augmented/negativo_aug_01243.jpg
1244,negativos_train_0306.jpg,negativo_aug_01244.jpg,/home/irar/Escritorio/ProyectoTaxiDetector/dataset/negativos/train/negativos_train_0306.jpg,/home/irar/Escritorio/ProyectoTaxiDetector/dataset/negativos/augmented/negativo_aug_01244.jpg
1245,negativos_train_0361.jpg,negativo_aug_01245.jpg,/home/irar/Escritorio/ProyectoTaxiDetector/dataset/negativos/train/negativos_train_0361.jpg,/home/irar/Escritorio/ProyectoTaxiDetector/dataset/negativos/augmented/negativo_aug_01245.jpg
1246,negativos_train_0007.jpg,negativo_aug_01246.jpg,/home/irar/Escritorio/ProyectoTaxiDetector/dataset/negativos/train/negativos_train_0007.jpg,/home/irar/Escritorio/ProyectoTaxiDetector/dataset/negativos/augmented/negativo_aug_01246.jpg
1247,negativos_train_0489.jpg,negativo_aug_01247.jpg,/home/irar/Escritorio/ProyectoTaxiDetector/dataset/negativos/train/negativos_train_0489.jpg,/home/irar/Escritorio/ProyectoTaxiDetector/dataset/negativos/augmented/negativo_aug_01247.jpg
1248,negativos_train_0390.jpg,negativo_aug_01248.jpg,/home/irar/Escritorio/ProyectoTaxiDetector/dataset/negativos/train/negativos_train_0390.jpg,/home/irar/Escritorio/ProyectoTaxiDetector/dataset/negativos/augmented/negativo_aug_01248.jpg
1249,negativos_train_0590.jpg,negativo_aug_01249.jpg,/home/irar/Escritorio/ProyectoTaxiDetector/dataset/negativos/train/negativos_train_0590.jpg,/home/irar/Escritorio/ProyectoTaxiDetector/dataset/negativos/augmented/negativo_aug_01249.jpg
1250,negativos_train_0021.jpg,negativo_aug_01250.jpg,/home/irar/Escritorio/ProyectoTaxiDetector/dataset/negativos/train/negativos_train_0021.jpg,/home/irar/Escritorio/ProyectoTaxiDetector/dataset/negativos/augmented/negativo_aug_01250.jpg
1251,negativos_train_0599.jpg,negativo_aug_01251.jpg,/home/irar/Escritorio/ProyectoTaxiDetector/dataset/negativos/train/negativos_train_0599.jpg,/home/irar/Escritorio/ProyectoTaxiDetector/dataset/negativos/augmented/negativo_aug_01251.jpg
1252,negativos_train_0399.jpg,negativo_aug_01252.jpg,/home/irar/Escritorio/ProyectoTaxiDetector/dataset/negativos/train/negativos_train_0399.jpg,/home/irar/Escritorio/ProyectoTaxiDetector/dataset/negativos/augmented/negativo_aug_01252.jpg
1253,negativos_train_0431.jpg,negativo_aug_01253.jpg,/home/irar/Escritorio/ProyectoTaxiDetector/dataset/negativos/train/negativos_train_0431.jpg,/home/irar/Escritorio/ProyectoTaxiDetector/dataset/negativos/augmented/negativo_aug_01253.jpg
1254,negativos_train_0212.jpg,negativo_aug_01254.jpg,/home/irar/Escritorio/ProyectoTaxiDetector/dataset/negativos/train/negativos_train_0212.jpg,/home/irar/Escritorio/ProyectoTaxiDetector/dataset/negativos/augmented/negativo_aug_01254.jpg
1255,negativos_train_0064.jpg,negativo_aug_01255.jpg,/home/irar/Escritorio/ProyectoTaxiDetector/dataset/negativos/train/negativos_train_0064.jpg,/home/irar/Escritorio/ProyectoTaxiDetector/dataset/negativos/augmented/negativo_aug_01255.jpg
1256,negativos_train_0426.jpg,negativo_aug_01256.jpg,/home/irar/Escritorio/ProyectoTaxiDetector/dataset/negativos/train/negativos_train_0426.jpg,/home/irar/Escritorio/ProyectoTaxiDetector/dataset/negativos/augmented/negativo_aug_01256.jpg
1257,negativos_train_0478.jpg,negativo_aug_01257.jpg,/home/irar/Escritorio/ProyectoTaxiDetector/dataset/negativos/train/negativos_train_0478.jpg,/home/irar/Escritorio/ProyectoTaxiDetector/dataset/negativos/augmented/negativo_aug_01257.jpg
1258,negativos_train_0556.jpg,negativo_aug_01258.jpg,/home/irar/Escritorio/ProyectoTaxiDetector/dataset/negativos/train/negativos_train_0556.jpg,/home/irar/Escritorio/ProyectoTaxiDetector/dataset/negativos/augmented/negativo_aug_01258.jpg
1259,negativos_train_0339.jpg,negativo_aug_01259.jpg,/home/irar/Escritorio/ProyectoTaxiDetector/dataset/negativos/train/negativos_train_0339.jpg,/home/irar/Escritorio/ProyectoTaxiDetector/dataset/negativos/augmented/negativo_aug_01259.jpg
1260,negativos_train_0418.jpg,negativo_aug_01260.jpg,/home/irar/Escritorio/ProyectoTaxiDetector/dataset/negativos/train/negativos_train_0418.jpg,/home/irar/Escritorio/ProyectoTaxiDetector/dataset/negativos/augmented/negativo_aug_01260.jpg
1261,negativos_train_0194.jpg,negativo_aug_01261.jpg,/home/irar/Escritorio/ProyectoTaxiDetector/dataset/negativos/train/negativos_train_0194.jpg,/home/irar/Escritorio/ProyectoTaxiDetector/dataset/negativos/augmented/negativo_aug_01261.jpg
1262,negativos_train_0625.jpg,negativo_aug_01262.jpg,/home/irar/Escritorio/ProyectoTaxiDetector/dataset/negativos/train/negativos_train_0625.jpg,/home/irar/Escritorio/ProyectoTaxiDetector/dataset/negativos/augmented/negativo_aug_01262.jpg
1263,negativos_train_0200.jpg,negativo_aug_01263.jpg,/home/irar/Escritorio/ProyectoTaxiDetector/dataset/negativos/train/negativos_train_0200.jpg,/home/irar/Escritorio/ProyectoTaxiDetector/dataset/negativos/augmented/negativo_aug_01263.jpg
1264,negativos_train_0544.jpg,negativo_aug_01264.jpg,/home/irar/Escritorio/ProyectoTaxiDetector/dataset/negativos/train/negativos_train_0544.jpg,/home/irar/Escritorio/ProyectoTaxiDetector/dataset/negativos/augmented/negativo_aug_01264.jpg
1265,negativos_train_0495.jpg,negativo_aug_01265.jpg,/home/irar/Escritorio/ProyectoTaxiDetector/dataset/negativos/train/negativos_train_0495.jpg,/home/irar/Escritorio/ProyectoTaxiDetector/dataset/negativos/augmented/negativo_aug_01265.jpg
1266,negativos_train_0588.jpg,negativo_aug_01266.jpg,/home/irar/Escritorio/ProyectoTaxiDetector/dataset/negativos/train/negativos_train_0588.jpg,/home/irar/Escritorio/ProyectoTaxiDetector/dataset/negativos/augmented/negativo_aug_01266.jpg
1267,negativos_train_0013.jpg,negativo_aug_01267.jpg,/home/irar/Escritorio/ProyectoTaxiDetector/dataset/negativos/train/negativos_train_0013.jpg,/home/irar/Escritorio/ProyectoTaxiDetector/dataset/negativos/augmented/negativo_aug_01267.jpg
1268,negativos_train_0028.jpg,negativo_aug_01268.jpg,/home/irar/Escritorio/ProyectoTaxiDetector/dataset/negativos/train/negativos_train_0028.jpg,/home/irar/Escritorio/ProyectoTaxiDetector/dataset/negativos/augmented/negativo_aug_01268.jpg
1269,negativos_train_0500.jpg,negativo_aug_01269.jpg,/home/irar/Escritorio/ProyectoTaxiDetector/dataset/negativos/train/negativos_train_0500.jpg,/home/irar/Escritorio/ProyectoTaxiDetector/dataset/negativos/augmented/negativo_aug_01269.jpg
1270,negativos_train_0349.jpg,negativo_aug_01270.jpg,/home/irar/Escritorio/ProyectoTaxiDetector/dataset/negativos/train/negativos_train_0349.jpg,/home/irar/Escritorio/ProyectoTaxiDetector/dataset/negativos/augmented/negativo_aug_01270.jpg
1271,negativos_train_0187.jpg,negativo_aug_01271.jpg,/home/irar/Escritorio/ProyectoTaxiDetector/dataset/negativos/train/negativos_train_0187.jpg,/home/irar/Escritorio/ProyectoTaxiDetector/dataset/negativos/augmented/negativo_aug_01271.jpg
1272,negativos_train_0133.jpg,negativo_aug_01272.jpg,/home/irar/Escritorio/ProyectoTaxiDetector/dataset/negativos/train/negativos_train_0133.jpg,/home/irar/Escritorio/ProyectoTaxiDetector/dataset/negativos/augmented/negativo_aug_01272.jpg
1273,negativos_train_0507.jpg,negativo_aug_01273.jpg,/home/irar/Escritorio/ProyectoTaxiDetector/dataset/negativos/train/negativos_train_0507.jpg,/home/irar/Escritorio/ProyectoTaxiDetector/dataset/negativos/augmented/negativo_aug_01273.jpg
1274,negativos_train_0138.jpg,negativo_aug_01274.jpg,/home/irar/Escritorio/ProyectoTaxiDetector/dataset/negativos/train/negativos_train_0138.jpg,/home/irar/Escritorio/ProyectoTaxiDetector/dataset/negativos/augmented/negativo_aug_01274.jpg
1275,negativos_train_0128.jpg,negativo_aug_01275.jpg,/home/irar/Escritorio/ProyectoTaxiDetector/dataset/negativos/train/negativos_train_0128.jpg,/home/irar/Escritorio/ProyectoTaxiDetector/dataset/negativos/augmented/negativo_aug_01275.jpg
1276,negativos_train_0165.jpg,negativo_aug_01276.jpg,/home/irar/Escritorio/ProyectoTaxiDetector/dataset/negativos/train/negativos_train_0165.jpg,/home/irar/Escritorio/ProyectoTaxiDetector/dataset/negativos/augmented/negativo_aug_01276.jpg
1277,negativos_train_0072.jpg,negativo_aug_01277.jpg,/home/irar/Escritorio/ProyectoTaxiDetector/dataset/negativos/train/negativos_train_0072.jpg,/home/irar/Escritorio/ProyectoTaxiDetector/dataset/negativos/augmented/negativo_aug_01277.jpg
1278,negativos_train_0008.jpg,negativo_aug_01278.jpg,/home/irar/Escritorio/ProyectoTaxiDetector/dataset/negativos/train/negativos_train_0008.jpg,/home/irar/Escritorio/ProyectoTaxiDetector/dataset/negativos/augmented/negativo_aug_01278.jpg
1279,negativos_train_0316.jpg,negativo_aug_01279.jpg,/home/irar/Escritorio/ProyectoTaxiDetector/dataset/negativos/train/negativos_train_0316.jpg,/home/irar/Escritorio/ProyectoTaxiDetector/dataset/negativos/augmented/negativo_aug_01279.jpg
1280,negativos_train_0580.jpg,negativo_aug_01280.jpg,/home/irar/Escritorio/ProyectoTaxiDetector/dataset/negativos/train/negativos_train_0580.jpg,/home/irar/Escritorio/ProyectoTaxiDetector/dataset/negativos/augmented/negativo_aug_01280.jpg
1281,negativos_train_0266.jpg,negativo_aug_01281.jpg,/home/irar/Escritorio/ProyectoTaxiDetector/dataset/negativos/train/negativos_train_0266.jpg,/home/irar/Escritorio/ProyectoTaxiDetector/dataset/negativos/augmented/negativo_aug_01281.jpg
1282,negativos_train_0355.jpg,negativo_aug_01282.jpg,/home/irar/Escritorio/ProyectoTaxiDetector/dataset/negativos/train/negativos_train_0355.jpg,/home/irar/Escritorio/ProyectoTaxiDetector/dataset/negativos/augmented/negativo_aug_01282.jpg
1283,negativos_train_0597.jpg,negativo_aug_01283.jpg,/home/irar/Escritorio/ProyectoTaxiDetector/dataset/negativos/train/negativos_train_0597.jpg,/home/irar/Escritorio/ProyectoTaxiDetector/dataset/negativos/augmented/negativo_aug_01283.jpg
1284,negativos_train_0348.jpg,negativo_aug_01284.jpg,/home/irar/Escritorio/ProyectoTaxiDetector/dataset/negativos/train/negativos_train_0348.jpg,/home/irar/Escritorio/ProyectoTaxiDetector/dataset/negativos/augmented/negativo_aug_01284.jpg
1285,negativos_train_0252.jpg,negativo_aug_01285.jpg,/home/irar/Escritorio/ProyectoTaxiDetector/dataset/negativos/train/negativos_train_0252.jpg,/home/irar/Escritorio/ProyectoTaxiDetector/dataset/negativos/augmented/negativo_aug_01285.jpg
1286,negativos_train_0145.jpg,negativo_aug_01286.jpg,/home/irar/Escritorio/ProyectoTaxiDetector/dataset/negativos/train/negativos_train_0145.jpg,/home/irar/Escritorio/ProyectoTaxiDetector/dataset/negativos/augmented/negativo_aug_01286.jpg
1287,negativos_train_0043.jpg,negativo_aug_01287.jpg,/home/irar/Escritorio/ProyectoTaxiDetector/dataset/negativos/train/negativos_train_0043.jpg,/home/irar/Escritorio/ProyectoTaxiDetector/dataset/negativos/augmented/negativo_aug_01287.jpg
1288,negativos_train_0607.jpg,negativo_aug_01288.jpg,/home/irar/Escritorio/ProyectoTaxiDetector/dataset/negativos/train/negativos_train_0607.jpg,/home/irar/Escritorio/ProyectoTaxiDetector/dataset/negativos/augmented/negativo_aug_01288.jpg
1289,negativos_train_0522.jpg,negativo_aug_01289.jpg,/home/irar/Escritorio/ProyectoTaxiDetector/dataset/negativos/train/negativos_train_0522.jpg,/home/irar/Escritorio/ProyectoTaxiDetector/dataset/negativos/augmented/negativo_aug_01289.jpg
1290,negativos_train_0038.jpg,negativo_aug_01290.jpg,/home/irar/Escritorio/ProyectoTaxiDetector/dataset/negativos/train/negativos_train_0038.jpg,/home/irar/Escritorio/ProyectoTaxiDetector/dataset/negativos/augmented/negativo_aug_01290.jpg
1291,negativos_train_0565.jpg,negativo_aug_01291.jpg,/home/irar/Escritorio/ProyectoTaxiDetector/dataset/negativos/train/negativos_train_0565.jpg,/home/irar/Escritorio/ProyectoTaxiDetector/dataset/negativos/augmented/negativo_aug_01291.jpg
1292,negativos_train_0001.jpg,negativo_aug_01292.jpg,/home/irar/Escritorio/ProyectoTaxiDetector/dataset/negativos/train/negativos_train_0001.jpg,/home/irar/Escritorio/ProyectoTaxiDetector/dataset/negativos/augmented/negativo_aug_01292.jpg
1293,negativos_train_0082.jpg,negativo_aug_01293.jpg,/home/irar/Escritorio/ProyectoTaxiDetector/dataset/negativos/train/negativos_train_0082.jpg,/home/irar/Escritorio/ProyectoTaxiDetector/dataset/negativos/augmented/negativo_aug_01293.jpg
1294,negativos_train_0136.jpg,negativo_aug_01294.jpg,/home/irar/Escritorio/ProyectoTaxiDetector/dataset/negativos/train/negativos_train_0136.jpg,/home/irar/Escritorio/ProyectoTaxiDetector/dataset/negativos/augmented/negativo_aug_01294.jpg
1295,negativos_train_0176.jpg,negativo_aug_01295.jpg,/home/irar/Escritorio/ProyectoTaxiDetector/dataset/negativos/train/negativos_train_0176.jpg,/home/irar/Escritorio/ProyectoTaxiDetector/dataset/negativos/augmented/negativo_aug_01295.jpg
1296,negativos_train_0098.jpg,negativo_aug_01296.jpg,/home/irar/Escritorio/ProyectoTaxiDetector/dataset/negativos/train/negativos_train_0098.jpg,/home/irar/Escritorio/ProyectoTaxiDetector/dataset/negativos/augmented/negativo_aug_01296.jpg
1297,negativos_train_0092.jpg,negativo_aug_01297.jpg,/home/irar/Escritorio/ProyectoTaxiDetector/dataset/negativos/train/negativos_train_0092.jpg,/home/irar/Escritorio/ProyectoTaxiDetector/dataset/negativos/augmented/negativo_aug_01297.jpg
1298,negativos_train_0593.jpg,negativo_aug_01298.jpg,/home/irar/Escritorio/ProyectoTaxiDetector/dataset/negativos/train/negativos_train_0593.jpg,/home/irar/Escritorio/ProyectoTaxiDetector/dataset/negativos/augmented/negativo_aug_01298.jpg
1299,negativos_train_0009.jpg,negativo_aug_01299.jpg,/home/irar/Escritorio/ProyectoTaxiDetector/dataset/negativos/train/negativos_train_0009.jpg,/home/irar/Escritorio/ProyectoTaxiDetector/dataset/negativos/augmented/negativo_aug_01299.jpg
1300,negativos_train_0475.jpg,negativo_aug_01300.jpg,/home/irar/Escritorio/ProyectoTaxiDetector/dataset/negativos/train/negativos_train_0475.jpg,/home/irar/Escritorio/ProyectoTaxiDetector/dataset/negativos/augmented/negativo_aug_01300.jpg
1301,negativos_train_0610.jpg,negativo_aug_01301.jpg,/home/irar/Escritorio/ProyectoTaxiDetector/dataset/negativos/train/negativos_train_0610.jpg,/home/irar/Escritorio/ProyectoTaxiDetector/dataset/negativos/augmented/negativo_aug_01301.jpg
1302,negativos_train_0358.jpg,negativo_aug_01302.jpg,/home/irar/Escritorio/ProyectoTaxiDetector/dataset/negativos/train/negativos_train_0358.jpg,/home/irar/Escritorio/ProyectoTaxiDetector/dataset/negativos/augmented/negativo_aug_01302.jpg
1303,negativos_train_0106.jpg,negativo_aug_01303.jpg,/home/irar/Escritorio/ProyectoTaxiDetector/dataset/negativos/train/negativos_train_0106.jpg,/home/irar/Escritorio/ProyectoTaxiDetector/dataset/negativos/augmented/negativo_aug_01303.jpg
1304,negativos_train_0070.jpg,negativo_aug_01304.jpg,/home/irar/Escritorio/ProyectoTaxiDetector/dataset/negativos/train/negativos_train_0070.jpg,/home/irar/Escritorio/ProyectoTaxiDetector/dataset/negativos/augmented/negativo_aug_01304.jpg
1305,negativos_train_0431.jpg,negativo_aug_01305.jpg,/home/irar/Escritorio/ProyectoTaxiDetector/dataset/negativos/train/negativos_train_0431.jpg,/home/irar/Escritorio/ProyectoTaxiDetector/dataset/negativos/augmented/negativo_aug_01305.jpg
1306,negativos_train_0439.jpg,negativo_aug_01306.jpg,/home/irar/Escritorio/ProyectoTaxiDetector/dataset/negativos/train/negativos_train_0439.jpg,/home/irar/Escritorio/ProyectoTaxiDetector/dataset/negativos/augmented/negativo_aug_01306.jpg
1307,negativos_train_0492.jpg,negativo_aug_01307.jpg,/home/irar/Escritorio/ProyectoTaxiDetector/dataset/negativos/train/negativos_train_0492.jpg,/home/irar/Escritorio/ProyectoTaxiDetector/dataset/negativos/augmented/negativo_aug_01307.jpg
1308,negativos_train_0449.jpg,negativo_aug_01308.jpg,/home/irar/Escritorio/ProyectoTaxiDetector/dataset/negativos/train/negativos_train_0449.jpg,/home/irar/Escritorio/ProyectoTaxiDetector/dataset/negativos/augmented/negativo_aug_01308.jpg
1309,negativos_train_0478.jpg,negativo_aug_01309.jpg,/home/irar/Escritorio/ProyectoTaxiDetector/dataset/negativos/train/negativos_train_0478.jpg,/home/irar/Escritorio/ProyectoTaxiDetector/dataset/negativos/augmented/negativo_aug_01309.jpg
1310,negativos_train_0441.jpg,negativo_aug_01310.jpg,/home/irar/Escritorio/ProyectoTaxiDetector/dataset/negativos/train/negativos_train_0441.jpg,/home/irar/Escritorio/ProyectoTaxiDetector/dataset/negativos/augmented/negativo_aug_01310.jpg
1311,negativos_train_0123.jpg,negativo_aug_01311.jpg,/home/irar/Escritorio/ProyectoTaxiDetector/dataset/negativos/train/negativos_train_0123.jpg,/home/irar/Escritorio/ProyectoTaxiDetector/dataset/negativos/augmented/negativo_aug_01311.jpg
1312,negativos_train_0303.jpg,negativo_aug_01312.jpg,/home/irar/Escritorio/ProyectoTaxiDetector/dataset/negativos/train/negativos_train_0303.jpg,/home/irar/Escritorio/ProyectoTaxiDetector/dataset/negativos/augmented/negativo_aug_01312.jpg
1313,negativos_train_0209.jpg,negativo_aug_01313.jpg,/home/irar/Escritorio/ProyectoTaxiDetector/dataset/negativos/train/negativos_train_0209.jpg,/home/irar/Escritorio/ProyectoTaxiDetector/dataset/negativos/augmented/negativo_aug_01313.jpg
1314,negativos_train_0323.jpg,negativo_aug_01314.jpg,/home/irar/Escritorio/ProyectoTaxiDetector/dataset/negativos/train/negativos_train_0323.jpg,/home/irar/Escritorio/ProyectoTaxiDetector/dataset/negativos/augmented/negativo_aug_01314.jpg
1315,negativos_train_0202.jpg,negativo_aug_01315.jpg,/home/irar/Escritorio/ProyectoTaxiDetector/dataset/negativos/train/negativos_train_0202.jpg,/home/irar/Escritorio/ProyectoTaxiDetector/dataset/negativos/augmented/negativo_aug_01315.jpg
1316,negativos_train_0002.jpg,negativo_aug_01316.jpg,/home/irar/Escritorio/ProyectoTaxiDetector/dataset/negativos/train/negativos_train_0002.jpg,/home/irar/Escritorio/ProyectoTaxiDetector/dataset/negativos/augmented/negativo_aug_01316.jpg
1317,negativos_train_0023.jpg,negativo_aug_01317.jpg,/home/irar/Escritorio/ProyectoTaxiDetector/dataset/negativos/train/negativos_train_0023.jpg,/home/irar/Escritorio/ProyectoTaxiDetector/dataset/negativos/augmented/negativo_aug_01317.jpg
1318,negativos_train_0617.jpg,negativo_aug_01318.jpg,/home/irar/Escritorio/ProyectoTaxiDetector/dataset/negativos/train/negativos_train_0617.jpg,/home/irar/Escritorio/ProyectoTaxiDetector/dataset/negativos/augmented/negativo_aug_01318.jpg
1319,negativos_train_0333.jpg,negativo_aug_01319.jpg,/home/irar/Escritorio/ProyectoTaxiDetector/dataset/negativos/train/negativos_train_0333.jpg,/home/irar/Escritorio/ProyectoTaxiDetector/dataset/negativos/augmented/negativo_aug_01319.jpg
1320,negativos_train_0529.jpg,negativo_aug_01320.jpg,/home/irar/Escritorio/ProyectoTaxiDetector/dataset/negativos/train/negativos_train_0529.jpg,/home/irar/Escritorio/ProyectoTaxiDetector/dataset/negativos/augmented/negativo_aug_01320.jpg
1321,negativos_train_0373.jpg,negativo_aug_01321.jpg,/home/irar/Escritorio/ProyectoTaxiDetector/dataset/negativos/train/negativos_train_0373.jpg,/home/irar/Escritorio/ProyectoTaxiDetector/dataset/negativos/augmented/negativo_aug_01321.jpg
1322,negativos_train_0275.jpg,negativo_aug_01322.jpg,/home/irar/Escritorio/ProyectoTaxiDetector/dataset/negativos/train/negativos_train_0275.jpg,/home/irar/Escritorio/ProyectoTaxiDetector/dataset/negativos/augmented/negativo_aug_01322.jpg
1323,negativos_train_0103.jpg,negativo_aug_01323.jpg,/home/irar/Escritorio/ProyectoTaxiDetector/dataset/negativos/train/negativos_train_0103.jpg,/home/irar/Escritorio/ProyectoTaxiDetector/dataset/negativos/augmented/negativo_aug_01323.jpg
1324,negativos_train_0012.jpg,negativo_aug_01324.jpg,/home/irar/Escritorio/ProyectoTaxiDetector/dataset/negativos/train/negativos_train_0012.jpg,/home/irar/Escritorio/ProyectoTaxiDetector/dataset/negativos/augmented/negativo_aug_01324.jpg
1325,negativos_train_0608.jpg,negativo_aug_01325.jpg,/home/irar/Escritorio/ProyectoTaxiDetector/dataset/negativos/train/negativos_train_0608.jpg,/home/irar/Escritorio/ProyectoTaxiDetector/dataset/negativos/augmented/negativo_aug_01325.jpg
1326,negativos_train_0258.jpg,negativo_aug_01326.jpg,/home/irar/Escritorio/ProyectoTaxiDetector/dataset/negativos/train/negativos_train_0258.jpg,/home/irar/Escritorio/ProyectoTaxiDetector/dataset/negativos/augmented/negativo_aug_01326.jpg
1327,negativos_train_0534.jpg,negativo_aug_01327.jpg,/home/irar/Escritorio/ProyectoTaxiDetector/dataset/negativos/train/negativos_train_0534.jpg,/home/irar/Escritorio/ProyectoTaxiDetector/dataset/negativos/augmented/negativo_aug_01327.jpg
1328,negativos_train_0264.jpg,negativo_aug_01328.jpg,/home/irar/Escritorio/ProyectoTaxiDetector/dataset/negativos/train/negativos_train_0264.jpg,/home/irar/Escritorio/ProyectoTaxiDetector/dataset/negativos/augmented/negativo_aug_01328.jpg
1329,negativos_train_0458.jpg,negativo_aug_01329.jpg,/home/irar/Escritorio/ProyectoTaxiDetector/dataset/negativos/train/negativos_train_0458.jpg,/home/irar/Escritorio/ProyectoTaxiDetector/dataset/negativos/augmented/negativo_aug_01329.jpg
1330,negativos_train_0084.jpg,negativo_aug_01330.jpg,/home/irar/Escritorio/ProyectoTaxiDetector/dataset/negativos/train/negativos_train_0084.jpg,/home/irar/Escritorio/ProyectoTaxiDetector/dataset/negativos/augmented/negativo_aug_01330.jpg
1331,negativos_train_0318.jpg,negativo_aug_01331.jpg,/home/irar/Escritorio/ProyectoTaxiDetector/dataset/negativos/train/negativos_train_0318.jpg,/home/irar/Escritorio/ProyectoTaxiDetector/dataset/negativos/augmented/negativo_aug_01331.jpg
1332,negativos_train_0248.jpg,negativo_aug_01332.jpg,/home/irar/Escritorio/ProyectoTaxiDetector/dataset/negativos/train/negativos_train_0248.jpg,/home/irar/Escritorio/ProyectoTaxiDetector/dataset/negativos/augmented/negativo_aug_01332.jpg
1333,negativos_train_0543.jpg,negativo_aug_01333.jpg,/home/irar/Escritorio/ProyectoTaxiDetector/dataset/negativos/train/negativos_train_0543.jpg,/home/irar/Escritorio/ProyectoTaxiDetector/dataset/negativos/augmented/negativo_aug_01333.jpg
1334,negativos_train_0520.jpg,negativo_aug_01334.jpg,/home/irar/Escritorio/ProyectoTaxiDetector/dataset/negativos/train/negativos_train_0520.jpg,/home/irar/Escritorio/ProyectoTaxiDetector/dataset/negativos/augmented/negativo_aug_01334.jpg
1335,negativos_train_0178.jpg,negativo_aug_01335.jpg,/home/irar/Escritorio/ProyectoTaxiDetector/dataset/negativos/train/negativos_train_0178.jpg,/home/irar/Escritorio/ProyectoTaxiDetector/dataset/negativos/augmented/negativo_aug_01335.jpg
1336,negativos_train_0459.jpg,negativo_aug_01336.jpg,/home/irar/Escritorio/ProyectoTaxiDetector/dataset/negativos/train/negativos_train_0459.jpg,/home/irar/Escritorio/ProyectoTaxiDetector/dataset/negativos/augmented/negativo_aug_01336.jpg
1337,negativos_train_0292.jpg,negativo_aug_01337.jpg,/home/irar/Escritorio/ProyectoTaxiDetector/dataset/negativos/train/negativos_train_0292.jpg,/home/irar/Escritorio/ProyectoTaxiDetector/dataset/negativos/augmented/negativo_aug_01337.jpg
1338,negativos_train_0324.jpg,negativo_aug_01338.jpg,/home/irar/Escritorio/ProyectoTaxiDetector/dataset/negativos/train/negativos_train_0324.jpg,/home/irar/Escritorio/ProyectoTaxiDetector/dataset/negativos/augmented/negativo_aug_01338.jpg
1339,negativos_train_0007.jpg,negativo_aug_01339.jpg,/home/irar/Escritorio/ProyectoTaxiDetector/dataset/negativos/train/negativos_train_0007.jpg,/home/irar/Escritorio/ProyectoTaxiDetector/dataset/negativos/augmented/negativo_aug_01339.jpg
1340,negativos_train_0497.jpg,negativo_aug_01340.jpg,/home/irar/Escritorio/ProyectoTaxiDetector/dataset/negativos/train/negativos_train_0497.jpg,/home/irar/Escritorio/ProyectoTaxiDetector/dataset/negativos/augmented/negativo_aug_01340.jpg
1341,negativos_train_0254.jpg,negativo_aug_01341.jpg,/home/irar/Escritorio/ProyectoTaxiDetector/dataset/negativos/train/negativos_train_0254.jpg,/home/irar/Escritorio/ProyectoTaxiDetector/dataset/negativos/augmented/negativo_aug_01341.jpg
1342,negativos_train_0245.jpg,negativo_aug_01342.jpg,/home/irar/Escritorio/ProyectoTaxiDetector/dataset/negativos/train/negativos_train_0245.jpg,/home/irar/Escritorio/ProyectoTaxiDetector/dataset/negativos/augmented/negativo_aug_01342.jpg
1343,negativos_train_0265.jpg,negativo_aug_01343.jpg,/home/irar/Escritorio/ProyectoTaxiDetector/dataset/negativos/train/negativos_train_0265.jpg,/home/irar/Escritorio/ProyectoTaxiDetector/dataset/negativos/augmented/negativo_aug_01343.jpg
1344,negativos_train_0124.jpg,negativo_aug_01344.jpg,/home/irar/Escritorio/ProyectoTaxiDetector/dataset/negativos/train/negativos_train_0124.jpg,/home/irar/Escritorio/ProyectoTaxiDetector/dataset/negativos/augmented/negativo_aug_01344.jpg
1345,negativos_train_0427.jpg,negativo_aug_01345.jpg,/home/irar/Escritorio/ProyectoTaxiDetector/dataset/negativos/train/negativos_train_0427.jpg,/home/irar/Escritorio/ProyectoTaxiDetector/dataset/negativos/augmented/negativo_aug_01345.jpg
1346,negativos_train_0068.jpg,negativo_aug_01346.jpg,/home/irar/Escritorio/ProyectoTaxiDetector/dataset/negativos/train/negativos_train_0068.jpg,/home/irar/Escritorio/ProyectoTaxiDetector/dataset/negativos/augmented/negativo_aug_01346.jpg
1347,negativos_train_0619.jpg,negativo_aug_01347.jpg,/home/irar/Escritorio/ProyectoTaxiDetector/dataset/negativos/train/negativos_train_0619.jpg,/home/irar/Escritorio/ProyectoTaxiDetector/dataset/negativos/augmented/negativo_aug_01347.jpg
1348,negativos_train_0570.jpg,negativo_aug_01348.jpg,/home/irar/Escritorio/ProyectoTaxiDetector/dataset/negativos/train/negativos_train_0570.jpg,/home/irar/Escritorio/ProyectoTaxiDetector/dataset/negativos/augmented/negativo_aug_01348.jpg
1349,negativos_train_0375.jpg,negativo_aug_01349.jpg,/home/irar/Escritorio/ProyectoTaxiDetector/dataset/negativos/train/negativos_train_0375.jpg,/home/irar/Escritorio/ProyectoTaxiDetector/dataset/negativos/augmented/negativo_aug_01349.jpg
1350,negativos_train_0060.jpg,negativo_aug_01350.jpg,/home/irar/Escritorio/ProyectoTaxiDetector/dataset/negativos/train/negativos_train_0060.jpg,/home/irar/Escritorio/ProyectoTaxiDetector/dataset/negativos/augmented/negativo_aug_01350.jpg
1351,negativos_train_0207.jpg,negativo_aug_01351.jpg,/home/irar/Escritorio/ProyectoTaxiDetector/dataset/negativos/train/negativos_train_0207.jpg,/home/irar/Escritorio/ProyectoTaxiDetector/dataset/negativos/augmented/negativo_aug_01351.jpg
1352,negativos_train_0406.jpg,negativo_aug_01352.jpg,/home/irar/Escritorio/ProyectoTaxiDetector/dataset/negativos/train/negativos_train_0406.jpg,/home/irar/Escritorio/ProyectoTaxiDetector/dataset/negativos/augmented/negativo_aug_01352.jpg
1353,negativos_train_0110.jpg,negativo_aug_01353.jpg,/home/irar/Escritorio/ProyectoTaxiDetector/dataset/negativos/train/negativos_train_0110.jpg,/home/irar/Escritorio/ProyectoTaxiDetector/dataset/negativos/augmented/negativo_aug_01353.jpg
1354,negativos_train_0454.jpg,negativo_aug_01354.jpg,/home/irar/Escritorio/ProyectoTaxiDetector/dataset/negativos/train/negativos_train_0454.jpg,/home/irar/Escritorio/ProyectoTaxiDetector/dataset/negativos/augmented/negativo_aug_01354.jpg
1355,negativos_train_0172.jpg,negativo_aug_01355.jpg,/home/irar/Escritorio/ProyectoTaxiDetector/dataset/negativos/train/negativos_train_0172.jpg,/home/irar/Escritorio/ProyectoTaxiDetector/dataset/negativos/augmented/negativo_aug_01355.jpg
1356,negativos_train_0061.jpg,negativo_aug_01356.jpg,/home/irar/Escritorio/ProyectoTaxiDetector/dataset/negativos/train/negativos_train_0061.jpg,/home/irar/Escritorio/ProyectoTaxiDetector/dataset/negativos/augmented/negativo_aug_01356.jpg
1357,negativos_train_0163.jpg,negativo_aug_01357.jpg,/home/irar/Escritorio/ProyectoTaxiDetector/dataset/negativos/train/negativos_train_0163.jpg,/home/irar/Escritorio/ProyectoTaxiDetector/dataset/negativos/augmented/negativo_aug_01357.jpg
1358,negativos_train_0108.jpg,negativo_aug_01358.jpg,/home/irar/Escritorio/ProyectoTaxiDetector/dataset/negativos/train/negativos_train_0108.jpg,/home/irar/Escritorio/ProyectoTaxiDetector/dataset/negativos/augmented/negativo_aug_01358.jpg
1359,negativos_train_0069.jpg,negativo_aug_01359.jpg,/home/irar/Escritorio/ProyectoTaxiDetector/dataset/negativos/train/negativos_train_0069.jpg,/home/irar/Escritorio/ProyectoTaxiDetector/dataset/negativos/augmented/negativo_aug_01359.jpg
1360,negativos_train_0030.jpg,negativo_aug_01360.jpg,/home/irar/Escritorio/ProyectoTaxiDetector/dataset/negativos/train/negativos_train_0030.jpg,/home/irar/Escritorio/ProyectoTaxiDetector/dataset/negativos/augmented/negativo_aug_01360.jpg
1361,negativos_train_0596.jpg,negativo_aug_01361.jpg,/home/irar/Escritorio/ProyectoTaxiDetector/dataset/negativos/train/negativos_train_0596.jpg,/home/irar/Escritorio/ProyectoTaxiDetector/dataset/negativos/augmented/negativo_aug_01361.jpg
1362,negativos_train_0282.jpg,negativo_aug_01362.jpg,/home/irar/Escritorio/ProyectoTaxiDetector/dataset/negativos/train/negativos_train_0282.jpg,/home/irar/Escritorio/ProyectoTaxiDetector/dataset/negativos/augmented/negativo_aug_01362.jpg
1363,negativos_train_0185.jpg,negativo_aug_01363.jpg,/home/irar/Escritorio/ProyectoTaxiDetector/dataset/negativos/train/negativos_train_0185.jpg,/home/irar/Escritorio/ProyectoTaxiDetector/dataset/negativos/augmented/negativo_aug_01363.jpg
1364,negativos_train_0188.jpg,negativo_aug_01364.jpg,/home/irar/Escritorio/ProyectoTaxiDetector/dataset/negativos/train/negativos_train_0188.jpg,/home/irar/Escritorio/ProyectoTaxiDetector/dataset/negativos/augmented/negativo_aug_01364.jpg
1365,negativos_train_0345.jpg,negativo_aug_01365.jpg,/home/irar/Escritorio/ProyectoTaxiDetector/dataset/negativos/train/negativos_train_0345.jpg,/home/irar/Escritorio/ProyectoTaxiDetector/dataset/negativos/augmented/negativo_aug_01365.jpg
1366,negativos_train_0361.jpg,negativo_aug_01366.jpg,/home/irar/Escritorio/ProyectoTaxiDetector/dataset/negativos/train/negativos_train_0361.jpg,/home/irar/Escritorio/ProyectoTaxiDetector/dataset/negativos/augmented/negativo_aug_01366.jpg
1367,negativos_train_0421.jpg,negativo_aug_01367.jpg,/home/irar/Escritorio/ProyectoTaxiDetector/dataset/negativos/train/negativos_train_0421.jpg,/home/irar/Escritorio/ProyectoTaxiDetector/dataset/negativos/augmented/negativo_aug_01367.jpg
1368,negativos_train_0445.jpg,negativo_aug_01368.jpg,/home/irar/Escritorio/ProyectoTaxiDetector/dataset/negativos/train/negativos_train_0445.jpg,/home/irar/Escritorio/ProyectoTaxiDetector/dataset/negativos/augmented/negativo_aug_01368.jpg
1369,negativos_train_0420.jpg,negativo_aug_01369.jpg,/home/irar/Escritorio/ProyectoTaxiDetector/dataset/negativos/train/negativos_train_0420.jpg,/home/irar/Escritorio/ProyectoTaxiDetector/dataset/negativos/augmented/negativo_aug_01369.jpg
1370,negativos_train_0403.jpg,negativo_aug_01370.jpg,/home/irar/Escritorio/ProyectoTaxiDetector/dataset/negativos/train/negativos_train_0403.jpg,/home/irar/Escritorio/ProyectoTaxiDetector/dataset/negativos/augmented/negativo_aug_01370.jpg
1371,negativos_train_0354.jpg,negativo_aug_01371.jpg,/home/irar/Escritorio/ProyectoTaxiDetector/dataset/negativos/train/negativos_train_0354.jpg,/home/irar/Escritorio/ProyectoTaxiDetector/dataset/negativos/augmented/negativo_aug_01371.jpg
1372,negativos_train_0267.jpg,negativo_aug_01372.jpg,/home/irar/Escritorio/ProyectoTaxiDetector/dataset/negativos/train/negativos_train_0267.jpg,/home/irar/Escritorio/ProyectoTaxiDetector/dataset/negativos/augmented/negativo_aug_01372.jpg
1373,negativos_train_0006.jpg,negativo_aug_01373.jpg,/home/irar/Escritorio/ProyectoTaxiDetector/dataset/negativos/train/negativos_train_0006.jpg,/home/irar/Escritorio/ProyectoTaxiDetector/dataset/negativos/augmented/negativo_aug_01373.jpg
1374,negativos_train_0343.jpg,negativo_aug_01374.jpg,/home/irar/Escritorio/ProyectoTaxiDetector/dataset/negativos/train/negativos_train_0343.jpg,/home/irar/Escritorio/ProyectoTaxiDetector/dataset/negativos/augmented/negativo_aug_01374.jpg
1375,negativos_train_0627.jpg,negativo_aug_01375.jpg,/home/irar/Escritorio/ProyectoTaxiDetector/dataset/negativos/train/negativos_train_0627.jpg,/home/irar/Escritorio/ProyectoTaxiDetector/dataset/negativos/augmented/negativo_aug_01375.jpg
1376,negativos_train_0156.jpg,negativo_aug_01376.jpg,/home/irar/Escritorio/ProyectoTaxiDetector/dataset/negativos/train/negativos_train_0156.jpg,/home/irar/Escritorio/ProyectoTaxiDetector/dataset/negativos/augmented/negativo_aug_01376.jpg
1377,negativos_train_0434.jpg,negativo_aug_01377.jpg,/home/irar/Escritorio/ProyectoTaxiDetector/dataset/negativos/train/negativos_train_0434.jpg,/home/irar/Escritorio/ProyectoTaxiDetector/dataset/negativos/augmented/negativo_aug_01377.jpg
1378,negativos_train_0104.jpg,negativo_aug_01378.jpg,/home/irar/Escritorio/ProyectoTaxiDetector/dataset/negativos/train/negativos_train_0104.jpg,/home/irar/Escritorio/ProyectoTaxiDetector/dataset/negativos/augmented/negativo_aug_01378.jpg
1379,negativos_train_0279.jpg,negativo_aug_01379.jpg,/home/irar/Escritorio/ProyectoTaxiDetector/dataset/negativos/train/negativos_train_0279.jpg,/home/irar/Escritorio/ProyectoTaxiDetector/dataset/negativos/augmented/negativo_aug_01379.jpg
1380,negativos_train_0170.jpg,negativo_aug_01380.jpg,/home/irar/Escritorio/ProyectoTaxiDetector/dataset/negativos/train/negativos_train_0170.jpg,/home/irar/Escritorio/ProyectoTaxiDetector/dataset/negativos/augmented/negativo_aug_01380.jpg
1381,negativos_train_0347.jpg,negativo_aug_01381.jpg,/home/irar/Escritorio/ProyectoTaxiDetector/dataset/negativos/train/negativos_train_0347.jpg,/home/irar/Escritorio/ProyectoTaxiDetector/dataset/negativos/augmented/negativo_aug_01381.jpg
1382,negativos_train_0107.jpg,negativo_aug_01382.jpg,/home/irar/Escritorio/ProyectoTaxiDetector/dataset/negativos/train/negativos_train_0107.jpg,/home/irar/Escritorio/ProyectoTaxiDetector/dataset/negativos/augmented/negativo_aug_01382.jpg
1383,negativos_train_0226.jpg,negativo_aug_01383.jpg,/home/irar/Escritorio/ProyectoTaxiDetector/dataset/negativos/train/negativos_train_0226.jpg,/home/irar/Escritorio/ProyectoTaxiDetector/dataset/negativos/augmented/negativo_aug_01383.jpg
1384,negativos_train_0164.jpg,negativo_aug_01384.jpg,/home/irar/Escritorio/ProyectoTaxiDetector/dataset/negativos/train/negativos_train_0164.jpg,/home/irar/Escritorio/ProyectoTaxiDetector/dataset/negativos/augmented/negativo_aug_01384.jpg
1385,negativos_train_0448.jpg,negativo_aug_01385.jpg,/home/irar/Escritorio/ProyectoTaxiDetector/dataset/negativos/train/negativos_train_0448.jpg,/home/irar/Escritorio/ProyectoTaxiDetector/dataset/negativos/augmented/negativo_aug_01385.jpg
1386,negativos_train_0210.jpg,negativo_aug_01386.jpg,/home/irar/Escritorio/ProyectoTaxiDetector/dataset/negativos/train/negativos_train_0210.jpg,/home/irar/Escritorio/ProyectoTaxiDetector/dataset/negativos/augmented/negativo_aug_01386.jpg
1387,negativos_train_0077.jpg,negativo_aug_01387.jpg,/home/irar/Escritorio/ProyectoTaxiDetector/dataset/negativos/train/negativos_train_0077.jpg,/home/irar/Escritorio/ProyectoTaxiDetector/dataset/negativos/augmented/negativo_aug_01387.jpg
1388,negativos_train_0314.jpg,negativo_aug_01388.jpg,/home/irar/Escritorio/ProyectoTaxiDetector/dataset/negativos/train/negativos_train_0314.jpg,/home/irar/Escritorio/ProyectoTaxiDetector/dataset/negativos/augmented/negativo_aug_01388.jpg
1389,negativos_train_0428.jpg,negativo_aug_01389.jpg,/home/irar/Escritorio/ProyectoTaxiDetector/dataset/negativos/train/negativos_train_0428.jpg,/home/irar/Escritorio/ProyectoTaxiDetector/dataset/negativos/augmented/negativo_aug_01389.jpg
1390,negativos_train_0234.jpg,negativo_aug_01390.jpg,/home/irar/Escritorio/ProyectoTaxiDetector/dataset/negativos/train/negativos_train_0234.jpg,/home/irar/Escritorio/ProyectoTaxiDetector/dataset/negativos/augmented/negativo_aug_01390.jpg
1391,negativos_train_0198.jpg,negativo_aug_01391.jpg,/home/irar/Escritorio/ProyectoTaxiDetector/dataset/negativos/train/negativos_train_0198.jpg,/home/irar/Escritorio/ProyectoTaxiDetector/dataset/negativos/augmented/negativo_aug_01391.jpg
1392,negativos_train_0484.jpg,negativo_aug_01392.jpg,/home/irar/Escritorio/ProyectoTaxiDetector/dataset/negativos/train/negativos_train_0484.jpg,/home/irar/Escritorio/ProyectoTaxiDetector/dataset/negativos/augmented/negativo_aug_01392.jpg
1393,negativos_train_0417.jpg,negativo_aug_01393.jpg,/home/irar/Escritorio/ProyectoTaxiDetector/dataset/negativos/train/negativos_train_0417.jpg,/home/irar/Escritorio/ProyectoTaxiDetector/dataset/negativos/augmented/negativo_aug_01393.jpg
1394,negativos_train_0229.jpg,negativo_aug_01394.jpg,/home/irar/Escritorio/ProyectoTaxiDetector/dataset/negativos/train/negativos_train_0229.jpg,/home/irar/Escritorio/ProyectoTaxiDetector/dataset/negativos/augmented/negativo_aug_01394.jpg
1395,negativos_train_0277.jpg,negativo_aug_01395.jpg,/home/irar/Escritorio/ProyectoTaxiDetector/dataset/negativos/train/negativos_train_0277.jpg,/home/irar/Escritorio/ProyectoTaxiDetector/dataset/negativos/augmented/negativo_aug_01395.jpg
1396,negativos_train_0383.jpg,negativo_aug_01396.jpg,/home/irar/Escritorio/ProyectoTaxiDetector/dataset/negativos/train/negativos_train_0383.jpg,/home/irar/Escritorio/ProyectoTaxiDetector/dataset/negativos/augmented/negativo_aug_01396.jpg
1397,negativos_train_0058.jpg,negativo_aug_01397.jpg,/home/irar/Escritorio/ProyectoTaxiDetector/dataset/negativos/train/negativos_train_0058.jpg,/home/irar/Escritorio/ProyectoTaxiDetector/dataset/negativos/augmented/negativo_aug_01397.jpg
1398,negativos_train_0452.jpg,negativo_aug_01398.jpg,/home/irar/Escritorio/ProyectoTaxiDetector/dataset/negativos/train/negativos_train_0452.jpg,/home/irar/Escritorio/ProyectoTaxiDetector/dataset/negativos/augmented/negativo_aug_01398.jpg
1399,negativos_train_0409.jpg,negativo_aug_01399.jpg,/home/irar/Escritorio/ProyectoTaxiDetector/dataset/negativos/train/negativos_train_0409.jpg,/home/irar/Escritorio/ProyectoTaxiDetector/dataset/negativos/augmented/negativo_aug_01399.jpg
1400,negativos_train_0201.jpg,negativo_aug_01400.jpg,/home/irar/Escritorio/ProyectoTaxiDetector/dataset/negativos/train/negativos_train_0201.jpg,/home/irar/Escritorio/ProyectoTaxiDetector/dataset/negativos/augmented/negativo_aug_01400.jpg
1401,negativos_train_0289.jpg,negativo_aug_01401.jpg,/home/irar/Escritorio/ProyectoTaxiDetector/dataset/negativos/train/negativos_train_0289.jpg,/home/irar/Escritorio/ProyectoTaxiDetector/dataset/negativos/augmented/negativo_aug_01401.jpg
1402,negativos_train_0623.jpg,negativo_aug_01402.jpg,/home/irar/Escritorio/ProyectoTaxiDetector/dataset/negativos/train/negativos_train_0623.jpg,/home/irar/Escritorio/ProyectoTaxiDetector/dataset/negativos/augmented/negativo_aug_01402.jpg
1403,negativos_train_0438.jpg,negativo_aug_01403.jpg,/home/irar/Escritorio/ProyectoTaxiDetector/dataset/negativos/train/negativos_train_0438.jpg,/home/irar/Escritorio/ProyectoTaxiDetector/dataset/negativos/augmented/negativo_aug_01403.jpg
1404,negativos_train_0564.jpg,negativo_aug_01404.jpg,/home/irar/Escritorio/ProyectoTaxiDetector/dataset/negativos/train/negativos_train_0564.jpg,/home/irar/Escritorio/ProyectoTaxiDetector/dataset/negativos/augmented/negativo_aug_01404.jpg
1405,negativos_train_0005.jpg,negativo_aug_01405.jpg,/home/irar/Escritorio/ProyectoTaxiDetector/dataset/negativos/train/negativos_train_0005.jpg,/home/irar/Escritorio/ProyectoTaxiDetector/dataset/negativos/augmented/negativo_aug_01405.jpg
1406,negativos_train_0388.jpg,negativo_aug_01406.jpg,/home/irar/Escritorio/ProyectoTaxiDetector/dataset/negativos/train/negativos_train_0388.jpg,/home/irar/Escritorio/ProyectoTaxiDetector/dataset/negativos/augmented/negativo_aug_01406.jpg
1407,negativos_train_0327.jpg,negativo_aug_01407.jpg,/home/irar/Escritorio/ProyectoTaxiDetector/dataset/negativos/train/negativos_train_0327.jpg,/home/irar/Escritorio/ProyectoTaxiDetector/dataset/negativos/augmented/negativo_aug_01407.jpg
1408,negativos_train_0329.jpg,negativo_aug_01408.jpg,/home/irar/Escritorio/ProyectoTaxiDetector/dataset/negativos/train/negativos_train_0329.jpg,/home/irar/Escritorio/ProyectoTaxiDetector/dataset/negativos/augmented/negativo_aug_01408.jpg
1409,negativos_train_0225.jpg,negativo_aug_01409.jpg,/home/irar/Escritorio/ProyectoTaxiDetector/dataset/negativos/train/negativos_train_0225.jpg,/home/irar/Escritorio/ProyectoTaxiDetector/dataset/negativos/augmented/negativo_aug_01409.jpg
1410,negativos_train_0216.jpg,negativo_aug_01410.jpg,/home/irar/Escritorio/ProyectoTaxiDetector/dataset/negativos/train/negativos_train_0216.jpg,/home/irar/Escritorio/ProyectoTaxiDetector/dataset/negativos/augmented/negativo_aug_01410.jpg
1411,negativos_train_0033.jpg,negativo_aug_01411.jpg,/home/irar/Escritorio/ProyectoTaxiDetector/dataset/negativos/train/negativos_train_0033.jpg,/home/irar/Escritorio/ProyectoTaxiDetector/dataset/negativos/augmented/negativo_aug_01411.jpg
1412,negativos_train_0173.jpg,negativo_aug_01412.jpg,/home/irar/Escritorio/ProyectoTaxiDetector/dataset/negativos/train/negativos_train_0173.jpg,/home/irar/Escritorio/ProyectoTaxiDetector/dataset/negativos/augmented/negativo_aug_01412.jpg
1413,negativos_train_0097.jpg,negativo_aug_01413.jpg,/home/irar/Escritorio/ProyectoTaxiDetector/dataset/negativos/train/negativos_train_0097.jpg,/home/irar/Escritorio/ProyectoTaxiDetector/dataset/negativos/augmented/negativo_aug_01413.jpg
1414,negativos_train_0606.jpg,negativo_aug_01414.jpg,/home/irar/Escritorio/ProyectoTaxiDetector/dataset/negativos/train/negativos_train_0606.jpg,/home/irar/Escritorio/ProyectoTaxiDetector/dataset/negativos/augmented/negativo_aug_01414.jpg
1415,negativos_train_0369.jpg,negativo_aug_01415.jpg,/home/irar/Escritorio/ProyectoTaxiDetector/dataset/negativos/train/negativos_train_0369.jpg,/home/irar/Escritorio/ProyectoTaxiDetector/dataset/negativos/augmented/negativo_aug_01415.jpg
1416,negativos_train_0199.jpg,negativo_aug_01416.jpg,/home/irar/Escritorio/ProyectoTaxiDetector/dataset/negativos/train/negativos_train_0199.jpg,/home/irar/Escritorio/ProyectoTaxiDetector/dataset/negativos/augmented/negativo_aug_01416.jpg
1417,negativos_train_0583.jpg,negativo_aug_01417.jpg,/home/irar/Escritorio/ProyectoTaxiDetector/dataset/negativos/train/negativos_train_0583.jpg,/home/irar/Escritorio/ProyectoTaxiDetector/dataset/negativos/augmented/negativo_aug_01417.jpg
1418,negativos_train_0509.jpg,negativo_aug_01418.jpg,/home/irar/Escritorio/ProyectoTaxiDetector/dataset/negativos/train/negativos_train_0509.jpg,/home/irar/Escritorio/ProyectoTaxiDetector/dataset/negativos/augmented/negativo_aug_01418.jpg
1419,negativos_train_0101.jpg,negativo_aug_01419.jpg,/home/irar/Escritorio/ProyectoTaxiDetector/dataset/negativos/train/negativos_train_0101.jpg,/home/irar/Escritorio/ProyectoTaxiDetector/dataset/negativos/augmented/negativo_aug_01419.jpg
1420,negativos_train_0237.jpg,negativo_aug_01420.jpg,/home/irar/Escritorio/ProyectoTaxiDetector/dataset/negativos/train/negativos_train_0237.jpg,/home/irar/Escritorio/ProyectoTaxiDetector/dataset/negativos/augmented/negativo_aug_01420.jpg
1421,negativos_train_0506.jpg,negativo_aug_01421.jpg,/home/irar/Escritorio/ProyectoTaxiDetector/dataset/negativos/train/negativos_train_0506.jpg,/home/irar/Escritorio/ProyectoTaxiDetector/dataset/negativos/augmented/negativo_aug_01421.jpg
1422,negativos_train_0401.jpg,negativo_aug_01422.jpg,/home/irar/Escritorio/ProyectoTaxiDetector/dataset/negativos/train/negativos_train_0401.jpg,/home/irar/Escritorio/ProyectoTaxiDetector/dataset/negativos/augmented/negativo_aug_01422.jpg
1423,negativos_train_0150.jpg,negativo_aug_01423.jpg,/home/irar/Escritorio/ProyectoTaxiDetector/dataset/negativos/train/negativos_train_0150.jpg,/home/irar/Escritorio/ProyectoTaxiDetector/dataset/negativos/augmented/negativo_aug_01423.jpg
1424,negativos_train_0021.jpg,negativo_aug_01424.jpg,/home/irar/Escritorio/ProyectoTaxiDetector/dataset/negativos/train/negativos_train_0021.jpg,/home/irar/Escritorio/ProyectoTaxiDetector/dataset/negativos/augmented/negativo_aug_01424.jpg
1425,negativos_train_0579.jpg,negativo_aug_01425.jpg,/home/irar/Escritorio/ProyectoTaxiDetector/dataset/negativos/train/negativos_train_0579.jpg,/home/irar/Escritorio/ProyectoTaxiDetector/dataset/negativos/augmented/negativo_aug_01425.jpg
1426,negativos_train_0471.jpg,negativo_aug_01426.jpg,/home/irar/Escritorio/ProyectoTaxiDetector/dataset/negativos/train/negativos_train_0471.jpg,/home/irar/Escritorio/ProyectoTaxiDetector/dataset/negativos/augmented/negativo_aug_01426.jpg
1427,negativos_train_0231.jpg,negativo_aug_01427.jpg,/home/irar/Escritorio/ProyectoTaxiDetector/dataset/negativos/train/negativos_train_0231.jpg,/home/irar/Escritorio/ProyectoTaxiDetector/dataset/negativos/augmented/negativo_aug_01427.jpg
1428,negativos_train_0508.jpg,negativo_aug_01428.jpg,/home/irar/Escritorio/ProyectoTaxiDetector/dataset/negativos/train/negativos_train_0508.jpg,/home/irar/Escritorio/ProyectoTaxiDetector/dataset/negativos/augmented/negativo_aug_01428.jpg
1429,negativos_train_0184.jpg,negativo_aug_01429.jpg,/home/irar/Escritorio/ProyectoTaxiDetector/dataset/negativos/train/negativos_train_0184.jpg,/home/irar/Escritorio/ProyectoTaxiDetector/dataset/negativos/augmented/negativo_aug_01429.jpg
1430,negativos_train_0321.jpg,negativo_aug_01430.jpg,/home/irar/Escritorio/ProyectoTaxiDetector/dataset/negativos/train/negativos_train_0321.jpg,/home/irar/Escritorio/ProyectoTaxiDetector/dataset/negativos/augmented/negativo_aug_01430.jpg
1431,negativos_train_0413.jpg,negativo_aug_01431.jpg,/home/irar/Escritorio/ProyectoTaxiDetector/dataset/negativos/train/negativos_train_0413.jpg,/home/irar/Escritorio/ProyectoTaxiDetector/dataset/negativos/augmented/negativo_aug_01431.jpg
1432,negativos_train_0025.jpg,negativo_aug_01432.jpg,/home/irar/Escritorio/ProyectoTaxiDetector/dataset/negativos/train/negativos_train_0025.jpg,/home/irar/Escritorio/ProyectoTaxiDetector/dataset/negativos/augmented/negativo_aug_01432.jpg
1433,negativos_train_0085.jpg,negativo_aug_01433.jpg,/home/irar/Escritorio/ProyectoTaxiDetector/dataset/negativos/train/negativos_train_0085.jpg,/home/irar/Escritorio/ProyectoTaxiDetector/dataset/negativos/augmented/negativo_aug_01433.jpg
1434,negativos_train_0541.jpg,negativo_aug_01434.jpg,/home/irar/Escritorio/ProyectoTaxiDetector/dataset/negativos/train/negativos_train_0541.jpg,/home/irar/Escritorio/ProyectoTaxiDetector/dataset/negativos/augmented/negativo_aug_01434.jpg
1435,negativos_train_0086.jpg,negativo_aug_01435.jpg,/home/irar/Escritorio/ProyectoTaxiDetector/dataset/negativos/train/negativos_train_0086.jpg,/home/irar/Escritorio/ProyectoTaxiDetector/dataset/negativos/augmented/negativo_aug_01435.jpg
1436,negativos_train_0197.jpg,negativo_aug_01436.jpg,/home/irar/Escritorio/ProyectoTaxiDetector/dataset/negativos/train/negativos_train_0197.jpg,/home/irar/Escritorio/ProyectoTaxiDetector/dataset/negativos/augmented/negativo_aug_01436.jpg
1437,negativos_train_0246.jpg,negativo_aug_01437.jpg,/home/irar/Escritorio/ProyectoTaxiDetector/dataset/negativos/train/negativos_train_0246.jpg,/home/irar/Escritorio/ProyectoTaxiDetector/dataset/negativos/augmented/negativo_aug_01437.jpg
1438,negativos_train_0402.jpg,negativo_aug_01438.jpg,/home/irar/Escritorio/ProyectoTaxiDetector/dataset/negativos/train/negativos_train_0402.jpg,/home/irar/Escritorio/ProyectoTaxiDetector/dataset/negativos/augmented/negativo_aug_01438.jpg
1439,negativos_train_0154.jpg,negativo_aug_01439.jpg,/home/irar/Escritorio/ProyectoTaxiDetector/dataset/negativos/train/negativos_train_0154.jpg,/home/irar/Escritorio/ProyectoTaxiDetector/dataset/negativos/augmented/negativo_aug_01439.jpg
1440,negativos_train_0527.jpg,negativo_aug_01440.jpg,/home/irar/Escritorio/ProyectoTaxiDetector/dataset/negativos/train/negativos_train_0527.jpg,/home/irar/Escritorio/ProyectoTaxiDetector/dataset/negativos/augmented/negativo_aug_01440.jpg
1441,negativos_train_0278.jpg,negativo_aug_01441.jpg,/home/irar/Escritorio/ProyectoTaxiDetector/dataset/negativos/train/negativos_train_0278.jpg,/home/irar/Escritorio/ProyectoTaxiDetector/dataset/negativos/augmented/negativo_aug_01441.jpg
1442,negativos_train_0331.jpg,negativo_aug_01442.jpg,/home/irar/Escritorio/ProyectoTaxiDetector/dataset/negativos/train/negativos_train_0331.jpg,/home/irar/Escritorio/ProyectoTaxiDetector/dataset/negativos/augmented/negativo_aug_01442.jpg
1443,negativos_train_0274.jpg,negativo_aug_01443.jpg,/home/irar/Escritorio/ProyectoTaxiDetector/dataset/negativos/train/negativos_train_0274.jpg,/home/irar/Escritorio/ProyectoTaxiDetector/dataset/negativos/augmented/negativo_aug_01443.jpg
1444,negativos_train_0451.jpg,negativo_aug_01444.jpg,/home/irar/Escritorio/ProyectoTaxiDetector/dataset/negativos/train/negativos_train_0451.jpg,/home/irar/Escritorio/ProyectoTaxiDetector/dataset/negativos/augmented/negativo_aug_01444.jpg
1445,negativos_train_0096.jpg,negativo_aug_01445.jpg,/home/irar/Escritorio/ProyectoTaxiDetector/dataset/negativos/train/negativos_train_0096.jpg,/home/irar/Escritorio/ProyectoTaxiDetector/dataset/negativos/augmented/negativo_aug_01445.jpg
1446,negativos_train_0568.jpg,negativo_aug_01446.jpg,/home/irar/Escritorio/ProyectoTaxiDetector/dataset/negativos/train/negativos_train_0568.jpg,/home/irar/Escritorio/ProyectoTaxiDetector/dataset/negativos/augmented/negativo_aug_01446.jpg
1447,negativos_train_0553.jpg,negativo_aug_01447.jpg,/home/irar/Escritorio/ProyectoTaxiDetector/dataset/negativos/train/negativos_train_0553.jpg,/home/irar/Escritorio/ProyectoTaxiDetector/dataset/negativos/augmented/negativo_aug_01447.jpg
1448,negativos_train_0157.jpg,negativo_aug_01448.jpg,/home/irar/Escritorio/ProyectoTaxiDetector/dataset/negativos/train/negativos_train_0157.jpg,/home/irar/Escritorio/ProyectoTaxiDetector/dataset/negativos/augmented/negativo_aug_01448.jpg
1449,negativos_train_0598.jpg,negativo_aug_01449.jpg,/home/irar/Escritorio/ProyectoTaxiDetector/dataset/negativos/train/negativos_train_0598.jpg,/home/irar/Escritorio/ProyectoTaxiDetector/dataset/negativos/augmented/negativo_aug_01449.jpg
1450,negativos_train_0546.jpg,negativo_aug_01450.jpg,/home/irar/Escritorio/ProyectoTaxiDetector/dataset/negativos/train/negativos_train_0546.jpg,/home/irar/Escritorio/ProyectoTaxiDetector/dataset/negativos/augmented/negativo_aug_01450.jpg
1451,negativos_train_0462.jpg,negativo_aug_01451.jpg,/home/irar/Escritorio/ProyectoTaxiDetector/dataset/negativos/train/negativos_train_0462.jpg,/home/irar/Escritorio/ProyectoTaxiDetector/dataset/negativos/augmented/negativo_aug_01451.jpg
1452,negativos_train_0340.jpg,negativo_aug_01452.jpg,/home/irar/Escritorio/ProyectoTaxiDetector/dataset/negativos/train/negativos_train_0340.jpg,/home/irar/Escritorio/ProyectoTaxiDetector/dataset/negativos/augmented/negativo_aug_01452.jpg
1453,negativos_train_0313.jpg,negativo_aug_01453.jpg,/home/irar/Escritorio/ProyectoTaxiDetector/dataset/negativos/train/negativos_train_0313.jpg,/home/irar/Escritorio/ProyectoTaxiDetector/dataset/negativos/augmented/negativo_aug_01453.jpg
1454,negativos_train_0064.jpg,negativo_aug_01454.jpg,/home/irar/Escritorio/ProyectoTaxiDetector/dataset/negativos/train/negativos_train_0064.jpg,/home/irar/Escritorio/ProyectoTaxiDetector/dataset/negativos/augmented/negativo_aug_01454.jpg
1455,negativos_train_0469.jpg,negativo_aug_01455.jpg,/home/irar/Escritorio/ProyectoTaxiDetector/dataset/negativos/train/negativos_train_0469.jpg,/home/irar/Escritorio/ProyectoTaxiDetector/dataset/negativos/augmented/negativo_aug_01455.jpg
1456,negativos_train_0525.jpg,negativo_aug_01456.jpg,/home/irar/Escritorio/ProyectoTaxiDetector/dataset/negativos/train/negativos_train_0525.jpg,/home/irar/Escritorio/ProyectoTaxiDetector/dataset/negativos/augmented/negativo_aug_01456.jpg
1457,negativos_train_0228.jpg,negativo_aug_01457.jpg,/home/irar/Escritorio/ProyectoTaxiDetector/dataset/negativos/train/negativos_train_0228.jpg,/home/irar/Escritorio/ProyectoTaxiDetector/dataset/negativos/augmented/negativo_aug_01457.jpg
1458,negativos_train_0351.jpg,negativo_aug_01458.jpg,/home/irar/Escritorio/ProyectoTaxiDetector/dataset/negativos/train/negativos_train_0351.jpg,/home/irar/Escritorio/ProyectoTaxiDetector/dataset/negativos/augmented/negativo_aug_01458.jpg
1459,negativos_train_0494.jpg,negativo_aug_01459.jpg,/home/irar/Escritorio/ProyectoTaxiDetector/dataset/negativos/train/negativos_train_0494.jpg,/home/irar/Escritorio/ProyectoTaxiDetector/dataset/negativos/augmented/negativo_aug_01459.jpg
1460,negativos_train_0183.jpg,negativo_aug_01460.jpg,/home/irar/Escritorio/ProyectoTaxiDetector/dataset/negativos/train/negativos_train_0183.jpg,/home/irar/Escritorio/ProyectoTaxiDetector/dataset/negativos/augmented/negativo_aug_01460.jpg
1461,negativos_train_0302.jpg,negativo_aug_01461.jpg,/home/irar/Escritorio/ProyectoTaxiDetector/dataset/negativos/train/negativos_train_0302.jpg,/home/irar/Escritorio/ProyectoTaxiDetector/dataset/negativos/augmented/negativo_aug_01461.jpg
1462,negativos_train_0364.jpg,negativo_aug_01462.jpg,/home/irar/Escritorio/ProyectoTaxiDetector/dataset/negativos/train/negativos_train_0364.jpg,/home/irar/Escritorio/ProyectoTaxiDetector/dataset/negativos/augmented/negativo_aug_01462.jpg
1463,negativos_train_0504.jpg,negativo_aug_01463.jpg,/home/irar/Escritorio/ProyectoTaxiDetector/dataset/negativos/train/negativos_train_0504.jpg,/home/irar/Escritorio/ProyectoTaxiDetector/dataset/negativos/augmented/negativo_aug_01463.jpg
1464,negativos_train_0485.jpg,negativo_aug_01464.jpg,/home/irar/Escritorio/ProyectoTaxiDetector/dataset/negativos/train/negativos_train_0485.jpg,/home/irar/Escritorio/ProyectoTaxiDetector/dataset/negativos/augmented/negativo_aug_01464.jpg
1465,negativos_train_0251.jpg,negativo_aug_01465.jpg,/home/irar/Escritorio/ProyectoTaxiDetector/dataset/negativos/train/negativos_train_0251.jpg,/home/irar/Escritorio/ProyectoTaxiDetector/dataset/negativos/augmented/negativo_aug_01465.jpg
1466,negativos_train_0562.jpg,negativo_aug_01466.jpg,/home/irar/Escritorio/ProyectoTaxiDetector/dataset/negativos/train/negativos_train_0562.jpg,/home/irar/Escritorio/ProyectoTaxiDetector/dataset/negativos/augmented/negativo_aug_01466.jpg
1467,negativos_train_0122.jpg,negativo_aug_01467.jpg,/home/irar/Escritorio/ProyectoTaxiDetector/dataset/negativos/train/negativos_train_0122.jpg,/home/irar/Escritorio/ProyectoTaxiDetector/dataset/negativos/augmented/negativo_aug_01467.jpg
1468,negativos_train_0404.jpg,negativo_aug_01468.jpg,/home/irar/Escritorio/ProyectoTaxiDetector/dataset/negativos/train/negativos_train_0404.jpg,/home/irar/Escritorio/ProyectoTaxiDetector/dataset/negativos/augmented/negativo_aug_01468.jpg
1469,negativos_train_0513.jpg,negativo_aug_01469.jpg,/home/irar/Escritorio/ProyectoTaxiDetector/dataset/negativos/train/negativos_train_0513.jpg,/home/irar/Escritorio/ProyectoTaxiDetector/dataset/negativos/augmented/negativo_aug_01469.jpg
1470,negativos_train_0468.jpg,negativo_aug_01470.jpg,/home/irar/Escritorio/ProyectoTaxiDetector/dataset/negativos/train/negativos_train_0468.jpg,/home/irar/Escritorio/ProyectoTaxiDetector/dataset/negativos/augmented/negativo_aug_01470.jpg
1471,negativos_train_0436.jpg,negativo_aug_01471.jpg,/home/irar/Escritorio/ProyectoTaxiDetector/dataset/negativos/train/negativos_train_0436.jpg,/home/irar/Escritorio/ProyectoTaxiDetector/dataset/negativos/augmented/negativo_aug_01471.jpg
1472,negativos_train_0147.jpg,negativo_aug_01472.jpg,/home/irar/Escritorio/ProyectoTaxiDetector/dataset/negativos/train/negativos_train_0147.jpg,/home/irar/Escritorio/ProyectoTaxiDetector/dataset/negativos/augmented/negativo_aug_01472.jpg
1473,negativos_train_0297.jpg,negativo_aug_01473.jpg,/home/irar/Escritorio/ProyectoTaxiDetector/dataset/negativos/train/negativos_train_0297.jpg,/home/irar/Escritorio/ProyectoTaxiDetector/dataset/negativos/augmented/negativo_aug_01473.jpg
1474,negativos_train_0235.jpg,negativo_aug_01474.jpg,/home/irar/Escritorio/ProyectoTaxiDetector/dataset/negativos/train/negativos_train_0235.jpg,/home/irar/Escritorio/ProyectoTaxiDetector/dataset/negativos/augmented/negativo_aug_01474.jpg
1475,negativos_train_0581.jpg,negativo_aug_01475.jpg,/home/irar/Escritorio/ProyectoTaxiDetector/dataset/negativos/train/negativos_train_0581.jpg,/home/irar/Escritorio/ProyectoTaxiDetector/dataset/negativos/augmented/negativo_aug_01475.jpg
1476,negativos_train_0433.jpg,negativo_aug_01476.jpg,/home/irar/Escritorio/ProyectoTaxiDetector/dataset/negativos/train/negativos_train_0433.jpg,/home/irar/Escritorio/ProyectoTaxiDetector/dataset/negativos/augmented/negativo_aug_01476.jpg
1477,negativos_train_0616.jpg,negativo_aug_01477.jpg,/home/irar/Escritorio/ProyectoTaxiDetector/dataset/negativos/train/negativos_train_0616.jpg,/home/irar/Escritorio/ProyectoTaxiDetector/dataset/negativos/augmented/negativo_aug_01477.jpg
1478,negativos_train_0142.jpg,negativo_aug_01478.jpg,/home/irar/Escritorio/ProyectoTaxiDetector/dataset/negativos/train/negativos_train_0142.jpg,/home/irar/Escritorio/ProyectoTaxiDetector/dataset/negativos/augmented/negativo_aug_01478.jpg
1479,negativos_train_0299.jpg,negativo_aug_01479.jpg,/home/irar/Escritorio/ProyectoTaxiDetector/dataset/negativos/train/negativos_train_0299.jpg,/home/irar/Escritorio/ProyectoTaxiDetector/dataset/negativos/augmented/negativo_aug_01479.jpg
1480,negativos_train_0293.jpg,negativo_aug_01480.jpg,/home/irar/Escritorio/ProyectoTaxiDetector/dataset/negativos/train/negativos_train_0293.jpg,/home/irar/Escritorio/ProyectoTaxiDetector/dataset/negativos/augmented/negativo_aug_01480.jpg
1481,negativos_train_0099.jpg,negativo_aug_01481.jpg,/home/irar/Escritorio/ProyectoTaxiDetector/dataset/negativos/train/negativos_train_0099.jpg,/home/irar/Escritorio/ProyectoTaxiDetector/dataset/negativos/augmented/negativo_aug_01481.jpg
1482,negativos_train_0557.jpg,negativo_aug_01482.jpg,/home/irar/Escritorio/ProyectoTaxiDetector/dataset/negativos/train/negativos_train_0557.jpg,/home/irar/Escritorio/ProyectoTaxiDetector/dataset/negativos/augmented/negativo_aug_01482.jpg
1483,negativos_train_0153.jpg,negativo_aug_01483.jpg,/home/irar/Escritorio/ProyectoTaxiDetector/dataset/negativos/train/negativos_train_0153.jpg,/home/irar/Escritorio/ProyectoTaxiDetector/dataset/negativos/augmented/negativo_aug_01483.jpg
1484,negativos_train_0338.jpg,negativo_aug_01484.jpg,/home/irar/Escritorio/ProyectoTaxiDetector/dataset/negativos/train/negativos_train_0338.jpg,/home/irar/Escritorio/ProyectoTaxiDetector/dataset/negativos/augmented/negativo_aug_01484.jpg
1485,negativos_train_0435.jpg,negativo_aug_01485.jpg,/home/irar/Escritorio/ProyectoTaxiDetector/dataset/negativos/train/negativos_train_0435.jpg,/home/irar/Escritorio/ProyectoTaxiDetector/dataset/negativos/augmented/negativo_aug_01485.jpg
1486,negativos_train_0569.jpg,negativo_aug_01486.jpg,/home/irar/Escritorio/ProyectoTaxiDetector/dataset/negativos/train/negativos_train_0569.jpg,/home/irar/Escritorio/ProyectoTaxiDetector/dataset/negativos/augmented/negativo_aug_01486.jpg
1487,negativos_train_0322.jpg,negativo_aug_01487.jpg,/home/irar/Escritorio/ProyectoTaxiDetector/dataset/negativos/train/negativos_train_0322.jpg,/home/irar/Escritorio/ProyectoTaxiDetector/dataset/negativos/augmented/negativo_aug_01487.jpg
1488,negativos_train_0256.jpg,negativo_aug_01488.jpg,/home/irar/Escritorio/ProyectoTaxiDetector/dataset/negativos/train/negativos_train_0256.jpg,/home/irar/Escritorio/ProyectoTaxiDetector/dataset/negativos/augmented/negativo_aug_01488.jpg
1489,negativos_train_0020.jpg,negativo_aug_01489.jpg,/home/irar/Escritorio/ProyectoTaxiDetector/dataset/negativos/train/negativos_train_0020.jpg,/home/irar/Escritorio/ProyectoTaxiDetector/dataset/negativos/augmented/negativo_aug_01489.jpg
1490,negativos_train_0387.jpg,negativo_aug_01490.jpg,/home/irar/Escritorio/ProyectoTaxiDetector/dataset/negativos/train/negativos_train_0387.jpg,/home/irar/Escritorio/ProyectoTaxiDetector/dataset/negativos/augmented/negativo_aug_01490.jpg
1491,negativos_train_0350.jpg,negativo_aug_01491.jpg,/home/irar/Escritorio/ProyectoTaxiDetector/dataset/negativos/train/negativos_train_0350.jpg,/home/irar/Escritorio/ProyectoTaxiDetector/dataset/negativos/augmented/negativo_aug_01491.jpg
1492,negativos_train_0095.jpg,negativo_aug_01492.jpg,/home/irar/Escritorio/ProyectoTaxiDetector/dataset/negativos/train/negativos_train_0095.jpg,/home/irar/Escritorio/ProyectoTaxiDetector/dataset/negativos/augmented/negativo_aug_01492.jpg
1493,negativos_train_0621.jpg,negativo_aug_01493.jpg,/home/irar/Escritorio/ProyectoTaxiDetector/dataset/negativos/train/negativos_train_0621.jpg,/home/irar/Escritorio/ProyectoTaxiDetector/dataset/negativos/augmented/negativo_aug_01493.jpg
1494,negativos_train_0592.jpg,negativo_aug_01494.jpg,/home/irar/Escritorio/ProyectoTaxiDetector/dataset/negativos/train/negativos_train_0592.jpg,/home/irar/Escritorio/ProyectoTaxiDetector/dataset/negativos/augmented/negativo_aug_01494.jpg
1495,negativos_train_0411.jpg,negativo_aug_01495.jpg,/home/irar/Escritorio/ProyectoTaxiDetector/dataset/negativos/train/negativos_train_0411.jpg,/home/irar/Escritorio/ProyectoTaxiDetector/dataset/negativos/augmented/negativo_aug_01495.jpg
1496,negativos_train_0601.jpg,negativo_aug_01496.jpg,/home/irar/Escritorio/ProyectoTaxiDetector/dataset/negativos/train/negativos_train_0601.jpg,/home/irar/Escritorio/ProyectoTaxiDetector/dataset/negativos/augmented/negativo_aug_01496.jpg
1497,negativos_train_0363.jpg,negativo_aug_01497.jpg,/home/irar/Escritorio/ProyectoTaxiDetector/dataset/negativos/train/negativos_train_0363.jpg,/home/irar/Escritorio/ProyectoTaxiDetector/dataset/negativos/augmented/negativo_aug_01497.jpg
1498,negativos_train_0019.jpg,negativo_aug_01498.jpg,/home/irar/Escritorio/ProyectoTaxiDetector/dataset/negativos/train/negativos_train_0019.jpg,/home/irar/Escritorio/ProyectoTaxiDetector/dataset/negativos/augmented/negativo_aug_01498.jpg
1499,negativos_train_0537.jpg,negativo_aug_01499.jpg,/home/irar/Escritorio/ProyectoTaxiDetector/dataset/negativos/train/negativos_train_0537.jpg,/home/irar/Escritorio/ProyectoTaxiDetector/dataset/negativos/augmented/negativo_aug_01499.jpg
1500,negativos_train_0590.jpg,negativo_aug_01500.jpg,/home/irar/Escritorio/ProyectoTaxiDetector/dataset/negativos/train/negativos_train_0590.jpg,/home/irar/Escritorio/ProyectoTaxiDetector/dataset/negativos/augmented/negativo_aug_01500.jpg
1501,negativos_train_0397.jpg,negativo_aug_01501.jpg,/home/irar/Escritorio/ProyectoTaxiDetector/dataset/negativos/train/negativos_train_0397.jpg,/home/irar/Escritorio/ProyectoTaxiDetector/dataset/negativos/augmented/negativo_aug_01501.jpg
1502,negativos_train_0555.jpg,negativo_aug_01502.jpg,/home/irar/Escritorio/ProyectoTaxiDetector/dataset/negativos/train/negativos_train_0555.jpg,/home/irar/Escritorio/ProyectoTaxiDetector/dataset/negativos/augmented/negativo_aug_01502.jpg
1503,negativos_train_0328.jpg,negativo_aug_01503.jpg,/home/irar/Escritorio/ProyectoTaxiDetector/dataset/negativos/train/negativos_train_0328.jpg,/home/irar/Escritorio/ProyectoTaxiDetector/dataset/negativos/augmented/negativo_aug_01503.jpg
1504,negativos_train_0532.jpg,negativo_aug_01504.jpg,/home/irar/Escritorio/ProyectoTaxiDetector/dataset/negativos/train/negativos_train_0532.jpg,/home/irar/Escritorio/ProyectoTaxiDetector/dataset/negativos/augmented/negativo_aug_01504.jpg
1505,negativos_train_0078.jpg,negativo_aug_01505.jpg,/home/irar/Escritorio/ProyectoTaxiDetector/dataset/negativos/train/negativos_train_0078.jpg,/home/irar/Escritorio/ProyectoTaxiDetector/dataset/negativos/augmented/negativo_aug_01505.jpg
1506,negativos_train_0162.jpg,negativo_aug_01506.jpg,/home/irar/Escritorio/ProyectoTaxiDetector/dataset/negativos/train/negativos_train_0162.jpg,/home/irar/Escritorio/ProyectoTaxiDetector/dataset/negativos/augmented/negativo_aug_01506.jpg
1507,negativos_train_0280.jpg,negativo_aug_01507.jpg,/home/irar/Escritorio/ProyectoTaxiDetector/dataset/negativos/train/negativos_train_0280.jpg,/home/irar/Escritorio/ProyectoTaxiDetector/dataset/negativos/augmented/negativo_aug_01507.jpg
1508,negativos_train_0268.jpg,negativo_aug_01508.jpg,/home/irar/Escritorio/ProyectoTaxiDetector/dataset/negativos/train/negativos_train_0268.jpg,/home/irar/Escritorio/ProyectoTaxiDetector/dataset/negativos/augmented/negativo_aug_01508.jpg
1509,negativos_train_0018.jpg,negativo_aug_01509.jpg,/home/irar/Escritorio/ProyectoTaxiDetector/dataset/negativos/train/negativos_train_0018.jpg,/home/irar/Escritorio/ProyectoTaxiDetector/dataset/negativos/augmented/negativo_aug_01509.jpg
1510,negativos_train_0487.jpg,negativo_aug_01510.jpg,/home/irar/Escritorio/ProyectoTaxiDetector/dataset/negativos/train/negativos_train_0487.jpg,/home/irar/Escritorio/ProyectoTaxiDetector/dataset/negativos/augmented/negativo_aug_01510.jpg
1511,negativos_train_0261.jpg,negativo_aug_01511.jpg,/home/irar/Escritorio/ProyectoTaxiDetector/dataset/negativos/train/negativos_train_0261.jpg,/home/irar/Escritorio/ProyectoTaxiDetector/dataset/negativos/augmented/negativo_aug_01511.jpg
1512,negativos_train_0362.jpg,negativo_aug_01512.jpg,/home/irar/Escritorio/ProyectoTaxiDetector/dataset/negativos/train/negativos_train_0362.jpg,/home/irar/Escritorio/ProyectoTaxiDetector/dataset/negativos/augmented/negativo_aug_01512.jpg
1513,negativos_train_0305.jpg,negativo_aug_01513.jpg,/home/irar/Escritorio/ProyectoTaxiDetector/dataset/negativos/train/negativos_train_0305.jpg,/home/irar/Escritorio/ProyectoTaxiDetector/dataset/negativos/augmented/negativo_aug_01513.jpg
1514,negativos_train_0353.jpg,negativo_aug_01514.jpg,/home/irar/Escritorio/ProyectoTaxiDetector/dataset/negativos/train/negativos_train_0353.jpg,/home/irar/Escritorio/ProyectoTaxiDetector/dataset/negativos/augmented/negativo_aug_01514.jpg
1515,negativos_train_0453.jpg,negativo_aug_01515.jpg,/home/irar/Escritorio/ProyectoTaxiDetector/dataset/negativos/train/negativos_train_0453.jpg,/home/irar/Escritorio/ProyectoTaxiDetector/dataset/negativos/augmented/negativo_aug_01515.jpg
1516,negativos_train_0166.jpg,negativo_aug_01516.jpg,/home/irar/Escritorio/ProyectoTaxiDetector/dataset/negativos/train/negativos_train_0166.jpg,/home/irar/Escritorio/ProyectoTaxiDetector/dataset/negativos/augmented/negativo_aug_01516.jpg
1517,negativos_train_0230.jpg,negativo_aug_01517.jpg,/home/irar/Escritorio/ProyectoTaxiDetector/dataset/negativos/train/negativos_train_0230.jpg,/home/irar/Escritorio/ProyectoTaxiDetector/dataset/negativos/augmented/negativo_aug_01517.jpg
1518,negativos_train_0238.jpg,negativo_aug_01518.jpg,/home/irar/Escritorio/ProyectoTaxiDetector/dataset/negativos/train/negativos_train_0238.jpg,/home/irar/Escritorio/ProyectoTaxiDetector/dataset/negativos/augmented/negativo_aug_01518.jpg
1519,negativos_train_0253.jpg,negativo_aug_01519.jpg,/home/irar/Escritorio/ProyectoTaxiDetector/dataset/negativos/train/negativos_train_0253.jpg,/home/irar/Escritorio/ProyectoTaxiDetector/dataset/negativos/augmented/negativo_aug_01519.jpg
1520,negativos_train_0091.jpg,negativo_aug_01520.jpg,/home/irar/Escritorio/ProyectoTaxiDetector/dataset/negativos/train/negativos_train_0091.jpg,/home/irar/Escritorio/ProyectoTaxiDetector/dataset/negativos/augmented/negativo_aug_01520.jpg
1521,negativos_train_0604.jpg,negativo_aug_01521.jpg,/home/irar/Escritorio/ProyectoTaxiDetector/dataset/negativos/train/negativos_train_0604.jpg,/home/irar/Escritorio/ProyectoTaxiDetector/dataset/negativos/augmented/negativo_aug_01521.jpg
1522,negativos_train_0461.jpg,negativo_aug_01522.jpg,/home/irar/Escritorio/ProyectoTaxiDetector/dataset/negativos/train/negativos_train_0461.jpg,/home/irar/Escritorio/ProyectoTaxiDetector/dataset/negativos/augmented/negativo_aug_01522.jpg
1523,negativos_train_0089.jpg,negativo_aug_01523.jpg,/home/irar/Escritorio/ProyectoTaxiDetector/dataset/negativos/train/negativos_train_0089.jpg,/home/irar/Escritorio/ProyectoTaxiDetector/dataset/negativos/augmented/negativo_aug_01523.jpg
1524,negativos_train_0578.jpg,negativo_aug_01524.jpg,/home/irar/Escritorio/ProyectoTaxiDetector/dataset/negativos/train/negativos_train_0578.jpg,/home/irar/Escritorio/ProyectoTaxiDetector/dataset/negativos/augmented/negativo_aug_01524.jpg
1525,negativos_train_0132.jpg,negativo_aug_01525.jpg,/home/irar/Escritorio/ProyectoTaxiDetector/dataset/negativos/train/negativos_train_0132.jpg,/home/irar/Escritorio/ProyectoTaxiDetector/dataset/negativos/augmented/negativo_aug_01525.jpg
1526,negativos_train_0075.jpg,negativo_aug_01526.jpg,/home/irar/Escritorio/ProyectoTaxiDetector/dataset/negativos/train/negativos_train_0075.jpg,/home/irar/Escritorio/ProyectoTaxiDetector/dataset/negativos/augmented/negativo_aug_01526.jpg
1527,negativos_train_0053.jpg,negativo_aug_01527.jpg,/home/irar/Escritorio/ProyectoTaxiDetector/dataset/negativos/train/negativos_train_0053.jpg,/home/irar/Escritorio/ProyectoTaxiDetector/dataset/negativos/augmented/negativo_aug_01527.jpg
1528,negativos_train_0121.jpg,negativo_aug_01528.jpg,/home/irar/Escritorio/ProyectoTaxiDetector/dataset/negativos/train/negativos_train_0121.jpg,/home/irar/Escritorio/ProyectoTaxiDetector/dataset/negativos/augmented/negativo_aug_01528.jpg
1529,negativos_train_0510.jpg,negativo_aug_01529.jpg,/home/irar/Escritorio/ProyectoTaxiDetector/dataset/negativos/train/negativos_train_0510.jpg,/home/irar/Escritorio/ProyectoTaxiDetector/dataset/negativos/augmented/negativo_aug_01529.jpg
1530,negativos_train_0390.jpg,negativo_aug_01530.jpg,/home/irar/Escritorio/ProyectoTaxiDetector/dataset/negativos/train/negativos_train_0390.jpg,/home/irar/Escritorio/ProyectoTaxiDetector/dataset/negativos/augmented/negativo_aug_01530.jpg
1531,negativos_train_0540.jpg,negativo_aug_01531.jpg,/home/irar/Escritorio/ProyectoTaxiDetector/dataset/negativos/train/negativos_train_0540.jpg,/home/irar/Escritorio/ProyectoTaxiDetector/dataset/negativos/augmented/negativo_aug_01531.jpg
1532,negativos_train_0600.jpg,negativo_aug_01532.jpg,/home/irar/Escritorio/ProyectoTaxiDetector/dataset/negativos/train/negativos_train_0600.jpg,/home/irar/Escritorio/ProyectoTaxiDetector/dataset/negativos/augmented/negativo_aug_01532.jpg
1533,negativos_train_0276.jpg,negativo_aug_01533.jpg,/home/irar/Escritorio/ProyectoTaxiDetector/dataset/negativos/train/negativos_train_0276.jpg,/home/irar/Escritorio/ProyectoTaxiDetector/dataset/negativos/augmented/negativo_aug_01533.jpg
1534,negativos_train_0577.jpg,negativo_aug_01534.jpg,/home/irar/Escritorio/ProyectoTaxiDetector/dataset/negativos/train/negativos_train_0577.jpg,/home/irar/Escritorio/ProyectoTaxiDetector/dataset/negativos/augmented/negativo_aug_01534.jpg
1535,negativos_train_0298.jpg,negativo_aug_01535.jpg,/home/irar/Escritorio/ProyectoTaxiDetector/dataset/negativos/train/negativos_train_0298.jpg,/home/irar/Escritorio/ProyectoTaxiDetector/dataset/negativos/augmented/negativo_aug_01535.jpg
1536,negativos_train_0262.jpg,negativo_aug_01536.jpg,/home/irar/Escritorio/ProyectoTaxiDetector/dataset/negativos/train/negativos_train_0262.jpg,/home/irar/Escritorio/ProyectoTaxiDetector/dataset/negativos/augmented/negativo_aug_01536.jpg
1537,negativos_train_0366.jpg,negativo_aug_01537.jpg,/home/irar/Escritorio/ProyectoTaxiDetector/dataset/negativos/train/negativos_train_0366.jpg,/home/irar/Escritorio/ProyectoTaxiDetector/dataset/negativos/augmented/negativo_aug_01537.jpg
1538,negativos_train_0087.jpg,negativo_aug_01538.jpg,/home/irar/Escritorio/ProyectoTaxiDetector/dataset/negativos/train/negativos_train_0087.jpg,/home/irar/Escritorio/ProyectoTaxiDetector/dataset/negativos/augmented/negativo_aug_01538.jpg
1539,negativos_train_0171.jpg,negativo_aug_01539.jpg,/home/irar/Escritorio/ProyectoTaxiDetector/dataset/negativos/train/negativos_train_0171.jpg,/home/irar/Escritorio/ProyectoTaxiDetector/dataset/negativos/augmented/negativo_aug_01539.jpg
1540,negativos_train_0114.jpg,negativo_aug_01540.jpg,/home/irar/Escritorio/ProyectoTaxiDetector/dataset/negativos/train/negativos_train_0114.jpg,/home/irar/Escritorio/ProyectoTaxiDetector/dataset/negativos/augmented/negativo_aug_01540.jpg
1541,negativos_train_0573.jpg,negativo_aug_01541.jpg,/home/irar/Escritorio/ProyectoTaxiDetector/dataset/negativos/train/negativos_train_0573.jpg,/home/irar/Escritorio/ProyectoTaxiDetector/dataset/negativos/augmented/negativo_aug_01541.jpg
1542,negativos_train_0392.jpg,negativo_aug_01542.jpg,/home/irar/Escritorio/ProyectoTaxiDetector/dataset/negativos/train/negativos_train_0392.jpg,/home/irar/Escritorio/ProyectoTaxiDetector/dataset/negativos/augmented/negativo_aug_01542.jpg
1543,negativos_train_0335.jpg,negativo_aug_01543.jpg,/home/irar/Escritorio/ProyectoTaxiDetector/dataset/negativos/train/negativos_train_0335.jpg,/home/irar/Escritorio/ProyectoTaxiDetector/dataset/negativos/augmented/negativo_aug_01543.jpg
1544,negativos_train_0041.jpg,negativo_aug_01544.jpg,/home/irar/Escritorio/ProyectoTaxiDetector/dataset/negativos/train/negativos_train_0041.jpg,/home/irar/Escritorio/ProyectoTaxiDetector/dataset/negativos/augmented/negativo_aug_01544.jpg
1545,negativos_train_0622.jpg,negativo_aug_01545.jpg,/home/irar/Escritorio/ProyectoTaxiDetector/dataset/negativos/train/negativos_train_0622.jpg,/home/irar/Escritorio/ProyectoTaxiDetector/dataset/negativos/augmented/negativo_aug_01545.jpg
1546,negativos_train_0384.jpg,negativo_aug_01546.jpg,/home/irar/Escritorio/ProyectoTaxiDetector/dataset/negativos/train/negativos_train_0384.jpg,/home/irar/Escritorio/ProyectoTaxiDetector/dataset/negativos/augmented/negativo_aug_01546.jpg
1547,negativos_train_0386.jpg,negativo_aug_01547.jpg,/home/irar/Escritorio/ProyectoTaxiDetector/dataset/negativos/train/negativos_train_0386.jpg,/home/irar/Escritorio/ProyectoTaxiDetector/dataset/negativos/augmented/negativo_aug_01547.jpg
1548,negativos_train_0125.jpg,negativo_aug_01548.jpg,/home/irar/Escritorio/ProyectoTaxiDetector/dataset/negativos/train/negativos_train_0125.jpg,/home/irar/Escritorio/ProyectoTaxiDetector/dataset/negativos/augmented/negativo_aug_01548.jpg
1549,negativos_train_0055.jpg,negativo_aug_01549.jpg,/home/irar/Escritorio/ProyectoTaxiDetector/dataset/negativos/train/negativos_train_0055.jpg,/home/irar/Escritorio/ProyectoTaxiDetector/dataset/negativos/augmented/negativo_aug_01549.jpg
1550,negativos_train_0524.jpg,negativo_aug_01550.jpg,/home/irar/Escritorio/ProyectoTaxiDetector/dataset/negativos/train/negativos_train_0524.jpg,/home/irar/Escritorio/ProyectoTaxiDetector/dataset/negativos/augmented/negativo_aug_01550.jpg
1551,negativos_train_0046.jpg,negativo_aug_01551.jpg,/home/irar/Escritorio/ProyectoTaxiDetector/dataset/negativos/train/negativos_train_0046.jpg,/home/irar/Escritorio/ProyectoTaxiDetector/dataset/negativos/augmented/negativo_aug_01551.jpg
1552,negativos_train_0186.jpg,negativo_aug_01552.jpg,/home/irar/Escritorio/ProyectoTaxiDetector/dataset/negativos/train/negativos_train_0186.jpg,/home/irar/Escritorio/ProyectoTaxiDetector/dataset/negativos/augmented/negativo_aug_01552.jpg
1553,negativos_train_0486.jpg,negativo_aug_01553.jpg,/home/irar/Escritorio/ProyectoTaxiDetector/dataset/negativos/train/negativos_train_0486.jpg,/home/irar/Escritorio/ProyectoTaxiDetector/dataset/negativos/augmented/negativo_aug_01553.jpg
1554,negativos_train_0088.jpg,negativo_aug_01554.jpg,/home/irar/Escritorio/ProyectoTaxiDetector/dataset/negativos/train/negativos_train_0088.jpg,/home/irar/Escritorio/ProyectoTaxiDetector/dataset/negativos/augmented/negativo_aug_01554.jpg
1555,negativos_train_0614.jpg,negativo_aug_01555.jpg,/home/irar/Escritorio/ProyectoTaxiDetector/dataset/negativos/train/negativos_train_0614.jpg,/home/irar/Escritorio/ProyectoTaxiDetector/dataset/negativos/augmented/negativo_aug_01555.jpg
1556,negativos_train_0011.jpg,negativo_aug_01556.jpg,/home/irar/Escritorio/ProyectoTaxiDetector/dataset/negativos/train/negativos_train_0011.jpg,/home/irar/Escritorio/ProyectoTaxiDetector/dataset/negativos/augmented/negativo_aug_01556.jpg
1557,negativos_train_0481.jpg,negativo_aug_01557.jpg,/home/irar/Escritorio/ProyectoTaxiDetector/dataset/negativos/train/negativos_train_0481.jpg,/home/irar/Escritorio/ProyectoTaxiDetector/dataset/negativos/augmented/negativo_aug_01557.jpg
1558,negativos_train_0359.jpg,negativo_aug_01558.jpg,/home/irar/Escritorio/ProyectoTaxiDetector/dataset/negativos/train/negativos_train_0359.jpg,/home/irar/Escritorio/ProyectoTaxiDetector/dataset/negativos/augmented/negativo_aug_01558.jpg
1559,negativos_train_0326.jpg,negativo_aug_01559.jpg,/home/irar/Escritorio/ProyectoTaxiDetector/dataset/negativos/train/negativos_train_0326.jpg,/home/irar/Escritorio/ProyectoTaxiDetector/dataset/negativos/augmented/negativo_aug_01559.jpg
1560,negativos_train_0214.jpg,negativo_aug_01560.jpg,/home/irar/Escritorio/ProyectoTaxiDetector/dataset/negativos/train/negativos_train_0214.jpg,/home/irar/Escritorio/ProyectoTaxiDetector/dataset/negativos/augmented/negativo_aug_01560.jpg
1561,negativos_train_0208.jpg,negativo_aug_01561.jpg,/home/irar/Escritorio/ProyectoTaxiDetector/dataset/negativos/train/negativos_train_0208.jpg,/home/irar/Escritorio/ProyectoTaxiDetector/dataset/negativos/augmented/negativo_aug_01561.jpg
1562,negativos_train_0519.jpg,negativo_aug_01562.jpg,/home/irar/Escritorio/ProyectoTaxiDetector/dataset/negativos/train/negativos_train_0519.jpg,/home/irar/Escritorio/ProyectoTaxiDetector/dataset/negativos/augmented/negativo_aug_01562.jpg
1563,negativos_train_0410.jpg,negativo_aug_01563.jpg,/home/irar/Escritorio/ProyectoTaxiDetector/dataset/negativos/train/negativos_train_0410.jpg,/home/irar/Escritorio/ProyectoTaxiDetector/dataset/negativos/augmented/negativo_aug_01563.jpg
1564,negativos_train_0295.jpg,negativo_aug_01564.jpg,/home/irar/Escritorio/ProyectoTaxiDetector/dataset/negativos/train/negativos_train_0295.jpg,/home/irar/Escritorio/ProyectoTaxiDetector/dataset/negativos/augmented/negativo_aug_01564.jpg
1565,negativos_train_0595.jpg,negativo_aug_01565.jpg,/home/irar/Escritorio/ProyectoTaxiDetector/dataset/negativos/train/negativos_train_0595.jpg,/home/irar/Escritorio/ProyectoTaxiDetector/dataset/negativos/augmented/negativo_aug_01565.jpg
1566,negativos_train_0040.jpg,negativo_aug_01566.jpg,/home/irar/Escritorio/ProyectoTaxiDetector/dataset/negativos/train/negativos_train_0040.jpg,/home/irar/Escritorio/ProyectoTaxiDetector/dataset/negativos/augmented/negativo_aug_01566.jpg
1567,negativos_train_0236.jpg,negativo_aug_01567.jpg,/home/irar/Escritorio/ProyectoTaxiDetector/dataset/negativos/train/negativos_train_0236.jpg,/home/irar/Escritorio/ProyectoTaxiDetector/dataset/negativos/augmented/negativo_aug_01567.jpg
1568,negativos_train_0010.jpg,negativo_aug_01568.jpg,/home/irar/Escritorio/ProyectoTaxiDetector/dataset/negativos/train/negativos_train_0010.jpg,/home/irar/Escritorio/ProyectoTaxiDetector/dataset/negativos/augmented/negativo_aug_01568.jpg
1569,negativos_train_0224.jpg,negativo_aug_01569.jpg,/home/irar/Escritorio/ProyectoTaxiDetector/dataset/negativos/train/negativos_train_0224.jpg,/home/irar/Escritorio/ProyectoTaxiDetector/dataset/negativos/augmented/negativo_aug_01569.jpg
1570,negativos_train_0566.jpg,negativo_aug_01570.jpg,/home/irar/Escritorio/ProyectoTaxiDetector/dataset/negativos/train/negativos_train_0566.jpg,/home/irar/Escritorio/ProyectoTaxiDetector/dataset/negativos/augmented/negativo_aug_01570.jpg
1571,negativos_train_0204.jpg,negativo_aug_01571.jpg,/home/irar/Escritorio/ProyectoTaxiDetector/dataset/negativos/train/negativos_train_0204.jpg,/home/irar/Escritorio/ProyectoTaxiDetector/dataset/negativos/augmented/negativo_aug_01571.jpg
1572,negativos_train_0037.jpg,negativo_aug_01572.jpg,/home/irar/Escritorio/ProyectoTaxiDetector/dataset/negativos/train/negativos_train_0037.jpg,/home/irar/Escritorio/ProyectoTaxiDetector/dataset/negativos/augmented/negativo_aug_01572.jpg
1573,negativos_train_0533.jpg,negativo_aug_01573.jpg,/home/irar/Escritorio/ProyectoTaxiDetector/dataset/negativos/train/negativos_train_0533.jpg,/home/irar/Escritorio/ProyectoTaxiDetector/dataset/negativos/augmented/negativo_aug_01573.jpg
1574,negativos_train_0586.jpg,negativo_aug_01574.jpg,/home/irar/Escritorio/ProyectoTaxiDetector/dataset/negativos/train/negativos_train_0586.jpg,/home/irar/Escritorio/ProyectoTaxiDetector/dataset/negativos/augmented/negativo_aug_01574.jpg
1575,negativos_train_0626.jpg,negativo_aug_01575.jpg,/home/irar/Escritorio/ProyectoTaxiDetector/dataset/negativos/train/negativos_train_0626.jpg,/home/irar/Escritorio/ProyectoTaxiDetector/dataset/negativos/augmented/negativo_aug_01575.jpg
1576,negativos_train_0118.jpg,negativo_aug_01576.jpg,/home/irar/Escritorio/ProyectoTaxiDetector/dataset/negativos/train/negativos_train_0118.jpg,/home/irar/Escritorio/ProyectoTaxiDetector/dataset/negativos/augmented/negativo_aug_01576.jpg
1577,negativos_train_0273.jpg,negativo_aug_01577.jpg,/home/irar/Escritorio/ProyectoTaxiDetector/dataset/negativos/train/negativos_train_0273.jpg,/home/irar/Escritorio/ProyectoTaxiDetector/dataset/negativos/augmented/negativo_aug_01577.jpg
1578,negativos_train_0571.jpg,negativo_aug_01578.jpg,/home/irar/Escritorio/ProyectoTaxiDetector/dataset/negativos/train/negativos_train_0571.jpg,/home/irar/Escritorio/ProyectoTaxiDetector/dataset/negativos/augmented/negativo_aug_01578.jpg
1579,negativos_train_0447.jpg,negativo_aug_01579.jpg,/home/irar/Escritorio/ProyectoTaxiDetector/dataset/negativos/train/negativos_train_0447.jpg,/home/irar/Escritorio/ProyectoTaxiDetector/dataset/negativos/augmented/negativo_aug_01579.jpg
1580,negativos_train_0090.jpg,negativo_aug_01580.jpg,/home/irar/Escritorio/ProyectoTaxiDetector/dataset/negativos/train/negativos_train_0090.jpg,/home/irar/Escritorio/ProyectoTaxiDetector/dataset/negativos/augmented/negativo_aug_01580.jpg
1581,negativos_train_0440.jpg,negativo_aug_01581.jpg,/home/irar/Escritorio/ProyectoTaxiDetector/dataset/negativos/train/negativos_train_0440.jpg,/home/irar/Escritorio/ProyectoTaxiDetector/dataset/negativos/augmented/negativo_aug_01581.jpg
1582,negativos_train_0255.jpg,negativo_aug_01582.jpg,/home/irar/Escritorio/ProyectoTaxiDetector/dataset/negativos/train/negativos_train_0255.jpg,/home/irar/Escritorio/ProyectoTaxiDetector/dataset/negativos/augmented/negativo_aug_01582.jpg
1583,negativos_train_0542.jpg,negativo_aug_01583.jpg,/home/irar/Escritorio/ProyectoTaxiDetector/dataset/negativos/train/negativos_train_0542.jpg,/home/irar/Escritorio/ProyectoTaxiDetector/dataset/negativos/augmented/negativo_aug_01583.jpg
1584,negativos_train_0062.jpg,negativo_aug_01584.jpg,/home/irar/Escritorio/ProyectoTaxiDetector/dataset/negativos/train/negativos_train_0062.jpg,/home/irar/Escritorio/ProyectoTaxiDetector/dataset/negativos/augmented/negativo_aug_01584.jpg
1585,negativos_train_0168.jpg,negativo_aug_01585.jpg,/home/irar/Escritorio/ProyectoTaxiDetector/dataset/negativos/train/negativos_train_0168.jpg,/home/irar/Escritorio/ProyectoTaxiDetector/dataset/negativos/augmented/negativo_aug_01585.jpg
1586,negativos_train_0552.jpg,negativo_aug_01586.jpg,/home/irar/Escritorio/ProyectoTaxiDetector/dataset/negativos/train/negativos_train_0552.jpg,/home/irar/Escritorio/ProyectoTaxiDetector/dataset/negativos/augmented/negativo_aug_01586.jpg
1587,negativos_train_0528.jpg,negativo_aug_01587.jpg,/home/irar/Escritorio/ProyectoTaxiDetector/dataset/negativos/train/negativos_train_0528.jpg,/home/irar/Escritorio/ProyectoTaxiDetector/dataset/negativos/augmented/negativo_aug_01587.jpg
1588,negativos_train_0560.jpg,negativo_aug_01588.jpg,/home/irar/Escritorio/ProyectoTaxiDetector/dataset/negativos/train/negativos_train_0560.jpg,/home/irar/Escritorio/ProyectoTaxiDetector/dataset/negativos/augmented/negativo_aug_01588.jpg
1589,negativos_train_0473.jpg,negativo_aug_01589.jpg,/home/irar/Escritorio/ProyectoTaxiDetector/dataset/negativos/train/negativos_train_0473.jpg,/home/irar/Escritorio/ProyectoTaxiDetector/dataset/negativos/augmented/negativo_aug_01589.jpg
1590,negativos_train_0155.jpg,negativo_aug_01590.jpg,/home/irar/Escritorio/ProyectoTaxiDetector/dataset/negativos/train/negativos_train_0155.jpg,/home/irar/Escritorio/ProyectoTaxiDetector/dataset/negativos/augmented/negativo_aug_01590.jpg
1591,negativos_train_0105.jpg,negativo_aug_01591.jpg,/home/irar/Escritorio/ProyectoTaxiDetector/dataset/negativos/train/negativos_train_0105.jpg,/home/irar/Escritorio/ProyectoTaxiDetector/dataset/negativos/augmented/negativo_aug_01591.jpg
1592,negativos_train_0389.jpg,negativo_aug_01592.jpg,/home/irar/Escritorio/ProyectoTaxiDetector/dataset/negativos/train/negativos_train_0389.jpg,/home/irar/Escritorio/ProyectoTaxiDetector/dataset/negativos/augmented/negativo_aug_01592.jpg
1593,negativos_train_0029.jpg,negativo_aug_01593.jpg,/home/irar/Escritorio/ProyectoTaxiDetector/dataset/negativos/train/negativos_train_0029.jpg,/home/irar/Escritorio/ProyectoTaxiDetector/dataset/negativos/augmented/negativo_aug_01593.jpg
1594,negativos_train_0307.jpg,negativo_aug_01594.jpg,/home/irar/Escritorio/ProyectoTaxiDetector/dataset/negativos/train/negativos_train_0307.jpg,/home/irar/Escritorio/ProyectoTaxiDetector/dataset/negativos/augmented/negativo_aug_01594.jpg
1595,negativos_train_0203.jpg,negativo_aug_01595.jpg,/home/irar/Escritorio/ProyectoTaxiDetector/dataset/negativos/train/negativos_train_0203.jpg,/home/irar/Escritorio/ProyectoTaxiDetector/dataset/negativos/augmented/negativo_aug_01595.jpg
1596,negativos_train_0548.jpg,negativo_aug_01596.jpg,/home/irar/Escritorio/ProyectoTaxiDetector/dataset/negativos/train/negativos_train_0548.jpg,/home/irar/Escritorio/ProyectoTaxiDetector/dataset/negativos/augmented/negativo_aug_01596.jpg
1597,negativos_train_0024.jpg,negativo_aug_01597.jpg,/home/irar/Escritorio/ProyectoTaxiDetector/dataset/negativos/train/negativos_train_0024.jpg,/home/irar/Escritorio/ProyectoTaxiDetector/dataset/negativos/augmented/negativo_aug_01597.jpg
1598,negativos_train_0158.jpg,negativo_aug_01598.jpg,/home/irar/Escritorio/ProyectoTaxiDetector/dataset/negativos/train/negativos_train_0158.jpg,/home/irar/Escritorio/ProyectoTaxiDetector/dataset/negativos/augmented/negativo_aug_01598.jpg
1599,negativos_train_0270.jpg,negativo_aug_01599.jpg,/home/irar/Escritorio/ProyectoTaxiDetector/dataset/negativos/train/negativos_train_0270.jpg,/home/irar/Escritorio/ProyectoTaxiDetector/dataset/negativos/augmented/negativo_aug_01599.jpg
1600,negativos_train_0563.jpg,negativo_aug_01600.jpg,/home/irar/Escritorio/ProyectoTaxiDetector/dataset/negativos/train/negativos_train_0563.jpg,/home/irar/Escritorio/ProyectoTaxiDetector/dataset/negativos/augmented/negativo_aug_01600.jpg
1601,negativos_train_0304.jpg,negativo_aug_01601.jpg,/home/irar/Escritorio/ProyectoTaxiDetector/dataset/negativos/train/negativos_train_0304.jpg,/home/irar/Escritorio/ProyectoTaxiDetector/dataset/negativos/augmented/negativo_aug_01601.jpg
1602,negativos_train_0146.jpg,negativo_aug_01602.jpg,/home/irar/Escritorio/ProyectoTaxiDetector/dataset/negativos/train/negativos_train_0146.jpg,/home/irar/Escritorio/ProyectoTaxiDetector/dataset/negativos/augmented/negativo_aug_01602.jpg
1603,negativos_train_0057.jpg,negativo_aug_01603.jpg,/home/irar/Escritorio/ProyectoTaxiDetector/dataset/negativos/train/negativos_train_0057.jpg,/home/irar/Escritorio/ProyectoTaxiDetector/dataset/negativos/augmented/negativo_aug_01603.jpg
1604,negativos_train_0479.jpg,negativo_aug_01604.jpg,/home/irar/Escritorio/ProyectoTaxiDetector/dataset/negativos/train/negativos_train_0479.jpg,/home/irar/Escritorio/ProyectoTaxiDetector/dataset/negativos/augmented/negativo_aug_01604.jpg
1605,negativos_train_0177.jpg,negativo_aug_01605.jpg,/home/irar/Escritorio/ProyectoTaxiDetector/dataset/negativos/train/negativos_train_0177.jpg,/home/irar/Escritorio/ProyectoTaxiDetector/dataset/negativos/augmented/negativo_aug_01605.jpg
1606,negativos_train_0415.jpg,negativo_aug_01606.jpg,/home/irar/Escritorio/ProyectoTaxiDetector/dataset/negativos/train/negativos_train_0415.jpg,/home/irar/Escritorio/ProyectoTaxiDetector/dataset/negativos/augmented/negativo_aug_01606.jpg
1607,negativos_train_0263.jpg,negativo_aug_01607.jpg,/home/irar/Escritorio/ProyectoTaxiDetector/dataset/negativos/train/negativos_train_0263.jpg,/home/irar/Escritorio/ProyectoTaxiDetector/dataset/negativos/augmented/negativo_aug_01607.jpg
1608,negativos_train_0376.jpg,negativo_aug_01608.jpg,/home/irar/Escritorio/ProyectoTaxiDetector/dataset/negativos/train/negativos_train_0376.jpg,/home/irar/Escritorio/ProyectoTaxiDetector/dataset/negativos/augmented/negativo_aug_01608.jpg
1609,negativos_train_0357.jpg,negativo_aug_01609.jpg,/home/irar/Escritorio/ProyectoTaxiDetector/dataset/negativos/train/negativos_train_0357.jpg,/home/irar/Escritorio/ProyectoTaxiDetector/dataset/negativos/augmented/negativo_aug_01609.jpg
1610,negativos_train_0523.jpg,negativo_aug_01610.jpg,/home/irar/Escritorio/ProyectoTaxiDetector/dataset/negativos/train/negativos_train_0523.jpg,/home/irar/Escritorio/ProyectoTaxiDetector/dataset/negativos/augmented/negativo_aug_01610.jpg
1611,negativos_train_0399.jpg,negativo_aug_01611.jpg,/home/irar/Escritorio/ProyectoTaxiDetector/dataset/negativos/train/negativos_train_0399.jpg,/home/irar/Escritorio/ProyectoTaxiDetector/dataset/negativos/augmented/negativo_aug_01611.jpg
1612,negativos_train_0311.jpg,negativo_aug_01612.jpg,/home/irar/Escritorio/ProyectoTaxiDetector/dataset/negativos/train/negativos_train_0311.jpg,/home/irar/Escritorio/ProyectoTaxiDetector/dataset/negativos/augmented/negativo_aug_01612.jpg
1613,negativos_train_0249.jpg,negativo_aug_01613.jpg,/home/irar/Escritorio/ProyectoTaxiDetector/dataset/negativos/train/negativos_train_0249.jpg,/home/irar/Escritorio/ProyectoTaxiDetector/dataset/negativos/augmented/negativo_aug_01613.jpg
1614,negativos_train_0567.jpg,negativo_aug_01614.jpg,/home/irar/Escritorio/ProyectoTaxiDetector/dataset/negativos/train/negativos_train_0567.jpg,/home/irar/Escritorio/ProyectoTaxiDetector/dataset/negativos/augmented/negativo_aug_01614.jpg
1615,negativos_train_0339.jpg,negativo_aug_01615.jpg,/home/irar/Escritorio/ProyectoTaxiDetector/dataset/negativos/train/negativos_train_0339.jpg,/home/irar/Escritorio/ProyectoTaxiDetector/dataset/negativos/augmented/negativo_aug_01615.jpg
1616,negativos_train_0530.jpg,negativo_aug_01616.jpg,/home/irar/Escritorio/ProyectoTaxiDetector/dataset/negativos/train/negativos_train_0530.jpg,/home/irar/Escritorio/ProyectoTaxiDetector/dataset/negativos/augmented/negativo_aug_01616.jpg
1617,negativos_train_0395.jpg,negativo_aug_01617.jpg,/home/irar/Escritorio/ProyectoTaxiDetector/dataset/negativos/train/negativos_train_0395.jpg,/home/irar/Escritorio/ProyectoTaxiDetector/dataset/negativos/augmented/negativo_aug_01617.jpg
1618,negativos_train_0042.jpg,negativo_aug_01618.jpg,/home/irar/Escritorio/ProyectoTaxiDetector/dataset/negativos/train/negativos_train_0042.jpg,/home/irar/Escritorio/ProyectoTaxiDetector/dataset/negativos/augmented/negativo_aug_01618.jpg
1619,negativos_train_0629.jpg,negativo_aug_01619.jpg,/home/irar/Escritorio/ProyectoTaxiDetector/dataset/negativos/train/negativos_train_0629.jpg,/home/irar/Escritorio/ProyectoTaxiDetector/dataset/negativos/augmented/negativo_aug_01619.jpg
1620,negativos_train_0615.jpg,negativo_aug_01620.jpg,/home/irar/Escritorio/ProyectoTaxiDetector/dataset/negativos/train/negativos_train_0615.jpg,/home/irar/Escritorio/ProyectoTaxiDetector/dataset/negativos/augmented/negativo_aug_01620.jpg
1621,negativos_train_0317.jpg,negativo_aug_01621.jpg,/home/irar/Escritorio/ProyectoTaxiDetector/dataset/negativos/train/negativos_train_0317.jpg,/home/irar/Escritorio/ProyectoTaxiDetector/dataset/negativos/augmented/negativo_aug_01621.jpg
1622,negativos_train_0531.jpg,negativo_aug_01622.jpg,/home/irar/Escritorio/ProyectoTaxiDetector/dataset/negativos/train/negativos_train_0531.jpg,/home/irar/Escritorio/ProyectoTaxiDetector/dataset/negativos/augmented/negativo_aug_01622.jpg
1623,negativos_train_0423.jpg,negativo_aug_01623.jpg,/home/irar/Escritorio/ProyectoTaxiDetector/dataset/negativos/train/negativos_train_0423.jpg,/home/irar/Escritorio/ProyectoTaxiDetector/dataset/negativos/augmented/negativo_aug_01623.jpg
1624,negativos_train_0536.jpg,negativo_aug_01624.jpg,/home/irar/Escritorio/ProyectoTaxiDetector/dataset/negativos/train/negativos_train_0536.jpg,/home/irar/Escritorio/ProyectoTaxiDetector/dataset/negativos/augmented/negativo_aug_01624.jpg
1625,negativos_train_0477.jpg,negativo_aug_01625.jpg,/home/irar/Escritorio/ProyectoTaxiDetector/dataset/negativos/train/negativos_train_0477.jpg,/home/irar/Escritorio/ProyectoTaxiDetector/dataset/negativos/augmented/negativo_aug_01625.jpg
1626,negativos_train_0499.jpg,negativo_aug_01626.jpg,/home/irar/Escritorio/ProyectoTaxiDetector/dataset/negativos/train/negativos_train_0499.jpg,/home/irar/Escritorio/ProyectoTaxiDetector/dataset/negativos/augmented/negativo_aug_01626.jpg
1627,negativos_train_0291.jpg,negativo_aug_01627.jpg,/home/irar/Escritorio/ProyectoTaxiDetector/dataset/negativos/train/negativos_train_0291.jpg,/home/irar/Escritorio/ProyectoTaxiDetector/dataset/negativos/augmented/negativo_aug_01627.jpg
1628,negativos_train_0501.jpg,negativo_aug_01628.jpg,/home/irar/Escritorio/ProyectoTaxiDetector/dataset/negativos/train/negativos_train_0501.jpg,/home/irar/Escritorio/ProyectoTaxiDetector/dataset/negativos/augmented/negativo_aug_01628.jpg
1629,negativos_train_0429.jpg,negativo_aug_01629.jpg,/home/irar/Escritorio/ProyectoTaxiDetector/dataset/negativos/train/negativos_train_0429.jpg,/home/irar/Escritorio/ProyectoTaxiDetector/dataset/negativos/augmented/negativo_aug_01629.jpg
1630,negativos_train_0190.jpg,negativo_aug_01630.jpg,/home/irar/Escritorio/ProyectoTaxiDetector/dataset/negativos/train/negativos_train_0190.jpg,/home/irar/Escritorio/ProyectoTaxiDetector/dataset/negativos/augmented/negativo_aug_01630.jpg
1631,negativos_train_0081.jpg,negativo_aug_01631.jpg,/home/irar/Escritorio/ProyectoTaxiDetector/dataset/negativos/train/negativos_train_0081.jpg,/home/irar/Escritorio/ProyectoTaxiDetector/dataset/negativos/augmented/negativo_aug_01631.jpg
1632,negativos_train_0175.jpg,negativo_aug_01632.jpg,/home/irar/Escritorio/ProyectoTaxiDetector/dataset/negativos/train/negativos_train_0175.jpg,/home/irar/Escritorio/ProyectoTaxiDetector/dataset/negativos/augmented/negativo_aug_01632.jpg
1633,negativos_train_0472.jpg,negativo_aug_01633.jpg,/home/irar/Escritorio/ProyectoTaxiDetector/dataset/negativos/train/negativos_train_0472.jpg,/home/irar/Escritorio/ProyectoTaxiDetector/dataset/negativos/augmented/negativo_aug_01633.jpg
1634,negativos_train_0215.jpg,negativo_aug_01634.jpg,/home/irar/Escritorio/ProyectoTaxiDetector/dataset/negativos/train/negativos_train_0215.jpg,/home/irar/Escritorio/ProyectoTaxiDetector/dataset/negativos/augmented/negativo_aug_01634.jpg
1635,negativos_train_0193.jpg,negativo_aug_01635.jpg,/home/irar/Escritorio/ProyectoTaxiDetector/dataset/negativos/train/negativos_train_0193.jpg,/home/irar/Escritorio/ProyectoTaxiDetector/dataset/negativos/augmented/negativo_aug_01635.jpg
1636,negativos_train_0480.jpg,negativo_aug_01636.jpg,/home/irar/Escritorio/ProyectoTaxiDetector/dataset/negativos/train/negativos_train_0480.jpg,/home/irar/Escritorio/ProyectoTaxiDetector/dataset/negativos/augmented/negativo_aug_01636.jpg
1637,negativos_train_0498.jpg,negativo_aug_01637.jpg,/home/irar/Escritorio/ProyectoTaxiDetector/dataset/negativos/train/negativos_train_0498.jpg,/home/irar/Escritorio/ProyectoTaxiDetector/dataset/negativos/augmented/negativo_aug_01637.jpg
1638,negativos_train_0457.jpg,negativo_aug_01638.jpg,/home/irar/Escritorio/ProyectoTaxiDetector/dataset/negativos/train/negativos_train_0457.jpg,/home/irar/Escritorio/ProyectoTaxiDetector/dataset/negativos/augmented/negativo_aug_01638.jpg
1639,negativos_train_0545.jpg,negativo_aug_01639.jpg,/home/irar/Escritorio/ProyectoTaxiDetector/dataset/negativos/train/negativos_train_0545.jpg,/home/irar/Escritorio/ProyectoTaxiDetector/dataset/negativos/augmented/negativo_aug_01639.jpg
1640,negativos_train_0602.jpg,negativo_aug_01640.jpg,/home/irar/Escritorio/ProyectoTaxiDetector/dataset/negativos/train/negativos_train_0602.jpg,/home/irar/Escritorio/ProyectoTaxiDetector/dataset/negativos/augmented/negativo_aug_01640.jpg
1641,negativos_train_0584.jpg,negativo_aug_01641.jpg,/home/irar/Escritorio/ProyectoTaxiDetector/dataset/negativos/train/negativos_train_0584.jpg,/home/irar/Escritorio/ProyectoTaxiDetector/dataset/negativos/augmented/negativo_aug_01641.jpg
1642,negativos_train_0073.jpg,negativo_aug_01642.jpg,/home/irar/Escritorio/ProyectoTaxiDetector/dataset/negativos/train/negativos_train_0073.jpg,/home/irar/Escritorio/ProyectoTaxiDetector/dataset/negativos/augmented/negativo_aug_01642.jpg
1643,negativos_train_0036.jpg,negativo_aug_01643.jpg,/home/irar/Escritorio/ProyectoTaxiDetector/dataset/negativos/train/negativos_train_0036.jpg,/home/irar/Escritorio/ProyectoTaxiDetector/dataset/negativos/augmented/negativo_aug_01643.jpg
1644,negativos_train_0206.jpg,negativo_aug_01644.jpg,/home/irar/Escritorio/ProyectoTaxiDetector/dataset/negativos/train/negativos_train_0206.jpg,/home/irar/Escritorio/ProyectoTaxiDetector/dataset/negativos/augmented/negativo_aug_01644.jpg
1645,negativos_train_0400.jpg,negativo_aug_01645.jpg,/home/irar/Escritorio/ProyectoTaxiDetector/dataset/negativos/train/negativos_train_0400.jpg,/home/irar/Escritorio/ProyectoTaxiDetector/dataset/negativos/augmented/negativo_aug_01645.jpg
1646,negativos_train_0290.jpg,negativo_aug_01646.jpg,/home/irar/Escritorio/ProyectoTaxiDetector/dataset/negativos/train/negativos_train_0290.jpg,/home/irar/Escritorio/ProyectoTaxiDetector/dataset/negativos/augmented/negativo_aug_01646.jpg
1647,negativos_train_0074.jpg,negativo_aug_01647.jpg,/home/irar/Escritorio/ProyectoTaxiDetector/dataset/negativos/train/negativos_train_0074.jpg,/home/irar/Escritorio/ProyectoTaxiDetector/dataset/negativos/augmented/negativo_aug_01647.jpg
1648,negativos_train_0396.jpg,negativo_aug_01648.jpg,/home/irar/Escritorio/ProyectoTaxiDetector/dataset/negativos/train/negativos_train_0396.jpg,/home/irar/Escritorio/ProyectoTaxiDetector/dataset/negativos/augmented/negativo_aug_01648.jpg
1649,negativos_train_0004.jpg,negativo_aug_01649.jpg,/home/irar/Escritorio/ProyectoTaxiDetector/dataset/negativos/train/negativos_train_0004.jpg,/home/irar/Escritorio/ProyectoTaxiDetector/dataset/negativos/augmented/negativo_aug_01649.jpg
1650,negativos_train_0587.jpg,negativo_aug_01650.jpg,/home/irar/Escritorio/ProyectoTaxiDetector/dataset/negativos/train/negativos_train_0587.jpg,/home/irar/Escritorio/ProyectoTaxiDetector/dataset/negativos/augmented/negativo_aug_01650.jpg
1651,negativos_train_0474.jpg,negativo_aug_01651.jpg,/home/irar/Escritorio/ProyectoTaxiDetector/dataset/negativos/train/negativos_train_0474.jpg,/home/irar/Escritorio/ProyectoTaxiDetector/dataset/negativos/augmented/negativo_aug_01651.jpg
1652,negativos_train_0591.jpg,negativo_aug_01652.jpg,/home/irar/Escritorio/ProyectoTaxiDetector/dataset/negativos/train/negativos_train_0591.jpg,/home/irar/Escritorio/ProyectoTaxiDetector/dataset/negativos/augmented/negativo_aug_01652.jpg
1653,negativos_train_0414.jpg,negativo_aug_01653.jpg,/home/irar/Escritorio/ProyectoTaxiDetector/dataset/negativos/train/negativos_train_0414.jpg,/home/irar/Escritorio/ProyectoTaxiDetector/dataset/negativos/augmented/negativo_aug_01653.jpg
1654,negativos_train_0490.jpg,negativo_aug_01654.jpg,/home/irar/Escritorio/ProyectoTaxiDetector/dataset/negativos/train/negativos_train_0490.jpg,/home/irar/Escritorio/ProyectoTaxiDetector/dataset/negativos/augmented/negativo_aug_01654.jpg
1655,negativos_train_0140.jpg,negativo_aug_01655.jpg,/home/irar/Escritorio/ProyectoTaxiDetector/dataset/negativos/train/negativos_train_0140.jpg,/home/irar/Escritorio/ProyectoTaxiDetector/dataset/negativos/augmented/negativo_aug_01655.jpg
1656,negativos_train_0630.jpg,negativo_aug_01656.jpg,/home/irar/Escritorio/ProyectoTaxiDetector/dataset/negativos/train/negativos_train_0630.jpg,/home/irar/Escritorio/ProyectoTaxiDetector/dataset/negativos/augmented/negativo_aug_01656.jpg
1657,negativos_train_0628.jpg,negativo_aug_01657.jpg,/home/irar/Escritorio/ProyectoTaxiDetector/dataset/negativos/train/negativos_train_0628.jpg,/home/irar/Escritorio/ProyectoTaxiDetector/dataset/negativos/augmented/negativo_aug_01657.jpg
1658,negativos_train_0137.jpg,negativo_aug_01658.jpg,/home/irar/Escritorio/ProyectoTaxiDetector/dataset/negativos/train/negativos_train_0137.jpg,/home/irar/Escritorio/ProyectoTaxiDetector/dataset/negativos/augmented/negativo_aug_01658.jpg
1659,negativos_train_0356.jpg,negativo_aug_01659.jpg,/home/irar/Escritorio/ProyectoTaxiDetector/dataset/negativos/train/negativos_train_0356.jpg,/home/irar/Escritorio/ProyectoTaxiDetector/dataset/negativos/augmented/negativo_aug_01659.jpg
1660,negativos_train_0422.jpg,negativo_aug_01660.jpg,/home/irar/Escritorio/ProyectoTaxiDetector/dataset/negativos/train/negativos_train_0422.jpg,/home/irar/Escritorio/ProyectoTaxiDetector/dataset/negativos/augmented/negativo_aug_01660.jpg
1661,negativos_train_0511.jpg,negativo_aug_01661.jpg,/home/irar/Escritorio/ProyectoTaxiDetector/dataset/negativos/train/negativos_train_0511.jpg,/home/irar/Escritorio/ProyectoTaxiDetector/dataset/negativos/augmented/negativo_aug_01661.jpg
1662,negativos_train_0014.jpg,negativo_aug_01662.jpg,/home/irar/Escritorio/ProyectoTaxiDetector/dataset/negativos/train/negativos_train_0014.jpg,/home/irar/Escritorio/ProyectoTaxiDetector/dataset/negativos/augmented/negativo_aug_01662.jpg
1663,negativos_train_0286.jpg,negativo_aug_01663.jpg,/home/irar/Escritorio/ProyectoTaxiDetector/dataset/negativos/train/negativos_train_0286.jpg,/home/irar/Escritorio/ProyectoTaxiDetector/dataset/negativos/augmented/negativo_aug_01663.jpg
1664,negativos_train_0512.jpg,negativo_aug_01664.jpg,/home/irar/Escritorio/ProyectoTaxiDetector/dataset/negativos/train/negativos_train_0512.jpg,/home/irar/Escritorio/ProyectoTaxiDetector/dataset/negativos/augmented/negativo_aug_01664.jpg
1665,negativos_train_0346.jpg,negativo_aug_01665.jpg,/home/irar/Escritorio/ProyectoTaxiDetector/dataset/negativos/train/negativos_train_0346.jpg,/home/irar/Escritorio/ProyectoTaxiDetector/dataset/negativos/augmented/negativo_aug_01665.jpg
1666,negativos_train_0315.jpg,negativo_aug_01666.jpg,/home/irar/Escritorio/ProyectoTaxiDetector/dataset/negativos/train/negativos_train_0315.jpg,/home/irar/Escritorio/ProyectoTaxiDetector/dataset/negativos/augmented/negativo_aug_01666.jpg
1667,negativos_train_0319.jpg,negativo_aug_01667.jpg,/home/irar/Escritorio/ProyectoTaxiDetector/dataset/negativos/train/negativos_train_0319.jpg,/home/irar/Escritorio/ProyectoTaxiDetector/dataset/negativos/augmented/negativo_aug_01667.jpg
1668,negativos_train_0393.jpg,negativo_aug_01668.jpg,/home/irar/Escritorio/ProyectoTaxiDetector/dataset/negativos/train/negativos_train_0393.jpg,/home/irar/Escritorio/ProyectoTaxiDetector/dataset/negativos/augmented/negativo_aug_01668.jpg
1669,negativos_train_0442.jpg,negativo_aug_01669.jpg,/home/irar/Escritorio/ProyectoTaxiDetector/dataset/negativos/train/negativos_train_0442.jpg,/home/irar/Escritorio/ProyectoTaxiDetector/dataset/negativos/augmented/negativo_aug_01669.jpg
1670,negativos_train_0220.jpg,negativo_aug_01670.jpg,/home/irar/Escritorio/ProyectoTaxiDetector/dataset/negativos/train/negativos_train_0220.jpg,/home/irar/Escritorio/ProyectoTaxiDetector/dataset/negativos/augmented/negativo_aug_01670.jpg
1671,negativos_train_0116.jpg,negativo_aug_01671.jpg,/home/irar/Escritorio/ProyectoTaxiDetector/dataset/negativos/train/negativos_train_0116.jpg,/home/irar/Escritorio/ProyectoTaxiDetector/dataset/negativos/augmented/negativo_aug_01671.jpg
1672,negativos_train_0294.jpg,negativo_aug_01672.jpg,/home/irar/Escritorio/ProyectoTaxiDetector/dataset/negativos/train/negativos_train_0294.jpg,/home/irar/Escritorio/ProyectoTaxiDetector/dataset/negativos/augmented/negativo_aug_01672.jpg
1673,negativos_train_0143.jpg,negativo_aug_01673.jpg,/home/irar/Escritorio/ProyectoTaxiDetector/dataset/negativos/train/negativos_train_0143.jpg,/home/irar/Escritorio/ProyectoTaxiDetector/dataset/negativos/augmented/negativo_aug_01673.jpg
1674,negativos_train_0620.jpg,negativo_aug_01674.jpg,/home/irar/Escritorio/ProyectoTaxiDetector/dataset/negativos/train/negativos_train_0620.jpg,/home/irar/Escritorio/ProyectoTaxiDetector/dataset/negativos/augmented/negativo_aug_01674.jpg
1675,negativos_train_0489.jpg,negativo_aug_01675.jpg,/home/irar/Escritorio/ProyectoTaxiDetector/dataset/negativos/train/negativos_train_0489.jpg,/home/irar/Escritorio/ProyectoTaxiDetector/dataset/negativos/augmented/negativo_aug_01675.jpg
1676,negativos_train_0189.jpg,negativo_aug_01676.jpg,/home/irar/Escritorio/ProyectoTaxiDetector/dataset/negativos/train/negativos_train_0189.jpg,/home/irar/Escritorio/ProyectoTaxiDetector/dataset/negativos/augmented/negativo_aug_01676.jpg
1677,negativos_train_0446.jpg,negativo_aug_01677.jpg,/home/irar/Escritorio/ProyectoTaxiDetector/dataset/negativos/train/negativos_train_0446.jpg,/home/irar/Escritorio/ProyectoTaxiDetector/dataset/negativos/augmented/negativo_aug_01677.jpg
1678,negativos_train_0180.jpg,negativo_aug_01678.jpg,/home/irar/Escritorio/ProyectoTaxiDetector/dataset/negativos/train/negativos_train_0180.jpg,/home/irar/Escritorio/ProyectoTaxiDetector/dataset/negativos/augmented/negativo_aug_01678.jpg
1679,negativos_train_0056.jpg,negativo_aug_01679.jpg,/home/irar/Escritorio/ProyectoTaxiDetector/dataset/negativos/train/negativos_train_0056.jpg,/home/irar/Escritorio/ProyectoTaxiDetector/dataset/negativos/augmented/negativo_aug_01679.jpg
1680,negativos_train_0115.jpg,negativo_aug_01680.jpg,/home/irar/Escritorio/ProyectoTaxiDetector/dataset/negativos/train/negativos_train_0115.jpg,/home/irar/Escritorio/ProyectoTaxiDetector/dataset/negativos/augmented/negativo_aug_01680.jpg
1681,negativos_train_0247.jpg,negativo_aug_01681.jpg,/home/irar/Escritorio/ProyectoTaxiDetector/dataset/negativos/train/negativos_train_0247.jpg,/home/irar/Escritorio/ProyectoTaxiDetector/dataset/negativos/augmented/negativo_aug_01681.jpg
1682,negativos_train_0556.jpg,negativo_aug_01682.jpg,/home/irar/Escritorio/ProyectoTaxiDetector/dataset/negativos/train/negativos_train_0556.jpg,/home/irar/Escritorio/ProyectoTaxiDetector/dataset/negativos/augmented/negativo_aug_01682.jpg
1683,negativos_train_0080.jpg,negativo_aug_01683.jpg,/home/irar/Escritorio/ProyectoTaxiDetector/dataset/negativos/train/negativos_train_0080.jpg,/home/irar/Escritorio/ProyectoTaxiDetector/dataset/negativos/augmented/negativo_aug_01683.jpg
1684,negativos_train_0109.jpg,negativo_aug_01684.jpg,/home/irar/Escritorio/ProyectoTaxiDetector/dataset/negativos/train/negativos_train_0109.jpg,/home/irar/Escritorio/ProyectoTaxiDetector/dataset/negativos/augmented/negativo_aug_01684.jpg
1685,negativos_train_0260.jpg,negativo_aug_01685.jpg,/home/irar/Escritorio/ProyectoTaxiDetector/dataset/negativos/train/negativos_train_0260.jpg,/home/irar/Escritorio/ProyectoTaxiDetector/dataset/negativos/augmented/negativo_aug_01685.jpg
1686,negativos_train_0296.jpg,negativo_aug_01686.jpg,/home/irar/Escritorio/ProyectoTaxiDetector/dataset/negativos/train/negativos_train_0296.jpg,/home/irar/Escritorio/ProyectoTaxiDetector/dataset/negativos/augmented/negativo_aug_01686.jpg
1687,negativos_train_0538.jpg,negativo_aug_01687.jpg,/home/irar/Escritorio/ProyectoTaxiDetector/dataset/negativos/train/negativos_train_0538.jpg,/home/irar/Escritorio/ProyectoTaxiDetector/dataset/negativos/augmented/negativo_aug_01687.jpg
1688,negativos_train_0181.jpg,negativo_aug_01688.jpg,/home/irar/Escritorio/ProyectoTaxiDetector/dataset/negativos/train/negativos_train_0181.jpg,/home/irar/Escritorio/ProyectoTaxiDetector/dataset/negativos/augmented/negativo_aug_01688.jpg
1689,negativos_train_0160.jpg,negativo_aug_01689.jpg,/home/irar/Escritorio/ProyectoTaxiDetector/dataset/negativos/train/negativos_train_0160.jpg,/home/irar/Escritorio/ProyectoTaxiDetector/dataset/negativos/augmented/negativo_aug_01689.jpg
1690,negativos_train_0308.jpg,negativo_aug_01690.jpg,/home/irar/Escritorio/ProyectoTaxiDetector/dataset/negativos/train/negativos_train_0308.jpg,/home/irar/Escritorio/ProyectoTaxiDetector/dataset/negativos/augmented/negativo_aug_01690.jpg
1691,negativos_train_0148.jpg,negativo_aug_01691.jpg,/home/irar/Escritorio/ProyectoTaxiDetector/dataset/negativos/train/negativos_train_0148.jpg,/home/irar/Escritorio/ProyectoTaxiDetector/dataset/negativos/augmented/negativo_aug_01691.jpg
1692,negativos_train_0547.jpg,negativo_aug_01692.jpg,/home/irar/Escritorio/ProyectoTaxiDetector/dataset/negativos/train/negativos_train_0547.jpg,/home/irar/Escritorio/ProyectoTaxiDetector/dataset/negativos/augmented/negativo_aug_01692.jpg
1693,negativos_train_0482.jpg,negativo_aug_01693.jpg,/home/irar/Escritorio/ProyectoTaxiDetector/dataset/negativos/train/negativos_train_0482.jpg,/home/irar/Escritorio/ProyectoTaxiDetector/dataset/negativos/augmented/negativo_aug_01693.jpg
1694,negativos_train_0217.jpg,negativo_aug_01694.jpg,/home/irar/Escritorio/ProyectoTaxiDetector/dataset/negativos/train/negativos_train_0217.jpg,/home/irar/Escritorio/ProyectoTaxiDetector/dataset/negativos/augmented/negativo_aug_01694.jpg
1695,negativos_train_0385.jpg,negativo_aug_01695.jpg,/home/irar/Escritorio/ProyectoTaxiDetector/dataset/negativos/train/negativos_train_0385.jpg,/home/irar/Escritorio/ProyectoTaxiDetector/dataset/negativos/augmented/negativo_aug_01695.jpg
1696,negativos_train_0464.jpg,negativo_aug_01696.jpg,/home/irar/Escritorio/ProyectoTaxiDetector/dataset/negativos/train/negativos_train_0464.jpg,/home/irar/Escritorio/ProyectoTaxiDetector/dataset/negativos/augmented/negativo_aug_01696.jpg
1697,negativos_train_0182.jpg,negativo_aug_01697.jpg,/home/irar/Escritorio/ProyectoTaxiDetector/dataset/negativos/train/negativos_train_0182.jpg,/home/irar/Escritorio/ProyectoTaxiDetector/dataset/negativos/augmented/negativo_aug_01697.jpg
1698,negativos_train_0561.jpg,negativo_aug_01698.jpg,/home/irar/Escritorio/ProyectoTaxiDetector/dataset/negativos/train/negativos_train_0561.jpg,/home/irar/Escritorio/ProyectoTaxiDetector/dataset/negativos/augmented/negativo_aug_01698.jpg
1699,negativos_train_0521.jpg,negativo_aug_01699.jpg,/home/irar/Escritorio/ProyectoTaxiDetector/dataset/negativos/train/negativos_train_0521.jpg,/home/irar/Escritorio/ProyectoTaxiDetector/dataset/negativos/augmented/negativo_aug_01699.jpg
1700,negativos_train_0344.jpg,negativo_aug_01700.jpg,/home/irar/Escritorio/ProyectoTaxiDetector/dataset/negativos/train/negativos_train_0344.jpg,/home/irar/Escritorio/ProyectoTaxiDetector/dataset/negativos/augmented/negativo_aug_01700.jpg
1701,negativos_train_0169.jpg,negativo_aug_01701.jpg,/home/irar/Escritorio/ProyectoTaxiDetector/dataset/negativos/train/negativos_train_0169.jpg,/home/irar/Escritorio/ProyectoTaxiDetector/dataset/negativos/augmented/negativo_aug_01701.jpg
1702,negativos_train_0443.jpg,negativo_aug_01702.jpg,/home/irar/Escritorio/ProyectoTaxiDetector/dataset/negativos/train/negativos_train_0443.jpg,/home/irar/Escritorio/ProyectoTaxiDetector/dataset/negativos/augmented/negativo_aug_01702.jpg
1703,negativos_train_0288.jpg,negativo_aug_01703.jpg,/home/irar/Escritorio/ProyectoTaxiDetector/dataset/negativos/train/negativos_train_0288.jpg,/home/irar/Escritorio/ProyectoTaxiDetector/dataset/negativos/augmented/negativo_aug_01703.jpg
1704,negativos_train_0301.jpg,negativo_aug_01704.jpg,/home/irar/Escritorio/ProyectoTaxiDetector/dataset/negativos/train/negativos_train_0301.jpg,/home/irar/Escritorio/ProyectoTaxiDetector/dataset/negativos/augmented/negativo_aug_01704.jpg
1705,negativos_train_0031.jpg,negativo_aug_01705.jpg,/home/irar/Escritorio/ProyectoTaxiDetector/dataset/negativos/train/negativos_train_0031.jpg,/home/irar/Escritorio/ProyectoTaxiDetector/dataset/negativos/augmented/negativo_aug_01705.jpg
1706,negativos_train_0285.jpg,negativo_aug_01706.jpg,/home/irar/Escritorio/ProyectoTaxiDetector/dataset/negativos/train/negativos_train_0285.jpg,/home/irar/Escritorio/ProyectoTaxiDetector/dataset/negativos/augmented/negativo_aug_01706.jpg
1707,negativos_train_0067.jpg,negativo_aug_01707.jpg,/home/irar/Escritorio/ProyectoTaxiDetector/dataset/negativos/train/negativos_train_0067.jpg,/home/irar/Escritorio/ProyectoTaxiDetector/dataset/negativos/augmented/negativo_aug_01707.jpg
1708,negativos_train_0416.jpg,negativo_aug_01708.jpg,/home/irar/Escritorio/ProyectoTaxiDetector/dataset/negativos/train/negativos_train_0416.jpg,/home/irar/Escritorio/ProyectoTaxiDetector/dataset/negativos/augmented/negativo_aug_01708.jpg
1709,negativos_train_0191.jpg,negativo_aug_01709.jpg,/home/irar/Escritorio/ProyectoTaxiDetector/dataset/negativos/train/negativos_train_0191.jpg,/home/irar/Escritorio/ProyectoTaxiDetector/dataset/negativos/augmented/negativo_aug_01709.jpg
1710,negativos_train_0379.jpg,negativo_aug_01710.jpg,/home/irar/Escritorio/ProyectoTaxiDetector/dataset/negativos/train/negativos_train_0379.jpg,/home/irar/Escritorio/ProyectoTaxiDetector/dataset/negativos/augmented/negativo_aug_01710.jpg
1711,negativos_train_0382.jpg,negativo_aug_01711.jpg,/home/irar/Escritorio/ProyectoTaxiDetector/dataset/negativos/train/negativos_train_0382.jpg,/home/irar/Escritorio/ProyectoTaxiDetector/dataset/negativos/augmented/negativo_aug_01711.jpg
1712,negativos_train_0050.jpg,negativo_aug_01712.jpg,/home/irar/Escritorio/ProyectoTaxiDetector/dataset/negativos/train/negativos_train_0050.jpg,/home/irar/Escritorio/ProyectoTaxiDetector/dataset/negativos/augmented/negativo_aug_01712.jpg
1713,negativos_train_0576.jpg,negativo_aug_01713.jpg,/home/irar/Escritorio/ProyectoTaxiDetector/dataset/negativos/train/negativos_train_0576.jpg,/home/irar/Escritorio/ProyectoTaxiDetector/dataset/negativos/augmented/negativo_aug_01713.jpg
1714,negativos_train_0048.jpg,negativo_aug_01714.jpg,/home/irar/Escritorio/ProyectoTaxiDetector/dataset/negativos/train/negativos_train_0048.jpg,/home/irar/Escritorio/ProyectoTaxiDetector/dataset/negativos/augmented/negativo_aug_01714.jpg
1715,negativos_train_0044.jpg,negativo_aug_01715.jpg,/home/irar/Escritorio/ProyectoTaxiDetector/dataset/negativos/train/negativos_train_0044.jpg,/home/irar/Escritorio/ProyectoTaxiDetector/dataset/negativos/augmented/negativo_aug_01715.jpg
1716,negativos_train_0426.jpg,negativo_aug_01716.jpg,/home/irar/Escritorio/ProyectoTaxiDetector/dataset/negativos/train/negativos_train_0426.jpg,/home/irar/Escritorio/ProyectoTaxiDetector/dataset/negativos/augmented/negativo_aug_01716.jpg
1717,negativos_train_0605.jpg,negativo_aug_01717.jpg,/home/irar/Escritorio/ProyectoTaxiDetector/dataset/negativos/train/negativos_train_0605.jpg,/home/irar/Escritorio/ProyectoTaxiDetector/dataset/negativos/augmented/negativo_aug_01717.jpg
1718,negativos_train_0035.jpg,negativo_aug_01718.jpg,/home/irar/Escritorio/ProyectoTaxiDetector/dataset/negativos/train/negativos_train_0035.jpg,/home/irar/Escritorio/ProyectoTaxiDetector/dataset/negativos/augmented/negativo_aug_01718.jpg
1719,negativos_train_0243.jpg,negativo_aug_01719.jpg,/home/irar/Escritorio/ProyectoTaxiDetector/dataset/negativos/train/negativos_train_0243.jpg,/home/irar/Escritorio/ProyectoTaxiDetector/dataset/negativos/augmented/negativo_aug_01719.jpg
1720,negativos_train_0352.jpg,negativo_aug_01720.jpg,/home/irar/Escritorio/ProyectoTaxiDetector/dataset/negativos/train/negativos_train_0352.jpg,/home/irar/Escritorio/ProyectoTaxiDetector/dataset/negativos/augmented/negativo_aug_01720.jpg
1721,negativos_train_0079.jpg,negativo_aug_01721.jpg,/home/irar/Escritorio/ProyectoTaxiDetector/dataset/negativos/train/negativos_train_0079.jpg,/home/irar/Escritorio/ProyectoTaxiDetector/dataset/negativos/augmented/negativo_aug_01721.jpg
1722,negativos_train_0192.jpg,negativo_aug_01722.jpg,/home/irar/Escritorio/ProyectoTaxiDetector/dataset/negativos/train/negativos_train_0192.jpg,/home/irar/Escritorio/ProyectoTaxiDetector/dataset/negativos/augmented/negativo_aug_01722.jpg
1723,negativos_train_0131.jpg,negativo_aug_01723.jpg,/home/irar/Escritorio/ProyectoTaxiDetector/dataset/negativos/train/negativos_train_0131.jpg,/home/irar/Escritorio/ProyectoTaxiDetector/dataset/negativos/augmented/negativo_aug_01723.jpg
1724,negativos_train_0341.jpg,negativo_aug_01724.jpg,/home/irar/Escritorio/ProyectoTaxiDetector/dataset/negativos/train/negativos_train_0341.jpg,/home/irar/Escritorio/ProyectoTaxiDetector/dataset/negativos/augmented/negativo_aug_01724.jpg
1725,negativos_train_0467.jpg,negativo_aug_01725.jpg,/home/irar/Escritorio/ProyectoTaxiDetector/dataset/negativos/train/negativos_train_0467.jpg,/home/irar/Escritorio/ProyectoTaxiDetector/dataset/negativos/augmented/negativo_aug_01725.jpg
1726,negativos_train_0219.jpg,negativo_aug_01726.jpg,/home/irar/Escritorio/ProyectoTaxiDetector/dataset/negativos/train/negativos_train_0219.jpg,/home/irar/Escritorio/ProyectoTaxiDetector/dataset/negativos/augmented/negativo_aug_01726.jpg
1727,negativos_train_0161.jpg,negativo_aug_01727.jpg,/home/irar/Escritorio/ProyectoTaxiDetector/dataset/negativos/train/negativos_train_0161.jpg,/home/irar/Escritorio/ProyectoTaxiDetector/dataset/negativos/augmented/negativo_aug_01727.jpg
1728,negativos_train_0049.jpg,negativo_aug_01728.jpg,/home/irar/Escritorio/ProyectoTaxiDetector/dataset/negativos/train/negativos_train_0049.jpg,/home/irar/Escritorio/ProyectoTaxiDetector/dataset/negativos/augmented/negativo_aug_01728.jpg
1729,negativos_train_0374.jpg,negativo_aug_01729.jpg,/home/irar/Escritorio/ProyectoTaxiDetector/dataset/negativos/train/negativos_train_0374.jpg,/home/irar/Escritorio/ProyectoTaxiDetector/dataset/negativos/augmented/negativo_aug_01729.jpg
1730,negativos_train_0559.jpg,negativo_aug_01730.jpg,/home/irar/Escritorio/ProyectoTaxiDetector/dataset/negativos/train/negativos_train_0559.jpg,/home/irar/Escritorio/ProyectoTaxiDetector/dataset/negativos/augmented/negativo_aug_01730.jpg
1731,negativos_train_0205.jpg,negativo_aug_01731.jpg,/home/irar/Escritorio/ProyectoTaxiDetector/dataset/negativos/train/negativos_train_0205.jpg,/home/irar/Escritorio/ProyectoTaxiDetector/dataset/negativos/augmented/negativo_aug_01731.jpg
1732,negativos_train_0496.jpg,negativo_aug_01732.jpg,/home/irar/Escritorio/ProyectoTaxiDetector/dataset/negativos/train/negativos_train_0496.jpg,/home/irar/Escritorio/ProyectoTaxiDetector/dataset/negativos/augmented/negativo_aug_01732.jpg
1733,negativos_train_0424.jpg,negativo_aug_01733.jpg,/home/irar/Escritorio/ProyectoTaxiDetector/dataset/negativos/train/negativos_train_0424.jpg,/home/irar/Escritorio/ProyectoTaxiDetector/dataset/negativos/augmented/negativo_aug_01733.jpg
1734,negativos_train_0174.jpg,negativo_aug_01734.jpg,/home/irar/Escritorio/ProyectoTaxiDetector/dataset/negativos/train/negativos_train_0174.jpg,/home/irar/Escritorio/ProyectoTaxiDetector/dataset/negativos/augmented/negativo_aug_01734.jpg
1735,negativos_train_0212.jpg,negativo_aug_01735.jpg,/home/irar/Escritorio/ProyectoTaxiDetector/dataset/negativos/train/negativos_train_0212.jpg,/home/irar/Escritorio/ProyectoTaxiDetector/dataset/negativos/augmented/negativo_aug_01735.jpg
1736,negativos_train_0535.jpg,negativo_aug_01736.jpg,/home/irar/Escritorio/ProyectoTaxiDetector/dataset/negativos/train/negativos_train_0535.jpg,/home/irar/Escritorio/ProyectoTaxiDetector/dataset/negativos/augmented/negativo_aug_01736.jpg
1737,negativos_train_0515.jpg,negativo_aug_01737.jpg,/home/irar/Escritorio/ProyectoTaxiDetector/dataset/negativos/train/negativos_train_0515.jpg,/home/irar/Escritorio/ProyectoTaxiDetector/dataset/negativos/augmented/negativo_aug_01737.jpg
1738,negativos_train_0232.jpg,negativo_aug_01738.jpg,/home/irar/Escritorio/ProyectoTaxiDetector/dataset/negativos/train/negativos_train_0232.jpg,/home/irar/Escritorio/ProyectoTaxiDetector/dataset/negativos/augmented/negativo_aug_01738.jpg
1739,negativos_train_0493.jpg,negativo_aug_01739.jpg,/home/irar/Escritorio/ProyectoTaxiDetector/dataset/negativos/train/negativos_train_0493.jpg,/home/irar/Escritorio/ProyectoTaxiDetector/dataset/negativos/augmented/negativo_aug_01739.jpg
1740,negativos_train_0517.jpg,negativo_aug_01740.jpg,/home/irar/Escritorio/ProyectoTaxiDetector/dataset/negativos/train/negativos_train_0517.jpg,/home/irar/Escritorio/ProyectoTaxiDetector/dataset/negativos/augmented/negativo_aug_01740.jpg
1741,negativos_train_0444.jpg,negativo_aug_01741.jpg,/home/irar/Escritorio/ProyectoTaxiDetector/dataset/negativos/train/negativos_train_0444.jpg,/home/irar/Escritorio/ProyectoTaxiDetector/dataset/negativos/augmented/negativo_aug_01741.jpg
1742,negativos_train_0370.jpg,negativo_aug_01742.jpg,/home/irar/Escritorio/ProyectoTaxiDetector/dataset/negativos/train/negativos_train_0370.jpg,/home/irar/Escritorio/ProyectoTaxiDetector/dataset/negativos/augmented/negativo_aug_01742.jpg
1743,negativos_train_0572.jpg,negativo_aug_01743.jpg,/home/irar/Escritorio/ProyectoTaxiDetector/dataset/negativos/train/negativos_train_0572.jpg,/home/irar/Escritorio/ProyectoTaxiDetector/dataset/negativos/augmented/negativo_aug_01743.jpg
1744,negativos_train_0394.jpg,negativo_aug_01744.jpg,/home/irar/Escritorio/ProyectoTaxiDetector/dataset/negativos/train/negativos_train_0394.jpg,/home/irar/Escritorio/ProyectoTaxiDetector/dataset/negativos/augmented/negativo_aug_01744.jpg
1745,negativos_train_0450.jpg,negativo_aug_01745.jpg,/home/irar/Escritorio/ProyectoTaxiDetector/dataset/negativos/train/negativos_train_0450.jpg,/home/irar/Escritorio/ProyectoTaxiDetector/dataset/negativos/augmented/negativo_aug_01745.jpg
1746,negativos_train_0334.jpg,negativo_aug_01746.jpg,/home/irar/Escritorio/ProyectoTaxiDetector/dataset/negativos/train/negativos_train_0334.jpg,/home/irar/Escritorio/ProyectoTaxiDetector/dataset/negativos/augmented/negativo_aug_01746.jpg
1747,negativos_train_0613.jpg,negativo_aug_01747.jpg,/home/irar/Escritorio/ProyectoTaxiDetector/dataset/negativos/train/negativos_train_0613.jpg,/home/irar/Escritorio/ProyectoTaxiDetector/dataset/negativos/augmented/negativo_aug_01747.jpg
1748,negativos_train_0518.jpg,negativo_aug_01748.jpg,/home/irar/Escritorio/ProyectoTaxiDetector/dataset/negativos/train/negativos_train_0518.jpg,/home/irar/Escritorio/ProyectoTaxiDetector/dataset/negativos/augmented/negativo_aug_01748.jpg
1749,negativos_train_0059.jpg,negativo_aug_01749.jpg,/home/irar/Escritorio/ProyectoTaxiDetector/dataset/negativos/train/negativos_train_0059.jpg,/home/irar/Escritorio/ProyectoTaxiDetector/dataset/negativos/augmented/negativo_aug_01749.jpg
1750,negativos_train_0360.jpg,negativo_aug_01750.jpg,/home/irar/Escritorio/ProyectoTaxiDetector/dataset/negativos/train/negativos_train_0360.jpg,/home/irar/Escritorio/ProyectoTaxiDetector/dataset/negativos/augmented/negativo_aug_01750.jpg
1751,negativos_train_0407.jpg,negativo_aug_01751.jpg,/home/irar/Escritorio/ProyectoTaxiDetector/dataset/negativos/train/negativos_train_0407.jpg,/home/irar/Escritorio/ProyectoTaxiDetector/dataset/negativos/augmented/negativo_aug_01751.jpg
1752,negativos_train_0051.jpg,negativo_aug_01752.jpg,/home/irar/Escritorio/ProyectoTaxiDetector/dataset/negativos/train/negativos_train_0051.jpg,/home/irar/Escritorio/ProyectoTaxiDetector/dataset/negativos/augmented/negativo_aug_01752.jpg
1753,negativos_train_0221.jpg,negativo_aug_01753.jpg,/home/irar/Escritorio/ProyectoTaxiDetector/dataset/negativos/train/negativos_train_0221.jpg,/home/irar/Escritorio/ProyectoTaxiDetector/dataset/negativos/augmented/negativo_aug_01753.jpg
1754,negativos_train_0609.jpg,negativo_aug_01754.jpg,/home/irar/Escritorio/ProyectoTaxiDetector/dataset/negativos/train/negativos_train_0609.jpg,/home/irar/Escritorio/ProyectoTaxiDetector/dataset/negativos/augmented/negativo_aug_01754.jpg
1755,negativos_train_0259.jpg,negativo_aug_01755.jpg,/home/irar/Escritorio/ProyectoTaxiDetector/dataset/negativos/train/negativos_train_0259.jpg,/home/irar/Escritorio/ProyectoTaxiDetector/dataset/negativos/augmented/negativo_aug_01755.jpg
1756,negativos_train_0233.jpg,negativo_aug_01756.jpg,/home/irar/Escritorio/ProyectoTaxiDetector/dataset/negativos/train/negativos_train_0233.jpg,/home/irar/Escritorio/ProyectoTaxiDetector/dataset/negativos/augmented/negativo_aug_01756.jpg
1757,negativos_train_0151.jpg,negativo_aug_01757.jpg,/home/irar/Escritorio/ProyectoTaxiDetector/dataset/negativos/train/negativos_train_0151.jpg,/home/irar/Escritorio/ProyectoTaxiDetector/dataset/negativos/augmented/negativo_aug_01757.jpg
1758,negativos_train_0539.jpg,negativo_aug_01758.jpg,/home/irar/Escritorio/ProyectoTaxiDetector/dataset/negativos/train/negativos_train_0539.jpg,/home/irar/Escritorio/ProyectoTaxiDetector/dataset/negativos/augmented/negativo_aug_01758.jpg
1759,negativos_train_0306.jpg,negativo_aug_01759.jpg,/home/irar/Escritorio/ProyectoTaxiDetector/dataset/negativos/train/negativos_train_0306.jpg,/home/irar/Escritorio/ProyectoTaxiDetector/dataset/negativos/augmented/negativo_aug_01759.jpg
1760,negativos_train_0196.jpg,negativo_aug_01760.jpg,/home/irar/Escritorio/ProyectoTaxiDetector/dataset/negativos/train/negativos_train_0196.jpg,/home/irar/Escritorio/ProyectoTaxiDetector/dataset/negativos/augmented/negativo_aug_01760.jpg
1761,negativos_train_0167.jpg,negativo_aug_01761.jpg,/home/irar/Escritorio/ProyectoTaxiDetector/dataset/negativos/train/negativos_train_0167.jpg,/home/irar/Escritorio/ProyectoTaxiDetector/dataset/negativos/augmented/negativo_aug_01761.jpg
1762,negativos_train_0365.jpg,negativo_aug_01762.jpg,/home/irar/Escritorio/ProyectoTaxiDetector/dataset/negativos/train/negativos_train_0365.jpg,/home/irar/Escritorio/ProyectoTaxiDetector/dataset/negativos/augmented/negativo_aug_01762.jpg
1763,negativos_train_0281.jpg,negativo_aug_01763.jpg,/home/irar/Escritorio/ProyectoTaxiDetector/dataset/negativos/train/negativos_train_0281.jpg,/home/irar/Escritorio/ProyectoTaxiDetector/dataset/negativos/augmented/negativo_aug_01763.jpg
1764,negativos_train_0300.jpg,negativo_aug_01764.jpg,/home/irar/Escritorio/ProyectoTaxiDetector/dataset/negativos/train/negativos_train_0300.jpg,/home/irar/Escritorio/ProyectoTaxiDetector/dataset/negativos/augmented/negativo_aug_01764.jpg
1765,negativos_train_0325.jpg,negativo_aug_01765.jpg,/home/irar/Escritorio/ProyectoTaxiDetector/dataset/negativos/train/negativos_train_0325.jpg,/home/irar/Escritorio/ProyectoTaxiDetector/dataset/negativos/augmented/negativo_aug_01765.jpg
1766,negativos_train_0320.jpg,negativo_aug_01766.jpg,/home/irar/Escritorio/ProyectoTaxiDetector/dataset/negativos/train/negativos_train_0320.jpg,/home/irar/Escritorio/ProyectoTaxiDetector/dataset/negativos/augmented/negativo_aug_01766.jpg
1767,negativos_train_0141.jpg,negativo_aug_01767.jpg,/home/irar/Escritorio/ProyectoTaxiDetector/dataset/negativos/train/negativos_train_0141.jpg,/home/irar/Escritorio/ProyectoTaxiDetector/dataset/negativos/augmented/negativo_aug_01767.jpg
1768,negativos_train_0611.jpg,negativo_aug_01768.jpg,/home/irar/Escritorio/ProyectoTaxiDetector/dataset/negativos/train/negativos_train_0611.jpg,/home/irar/Escritorio/ProyectoTaxiDetector/dataset/negativos/augmented/negativo_aug_01768.jpg
1769,negativos_train_0585.jpg,negativo_aug_01769.jpg,/home/irar/Escritorio/ProyectoTaxiDetector/dataset/negativos/train/negativos_train_0585.jpg,/home/irar/Escritorio/ProyectoTaxiDetector/dataset/negativos/augmented/negativo_aug_01769.jpg
1770,negativos_train_0514.jpg,negativo_aug_01770.jpg,/home/irar/Escritorio/ProyectoTaxiDetector/dataset/negativos/train/negativos_train_0514.jpg,/home/irar/Escritorio/ProyectoTaxiDetector/dataset/negativos/augmented/negativo_aug_01770.jpg
1771,negativos_train_0603.jpg,negativo_aug_01771.jpg,/home/irar/Escritorio/ProyectoTaxiDetector/dataset/negativos/train/negativos_train_0603.jpg,/home/irar/Escritorio/ProyectoTaxiDetector/dataset/negativos/augmented/negativo_aug_01771.jpg
1772,negativos_train_0330.jpg,negativo_aug_01772.jpg,/home/irar/Escritorio/ProyectoTaxiDetector/dataset/negativos/train/negativos_train_0330.jpg,/home/irar/Escritorio/ProyectoTaxiDetector/dataset/negativos/augmented/negativo_aug_01772.jpg
1773,negativos_train_0083.jpg,negativo_aug_01773.jpg,/home/irar/Escritorio/ProyectoTaxiDetector/dataset/negativos/train/negativos_train_0083.jpg,/home/irar/Escritorio/ProyectoTaxiDetector/dataset/negativos/augmented/negativo_aug_01773.jpg
1774,negativos_train_0076.jpg,negativo_aug_01774.jpg,/home/irar/Escritorio/ProyectoTaxiDetector/dataset/negativos/train/negativos_train_0076.jpg,/home/irar/Escritorio/ProyectoTaxiDetector/dataset/negativos/augmented/negativo_aug_01774.jpg
1775,negativos_train_0582.jpg,negativo_aug_01775.jpg,/home/irar/Escritorio/ProyectoTaxiDetector/dataset/negativos/train/negativos_train_0582.jpg,/home/irar/Escritorio/ProyectoTaxiDetector/dataset/negativos/augmented/negativo_aug_01775.jpg
1776,negativos_train_0503.jpg,negativo_aug_01776.jpg,/home/irar/Escritorio/ProyectoTaxiDetector/dataset/negativos/train/negativos_train_0503.jpg,/home/irar/Escritorio/ProyectoTaxiDetector/dataset/negativos/augmented/negativo_aug_01776.jpg
1777,negativos_train_0618.jpg,negativo_aug_01777.jpg,/home/irar/Escritorio/ProyectoTaxiDetector/dataset/negativos/train/negativos_train_0618.jpg,/home/irar/Escritorio/ProyectoTaxiDetector/dataset/negativos/augmented/negativo_aug_01777.jpg
1778,negativos_train_0437.jpg,negativo_aug_01778.jpg,/home/irar/Escritorio/ProyectoTaxiDetector/dataset/negativos/train/negativos_train_0437.jpg,/home/irar/Escritorio/ProyectoTaxiDetector/dataset/negativos/augmented/negativo_aug_01778.jpg
1779,negativos_train_0412.jpg,negativo_aug_01779.jpg,/home/irar/Escritorio/ProyectoTaxiDetector/dataset/negativos/train/negativos_train_0412.jpg,/home/irar/Escritorio/ProyectoTaxiDetector/dataset/negativos/augmented/negativo_aug_01779.jpg
1780,negativos_train_0491.jpg,negativo_aug_01780.jpg,/home/irar/Escritorio/ProyectoTaxiDetector/dataset/negativos/train/negativos_train_0491.jpg,/home/irar/Escritorio/ProyectoTaxiDetector/dataset/negativos/augmented/negativo_aug_01780.jpg
1781,negativos_train_0574.jpg,negativo_aug_01781.jpg,/home/irar/Escritorio/ProyectoTaxiDetector/dataset/negativos/train/negativos_train_0574.jpg,/home/irar/Escritorio/ProyectoTaxiDetector/dataset/negativos/augmented/negativo_aug_01781.jpg
1782,negativos_train_0032.jpg,negativo_aug_01782.jpg,/home/irar/Escritorio/ProyectoTaxiDetector/dataset/negativos/train/negativos_train_0032.jpg,/home/irar/Escritorio/ProyectoTaxiDetector/dataset/negativos/augmented/negativo_aug_01782.jpg
1783,negativos_train_0470.jpg,negativo_aug_01783.jpg,/home/irar/Escritorio/ProyectoTaxiDetector/dataset/negativos/train/negativos_train_0470.jpg,/home/irar/Escritorio/ProyectoTaxiDetector/dataset/negativos/augmented/negativo_aug_01783.jpg
1784,negativos_train_0309.jpg,negativo_aug_01784.jpg,/home/irar/Escritorio/ProyectoTaxiDetector/dataset/negativos/train/negativos_train_0309.jpg,/home/irar/Escritorio/ProyectoTaxiDetector/dataset/negativos/augmented/negativo_aug_01784.jpg
1785,negativos_train_0045.jpg,negativo_aug_01785.jpg,/home/irar/Escritorio/ProyectoTaxiDetector/dataset/negativos/train/negativos_train_0045.jpg,/home/irar/Escritorio/ProyectoTaxiDetector/dataset/negativos/augmented/negativo_aug_01785.jpg
1786,negativos_train_0612.jpg,negativo_aug_01786.jpg,/home/irar/Escritorio/ProyectoTaxiDetector/dataset/negativos/train/negativos_train_0612.jpg,/home/irar/Escritorio/ProyectoTaxiDetector/dataset/negativos/augmented/negativo_aug_01786.jpg
1787,negativos_train_0516.jpg,negativo_aug_01787.jpg,/home/irar/Escritorio/ProyectoTaxiDetector/dataset/negativos/train/negativos_train_0516.jpg,/home/irar/Escritorio/ProyectoTaxiDetector/dataset/negativos/augmented/negativo_aug_01787.jpg
1788,negativos_train_0463.jpg,negativo_aug_01788.jpg,/home/irar/Escritorio/ProyectoTaxiDetector/dataset/negativos/train/negativos_train_0463.jpg,/home/irar/Escritorio/ProyectoTaxiDetector/dataset/negativos/augmented/negativo_aug_01788.jpg
1789,negativos_train_0112.jpg,negativo_aug_01789.jpg,/home/irar/Escritorio/ProyectoTaxiDetector/dataset/negativos/train/negativos_train_0112.jpg,/home/irar/Escritorio/ProyectoTaxiDetector/dataset/negativos/augmented/negativo_aug_01789.jpg
1790,negativos_train_0526.jpg,negativo_aug_01790.jpg,/home/irar/Escritorio/ProyectoTaxiDetector/dataset/negativos/train/negativos_train_0526.jpg,/home/irar/Escritorio/ProyectoTaxiDetector/dataset/negativos/augmented/negativo_aug_01790.jpg
1791,negativos_train_0371.jpg,negativo_aug_01791.jpg,/home/irar/Escritorio/ProyectoTaxiDetector/dataset/negativos/train/negativos_train_0371.jpg,/home/irar/Escritorio/ProyectoTaxiDetector/dataset/negativos/augmented/negativo_aug_01791.jpg
1792,negativos_train_0460.jpg,negativo_aug_01792.jpg,/home/irar/Escritorio/ProyectoTaxiDetector/dataset/negativos/train/negativos_train_0460.jpg,/home/irar/Escritorio/ProyectoTaxiDetector/dataset/negativos/augmented/negativo_aug_01792.jpg
1793,negativos_train_0488.jpg,negativo_aug_01793.jpg,/home/irar/Escritorio/ProyectoTaxiDetector/dataset/negativos/train/negativos_train_0488.jpg,/home/irar/Escritorio/ProyectoTaxiDetector/dataset/negativos/augmented/negativo_aug_01793.jpg
1794,negativos_train_0066.jpg,negativo_aug_01794.jpg,/home/irar/Escritorio/ProyectoTaxiDetector/dataset/negativos/train/negativos_train_0066.jpg,/home/irar/Escritorio/ProyectoTaxiDetector/dataset/negativos/augmented/negativo_aug_01794.jpg
1795,negativos_train_0117.jpg,negativo_aug_01795.jpg,/home/irar/Escritorio/ProyectoTaxiDetector/dataset/negativos/train/negativos_train_0117.jpg,/home/irar/Escritorio/ProyectoTaxiDetector/dataset/negativos/augmented/negativo_aug_01795.jpg
1796,negativos_train_0432.jpg,negativo_aug_01796.jpg,/home/irar/Escritorio/ProyectoTaxiDetector/dataset/negativos/train/negativos_train_0432.jpg,/home/irar/Escritorio/ProyectoTaxiDetector/dataset/negativos/augmented/negativo_aug_01796.jpg
1797,negativos_train_0130.jpg,negativo_aug_01797.jpg,/home/irar/Escritorio/ProyectoTaxiDetector/dataset/negativos/train/negativos_train_0130.jpg,/home/irar/Escritorio/ProyectoTaxiDetector/dataset/negativos/augmented/negativo_aug_01797.jpg
1798,negativos_train_0054.jpg,negativo_aug_01798.jpg,/home/irar/Escritorio/ProyectoTaxiDetector/dataset/negativos/train/negativos_train_0054.jpg,/home/irar/Escritorio/ProyectoTaxiDetector/dataset/negativos/augmented/negativo_aug_01798.jpg
1799,negativos_train_0272.jpg,negativo_aug_01799.jpg,/home/irar/Escritorio/ProyectoTaxiDetector/dataset/negativos/train/negativos_train_0272.jpg,/home/irar/Escritorio/ProyectoTaxiDetector/dataset/negativos/augmented/negativo_aug_01799.jpg
1800,negativos_train_0549.jpg,negativo_aug_01800.jpg,/home/irar/Escritorio/ProyectoTaxiDetector/dataset/negativos/train/negativos_train_0549.jpg,/home/irar/Escritorio/ProyectoTaxiDetector/dataset/negativos/augmented/negativo_aug_01800.jpg
1801,negativos_train_0017.jpg,negativo_aug_01801.jpg,/home/irar/Escritorio/ProyectoTaxiDetector/dataset/negativos/train/negativos_train_0017.jpg,/home/irar/Escritorio/ProyectoTaxiDetector/dataset/negativos/augmented/negativo_aug_01801.jpg
1802,negativos_train_0332.jpg,negativo_aug_01802.jpg,/home/irar/Escritorio/ProyectoTaxiDetector/dataset/negativos/train/negativos_train_0332.jpg,/home/irar/Escritorio/ProyectoTaxiDetector/dataset/negativos/augmented/negativo_aug_01802.jpg
1803,negativos_train_0244.jpg,negativo_aug_01803.jpg,/home/irar/Escritorio/ProyectoTaxiDetector/dataset/negativos/train/negativos_train_0244.jpg,/home/irar/Escritorio/ProyectoTaxiDetector/dataset/negativos/augmented/negativo_aug_01803.jpg
1804,negativos_train_0367.jpg,negativo_aug_01804.jpg,/home/irar/Escritorio/ProyectoTaxiDetector/dataset/negativos/train/negativos_train_0367.jpg,/home/irar/Escritorio/ProyectoTaxiDetector/dataset/negativos/augmented/negativo_aug_01804.jpg
1805,negativos_train_0016.jpg,negativo_aug_01805.jpg,/home/irar/Escritorio/ProyectoTaxiDetector/dataset/negativos/train/negativos_train_0016.jpg,/home/irar/Escritorio/ProyectoTaxiDetector/dataset/negativos/augmented/negativo_aug_01805.jpg
1806,negativos_train_0135.jpg,negativo_aug_01806.jpg,/home/irar/Escritorio/ProyectoTaxiDetector/dataset/negativos/train/negativos_train_0135.jpg,/home/irar/Escritorio/ProyectoTaxiDetector/dataset/negativos/augmented/negativo_aug_01806.jpg
1807,negativos_train_0027.jpg,negativo_aug_01807.jpg,/home/irar/Escritorio/ProyectoTaxiDetector/dataset/negativos/train/negativos_train_0027.jpg,/home/irar/Escritorio/ProyectoTaxiDetector/dataset/negativos/augmented/negativo_aug_01807.jpg
1808,negativos_train_0113.jpg,negativo_aug_01808.jpg,/home/irar/Escritorio/ProyectoTaxiDetector/dataset/negativos/train/negativos_train_0113.jpg,/home/irar/Escritorio/ProyectoTaxiDetector/dataset/negativos/augmented/negativo_aug_01808.jpg
1809,negativos_train_0179.jpg,negativo_aug_01809.jpg,/home/irar/Escritorio/ProyectoTaxiDetector/dataset/negativos/train/negativos_train_0179.jpg,/home/irar/Escritorio/ProyectoTaxiDetector/dataset/negativos/augmented/negativo_aug_01809.jpg
1810,negativos_train_0257.jpg,negativo_aug_01810.jpg,/home/irar/Escritorio/ProyectoTaxiDetector/dataset/negativos/train/negativos_train_0257.jpg,/home/irar/Escritorio/ProyectoTaxiDetector/dataset/negativos/augmented/negativo_aug_01810.jpg
1811,negativos_train_0134.jpg,negativo_aug_01811.jpg,/home/irar/Escritorio/ProyectoTaxiDetector/dataset/negativos/train/negativos_train_0134.jpg,/home/irar/Escritorio/ProyectoTaxiDetector/dataset/negativos/augmented/negativo_aug_01811.jpg
1812,negativos_train_0149.jpg,negativo_aug_01812.jpg,/home/irar/Escritorio/ProyectoTaxiDetector/dataset/negativos/train/negativos_train_0149.jpg,/home/irar/Escritorio/ProyectoTaxiDetector/dataset/negativos/augmented/negativo_aug_01812.jpg
1813,negativos_train_0284.jpg,negativo_aug_01813.jpg,/home/irar/Escritorio/ProyectoTaxiDetector/dataset/negativos/train/negativos_train_0284.jpg,/home/irar/Escritorio/ProyectoTaxiDetector/dataset/negativos/augmented/negativo_aug_01813.jpg
1814,negativos_train_0003.jpg,negativo_aug_01814.jpg,/home/irar/Escritorio/ProyectoTaxiDetector/dataset/negativos/train/negativos_train_0003.jpg,/home/irar/Escritorio/ProyectoTaxiDetector/dataset/negativos/augmented/negativo_aug_01814.jpg
1815,negativos_train_0152.jpg,negativo_aug_01815.jpg,/home/irar/Escritorio/ProyectoTaxiDetector/dataset/negativos/train/negativos_train_0152.jpg,/home/irar/Escritorio/ProyectoTaxiDetector/dataset/negativos/augmented/negativo_aug_01815.jpg
1816,negativos_train_0337.jpg,negativo_aug_01816.jpg,/home/irar/Escritorio/ProyectoTaxiDetector/dataset/negativos/train/negativos_train_0337.jpg,/home/irar/Escritorio/ProyectoTaxiDetector/dataset/negativos/augmented/negativo_aug_01816.jpg
1817,negativos_train_0239.jpg,negativo_aug_01817.jpg,/home/irar/Escritorio/ProyectoTaxiDetector/dataset/negativos/train/negativos_train_0239.jpg,/home/irar/Escritorio/ProyectoTaxiDetector/dataset/negativos/augmented/negativo_aug_01817.jpg
1818,negativos_train_0222.jpg,negativo_aug_01818.jpg,/home/irar/Escritorio/ProyectoTaxiDetector/dataset/negativos/train/negativos_train_0222.jpg,/home/irar/Escritorio/ProyectoTaxiDetector/dataset/negativos/augmented/negativo_aug_01818.jpg
1819,negativos_train_0213.jpg,negativo_aug_01819.jpg,/home/irar/Escritorio/ProyectoTaxiDetector/dataset/negativos/train/negativos_train_0213.jpg,/home/irar/Escritorio/ProyectoTaxiDetector/dataset/negativos/augmented/negativo_aug_01819.jpg
1820,negativos_train_0071.jpg,negativo_aug_01820.jpg,/home/irar/Escritorio/ProyectoTaxiDetector/dataset/negativos/train/negativos_train_0071.jpg,/home/irar/Escritorio/ProyectoTaxiDetector/dataset/negativos/augmented/negativo_aug_01820.jpg
1821,negativos_train_0211.jpg,negativo_aug_01821.jpg,/home/irar/Escritorio/ProyectoTaxiDetector/dataset/negativos/train/negativos_train_0211.jpg,/home/irar/Escritorio/ProyectoTaxiDetector/dataset/negativos/augmented/negativo_aug_01821.jpg
1822,negativos_train_0129.jpg,negativo_aug_01822.jpg,/home/irar/Escritorio/ProyectoTaxiDetector/dataset/negativos/train/negativos_train_0129.jpg,/home/irar/Escritorio/ProyectoTaxiDetector/dataset/negativos/augmented/negativo_aug_01822.jpg
1823,negativos_train_0250.jpg,negativo_aug_01823.jpg,/home/irar/Escritorio/ProyectoTaxiDetector/dataset/negativos/train/negativos_train_0250.jpg,/home/irar/Escritorio/ProyectoTaxiDetector/dataset/negativos/augmented/negativo_aug_01823.jpg
1824,negativos_train_0342.jpg,negativo_aug_01824.jpg,/home/irar/Escritorio/ProyectoTaxiDetector/dataset/negativos/train/negativos_train_0342.jpg,/home/irar/Escritorio/ProyectoTaxiDetector/dataset/negativos/augmented/negativo_aug_01824.jpg
1825,negativos_train_0052.jpg,negativo_aug_01825.jpg,/home/irar/Escritorio/ProyectoTaxiDetector/dataset/negativos/train/negativos_train_0052.jpg,/home/irar/Escritorio/ProyectoTaxiDetector/dataset/negativos/augmented/negativo_aug_01825.jpg
1826,negativos_train_0022.jpg,negativo_aug_01826.jpg,/home/irar/Escritorio/ProyectoTaxiDetector/dataset/negativos/train/negativos_train_0022.jpg,/home/irar/Escritorio/ProyectoTaxiDetector/dataset/negativos/augmented/negativo_aug_01826.jpg
1827,negativos_train_0218.jpg,negativo_aug_01827.jpg,/home/irar/Escritorio/ProyectoTaxiDetector/dataset/negativos/train/negativos_train_0218.jpg,/home/irar/Escritorio/ProyectoTaxiDetector/dataset/negativos/augmented/negativo_aug_01827.jpg
1828,negativos_train_0094.jpg,negativo_aug_01828.jpg,/home/irar/Escritorio/ProyectoTaxiDetector/dataset/negativos/train/negativos_train_0094.jpg,/home/irar/Escritorio/ProyectoTaxiDetector/dataset/negativos/augmented/negativo_aug_01828.jpg
1829,negativos_train_0624.jpg,negativo_aug_01829.jpg,/home/irar/Escritorio/ProyectoTaxiDetector/dataset/negativos/train/negativos_train_0624.jpg,/home/irar/Escritorio/ProyectoTaxiDetector/dataset/negativos/augmented/negativo_aug_01829.jpg
1830,negativos_train_0126.jpg,negativo_aug_01830.jpg,/home/irar/Escritorio/ProyectoTaxiDetector/dataset/negativos/train/negativos_train_0126.jpg,/home/irar/Escritorio/ProyectoTaxiDetector/dataset/negativos/augmented/negativo_aug_01830.jpg
1831,negativos_train_0195.jpg,negativo_aug_01831.jpg,/home/irar/Escritorio/ProyectoTaxiDetector/dataset/negativos/train/negativos_train_0195.jpg,/home/irar/Escritorio/ProyectoTaxiDetector/dataset/negativos/augmented/negativo_aug_01831.jpg
1832,negativos_train_0283.jpg,negativo_aug_01832.jpg,/home/irar/Escritorio/ProyectoTaxiDetector/dataset/negativos/train/negativos_train_0283.jpg,/home/irar/Escritorio/ProyectoTaxiDetector/dataset/negativos/augmented/negativo_aug_01832.jpg
1833,negativos_train_0408.jpg,negativo_aug_01833.jpg,/home/irar/Escritorio/ProyectoTaxiDetector/dataset/negativos/train/negativos_train_0408.jpg,/home/irar/Escritorio/ProyectoTaxiDetector/dataset/negativos/augmented/negativo_aug_01833.jpg
1834,negativos_train_0063.jpg,negativo_aug_01834.jpg,/home/irar/Escritorio/ProyectoTaxiDetector/dataset/negativos/train/negativos_train_0063.jpg,/home/irar/Escritorio/ProyectoTaxiDetector/dataset/negativos/augmented/negativo_aug_01834.jpg
1835,negativos_train_0368.jpg,negativo_aug_01835.jpg,/home/irar/Escritorio/ProyectoTaxiDetector/dataset/negativos/train/negativos_train_0368.jpg,/home/irar/Escritorio/ProyectoTaxiDetector/dataset/negativos/augmented/negativo_aug_01835.jpg
1836,negativos_train_0558.jpg,negativo_aug_01836.jpg,/home/irar/Escritorio/ProyectoTaxiDetector/dataset/negativos/train/negativos_train_0558.jpg,/home/irar/Escritorio/ProyectoTaxiDetector/dataset/negativos/augmented/negativo_aug_01836.jpg
1837,negativos_train_0377.jpg,negativo_aug_01837.jpg,/home/irar/Escritorio/ProyectoTaxiDetector/dataset/negativos/train/negativos_train_0377.jpg,/home/irar/Escritorio/ProyectoTaxiDetector/dataset/negativos/augmented/negativo_aug_01837.jpg
1838,negativos_train_0589.jpg,negativo_aug_01838.jpg,/home/irar/Escritorio/ProyectoTaxiDetector/dataset/negativos/train/negativos_train_0589.jpg,/home/irar/Escritorio/ProyectoTaxiDetector/dataset/negativos/augmented/negativo_aug_01838.jpg
1839,negativos_train_0372.jpg,negativo_aug_01839.jpg,/home/irar/Escritorio/ProyectoTaxiDetector/dataset/negativos/train/negativos_train_0372.jpg,/home/irar/Escritorio/ProyectoTaxiDetector/dataset/negativos/augmented/negativo_aug_01839.jpg
1840,negativos_train_0242.jpg,negativo_aug_01840.jpg,/home/irar/Escritorio/ProyectoTaxiDetector/dataset/negativos/train/negativos_train_0242.jpg,/home/irar/Escritorio/ProyectoTaxiDetector/dataset/negativos/augmented/negativo_aug_01840.jpg
1841,negativos_train_0456.jpg,negativo_aug_01841.jpg,/home/irar/Escritorio/ProyectoTaxiDetector/dataset/negativos/train/negativos_train_0456.jpg,/home/irar/Escritorio/ProyectoTaxiDetector/dataset/negativos/augmented/negativo_aug_01841.jpg
1842,negativos_train_0455.jpg,negativo_aug_01842.jpg,/home/irar/Escritorio/ProyectoTaxiDetector/dataset/negativos/train/negativos_train_0455.jpg,/home/irar/Escritorio/ProyectoTaxiDetector/dataset/negativos/augmented/negativo_aug_01842.jpg
1843,negativos_train_0223.jpg,negativo_aug_01843.jpg,/home/irar/Escritorio/ProyectoTaxiDetector/dataset/negativos/train/negativos_train_0223.jpg,/home/irar/Escritorio/ProyectoTaxiDetector/dataset/negativos/augmented/negativo_aug_01843.jpg
1844,negativos_train_0594.jpg,negativo_aug_01844.jpg,/home/irar/Escritorio/ProyectoTaxiDetector/dataset/negativos/train/negativos_train_0594.jpg,/home/irar/Escritorio/ProyectoTaxiDetector/dataset/negativos/augmented/negativo_aug_01844.jpg
1845,negativos_train_0034.jpg,negativo_aug_01845.jpg,/home/irar/Escritorio/ProyectoTaxiDetector/dataset/negativos/train/negativos_train_0034.jpg,/home/irar/Escritorio/ProyectoTaxiDetector/dataset/negativos/augmented/negativo_aug_01845.jpg
1846,negativos_train_0287.jpg,negativo_aug_01846.jpg,/home/irar/Escritorio/ProyectoTaxiDetector/dataset/negativos/train/negativos_train_0287.jpg,/home/irar/Escritorio/ProyectoTaxiDetector/dataset/negativos/augmented/negativo_aug_01846.jpg
1847,negativos_train_0418.jpg,negativo_aug_01847.jpg,/home/irar/Escritorio/ProyectoTaxiDetector/dataset/negativos/train/negativos_train_0418.jpg,/home/irar/Escritorio/ProyectoTaxiDetector/dataset/negativos/augmented/negativo_aug_01847.jpg
1848,negativos_train_0502.jpg,negativo_aug_01848.jpg,/home/irar/Escritorio/ProyectoTaxiDetector/dataset/negativos/train/negativos_train_0502.jpg,/home/irar/Escritorio/ProyectoTaxiDetector/dataset/negativos/augmented/negativo_aug_01848.jpg
1849,negativos_train_0102.jpg,negativo_aug_01849.jpg,/home/irar/Escritorio/ProyectoTaxiDetector/dataset/negativos/train/negativos_train_0102.jpg,/home/irar/Escritorio/ProyectoTaxiDetector/dataset/negativos/augmented/negativo_aug_01849.jpg
1850,negativos_train_0425.jpg,negativo_aug_01850.jpg,/home/irar/Escritorio/ProyectoTaxiDetector/dataset/negativos/train/negativos_train_0425.jpg,/home/irar/Escritorio/ProyectoTaxiDetector/dataset/negativos/augmented/negativo_aug_01850.jpg
1851,negativos_train_0159.jpg,negativo_aug_01851.jpg,/home/irar/Escritorio/ProyectoTaxiDetector/dataset/negativos/train/negativos_train_0159.jpg,/home/irar/Escritorio/ProyectoTaxiDetector/dataset/negativos/augmented/negativo_aug_01851.jpg
1852,negativos_train_0430.jpg,negativo_aug_01852.jpg,/home/irar/Escritorio/ProyectoTaxiDetector/dataset/negativos/train/negativos_train_0430.jpg,/home/irar/Escritorio/ProyectoTaxiDetector/dataset/negativos/augmented/negativo_aug_01852.jpg
1853,negativos_train_0554.jpg,negativo_aug_01853.jpg,/home/irar/Escritorio/ProyectoTaxiDetector/dataset/negativos/train/negativos_train_0554.jpg,/home/irar/Escritorio/ProyectoTaxiDetector/dataset/negativos/augmented/negativo_aug_01853.jpg
1854,negativos_train_0380.jpg,negativo_aug_01854.jpg,/home/irar/Escritorio/ProyectoTaxiDetector/dataset/negativos/train/negativos_train_0380.jpg,/home/irar/Escritorio/ProyectoTaxiDetector/dataset/negativos/augmented/negativo_aug_01854.jpg
1855,negativos_train_0465.jpg,negativo_aug_01855.jpg,/home/irar/Escritorio/ProyectoTaxiDetector/dataset/negativos/train/negativos_train_0465.jpg,/home/irar/Escritorio/ProyectoTaxiDetector/dataset/negativos/augmented/negativo_aug_01855.jpg
1856,negativos_train_0398.jpg,negativo_aug_01856.jpg,/home/irar/Escritorio/ProyectoTaxiDetector/dataset/negativos/train/negativos_train_0398.jpg,/home/irar/Escritorio/ProyectoTaxiDetector/dataset/negativos/augmented/negativo_aug_01856.jpg
1857,negativos_train_0139.jpg,negativo_aug_01857.jpg,/home/irar/Escritorio/ProyectoTaxiDetector/dataset/negativos/train/negativos_train_0139.jpg,/home/irar/Escritorio/ProyectoTaxiDetector/dataset/negativos/augmented/negativo_aug_01857.jpg
1858,negativos_train_0551.jpg,negativo_aug_01858.jpg,/home/irar/Escritorio/ProyectoTaxiDetector/dataset/negativos/train/negativos_train_0551.jpg,/home/irar/Escritorio/ProyectoTaxiDetector/dataset/negativos/augmented/negativo_aug_01858.jpg
1859,negativos_train_0241.jpg,negativo_aug_01859.jpg,/home/irar/Escritorio/ProyectoTaxiDetector/dataset/negativos/train/negativos_train_0241.jpg,/home/irar/Escritorio/ProyectoTaxiDetector/dataset/negativos/augmented/negativo_aug_01859.jpg
1860,negativos_train_0100.jpg,negativo_aug_01860.jpg,/home/irar/Escritorio/ProyectoTaxiDetector/dataset/negativos/train/negativos_train_0100.jpg,/home/irar/Escritorio/ProyectoTaxiDetector/dataset/negativos/augmented/negativo_aug_01860.jpg
1861,negativos_train_0119.jpg,negativo_aug_01861.jpg,/home/irar/Escritorio/ProyectoTaxiDetector/dataset/negativos/train/negativos_train_0119.jpg,/home/irar/Escritorio/ProyectoTaxiDetector/dataset/negativos/augmented/negativo_aug_01861.jpg
1862,negativos_train_0505.jpg,negativo_aug_01862.jpg,/home/irar/Escritorio/ProyectoTaxiDetector/dataset/negativos/train/negativos_train_0505.jpg,/home/irar/Escritorio/ProyectoTaxiDetector/dataset/negativos/augmented/negativo_aug_01862.jpg
1863,negativos_train_0312.jpg,negativo_aug_01863.jpg,/home/irar/Escritorio/ProyectoTaxiDetector/dataset/negativos/train/negativos_train_0312.jpg,/home/irar/Escritorio/ProyectoTaxiDetector/dataset/negativos/augmented/negativo_aug_01863.jpg
1864,negativos_train_0039.jpg,negativo_aug_01864.jpg,/home/irar/Escritorio/ProyectoTaxiDetector/dataset/negativos/train/negativos_train_0039.jpg,/home/irar/Escritorio/ProyectoTaxiDetector/dataset/negativos/augmented/negativo_aug_01864.jpg
1865,negativos_train_0047.jpg,negativo_aug_01865.jpg,/home/irar/Escritorio/ProyectoTaxiDetector/dataset/negativos/train/negativos_train_0047.jpg,/home/irar/Escritorio/ProyectoTaxiDetector/dataset/negativos/augmented/negativo_aug_01865.jpg
1866,negativos_train_0144.jpg,negativo_aug_01866.jpg,/home/irar/Escritorio/ProyectoTaxiDetector/dataset/negativos/train/negativos_train_0144.jpg,/home/irar/Escritorio/ProyectoTaxiDetector/dataset/negativos/augmented/negativo_aug_01866.jpg
1867,negativos_train_0120.jpg,negativo_aug_01867.jpg,/home/irar/Escritorio/ProyectoTaxiDetector/dataset/negativos/train/negativos_train_0120.jpg,/home/irar/Escritorio/ProyectoTaxiDetector/dataset/negativos/augmented/negativo_aug_01867.jpg
1868,negativos_train_0419.jpg,negativo_aug_01868.jpg,/home/irar/Escritorio/ProyectoTaxiDetector/dataset/negativos/train/negativos_train_0419.jpg,/home/irar/Escritorio/ProyectoTaxiDetector/dataset/negativos/augmented/negativo_aug_01868.jpg
1869,negativos_train_0310.jpg,negativo_aug_01869.jpg,/home/irar/Escritorio/ProyectoTaxiDetector/dataset/negativos/train/negativos_train_0310.jpg,/home/irar/Escritorio/ProyectoTaxiDetector/dataset/negativos/augmented/negativo_aug_01869.jpg
1870,negativos_train_0476.jpg,negativo_aug_01870.jpg,/home/irar/Escritorio/ProyectoTaxiDetector/dataset/negativos/train/negativos_train_0476.jpg,/home/irar/Escritorio/ProyectoTaxiDetector/dataset/negativos/augmented/negativo_aug_01870.jpg
1871,negativos_train_0065.jpg,negativo_aug_01871.jpg,/home/irar/Escritorio/ProyectoTaxiDetector/dataset/negativos/train/negativos_train_0065.jpg,/home/irar/Escritorio/ProyectoTaxiDetector/dataset/negativos/augmented/negativo_aug_01871.jpg
1872,negativos_train_0227.jpg,negativo_aug_01872.jpg,/home/irar/Escritorio/ProyectoTaxiDetector/dataset/negativos/train/negativos_train_0227.jpg,/home/irar/Escritorio/ProyectoTaxiDetector/dataset/negativos/augmented/negativo_aug_01872.jpg
1873,negativos_train_0336.jpg,negativo_aug_01873.jpg,/home/irar/Escritorio/ProyectoTaxiDetector/dataset/negativos/train/negativos_train_0336.jpg,/home/irar/Escritorio/ProyectoTaxiDetector/dataset/negativos/augmented/negativo_aug_01873.jpg
1874,negativos_train_0575.jpg,negativo_aug_01874.jpg,/home/irar/Escritorio/ProyectoTaxiDetector/dataset/negativos/train/negativos_train_0575.jpg,/home/irar/Escritorio/ProyectoTaxiDetector/dataset/negativos/augmented/negativo_aug_01874.jpg
1875,negativos_train_0026.jpg,negativo_aug_01875.jpg,/home/irar/Escritorio/ProyectoTaxiDetector/dataset/negativos/train/negativos_train_0026.jpg,/home/irar/Escritorio/ProyectoTaxiDetector/dataset/negativos/augmented/negativo_aug_01875.jpg
1876,negativos_train_0483.jpg,negativo_aug_01876.jpg,/home/irar/Escritorio/ProyectoTaxiDetector/dataset/negativos/train/negativos_train_0483.jpg,/home/irar/Escritorio/ProyectoTaxiDetector/dataset/negativos/augmented/negativo_aug_01876.jpg
1877,negativos_train_0240.jpg,negativo_aug_01877.jpg,/home/irar/Escritorio/ProyectoTaxiDetector/dataset/negativos/train/negativos_train_0240.jpg,/home/irar/Escritorio/ProyectoTaxiDetector/dataset/negativos/augmented/negativo_aug_01877.jpg
1878,negativos_train_0111.jpg,negativo_aug_01878.jpg,/home/irar/Escritorio/ProyectoTaxiDetector/dataset/negativos/train/negativos_train_0111.jpg,/home/irar/Escritorio/ProyectoTaxiDetector/dataset/negativos/augmented/negativo_aug_01878.jpg
1879,negativos_train_0381.jpg,negativo_aug_01879.jpg,/home/irar/Escritorio/ProyectoTaxiDetector/dataset/negativos/train/negativos_train_0381.jpg,/home/irar/Escritorio/ProyectoTaxiDetector/dataset/negativos/augmented/negativo_aug_01879.jpg
1880,negativos_train_0391.jpg,negativo_aug_01880.jpg,/home/irar/Escritorio/ProyectoTaxiDetector/dataset/negativos/train/negativos_train_0391.jpg,/home/irar/Escritorio/ProyectoTaxiDetector/dataset/negativos/augmented/negativo_aug_01880.jpg
1881,negativos_train_0599.jpg,negativo_aug_01881.jpg,/home/irar/Escritorio/ProyectoTaxiDetector/dataset/negativos/train/negativos_train_0599.jpg,/home/irar/Escritorio/ProyectoTaxiDetector/dataset/negativos/augmented/negativo_aug_01881.jpg
1882,negativos_train_0269.jpg,negativo_aug_01882.jpg,/home/irar/Escritorio/ProyectoTaxiDetector/dataset/negativos/train/negativos_train_0269.jpg,/home/irar/Escritorio/ProyectoTaxiDetector/dataset/negativos/augmented/negativo_aug_01882.jpg
1883,negativos_train_0378.jpg,negativo_aug_01883.jpg,/home/irar/Escritorio/ProyectoTaxiDetector/dataset/negativos/train/negativos_train_0378.jpg,/home/irar/Escritorio/ProyectoTaxiDetector/dataset/negativos/augmented/negativo_aug_01883.jpg
1884,negativos_train_0466.jpg,negativo_aug_01884.jpg,/home/irar/Escritorio/ProyectoTaxiDetector/dataset/negativos/train/negativos_train_0466.jpg,/home/irar/Escritorio/ProyectoTaxiDetector/dataset/negativos/augmented/negativo_aug_01884.jpg
1885,negativos_train_0127.jpg,negativo_aug_01885.jpg,/home/irar/Escritorio/ProyectoTaxiDetector/dataset/negativos/train/negativos_train_0127.jpg,/home/irar/Escritorio/ProyectoTaxiDetector/dataset/negativos/augmented/negativo_aug_01885.jpg
1886,negativos_train_0550.jpg,negativo_aug_01886.jpg,/home/irar/Escritorio/ProyectoTaxiDetector/dataset/negativos/train/negativos_train_0550.jpg,/home/irar/Escritorio/ProyectoTaxiDetector/dataset/negativos/augmented/negativo_aug_01886.jpg
1887,negativos_train_0271.jpg,negativo_aug_01887.jpg,/home/irar/Escritorio/ProyectoTaxiDetector/dataset/negativos/train/negativos_train_0271.jpg,/home/irar/Escritorio/ProyectoTaxiDetector/dataset/negativos/augmented/negativo_aug_01887.jpg
1888,negativos_train_0015.jpg,negativo_aug_01888.jpg,/home/irar/Escritorio/ProyectoTaxiDetector/dataset/negativos/train/negativos_train_0015.jpg,/home/irar/Escritorio/ProyectoTaxiDetector/dataset/negativos/augmented/negativo_aug_01888.jpg
1889,negativos_train_0405.jpg,negativo_aug_01889.jpg,/home/irar/Escritorio/ProyectoTaxiDetector/dataset/negativos/train/negativos_train_0405.jpg,/home/irar/Escritorio/ProyectoTaxiDetector/dataset/negativos/augmented/negativo_aug_01889.jpg
1890,negativos_train_0093.jpg,negativo_aug_01890.jpg,/home/irar/Escritorio/ProyectoTaxiDetector/dataset/negativos/train/negativos_train_0093.jpg,/home/irar/Escritorio/ProyectoTaxiDetector/dataset/negativos/augmented/negativo_aug_01890.jpg
1891,negativos_train_0627.jpg,negativo_aug_01891.jpg,/home/irar/Escritorio/ProyectoTaxiDetector/dataset/negativos/train/negativos_train_0627.jpg,/home/irar/Escritorio/ProyectoTaxiDetector/dataset/negativos/augmented/negativo_aug_01891.jpg
1892,negativos_train_0008.jpg,negativo_aug_01892.jpg,/home/irar/Escritorio/ProyectoTaxiDetector/dataset/negativos/train/negativos_train_0008.jpg,/home/irar/Escritorio/ProyectoTaxiDetector/dataset/negativos/augmented/negativo_aug_01892.jpg
1893,negativos_train_0119.jpg,negativo_aug_01893.jpg,/home/irar/Escritorio/ProyectoTaxiDetector/dataset/negativos/train/negativos_train_0119.jpg,/home/irar/Escritorio/ProyectoTaxiDetector/dataset/negativos/augmented/negativo_aug_01893.jpg
1894,negativos_train_0601.jpg,negativo_aug_01894.jpg,/home/irar/Escritorio/ProyectoTaxiDetector/dataset/negativos/train/negativos_train_0601.jpg,/home/irar/Escritorio/ProyectoTaxiDetector/dataset/negativos/augmented/negativo_aug_01894.jpg
1895,negativos_train_0588.jpg,negativo_aug_01895.jpg,/home/irar/Escritorio/ProyectoTaxiDetector/dataset/negativos/train/negativos_train_0588.jpg,/home/irar/Escritorio/ProyectoTaxiDetector/dataset/negativos/augmented/negativo_aug_01895.jpg
1896,negativos_train_0549.jpg,negativo_aug_01896.jpg,/home/irar/Escritorio/ProyectoTaxiDetector/dataset/negativos/train/negativos_train_0549.jpg,/home/irar/Escritorio/ProyectoTaxiDetector/dataset/negativos/augmented/negativo_aug_01896.jpg
1897,negativos_train_0309.jpg,negativo_aug_01897.jpg,/home/irar/Escritorio/ProyectoTaxiDetector/dataset/negativos/train/negativos_train_0309.jpg,/home/irar/Escritorio/ProyectoTaxiDetector/dataset/negativos/augmented/negativo_aug_01897.jpg
1898,negativos_train_0506.jpg,negativo_aug_01898.jpg,/home/irar/Escritorio/ProyectoTaxiDetector/dataset/negativos/train/negativos_train_0506.jpg,/home/irar/Escritorio/ProyectoTaxiDetector/dataset/negativos/augmented/negativo_aug_01898.jpg
1899,negativos_train_0409.jpg,negativo_aug_01899.jpg,/home/irar/Escritorio/ProyectoTaxiDetector/dataset/negativos/train/negativos_train_0409.jpg,/home/irar/Escritorio/ProyectoTaxiDetector/dataset/negativos/augmented/negativo_aug_01899.jpg
1900,negativos_train_0579.jpg,negativo_aug_01900.jpg,/home/irar/Escritorio/ProyectoTaxiDetector/dataset/negativos/train/negativos_train_0579.jpg,/home/irar/Escritorio/ProyectoTaxiDetector/dataset/negativos/augmented/negativo_aug_01900.jpg
1901,negativos_train_0281.jpg,negativo_aug_01901.jpg,/home/irar/Escritorio/ProyectoTaxiDetector/dataset/negativos/train/negativos_train_0281.jpg,/home/irar/Escritorio/ProyectoTaxiDetector/dataset/negativos/augmented/negativo_aug_01901.jpg
1902,negativos_train_0243.jpg,negativo_aug_01902.jpg,/home/irar/Escritorio/ProyectoTaxiDetector/dataset/negativos/train/negativos_train_0243.jpg,/home/irar/Escritorio/ProyectoTaxiDetector/dataset/negativos/augmented/negativo_aug_01902.jpg
1903,negativos_train_0302.jpg,negativo_aug_01903.jpg,/home/irar/Escritorio/ProyectoTaxiDetector/dataset/negativos/train/negativos_train_0302.jpg,/home/irar/Escritorio/ProyectoTaxiDetector/dataset/negativos/augmented/negativo_aug_01903.jpg
1904,negativos_train_0218.jpg,negativo_aug_01904.jpg,/home/irar/Escritorio/ProyectoTaxiDetector/dataset/negativos/train/negativos_train_0218.jpg,/home/irar/Escritorio/ProyectoTaxiDetector/dataset/negativos/augmented/negativo_aug_01904.jpg
1905,negativos_train_0220.jpg,negativo_aug_01905.jpg,/home/irar/Escritorio/ProyectoTaxiDetector/dataset/negativos/train/negativos_train_0220.jpg,/home/irar/Escritorio/ProyectoTaxiDetector/dataset/negativos/augmented/negativo_aug_01905.jpg
1906,negativos_train_0227.jpg,negativo_aug_01906.jpg,/home/irar/Escritorio/ProyectoTaxiDetector/dataset/negativos/train/negativos_train_0227.jpg,/home/irar/Escritorio/ProyectoTaxiDetector/dataset/negativos/augmented/negativo_aug_01906.jpg
1907,negativos_train_0262.jpg,negativo_aug_01907.jpg,/home/irar/Escritorio/ProyectoTaxiDetector/dataset/negativos/train/negativos_train_0262.jpg,/home/irar/Escritorio/ProyectoTaxiDetector/dataset/negativos/augmented/negativo_aug_01907.jpg
1908,negativos_train_0542.jpg,negativo_aug_01908.jpg,/home/irar/Escritorio/ProyectoTaxiDetector/dataset/negativos/train/negativos_train_0542.jpg,/home/irar/Escritorio/ProyectoTaxiDetector/dataset/negativos/augmented/negativo_aug_01908.jpg
1909,negativos_train_0023.jpg,negativo_aug_01909.jpg,/home/irar/Escritorio/ProyectoTaxiDetector/dataset/negativos/train/negativos_train_0023.jpg,/home/irar/Escritorio/ProyectoTaxiDetector/dataset/negativos/augmented/negativo_aug_01909.jpg
1910,negativos_train_0109.jpg,negativo_aug_01910.jpg,/home/irar/Escritorio/ProyectoTaxiDetector/dataset/negativos/train/negativos_train_0109.jpg,/home/irar/Escritorio/ProyectoTaxiDetector/dataset/negativos/augmented/negativo_aug_01910.jpg
1911,negativos_train_0114.jpg,negativo_aug_01911.jpg,/home/irar/Escritorio/ProyectoTaxiDetector/dataset/negativos/train/negativos_train_0114.jpg,/home/irar/Escritorio/ProyectoTaxiDetector/dataset/negativos/augmented/negativo_aug_01911.jpg
1912,negativos_train_0080.jpg,negativo_aug_01912.jpg,/home/irar/Escritorio/ProyectoTaxiDetector/dataset/negativos/train/negativos_train_0080.jpg,/home/irar/Escritorio/ProyectoTaxiDetector/dataset/negativos/augmented/negativo_aug_01912.jpg
1913,negativos_train_0217.jpg,negativo_aug_01913.jpg,/home/irar/Escritorio/ProyectoTaxiDetector/dataset/negativos/train/negativos_train_0217.jpg,/home/irar/Escritorio/ProyectoTaxiDetector/dataset/negativos/augmented/negativo_aug_01913.jpg
1914,negativos_train_0330.jpg,negativo_aug_01914.jpg,/home/irar/Escritorio/ProyectoTaxiDetector/dataset/negativos/train/negativos_train_0330.jpg,/home/irar/Escritorio/ProyectoTaxiDetector/dataset/negativos/augmented/negativo_aug_01914.jpg
1915,negativos_train_0200.jpg,negativo_aug_01915.jpg,/home/irar/Escritorio/ProyectoTaxiDetector/dataset/negativos/train/negativos_train_0200.jpg,/home/irar/Escritorio/ProyectoTaxiDetector/dataset/negativos/augmented/negativo_aug_01915.jpg
1916,negativos_train_0599.jpg,negativo_aug_01916.jpg,/home/irar/Escritorio/ProyectoTaxiDetector/dataset/negativos/train/negativos_train_0599.jpg,/home/irar/Escritorio/ProyectoTaxiDetector/dataset/negativos/augmented/negativo_aug_01916.jpg
1917,negativos_train_0344.jpg,negativo_aug_01917.jpg,/home/irar/Escritorio/ProyectoTaxiDetector/dataset/negativos/train/negativos_train_0344.jpg,/home/irar/Escritorio/ProyectoTaxiDetector/dataset/negativos/augmented/negativo_aug_01917.jpg
1918,negativos_train_0538.jpg,negativo_aug_01918.jpg,/home/irar/Escritorio/ProyectoTaxiDetector/dataset/negativos/train/negativos_train_0538.jpg,/home/irar/Escritorio/ProyectoTaxiDetector/dataset/negativos/augmented/negativo_aug_01918.jpg
1919,negativos_train_0357.jpg,negativo_aug_01919.jpg,/home/irar/Escritorio/ProyectoTaxiDetector/dataset/negativos/train/negativos_train_0357.jpg,/home/irar/Escritorio/ProyectoTaxiDetector/dataset/negativos/augmented/negativo_aug_01919.jpg
1920,negativos_train_0605.jpg,negativo_aug_01920.jpg,/home/irar/Escritorio/ProyectoTaxiDetector/dataset/negativos/train/negativos_train_0605.jpg,/home/irar/Escritorio/ProyectoTaxiDetector/dataset/negativos/augmented/negativo_aug_01920.jpg
1921,negativos_train_0475.jpg,negativo_aug_01921.jpg,/home/irar/Escritorio/ProyectoTaxiDetector/dataset/negativos/train/negativos_train_0475.jpg,/home/irar/Escritorio/ProyectoTaxiDetector/dataset/negativos/augmented/negativo_aug_01921.jpg
1922,negativos_train_0201.jpg,negativo_aug_01922.jpg,/home/irar/Escritorio/ProyectoTaxiDetector/dataset/negativos/train/negativos_train_0201.jpg,/home/irar/Escritorio/ProyectoTaxiDetector/dataset/negativos/augmented/negativo_aug_01922.jpg
1923,negativos_train_0463.jpg,negativo_aug_01923.jpg,/home/irar/Escritorio/ProyectoTaxiDetector/dataset/negativos/train/negativos_train_0463.jpg,/home/irar/Escritorio/ProyectoTaxiDetector/dataset/negativos/augmented/negativo_aug_01923.jpg
1924,negativos_train_0422.jpg,negativo_aug_01924.jpg,/home/irar/Escritorio/ProyectoTaxiDetector/dataset/negativos/train/negativos_train_0422.jpg,/home/irar/Escritorio/ProyectoTaxiDetector/dataset/negativos/augmented/negativo_aug_01924.jpg
1925,negativos_train_0224.jpg,negativo_aug_01925.jpg,/home/irar/Escritorio/ProyectoTaxiDetector/dataset/negativos/train/negativos_train_0224.jpg,/home/irar/Escritorio/ProyectoTaxiDetector/dataset/negativos/augmented/negativo_aug_01925.jpg
1926,negativos_train_0075.jpg,negativo_aug_01926.jpg,/home/irar/Escritorio/ProyectoTaxiDetector/dataset/negativos/train/negativos_train_0075.jpg,/home/irar/Escritorio/ProyectoTaxiDetector/dataset/negativos/augmented/negativo_aug_01926.jpg
1927,negativos_train_0602.jpg,negativo_aug_01927.jpg,/home/irar/Escritorio/ProyectoTaxiDetector/dataset/negativos/train/negativos_train_0602.jpg,/home/irar/Escritorio/ProyectoTaxiDetector/dataset/negativos/augmented/negativo_aug_01927.jpg
1928,negativos_train_0078.jpg,negativo_aug_01928.jpg,/home/irar/Escritorio/ProyectoTaxiDetector/dataset/negativos/train/negativos_train_0078.jpg,/home/irar/Escritorio/ProyectoTaxiDetector/dataset/negativos/augmented/negativo_aug_01928.jpg
1929,negativos_train_0269.jpg,negativo_aug_01929.jpg,/home/irar/Escritorio/ProyectoTaxiDetector/dataset/negativos/train/negativos_train_0269.jpg,/home/irar/Escritorio/ProyectoTaxiDetector/dataset/negativos/augmented/negativo_aug_01929.jpg
1930,negativos_train_0020.jpg,negativo_aug_01930.jpg,/home/irar/Escritorio/ProyectoTaxiDetector/dataset/negativos/train/negativos_train_0020.jpg,/home/irar/Escritorio/ProyectoTaxiDetector/dataset/negativos/augmented/negativo_aug_01930.jpg
1931,negativos_train_0504.jpg,negativo_aug_01931.jpg,/home/irar/Escritorio/ProyectoTaxiDetector/dataset/negativos/train/negativos_train_0504.jpg,/home/irar/Escritorio/ProyectoTaxiDetector/dataset/negativos/augmented/negativo_aug_01931.jpg
1932,negativos_train_0052.jpg,negativo_aug_01932.jpg,/home/irar/Escritorio/ProyectoTaxiDetector/dataset/negativos/train/negativos_train_0052.jpg,/home/irar/Escritorio/ProyectoTaxiDetector/dataset/negativos/augmented/negativo_aug_01932.jpg
1933,negativos_train_0169.jpg,negativo_aug_01933.jpg,/home/irar/Escritorio/ProyectoTaxiDetector/dataset/negativos/train/negativos_train_0169.jpg,/home/irar/Escritorio/ProyectoTaxiDetector/dataset/negativos/augmented/negativo_aug_01933.jpg
1934,negativos_train_0184.jpg,negativo_aug_01934.jpg,/home/irar/Escritorio/ProyectoTaxiDetector/dataset/negativos/train/negativos_train_0184.jpg,/home/irar/Escritorio/ProyectoTaxiDetector/dataset/negativos/augmented/negativo_aug_01934.jpg
1935,negativos_train_0385.jpg,negativo_aug_01935.jpg,/home/irar/Escritorio/ProyectoTaxiDetector/dataset/negativos/train/negativos_train_0385.jpg,/home/irar/Escritorio/ProyectoTaxiDetector/dataset/negativos/augmented/negativo_aug_01935.jpg
1936,negativos_train_0401.jpg,negativo_aug_01936.jpg,/home/irar/Escritorio/ProyectoTaxiDetector/dataset/negativos/train/negativos_train_0401.jpg,/home/irar/Escritorio/ProyectoTaxiDetector/dataset/negativos/augmented/negativo_aug_01936.jpg
1937,negativos_train_0112.jpg,negativo_aug_01937.jpg,/home/irar/Escritorio/ProyectoTaxiDetector/dataset/negativos/train/negativos_train_0112.jpg,/home/irar/Escritorio/ProyectoTaxiDetector/dataset/negativos/augmented/negativo_aug_01937.jpg
1938,negativos_train_0060.jpg,negativo_aug_01938.jpg,/home/irar/Escritorio/ProyectoTaxiDetector/dataset/negativos/train/negativos_train_0060.jpg,/home/irar/Escritorio/ProyectoTaxiDetector/dataset/negativos/augmented/negativo_aug_01938.jpg
1939,negativos_train_0573.jpg,negativo_aug_01939.jpg,/home/irar/Escritorio/ProyectoTaxiDetector/dataset/negativos/train/negativos_train_0573.jpg,/home/irar/Escritorio/ProyectoTaxiDetector/dataset/negativos/augmented/negativo_aug_01939.jpg
1940,negativos_train_0465.jpg,negativo_aug_01940.jpg,/home/irar/Escritorio/ProyectoTaxiDetector/dataset/negativos/train/negativos_train_0465.jpg,/home/irar/Escritorio/ProyectoTaxiDetector/dataset/negativos/augmented/negativo_aug_01940.jpg
1941,negativos_train_0003.jpg,negativo_aug_01941.jpg,/home/irar/Escritorio/ProyectoTaxiDetector/dataset/negativos/train/negativos_train_0003.jpg,/home/irar/Escritorio/ProyectoTaxiDetector/dataset/negativos/augmented/negativo_aug_01941.jpg
1942,negativos_train_0374.jpg,negativo_aug_01942.jpg,/home/irar/Escritorio/ProyectoTaxiDetector/dataset/negativos/train/negativos_train_0374.jpg,/home/irar/Escritorio/ProyectoTaxiDetector/dataset/negativos/augmented/negativo_aug_01942.jpg
1943,negativos_train_0367.jpg,negativo_aug_01943.jpg,/home/irar/Escritorio/ProyectoTaxiDetector/dataset/negativos/train/negativos_train_0367.jpg,/home/irar/Escritorio/ProyectoTaxiDetector/dataset/negativos/augmented/negativo_aug_01943.jpg
1944,negativos_train_0488.jpg,negativo_aug_01944.jpg,/home/irar/Escritorio/ProyectoTaxiDetector/dataset/negativos/train/negativos_train_0488.jpg,/home/irar/Escritorio/ProyectoTaxiDetector/dataset/negativos/augmented/negativo_aug_01944.jpg
1945,negativos_train_0353.jpg,negativo_aug_01945.jpg,/home/irar/Escritorio/ProyectoTaxiDetector/dataset/negativos/train/negativos_train_0353.jpg,/home/irar/Escritorio/ProyectoTaxiDetector/dataset/negativos/augmented/negativo_aug_01945.jpg
1946,negativos_train_0372.jpg,negativo_aug_01946.jpg,/home/irar/Escritorio/ProyectoTaxiDetector/dataset/negativos/train/negativos_train_0372.jpg,/home/irar/Escritorio/ProyectoTaxiDetector/dataset/negativos/augmented/negativo_aug_01946.jpg
1947,negativos_train_0424.jpg,negativo_aug_01947.jpg,/home/irar/Escritorio/ProyectoTaxiDetector/dataset/negativos/train/negativos_train_0424.jpg,/home/irar/Escritorio/ProyectoTaxiDetector/dataset/negativos/augmented/negativo_aug_01947.jpg
1948,negativos_train_0454.jpg,negativo_aug_01948.jpg,/home/irar/Escritorio/ProyectoTaxiDetector/dataset/negativos/train/negativos_train_0454.jpg,/home/irar/Escritorio/ProyectoTaxiDetector/dataset/negativos/augmented/negativo_aug_01948.jpg
1949,negativos_train_0380.jpg,negativo_aug_01949.jpg,/home/irar/Escritorio/ProyectoTaxiDetector/dataset/negativos/train/negativos_train_0380.jpg,/home/irar/Escritorio/ProyectoTaxiDetector/dataset/negativos/augmented/negativo_aug_01949.jpg
1950,negativos_train_0179.jpg,negativo_aug_01950.jpg,/home/irar/Escritorio/ProyectoTaxiDetector/dataset/negativos/train/negativos_train_0179.jpg,/home/irar/Escritorio/ProyectoTaxiDetector/dataset/negativos/augmented/negativo_aug_01950.jpg
1951,negativos_train_0004.jpg,negativo_aug_01951.jpg,/home/irar/Escritorio/ProyectoTaxiDetector/dataset/negativos/train/negativos_train_0004.jpg,/home/irar/Escritorio/ProyectoTaxiDetector/dataset/negativos/augmented/negativo_aug_01951.jpg
1952,negativos_train_0167.jpg,negativo_aug_01952.jpg,/home/irar/Escritorio/ProyectoTaxiDetector/dataset/negativos/train/negativos_train_0167.jpg,/home/irar/Escritorio/ProyectoTaxiDetector/dataset/negativos/augmented/negativo_aug_01952.jpg
1953,negativos_train_0616.jpg,negativo_aug_01953.jpg,/home/irar/Escritorio/ProyectoTaxiDetector/dataset/negativos/train/negativos_train_0616.jpg,/home/irar/Escritorio/ProyectoTaxiDetector/dataset/negativos/augmented/negativo_aug_01953.jpg
1954,negativos_train_0249.jpg,negativo_aug_01954.jpg,/home/irar/Escritorio/ProyectoTaxiDetector/dataset/negativos/train/negativos_train_0249.jpg,/home/irar/Escritorio/ProyectoTaxiDetector/dataset/negativos/augmented/negativo_aug_01954.jpg
1955,negativos_train_0104.jpg,negativo_aug_01955.jpg,/home/irar/Escritorio/ProyectoTaxiDetector/dataset/negativos/train/negativos_train_0104.jpg,/home/irar/Escritorio/ProyectoTaxiDetector/dataset/negativos/augmented/negativo_aug_01955.jpg
1956,negativos_train_0237.jpg,negativo_aug_01956.jpg,/home/irar/Escritorio/ProyectoTaxiDetector/dataset/negativos/train/negativos_train_0237.jpg,/home/irar/Escritorio/ProyectoTaxiDetector/dataset/negativos/augmented/negativo_aug_01956.jpg
1957,negativos_train_0379.jpg,negativo_aug_01957.jpg,/home/irar/Escritorio/ProyectoTaxiDetector/dataset/negativos/train/negativos_train_0379.jpg,/home/irar/Escritorio/ProyectoTaxiDetector/dataset/negativos/augmented/negativo_aug_01957.jpg
1958,negativos_train_0434.jpg,negativo_aug_01958.jpg,/home/irar/Escritorio/ProyectoTaxiDetector/dataset/negativos/train/negativos_train_0434.jpg,/home/irar/Escritorio/ProyectoTaxiDetector/dataset/negativos/augmented/negativo_aug_01958.jpg
1959,negativos_train_0195.jpg,negativo_aug_01959.jpg,/home/irar/Escritorio/ProyectoTaxiDetector/dataset/negativos/train/negativos_train_0195.jpg,/home/irar/Escritorio/ProyectoTaxiDetector/dataset/negativos/augmented/negativo_aug_01959.jpg
1960,negativos_train_0612.jpg,negativo_aug_01960.jpg,/home/irar/Escritorio/ProyectoTaxiDetector/dataset/negativos/train/negativos_train_0612.jpg,/home/irar/Escritorio/ProyectoTaxiDetector/dataset/negativos/augmented/negativo_aug_01960.jpg
1961,negativos_train_0001.jpg,negativo_aug_01961.jpg,/home/irar/Escritorio/ProyectoTaxiDetector/dataset/negativos/train/negativos_train_0001.jpg,/home/irar/Escritorio/ProyectoTaxiDetector/dataset/negativos/augmented/negativo_aug_01961.jpg
1962,negativos_train_0251.jpg,negativo_aug_01962.jpg,/home/irar/Escritorio/ProyectoTaxiDetector/dataset/negativos/train/negativos_train_0251.jpg,/home/irar/Escritorio/ProyectoTaxiDetector/dataset/negativos/augmented/negativo_aug_01962.jpg
1963,negativos_train_0358.jpg,negativo_aug_01963.jpg,/home/irar/Escritorio/ProyectoTaxiDetector/dataset/negativos/train/negativos_train_0358.jpg,/home/irar/Escritorio/ProyectoTaxiDetector/dataset/negativos/augmented/negativo_aug_01963.jpg
1964,negativos_train_0511.jpg,negativo_aug_01964.jpg,/home/irar/Escritorio/ProyectoTaxiDetector/dataset/negativos/train/negativos_train_0511.jpg,/home/irar/Escritorio/ProyectoTaxiDetector/dataset/negativos/augmented/negativo_aug_01964.jpg
1965,negativos_train_0580.jpg,negativo_aug_01965.jpg,/home/irar/Escritorio/ProyectoTaxiDetector/dataset/negativos/train/negativos_train_0580.jpg,/home/irar/Escritorio/ProyectoTaxiDetector/dataset/negativos/augmented/negativo_aug_01965.jpg
1966,negativos_train_0413.jpg,negativo_aug_01966.jpg,/home/irar/Escritorio/ProyectoTaxiDetector/dataset/negativos/train/negativos_train_0413.jpg,/home/irar/Escritorio/ProyectoTaxiDetector/dataset/negativos/augmented/negativo_aug_01966.jpg
1967,negativos_train_0013.jpg,negativo_aug_01967.jpg,/home/irar/Escritorio/ProyectoTaxiDetector/dataset/negativos/train/negativos_train_0013.jpg,/home/irar/Escritorio/ProyectoTaxiDetector/dataset/negativos/augmented/negativo_aug_01967.jpg
1968,negativos_train_0325.jpg,negativo_aug_01968.jpg,/home/irar/Escritorio/ProyectoTaxiDetector/dataset/negativos/train/negativos_train_0325.jpg,/home/irar/Escritorio/ProyectoTaxiDetector/dataset/negativos/augmented/negativo_aug_01968.jpg
1969,negativos_train_0030.jpg,negativo_aug_01969.jpg,/home/irar/Escritorio/ProyectoTaxiDetector/dataset/negativos/train/negativos_train_0030.jpg,/home/irar/Escritorio/ProyectoTaxiDetector/dataset/negativos/augmented/negativo_aug_01969.jpg
1970,negativos_train_0384.jpg,negativo_aug_01970.jpg,/home/irar/Escritorio/ProyectoTaxiDetector/dataset/negativos/train/negativos_train_0384.jpg,/home/irar/Escritorio/ProyectoTaxiDetector/dataset/negativos/augmented/negativo_aug_01970.jpg
1971,negativos_train_0138.jpg,negativo_aug_01971.jpg,/home/irar/Escritorio/ProyectoTaxiDetector/dataset/negativos/train/negativos_train_0138.jpg,/home/irar/Escritorio/ProyectoTaxiDetector/dataset/negativos/augmented/negativo_aug_01971.jpg
1972,negativos_train_0429.jpg,negativo_aug_01972.jpg,/home/irar/Escritorio/ProyectoTaxiDetector/dataset/negativos/train/negativos_train_0429.jpg,/home/irar/Escritorio/ProyectoTaxiDetector/dataset/negativos/augmented/negativo_aug_01972.jpg
1973,negativos_train_0524.jpg,negativo_aug_01973.jpg,/home/irar/Escritorio/ProyectoTaxiDetector/dataset/negativos/train/negativos_train_0524.jpg,/home/irar/Escritorio/ProyectoTaxiDetector/dataset/negativos/augmented/negativo_aug_01973.jpg
1974,negativos_train_0245.jpg,negativo_aug_01974.jpg,/home/irar/Escritorio/ProyectoTaxiDetector/dataset/negativos/train/negativos_train_0245.jpg,/home/irar/Escritorio/ProyectoTaxiDetector/dataset/negativos/augmented/negativo_aug_01974.jpg
1975,negativos_train_0076.jpg,negativo_aug_01975.jpg,/home/irar/Escritorio/ProyectoTaxiDetector/dataset/negativos/train/negativos_train_0076.jpg,/home/irar/Escritorio/ProyectoTaxiDetector/dataset/negativos/augmented/negativo_aug_01975.jpg
1976,negativos_train_0209.jpg,negativo_aug_01976.jpg,/home/irar/Escritorio/ProyectoTaxiDetector/dataset/negativos/train/negativos_train_0209.jpg,/home/irar/Escritorio/ProyectoTaxiDetector/dataset/negativos/augmented/negativo_aug_01976.jpg
1977,negativos_train_0381.jpg,negativo_aug_01977.jpg,/home/irar/Escritorio/ProyectoTaxiDetector/dataset/negativos/train/negativos_train_0381.jpg,/home/irar/Escritorio/ProyectoTaxiDetector/dataset/negativos/augmented/negativo_aug_01977.jpg
1978,negativos_train_0018.jpg,negativo_aug_01978.jpg,/home/irar/Escritorio/ProyectoTaxiDetector/dataset/negativos/train/negativos_train_0018.jpg,/home/irar/Escritorio/ProyectoTaxiDetector/dataset/negativos/augmented/negativo_aug_01978.jpg
1979,negativos_train_0345.jpg,negativo_aug_01979.jpg,/home/irar/Escritorio/ProyectoTaxiDetector/dataset/negativos/train/negativos_train_0345.jpg,/home/irar/Escritorio/ProyectoTaxiDetector/dataset/negativos/augmented/negativo_aug_01979.jpg
1980,negativos_train_0445.jpg,negativo_aug_01980.jpg,/home/irar/Escritorio/ProyectoTaxiDetector/dataset/negativos/train/negativos_train_0445.jpg,/home/irar/Escritorio/ProyectoTaxiDetector/dataset/negativos/augmented/negativo_aug_01980.jpg
1981,negativos_train_0142.jpg,negativo_aug_01981.jpg,/home/irar/Escritorio/ProyectoTaxiDetector/dataset/negativos/train/negativos_train_0142.jpg,/home/irar/Escritorio/ProyectoTaxiDetector/dataset/negativos/augmented/negativo_aug_01981.jpg
1982,negativos_train_0035.jpg,negativo_aug_01982.jpg,/home/irar/Escritorio/ProyectoTaxiDetector/dataset/negativos/train/negativos_train_0035.jpg,/home/irar/Escritorio/ProyectoTaxiDetector/dataset/negativos/augmented/negativo_aug_01982.jpg
1983,negativos_train_0267.jpg,negativo_aug_01983.jpg,/home/irar/Escritorio/ProyectoTaxiDetector/dataset/negativos/train/negativos_train_0267.jpg,/home/irar/Escritorio/ProyectoTaxiDetector/dataset/negativos/augmented/negativo_aug_01983.jpg
1984,negativos_train_0275.jpg,negativo_aug_01984.jpg,/home/irar/Escritorio/ProyectoTaxiDetector/dataset/negativos/train/negativos_train_0275.jpg,/home/irar/Escritorio/ProyectoTaxiDetector/dataset/negativos/augmented/negativo_aug_01984.jpg
1985,negativos_train_0028.jpg,negativo_aug_01985.jpg,/home/irar/Escritorio/ProyectoTaxiDetector/dataset/negativos/train/negativos_train_0028.jpg,/home/irar/Escritorio/ProyectoTaxiDetector/dataset/negativos/augmented/negativo_aug_01985.jpg
1986,negativos_train_0404.jpg,negativo_aug_01986.jpg,/home/irar/Escritorio/ProyectoTaxiDetector/dataset/negativos/train/negativos_train_0404.jpg,/home/irar/Escritorio/ProyectoTaxiDetector/dataset/negativos/augmented/negativo_aug_01986.jpg
1987,negativos_train_0503.jpg,negativo_aug_01987.jpg,/home/irar/Escritorio/ProyectoTaxiDetector/dataset/negativos/train/negativos_train_0503.jpg,/home/irar/Escritorio/ProyectoTaxiDetector/dataset/negativos/augmented/negativo_aug_01987.jpg
1988,negativos_train_0244.jpg,negativo_aug_01988.jpg,/home/irar/Escritorio/ProyectoTaxiDetector/dataset/negativos/train/negativos_train_0244.jpg,/home/irar/Escritorio/ProyectoTaxiDetector/dataset/negativos/augmented/negativo_aug_01988.jpg
1989,negativos_train_0277.jpg,negativo_aug_01989.jpg,/home/irar/Escritorio/ProyectoTaxiDetector/dataset/negativos/train/negativos_train_0277.jpg,/home/irar/Escritorio/ProyectoTaxiDetector/dataset/negativos/augmented/negativo_aug_01989.jpg
1990,negativos_train_0057.jpg,negativo_aug_01990.jpg,/home/irar/Escritorio/ProyectoTaxiDetector/dataset/negativos/train/negativos_train_0057.jpg,/home/irar/Escritorio/ProyectoTaxiDetector/dataset/negativos/augmented/negativo_aug_01990.jpg
1991,negativos_train_0480.jpg,negativo_aug_01991.jpg,/home/irar/Escritorio/ProyectoTaxiDetector/dataset/negativos/train/negativos_train_0480.jpg,/home/irar/Escritorio/ProyectoTaxiDetector/dataset/negativos/augmented/negativo_aug_01991.jpg
1992,negativos_train_0481.jpg,negativo_aug_01992.jpg,/home/irar/Escritorio/ProyectoTaxiDetector/dataset/negativos/train/negativos_train_0481.jpg,/home/irar/Escritorio/ProyectoTaxiDetector/dataset/negativos/augmented/negativo_aug_01992.jpg
1993,negativos_train_0092.jpg,negativo_aug_01993.jpg,/home/irar/Escritorio/ProyectoTaxiDetector/dataset/negativos/train/negativos_train_0092.jpg,/home/irar/Escritorio/ProyectoTaxiDetector/dataset/negativos/augmented/negativo_aug_01993.jpg
1994,negativos_train_0323.jpg,negativo_aug_01994.jpg,/home/irar/Escritorio/ProyectoTaxiDetector/dataset/negativos/train/negativos_train_0323.jpg,/home/irar/Escritorio/ProyectoTaxiDetector/dataset/negativos/augmented/negativo_aug_01994.jpg
1995,negativos_train_0006.jpg,negativo_aug_01995.jpg,/home/irar/Escritorio/ProyectoTaxiDetector/dataset/negativos/train/negativos_train_0006.jpg,/home/irar/Escritorio/ProyectoTaxiDetector/dataset/negativos/augmented/negativo_aug_01995.jpg
1996,negativos_train_0170.jpg,negativo_aug_01996.jpg,/home/irar/Escritorio/ProyectoTaxiDetector/dataset/negativos/train/negativos_train_0170.jpg,/home/irar/Escritorio/ProyectoTaxiDetector/dataset/negativos/augmented/negativo_aug_01996.jpg
1997,negativos_train_0019.jpg,negativo_aug_01997.jpg,/home/irar/Escritorio/ProyectoTaxiDetector/dataset/negativos/train/negativos_train_0019.jpg,/home/irar/Escritorio/ProyectoTaxiDetector/dataset/negativos/augmented/negativo_aug_01997.jpg
1998,negativos_train_0363.jpg,negativo_aug_01998.jpg,/home/irar/Escritorio/ProyectoTaxiDetector/dataset/negativos/train/negativos_train_0363.jpg,/home/irar/Escritorio/ProyectoTaxiDetector/dataset/negativos/augmented/negativo_aug_01998.jpg
1999,negativos_train_0285.jpg,negativo_aug_01999.jpg,/home/irar/Escritorio/ProyectoTaxiDetector/dataset/negativos/train/negativos_train_0285.jpg,/home/irar/Escritorio/ProyectoTaxiDetector/dataset/negativos/augmented/negativo_aug_01999.jpg
2000,negativos_train_0125.jpg,negativo_aug_02000.jpg,/home/irar/Escritorio/ProyectoTaxiDetector/dataset/negativos/train/negativos_train_0125.jpg,/home/irar/Escritorio/ProyectoTaxiDetector/dataset/negativos/augmented/negativo_aug_02000.jpg
2001,negativos_train_0339.jpg,negativo_aug_02001.jpg,/home/irar/Escritorio/ProyectoTaxiDetector/dataset/negativos/train/negativos_train_0339.jpg,/home/irar/Escritorio/ProyectoTaxiDetector/dataset/negativos/augmented/negativo_aug_02001.jpg
2002,negativos_train_0234.jpg,negativo_aug_02002.jpg,/home/irar/Escritorio/ProyectoTaxiDetector/dataset/negativos/train/negativos_train_0234.jpg,/home/irar/Escritorio/ProyectoTaxiDetector/dataset/negativos/augmented/negativo_aug_02002.jpg
2003,negativos_train_0165.jpg,negativo_aug_02003.jpg,/home/irar/Escritorio/ProyectoTaxiDetector/dataset/negativos/train/negativos_train_0165.jpg,/home/irar/Escritorio/ProyectoTaxiDetector/dataset/negativos/augmented/negativo_aug_02003.jpg
2004,negativos_train_0472.jpg,negativo_aug_02004.jpg,/home/irar/Escritorio/ProyectoTaxiDetector/dataset/negativos/train/negativos_train_0472.jpg,/home/irar/Escritorio/ProyectoTaxiDetector/dataset/negativos/augmented/negativo_aug_02004.jpg
2005,negativos_train_0223.jpg,negativo_aug_02005.jpg,/home/irar/Escritorio/ProyectoTaxiDetector/dataset/negativos/train/negativos_train_0223.jpg,/home/irar/Escritorio/ProyectoTaxiDetector/dataset/negativos/augmented/negativo_aug_02005.jpg
2006,negativos_train_0418.jpg,negativo_aug_02006.jpg,/home/irar/Escritorio/ProyectoTaxiDetector/dataset/negativos/train/negativos_train_0418.jpg,/home/irar/Escritorio/ProyectoTaxiDetector/dataset/negativos/augmented/negativo_aug_02006.jpg
2007,negativos_train_0452.jpg,negativo_aug_02007.jpg,/home/irar/Escritorio/ProyectoTaxiDetector/dataset/negativos/train/negativos_train_0452.jpg,/home/irar/Escritorio/ProyectoTaxiDetector/dataset/negativos/augmented/negativo_aug_02007.jpg
2008,negativos_train_0447.jpg,negativo_aug_02008.jpg,/home/irar/Escritorio/ProyectoTaxiDetector/dataset/negativos/train/negativos_train_0447.jpg,/home/irar/Escritorio/ProyectoTaxiDetector/dataset/negativos/augmented/negativo_aug_02008.jpg
2009,negativos_train_0432.jpg,negativo_aug_02009.jpg,/home/irar/Escritorio/ProyectoTaxiDetector/dataset/negativos/train/negativos_train_0432.jpg,/home/irar/Escritorio/ProyectoTaxiDetector/dataset/negativos/augmented/negativo_aug_02009.jpg
2010,negativos_train_0093.jpg,negativo_aug_02010.jpg,/home/irar/Escritorio/ProyectoTaxiDetector/dataset/negativos/train/negativos_train_0093.jpg,/home/irar/Escritorio/ProyectoTaxiDetector/dataset/negativos/augmented/negativo_aug_02010.jpg
2011,negativos_train_0102.jpg,negativo_aug_02011.jpg,/home/irar/Escritorio/ProyectoTaxiDetector/dataset/negativos/train/negativos_train_0102.jpg,/home/irar/Escritorio/ProyectoTaxiDetector/dataset/negativos/augmented/negativo_aug_02011.jpg
2012,negativos_train_0592.jpg,negativo_aug_02012.jpg,/home/irar/Escritorio/ProyectoTaxiDetector/dataset/negativos/train/negativos_train_0592.jpg,/home/irar/Escritorio/ProyectoTaxiDetector/dataset/negativos/augmented/negativo_aug_02012.jpg
2013,negativos_train_0120.jpg,negativo_aug_02013.jpg,/home/irar/Escritorio/ProyectoTaxiDetector/dataset/negativos/train/negativos_train_0120.jpg,/home/irar/Escritorio/ProyectoTaxiDetector/dataset/negativos/augmented/negativo_aug_02013.jpg
2014,negativos_train_0483.jpg,negativo_aug_02014.jpg,/home/irar/Escritorio/ProyectoTaxiDetector/dataset/negativos/train/negativos_train_0483.jpg,/home/irar/Escritorio/ProyectoTaxiDetector/dataset/negativos/augmented/negativo_aug_02014.jpg
2015,negativos_train_0263.jpg,negativo_aug_02015.jpg,/home/irar/Escritorio/ProyectoTaxiDetector/dataset/negativos/train/negativos_train_0263.jpg,/home/irar/Escritorio/ProyectoTaxiDetector/dataset/negativos/augmented/negativo_aug_02015.jpg
2016,negativos_train_0062.jpg,negativo_aug_02016.jpg,/home/irar/Escritorio/ProyectoTaxiDetector/dataset/negativos/train/negativos_train_0062.jpg,/home/irar/Escritorio/ProyectoTaxiDetector/dataset/negativos/augmented/negativo_aug_02016.jpg
2017,negativos_train_0378.jpg,negativo_aug_02017.jpg,/home/irar/Escritorio/ProyectoTaxiDetector/dataset/negativos/train/negativos_train_0378.jpg,/home/irar/Escritorio/ProyectoTaxiDetector/dataset/negativos/augmented/negativo_aug_02017.jpg
2018,negativos_train_0620.jpg,negativo_aug_02018.jpg,/home/irar/Escritorio/ProyectoTaxiDetector/dataset/negativos/train/negativos_train_0620.jpg,/home/irar/Escritorio/ProyectoTaxiDetector/dataset/negativos/augmented/negativo_aug_02018.jpg
2019,negativos_train_0151.jpg,negativo_aug_02019.jpg,/home/irar/Escritorio/ProyectoTaxiDetector/dataset/negativos/train/negativos_train_0151.jpg,/home/irar/Escritorio/ProyectoTaxiDetector/dataset/negativos/augmented/negativo_aug_02019.jpg
2020,negativos_train_0319.jpg,negativo_aug_02020.jpg,/home/irar/Escritorio/ProyectoTaxiDetector/dataset/negativos/train/negativos_train_0319.jpg,/home/irar/Escritorio/ProyectoTaxiDetector/dataset/negativos/augmented/negativo_aug_02020.jpg
2021,negativos_train_0355.jpg,negativo_aug_02021.jpg,/home/irar/Escritorio/ProyectoTaxiDetector/dataset/negativos/train/negativos_train_0355.jpg,/home/irar/Escritorio/ProyectoTaxiDetector/dataset/negativos/augmented/negativo_aug_02021.jpg
2022,negativos_train_0058.jpg,negativo_aug_02022.jpg,/home/irar/Escritorio/ProyectoTaxiDetector/dataset/negativos/train/negativos_train_0058.jpg,/home/irar/Escritorio/ProyectoTaxiDetector/dataset/negativos/augmented/negativo_aug_02022.jpg
2023,negativos_train_0489.jpg,negativo_aug_02023.jpg,/home/irar/Escritorio/ProyectoTaxiDetector/dataset/negativos/train/negativos_train_0489.jpg,/home/irar/Escritorio/ProyectoTaxiDetector/dataset/negativos/augmented/negativo_aug_02023.jpg
2024,negativos_train_0250.jpg,negativo_aug_02024.jpg,/home/irar/Escritorio/ProyectoTaxiDetector/dataset/negativos/train/negativos_train_0250.jpg,/home/irar/Escritorio/ProyectoTaxiDetector/dataset/negativos/augmented/negativo_aug_02024.jpg
2025,negativos_train_0390.jpg,negativo_aug_02025.jpg,/home/irar/Escritorio/ProyectoTaxiDetector/dataset/negativos/train/negativos_train_0390.jpg,/home/irar/Escritorio/ProyectoTaxiDetector/dataset/negativos/augmented/negativo_aug_02025.jpg
2026,negativos_train_0484.jpg,negativo_aug_02026.jpg,/home/irar/Escritorio/ProyectoTaxiDetector/dataset/negativos/train/negativos_train_0484.jpg,/home/irar/Escritorio/ProyectoTaxiDetector/dataset/negativos/augmented/negativo_aug_02026.jpg
2027,negativos_train_0279.jpg,negativo_aug_02027.jpg,/home/irar/Escritorio/ProyectoTaxiDetector/dataset/negativos/train/negativos_train_0279.jpg,/home/irar/Escritorio/ProyectoTaxiDetector/dataset/negativos/augmented/negativo_aug_02027.jpg
2028,negativos_train_0225.jpg,negativo_aug_02028.jpg,/home/irar/Escritorio/ProyectoTaxiDetector/dataset/negativos/train/negativos_train_0225.jpg,/home/irar/Escritorio/ProyectoTaxiDetector/dataset/negativos/augmented/negativo_aug_02028.jpg
2029,negativos_train_0091.jpg,negativo_aug_02029.jpg,/home/irar/Escritorio/ProyectoTaxiDetector/dataset/negativos/train/negativos_train_0091.jpg,/home/irar/Escritorio/ProyectoTaxiDetector/dataset/negativos/augmented/negativo_aug_02029.jpg
2030,negativos_train_0140.jpg,negativo_aug_02030.jpg,/home/irar/Escritorio/ProyectoTaxiDetector/dataset/negativos/train/negativos_train_0140.jpg,/home/irar/Escritorio/ProyectoTaxiDetector/dataset/negativos/augmented/negativo_aug_02030.jpg
2031,negativos_train_0536.jpg,negativo_aug_02031.jpg,/home/irar/Escritorio/ProyectoTaxiDetector/dataset/negativos/train/negativos_train_0536.jpg,/home/irar/Escritorio/ProyectoTaxiDetector/dataset/negativos/augmented/negativo_aug_02031.jpg
2032,negativos_train_0203.jpg,negativo_aug_02032.jpg,/home/irar/Escritorio/ProyectoTaxiDetector/dataset/negativos/train/negativos_train_0203.jpg,/home/irar/Escritorio/ProyectoTaxiDetector/dataset/negativos/augmented/negativo_aug_02032.jpg
2033,negativos_train_0118.jpg,negativo_aug_02033.jpg,/home/irar/Escritorio/ProyectoTaxiDetector/dataset/negativos/train/negativos_train_0118.jpg,/home/irar/Escritorio/ProyectoTaxiDetector/dataset/negativos/augmented/negativo_aug_02033.jpg
2034,negativos_train_0423.jpg,negativo_aug_02034.jpg,/home/irar/Escritorio/ProyectoTaxiDetector/dataset/negativos/train/negativos_train_0423.jpg,/home/irar/Escritorio/ProyectoTaxiDetector/dataset/negativos/augmented/negativo_aug_02034.jpg
2035,negativos_train_0236.jpg,negativo_aug_02035.jpg,/home/irar/Escritorio/ProyectoTaxiDetector/dataset/negativos/train/negativos_train_0236.jpg,/home/irar/Escritorio/ProyectoTaxiDetector/dataset/negativos/augmented/negativo_aug_02035.jpg
2036,negativos_train_0097.jpg,negativo_aug_02036.jpg,/home/irar/Escritorio/ProyectoTaxiDetector/dataset/negativos/train/negativos_train_0097.jpg,/home/irar/Escritorio/ProyectoTaxiDetector/dataset/negativos/augmented/negativo_aug_02036.jpg
2037,negativos_train_0174.jpg,negativo_aug_02037.jpg,/home/irar/Escritorio/ProyectoTaxiDetector/dataset/negativos/train/negativos_train_0174.jpg,/home/irar/Escritorio/ProyectoTaxiDetector/dataset/negativos/augmented/negativo_aug_02037.jpg
2038,negativos_train_0176.jpg,negativo_aug_02038.jpg,/home/irar/Escritorio/ProyectoTaxiDetector/dataset/negativos/train/negativos_train_0176.jpg,/home/irar/Escritorio/ProyectoTaxiDetector/dataset/negativos/augmented/negativo_aug_02038.jpg
2039,negativos_train_0297.jpg,negativo_aug_02039.jpg,/home/irar/Escritorio/ProyectoTaxiDetector/dataset/negativos/train/negativos_train_0297.jpg,/home/irar/Escritorio/ProyectoTaxiDetector/dataset/negativos/augmented/negativo_aug_02039.jpg
2040,negativos_train_0144.jpg,negativo_aug_02040.jpg,/home/irar/Escritorio/ProyectoTaxiDetector/dataset/negativos/train/negativos_train_0144.jpg,/home/irar/Escritorio/ProyectoTaxiDetector/dataset/negativos/augmented/negativo_aug_02040.jpg
2041,negativos_train_0054.jpg,negativo_aug_02041.jpg,/home/irar/Escritorio/ProyectoTaxiDetector/dataset/negativos/train/negativos_train_0054.jpg,/home/irar/Escritorio/ProyectoTaxiDetector/dataset/negativos/augmented/negativo_aug_02041.jpg
2042,negativos_train_0268.jpg,negativo_aug_02042.jpg,/home/irar/Escritorio/ProyectoTaxiDetector/dataset/negativos/train/negativos_train_0268.jpg,/home/irar/Escritorio/ProyectoTaxiDetector/dataset/negativos/augmented/negativo_aug_02042.jpg
2043,negativos_train_0216.jpg,negativo_aug_02043.jpg,/home/irar/Escritorio/ProyectoTaxiDetector/dataset/negativos/train/negativos_train_0216.jpg,/home/irar/Escritorio/ProyectoTaxiDetector/dataset/negativos/augmented/negativo_aug_02043.jpg
2044,negativos_train_0598.jpg,negativo_aug_02044.jpg,/home/irar/Escritorio/ProyectoTaxiDetector/dataset/negativos/train/negativos_train_0598.jpg,/home/irar/Escritorio/ProyectoTaxiDetector/dataset/negativos/augmented/negativo_aug_02044.jpg
2045,negativos_train_0121.jpg,negativo_aug_02045.jpg,/home/irar/Escritorio/ProyectoTaxiDetector/dataset/negativos/train/negativos_train_0121.jpg,/home/irar/Escritorio/ProyectoTaxiDetector/dataset/negativos/augmented/negativo_aug_02045.jpg
2046,negativos_train_0230.jpg,negativo_aug_02046.jpg,/home/irar/Escritorio/ProyectoTaxiDetector/dataset/negativos/train/negativos_train_0230.jpg,/home/irar/Escritorio/ProyectoTaxiDetector/dataset/negativos/augmented/negativo_aug_02046.jpg
2047,negativos_train_0172.jpg,negativo_aug_02047.jpg,/home/irar/Escritorio/ProyectoTaxiDetector/dataset/negativos/train/negativos_train_0172.jpg,/home/irar/Escritorio/ProyectoTaxiDetector/dataset/negativos/augmented/negativo_aug_02047.jpg
2048,negativos_train_0053.jpg,negativo_aug_02048.jpg,/home/irar/Escritorio/ProyectoTaxiDetector/dataset/negativos/train/negativos_train_0053.jpg,/home/irar/Escritorio/ProyectoTaxiDetector/dataset/negativos/augmented/negativo_aug_02048.jpg
2049,negativos_train_0545.jpg,negativo_aug_02049.jpg,/home/irar/Escritorio/ProyectoTaxiDetector/dataset/negativos/train/negativos_train_0545.jpg,/home/irar/Escritorio/ProyectoTaxiDetector/dataset/negativos/augmented/negativo_aug_02049.jpg
2050,negativos_train_0219.jpg,negativo_aug_02050.jpg,/home/irar/Escritorio/ProyectoTaxiDetector/dataset/negativos/train/negativos_train_0219.jpg,/home/irar/Escritorio/ProyectoTaxiDetector/dataset/negativos/augmented/negativo_aug_02050.jpg
2051,negativos_train_0346.jpg,negativo_aug_02051.jpg,/home/irar/Escritorio/ProyectoTaxiDetector/dataset/negativos/train/negativos_train_0346.jpg,/home/irar/Escritorio/ProyectoTaxiDetector/dataset/negativos/augmented/negativo_aug_02051.jpg
2052,negativos_train_0554.jpg,negativo_aug_02052.jpg,/home/irar/Escritorio/ProyectoTaxiDetector/dataset/negativos/train/negativos_train_0554.jpg,/home/irar/Escritorio/ProyectoTaxiDetector/dataset/negativos/augmented/negativo_aug_02052.jpg
2053,negativos_train_0113.jpg,negativo_aug_02053.jpg,/home/irar/Escritorio/ProyectoTaxiDetector/dataset/negativos/train/negativos_train_0113.jpg,/home/irar/Escritorio/ProyectoTaxiDetector/dataset/negativos/augmented/negativo_aug_02053.jpg
2054,negativos_train_0533.jpg,negativo_aug_02054.jpg,/home/irar/Escritorio/ProyectoTaxiDetector/dataset/negativos/train/negativos_train_0533.jpg,/home/irar/Escritorio/ProyectoTaxiDetector/dataset/negativos/augmented/negativo_aug_02054.jpg
2055,negativos_train_0613.jpg,negativo_aug_02055.jpg,/home/irar/Escritorio/ProyectoTaxiDetector/dataset/negativos/train/negativos_train_0613.jpg,/home/irar/Escritorio/ProyectoTaxiDetector/dataset/negativos/augmented/negativo_aug_02055.jpg
2056,negativos_train_0193.jpg,negativo_aug_02056.jpg,/home/irar/Escritorio/ProyectoTaxiDetector/dataset/negativos/train/negativos_train_0193.jpg,/home/irar/Escritorio/ProyectoTaxiDetector/dataset/negativos/augmented/negativo_aug_02056.jpg
2057,negativos_train_0271.jpg,negativo_aug_02057.jpg,/home/irar/Escritorio/ProyectoTaxiDetector/dataset/negativos/train/negativos_train_0271.jpg,/home/irar/Escritorio/ProyectoTaxiDetector/dataset/negativos/augmented/negativo_aug_02057.jpg
2058,negativos_train_0009.jpg,negativo_aug_02058.jpg,/home/irar/Escritorio/ProyectoTaxiDetector/dataset/negativos/train/negativos_train_0009.jpg,/home/irar/Escritorio/ProyectoTaxiDetector/dataset/negativos/augmented/negativo_aug_02058.jpg
2059,negativos_train_0306.jpg,negativo_aug_02059.jpg,/home/irar/Escritorio/ProyectoTaxiDetector/dataset/negativos/train/negativos_train_0306.jpg,/home/irar/Escritorio/ProyectoTaxiDetector/dataset/negativos/augmented/negativo_aug_02059.jpg
2060,negativos_train_0287.jpg,negativo_aug_02060.jpg,/home/irar/Escritorio/ProyectoTaxiDetector/dataset/negativos/train/negativos_train_0287.jpg,/home/irar/Escritorio/ProyectoTaxiDetector/dataset/negativos/augmented/negativo_aug_02060.jpg
2061,negativos_train_0292.jpg,negativo_aug_02061.jpg,/home/irar/Escritorio/ProyectoTaxiDetector/dataset/negativos/train/negativos_train_0292.jpg,/home/irar/Escritorio/ProyectoTaxiDetector/dataset/negativos/augmented/negativo_aug_02061.jpg
2062,negativos_train_0421.jpg,negativo_aug_02062.jpg,/home/irar/Escritorio/ProyectoTaxiDetector/dataset/negativos/train/negativos_train_0421.jpg,/home/irar/Escritorio/ProyectoTaxiDetector/dataset/negativos/augmented/negativo_aug_02062.jpg
2063,negativos_train_0589.jpg,negativo_aug_02063.jpg,/home/irar/Escritorio/ProyectoTaxiDetector/dataset/negativos/train/negativos_train_0589.jpg,/home/irar/Escritorio/ProyectoTaxiDetector/dataset/negativos/augmented/negativo_aug_02063.jpg
2064,negativos_train_0574.jpg,negativo_aug_02064.jpg,/home/irar/Escritorio/ProyectoTaxiDetector/dataset/negativos/train/negativos_train_0574.jpg,/home/irar/Escritorio/ProyectoTaxiDetector/dataset/negativos/augmented/negativo_aug_02064.jpg
2065,negativos_train_0534.jpg,negativo_aug_02065.jpg,/home/irar/Escritorio/ProyectoTaxiDetector/dataset/negativos/train/negativos_train_0534.jpg,/home/irar/Escritorio/ProyectoTaxiDetector/dataset/negativos/augmented/negativo_aug_02065.jpg
2066,negativos_train_0123.jpg,negativo_aug_02066.jpg,/home/irar/Escritorio/ProyectoTaxiDetector/dataset/negativos/train/negativos_train_0123.jpg,/home/irar/Escritorio/ProyectoTaxiDetector/dataset/negativos/augmented/negativo_aug_02066.jpg
2067,negativos_train_0575.jpg,negativo_aug_02067.jpg,/home/irar/Escritorio/ProyectoTaxiDetector/dataset/negativos/train/negativos_train_0575.jpg,/home/irar/Escritorio/ProyectoTaxiDetector/dataset/negativos/augmented/negativo_aug_02067.jpg
2068,negativos_train_0467.jpg,negativo_aug_02068.jpg,/home/irar/Escritorio/ProyectoTaxiDetector/dataset/negativos/train/negativos_train_0467.jpg,/home/irar/Escritorio/ProyectoTaxiDetector/dataset/negativos/augmented/negativo_aug_02068.jpg
2069,negativos_train_0495.jpg,negativo_aug_02069.jpg,/home/irar/Escritorio/ProyectoTaxiDetector/dataset/negativos/train/negativos_train_0495.jpg,/home/irar/Escritorio/ProyectoTaxiDetector/dataset/negativos/augmented/negativo_aug_02069.jpg
2070,negativos_train_0257.jpg,negativo_aug_02070.jpg,/home/irar/Escritorio/ProyectoTaxiDetector/dataset/negativos/train/negativos_train_0257.jpg,/home/irar/Escritorio/ProyectoTaxiDetector/dataset/negativos/augmented/negativo_aug_02070.jpg
2071,negativos_train_0629.jpg,negativo_aug_02071.jpg,/home/irar/Escritorio/ProyectoTaxiDetector/dataset/negativos/train/negativos_train_0629.jpg,/home/irar/Escritorio/ProyectoTaxiDetector/dataset/negativos/augmented/negativo_aug_02071.jpg
2072,negativos_train_0430.jpg,negativo_aug_02072.jpg,/home/irar/Escritorio/ProyectoTaxiDetector/dataset/negativos/train/negativos_train_0430.jpg,/home/irar/Escritorio/ProyectoTaxiDetector/dataset/negativos/augmented/negativo_aug_02072.jpg
2073,negativos_train_0068.jpg,negativo_aug_02073.jpg,/home/irar/Escritorio/ProyectoTaxiDetector/dataset/negativos/train/negativos_train_0068.jpg,/home/irar/Escritorio/ProyectoTaxiDetector/dataset/negativos/augmented/negativo_aug_02073.jpg
2074,negativos_train_0198.jpg,negativo_aug_02074.jpg,/home/irar/Escritorio/ProyectoTaxiDetector/dataset/negativos/train/negativos_train_0198.jpg,/home/irar/Escritorio/ProyectoTaxiDetector/dataset/negativos/augmented/negativo_aug_02074.jpg
2075,negativos_train_0331.jpg,negativo_aug_02075.jpg,/home/irar/Escritorio/ProyectoTaxiDetector/dataset/negativos/train/negativos_train_0331.jpg,/home/irar/Escritorio/ProyectoTaxiDetector/dataset/negativos/augmented/negativo_aug_02075.jpg
2076,negativos_train_0007.jpg,negativo_aug_02076.jpg,/home/irar/Escritorio/ProyectoTaxiDetector/dataset/negativos/train/negativos_train_0007.jpg,/home/irar/Escritorio/ProyectoTaxiDetector/dataset/negativos/augmented/negativo_aug_02076.jpg
2077,negativos_train_0162.jpg,negativo_aug_02077.jpg,/home/irar/Escritorio/ProyectoTaxiDetector/dataset/negativos/train/negativos_train_0162.jpg,/home/irar/Escritorio/ProyectoTaxiDetector/dataset/negativos/augmented/negativo_aug_02077.jpg
2078,negativos_train_0316.jpg,negativo_aug_02078.jpg,/home/irar/Escritorio/ProyectoTaxiDetector/dataset/negativos/train/negativos_train_0316.jpg,/home/irar/Escritorio/ProyectoTaxiDetector/dataset/negativos/augmented/negativo_aug_02078.jpg
2079,negativos_train_0466.jpg,negativo_aug_02079.jpg,/home/irar/Escritorio/ProyectoTaxiDetector/dataset/negativos/train/negativos_train_0466.jpg,/home/irar/Escritorio/ProyectoTaxiDetector/dataset/negativos/augmented/negativo_aug_02079.jpg
2080,negativos_train_0610.jpg,negativo_aug_02080.jpg,/home/irar/Escritorio/ProyectoTaxiDetector/dataset/negativos/train/negativos_train_0610.jpg,/home/irar/Escritorio/ProyectoTaxiDetector/dataset/negativos/augmented/negativo_aug_02080.jpg
2081,negativos_train_0150.jpg,negativo_aug_02081.jpg,/home/irar/Escritorio/ProyectoTaxiDetector/dataset/negativos/train/negativos_train_0150.jpg,/home/irar/Escritorio/ProyectoTaxiDetector/dataset/negativos/augmented/negativo_aug_02081.jpg
2082,negativos_train_0600.jpg,negativo_aug_02082.jpg,/home/irar/Escritorio/ProyectoTaxiDetector/dataset/negativos/train/negativos_train_0600.jpg,/home/irar/Escritorio/ProyectoTaxiDetector/dataset/negativos/augmented/negativo_aug_02082.jpg
2083,negativos_train_0507.jpg,negativo_aug_02083.jpg,/home/irar/Escritorio/ProyectoTaxiDetector/dataset/negativos/train/negativos_train_0507.jpg,/home/irar/Escritorio/ProyectoTaxiDetector/dataset/negativos/augmented/negativo_aug_02083.jpg
2084,negativos_train_0477.jpg,negativo_aug_02084.jpg,/home/irar/Escritorio/ProyectoTaxiDetector/dataset/negativos/train/negativos_train_0477.jpg,/home/irar/Escritorio/ProyectoTaxiDetector/dataset/negativos/augmented/negativo_aug_02084.jpg
2085,negativos_train_0386.jpg,negativo_aug_02085.jpg,/home/irar/Escritorio/ProyectoTaxiDetector/dataset/negativos/train/negativos_train_0386.jpg,/home/irar/Escritorio/ProyectoTaxiDetector/dataset/negativos/augmented/negativo_aug_02085.jpg
2086,negativos_train_0095.jpg,negativo_aug_02086.jpg,/home/irar/Escritorio/ProyectoTaxiDetector/dataset/negativos/train/negativos_train_0095.jpg,/home/irar/Escritorio/ProyectoTaxiDetector/dataset/negativos/augmented/negativo_aug_02086.jpg
2087,negativos_train_0577.jpg,negativo_aug_02087.jpg,/home/irar/Escritorio/ProyectoTaxiDetector/dataset/negativos/train/negativos_train_0577.jpg,/home/irar/Escritorio/ProyectoTaxiDetector/dataset/negativos/augmented/negativo_aug_02087.jpg
2088,negativos_train_0515.jpg,negativo_aug_02088.jpg,/home/irar/Escritorio/ProyectoTaxiDetector/dataset/negativos/train/negativos_train_0515.jpg,/home/irar/Escritorio/ProyectoTaxiDetector/dataset/negativos/augmented/negativo_aug_02088.jpg
2089,negativos_train_0332.jpg,negativo_aug_02089.jpg,/home/irar/Escritorio/ProyectoTaxiDetector/dataset/negativos/train/negativos_train_0332.jpg,/home/irar/Escritorio/ProyectoTaxiDetector/dataset/negativos/augmented/negativo_aug_02089.jpg
2090,negativos_train_0419.jpg,negativo_aug_02090.jpg,/home/irar/Escritorio/ProyectoTaxiDetector/dataset/negativos/train/negativos_train_0419.jpg,/home/irar/Escritorio/ProyectoTaxiDetector/dataset/negativos/augmented/negativo_aug_02090.jpg
2091,negativos_train_0182.jpg,negativo_aug_02091.jpg,/home/irar/Escritorio/ProyectoTaxiDetector/dataset/negativos/train/negativos_train_0182.jpg,/home/irar/Escritorio/ProyectoTaxiDetector/dataset/negativos/augmented/negativo_aug_02091.jpg
2092,negativos_train_0499.jpg,negativo_aug_02092.jpg,/home/irar/Escritorio/ProyectoTaxiDetector/dataset/negativos/train/negativos_train_0499.jpg,/home/irar/Escritorio/ProyectoTaxiDetector/dataset/negativos/augmented/negativo_aug_02092.jpg
2093,negativos_train_0305.jpg,negativo_aug_02093.jpg,/home/irar/Escritorio/ProyectoTaxiDetector/dataset/negativos/train/negativos_train_0305.jpg,/home/irar/Escritorio/ProyectoTaxiDetector/dataset/negativos/augmented/negativo_aug_02093.jpg
2094,negativos_train_0586.jpg,negativo_aug_02094.jpg,/home/irar/Escritorio/ProyectoTaxiDetector/dataset/negativos/train/negativos_train_0586.jpg,/home/irar/Escritorio/ProyectoTaxiDetector/dataset/negativos/augmented/negativo_aug_02094.jpg
2095,negativos_train_0273.jpg,negativo_aug_02095.jpg,/home/irar/Escritorio/ProyectoTaxiDetector/dataset/negativos/train/negativos_train_0273.jpg,/home/irar/Escritorio/ProyectoTaxiDetector/dataset/negativos/augmented/negativo_aug_02095.jpg
2096,negativos_train_0307.jpg,negativo_aug_02096.jpg,/home/irar/Escritorio/ProyectoTaxiDetector/dataset/negativos/train/negativos_train_0307.jpg,/home/irar/Escritorio/ProyectoTaxiDetector/dataset/negativos/augmented/negativo_aug_02096.jpg
2097,negativos_train_0152.jpg,negativo_aug_02097.jpg,/home/irar/Escritorio/ProyectoTaxiDetector/dataset/negativos/train/negativos_train_0152.jpg,/home/irar/Escritorio/ProyectoTaxiDetector/dataset/negativos/augmented/negativo_aug_02097.jpg
2098,negativos_train_0529.jpg,negativo_aug_02098.jpg,/home/irar/Escritorio/ProyectoTaxiDetector/dataset/negativos/train/negativos_train_0529.jpg,/home/irar/Escritorio/ProyectoTaxiDetector/dataset/negativos/augmented/negativo_aug_02098.jpg
2099,negativos_train_0313.jpg,negativo_aug_02099.jpg,/home/irar/Escritorio/ProyectoTaxiDetector/dataset/negativos/train/negativos_train_0313.jpg,/home/irar/Escritorio/ProyectoTaxiDetector/dataset/negativos/augmented/negativo_aug_02099.jpg
2100,negativos_train_0286.jpg,negativo_aug_02100.jpg,/home/irar/Escritorio/ProyectoTaxiDetector/dataset/negativos/train/negativos_train_0286.jpg,/home/irar/Escritorio/ProyectoTaxiDetector/dataset/negativos/augmented/negativo_aug_02100.jpg
2101,negativos_train_0518.jpg,negativo_aug_02101.jpg,/home/irar/Escritorio/ProyectoTaxiDetector/dataset/negativos/train/negativos_train_0518.jpg,/home/irar/Escritorio/ProyectoTaxiDetector/dataset/negativos/augmented/negativo_aug_02101.jpg
2102,negativos_train_0352.jpg,negativo_aug_02102.jpg,/home/irar/Escritorio/ProyectoTaxiDetector/dataset/negativos/train/negativos_train_0352.jpg,/home/irar/Escritorio/ProyectoTaxiDetector/dataset/negativos/augmented/negativo_aug_02102.jpg
2103,negativos_train_0291.jpg,negativo_aug_02103.jpg,/home/irar/Escritorio/ProyectoTaxiDetector/dataset/negativos/train/negativos_train_0291.jpg,/home/irar/Escritorio/ProyectoTaxiDetector/dataset/negativos/augmented/negativo_aug_02103.jpg
2104,negativos_train_0417.jpg,negativo_aug_02104.jpg,/home/irar/Escritorio/ProyectoTaxiDetector/dataset/negativos/train/negativos_train_0417.jpg,/home/irar/Escritorio/ProyectoTaxiDetector/dataset/negativos/augmented/negativo_aug_02104.jpg
2105,negativos_train_0084.jpg,negativo_aug_02105.jpg,/home/irar/Escritorio/ProyectoTaxiDetector/dataset/negativos/train/negativos_train_0084.jpg,/home/irar/Escritorio/ProyectoTaxiDetector/dataset/negativos/augmented/negativo_aug_02105.jpg
2106,negativos_train_0375.jpg,negativo_aug_02106.jpg,/home/irar/Escritorio/ProyectoTaxiDetector/dataset/negativos/train/negativos_train_0375.jpg,/home/irar/Escritorio/ProyectoTaxiDetector/dataset/negativos/augmented/negativo_aug_02106.jpg
2107,negativos_train_0132.jpg,negativo_aug_02107.jpg,/home/irar/Escritorio/ProyectoTaxiDetector/dataset/negativos/train/negativos_train_0132.jpg,/home/irar/Escritorio/ProyectoTaxiDetector/dataset/negativos/augmented/negativo_aug_02107.jpg
2108,negativos_train_0619.jpg,negativo_aug_02108.jpg,/home/irar/Escritorio/ProyectoTaxiDetector/dataset/negativos/train/negativos_train_0619.jpg,/home/irar/Escritorio/ProyectoTaxiDetector/dataset/negativos/augmented/negativo_aug_02108.jpg
2109,negativos_train_0039.jpg,negativo_aug_02109.jpg,/home/irar/Escritorio/ProyectoTaxiDetector/dataset/negativos/train/negativos_train_0039.jpg,/home/irar/Escritorio/ProyectoTaxiDetector/dataset/negativos/augmented/negativo_aug_02109.jpg
2110,negativos_train_0117.jpg,negativo_aug_02110.jpg,/home/irar/Escritorio/ProyectoTaxiDetector/dataset/negativos/train/negativos_train_0117.jpg,/home/irar/Escritorio/ProyectoTaxiDetector/dataset/negativos/augmented/negativo_aug_02110.jpg
2111,negativos_train_0133.jpg,negativo_aug_02111.jpg,/home/irar/Escritorio/ProyectoTaxiDetector/dataset/negativos/train/negativos_train_0133.jpg,/home/irar/Escritorio/ProyectoTaxiDetector/dataset/negativos/augmented/negativo_aug_02111.jpg
2112,negativos_train_0561.jpg,negativo_aug_02112.jpg,/home/irar/Escritorio/ProyectoTaxiDetector/dataset/negativos/train/negativos_train_0561.jpg,/home/irar/Escritorio/ProyectoTaxiDetector/dataset/negativos/augmented/negativo_aug_02112.jpg
2113,negativos_train_0442.jpg,negativo_aug_02113.jpg,/home/irar/Escritorio/ProyectoTaxiDetector/dataset/negativos/train/negativos_train_0442.jpg,/home/irar/Escritorio/ProyectoTaxiDetector/dataset/negativos/augmented/negativo_aug_02113.jpg
2114,negativos_train_0086.jpg,negativo_aug_02114.jpg,/home/irar/Escritorio/ProyectoTaxiDetector/dataset/negativos/train/negativos_train_0086.jpg,/home/irar/Escritorio/ProyectoTaxiDetector/dataset/negativos/augmented/negativo_aug_02114.jpg
2115,negativos_train_0183.jpg,negativo_aug_02115.jpg,/home/irar/Escritorio/ProyectoTaxiDetector/dataset/negativos/train/negativos_train_0183.jpg,/home/irar/Escritorio/ProyectoTaxiDetector/dataset/negativos/augmented/negativo_aug_02115.jpg
2116,negativos_train_0521.jpg,negativo_aug_02116.jpg,/home/irar/Escritorio/ProyectoTaxiDetector/dataset/negativos/train/negativos_train_0521.jpg,/home/irar/Escritorio/ProyectoTaxiDetector/dataset/negativos/augmented/negativo_aug_02116.jpg
2117,negativos_train_0010.jpg,negativo_aug_02117.jpg,/home/irar/Escritorio/ProyectoTaxiDetector/dataset/negativos/train/negativos_train_0010.jpg,/home/irar/Escritorio/ProyectoTaxiDetector/dataset/negativos/augmented/negativo_aug_02117.jpg
2118,negativos_train_0431.jpg,negativo_aug_02118.jpg,/home/irar/Escritorio/ProyectoTaxiDetector/dataset/negativos/train/negativos_train_0431.jpg,/home/irar/Escritorio/ProyectoTaxiDetector/dataset/negativos/augmented/negativo_aug_02118.jpg
2119,negativos_train_0011.jpg,negativo_aug_02119.jpg,/home/irar/Escritorio/ProyectoTaxiDetector/dataset/negativos/train/negativos_train_0011.jpg,/home/irar/Escritorio/ProyectoTaxiDetector/dataset/negativos/augmented/negativo_aug_02119.jpg
2120,negativos_train_0493.jpg,negativo_aug_02120.jpg,/home/irar/Escritorio/ProyectoTaxiDetector/dataset/negativos/train/negativos_train_0493.jpg,/home/irar/Escritorio/ProyectoTaxiDetector/dataset/negativos/augmented/negativo_aug_02120.jpg
2121,negativos_train_0439.jpg,negativo_aug_02121.jpg,/home/irar/Escritorio/ProyectoTaxiDetector/dataset/negativos/train/negativos_train_0439.jpg,/home/irar/Escritorio/ProyectoTaxiDetector/dataset/negativos/augmented/negativo_aug_02121.jpg
2122,negativos_train_0131.jpg,negativo_aug_02122.jpg,/home/irar/Escritorio/ProyectoTaxiDetector/dataset/negativos/train/negativos_train_0131.jpg,/home/irar/Escritorio/ProyectoTaxiDetector/dataset/negativos/augmented/negativo_aug_02122.jpg
2123,negativos_train_0335.jpg,negativo_aug_02123.jpg,/home/irar/Escritorio/ProyectoTaxiDetector/dataset/negativos/train/negativos_train_0335.jpg,/home/irar/Escritorio/ProyectoTaxiDetector/dataset/negativos/augmented/negativo_aug_02123.jpg
2124,negativos_train_0051.jpg,negativo_aug_02124.jpg,/home/irar/Escritorio/ProyectoTaxiDetector/dataset/negativos/train/negativos_train_0051.jpg,/home/irar/Escritorio/ProyectoTaxiDetector/dataset/negativos/augmented/negativo_aug_02124.jpg
2125,negativos_train_0037.jpg,negativo_aug_02125.jpg,/home/irar/Escritorio/ProyectoTaxiDetector/dataset/negativos/train/negativos_train_0037.jpg,/home/irar/Escritorio/ProyectoTaxiDetector/dataset/negativos/augmented/negativo_aug_02125.jpg
2126,negativos_train_0194.jpg,negativo_aug_02126.jpg,/home/irar/Escritorio/ProyectoTaxiDetector/dataset/negativos/train/negativos_train_0194.jpg,/home/irar/Escritorio/ProyectoTaxiDetector/dataset/negativos/augmented/negativo_aug_02126.jpg
2127,negativos_train_0594.jpg,negativo_aug_02127.jpg,/home/irar/Escritorio/ProyectoTaxiDetector/dataset/negativos/train/negativos_train_0594.jpg,/home/irar/Escritorio/ProyectoTaxiDetector/dataset/negativos/augmented/negativo_aug_02127.jpg
2128,negativos_train_0498.jpg,negativo_aug_02128.jpg,/home/irar/Escritorio/ProyectoTaxiDetector/dataset/negativos/train/negativos_train_0498.jpg,/home/irar/Escritorio/ProyectoTaxiDetector/dataset/negativos/augmented/negativo_aug_02128.jpg
2129,negativos_train_0607.jpg,negativo_aug_02129.jpg,/home/irar/Escritorio/ProyectoTaxiDetector/dataset/negativos/train/negativos_train_0607.jpg,/home/irar/Escritorio/ProyectoTaxiDetector/dataset/negativos/augmented/negativo_aug_02129.jpg
2130,negativos_train_0420.jpg,negativo_aug_02130.jpg,/home/irar/Escritorio/ProyectoTaxiDetector/dataset/negativos/train/negativos_train_0420.jpg,/home/irar/Escritorio/ProyectoTaxiDetector/dataset/negativos/augmented/negativo_aug_02130.jpg
2131,negativos_train_0496.jpg,negativo_aug_02131.jpg,/home/irar/Escritorio/ProyectoTaxiDetector/dataset/negativos/train/negativos_train_0496.jpg,/home/irar/Escritorio/ProyectoTaxiDetector/dataset/negativos/augmented/negativo_aug_02131.jpg
2132,negativos_train_0517.jpg,negativo_aug_02132.jpg,/home/irar/Escritorio/ProyectoTaxiDetector/dataset/negativos/train/negativos_train_0517.jpg,/home/irar/Escritorio/ProyectoTaxiDetector/dataset/negativos/augmented/negativo_aug_02132.jpg
2133,negativos_train_0276.jpg,negativo_aug_02133.jpg,/home/irar/Escritorio/ProyectoTaxiDetector/dataset/negativos/train/negativos_train_0276.jpg,/home/irar/Escritorio/ProyectoTaxiDetector/dataset/negativos/augmented/negativo_aug_02133.jpg
2134,negativos_train_0033.jpg,negativo_aug_02134.jpg,/home/irar/Escritorio/ProyectoTaxiDetector/dataset/negativos/train/negativos_train_0033.jpg,/home/irar/Escritorio/ProyectoTaxiDetector/dataset/negativos/augmented/negativo_aug_02134.jpg
2135,negativos_train_0459.jpg,negativo_aug_02135.jpg,/home/irar/Escritorio/ProyectoTaxiDetector/dataset/negativos/train/negativos_train_0459.jpg,/home/irar/Escritorio/ProyectoTaxiDetector/dataset/negativos/augmented/negativo_aug_02135.jpg
2136,negativos_train_0157.jpg,negativo_aug_02136.jpg,/home/irar/Escritorio/ProyectoTaxiDetector/dataset/negativos/train/negativos_train_0157.jpg,/home/irar/Escritorio/ProyectoTaxiDetector/dataset/negativos/augmented/negativo_aug_02136.jpg
2137,negativos_train_0516.jpg,negativo_aug_02137.jpg,/home/irar/Escritorio/ProyectoTaxiDetector/dataset/negativos/train/negativos_train_0516.jpg,/home/irar/Escritorio/ProyectoTaxiDetector/dataset/negativos/augmented/negativo_aug_02137.jpg
2138,negativos_train_0160.jpg,negativo_aug_02138.jpg,/home/irar/Escritorio/ProyectoTaxiDetector/dataset/negativos/train/negativos_train_0160.jpg,/home/irar/Escritorio/ProyectoTaxiDetector/dataset/negativos/augmented/negativo_aug_02138.jpg
2139,negativos_train_0212.jpg,negativo_aug_02139.jpg,/home/irar/Escritorio/ProyectoTaxiDetector/dataset/negativos/train/negativos_train_0212.jpg,/home/irar/Escritorio/ProyectoTaxiDetector/dataset/negativos/augmented/negativo_aug_02139.jpg
2140,negativos_train_0471.jpg,negativo_aug_02140.jpg,/home/irar/Escritorio/ProyectoTaxiDetector/dataset/negativos/train/negativos_train_0471.jpg,/home/irar/Escritorio/ProyectoTaxiDetector/dataset/negativos/augmented/negativo_aug_02140.jpg
2141,negativos_train_0527.jpg,negativo_aug_02141.jpg,/home/irar/Escritorio/ProyectoTaxiDetector/dataset/negativos/train/negativos_train_0527.jpg,/home/irar/Escritorio/ProyectoTaxiDetector/dataset/negativos/augmented/negativo_aug_02141.jpg
2142,negativos_train_0571.jpg,negativo_aug_02142.jpg,/home/irar/Escritorio/ProyectoTaxiDetector/dataset/negativos/train/negativos_train_0571.jpg,/home/irar/Escritorio/ProyectoTaxiDetector/dataset/negativos/augmented/negativo_aug_02142.jpg
2143,negativos_train_0382.jpg,negativo_aug_02143.jpg,/home/irar/Escritorio/ProyectoTaxiDetector/dataset/negativos/train/negativos_train_0382.jpg,/home/irar/Escritorio/ProyectoTaxiDetector/dataset/negativos/augmented/negativo_aug_02143.jpg
2144,negativos_train_0614.jpg,negativo_aug_02144.jpg,/home/irar/Escritorio/ProyectoTaxiDetector/dataset/negativos/train/negativos_train_0614.jpg,/home/irar/Escritorio/ProyectoTaxiDetector/dataset/negativos/augmented/negativo_aug_02144.jpg
2145,negativos_train_0099.jpg,negativo_aug_02145.jpg,/home/irar/Escritorio/ProyectoTaxiDetector/dataset/negativos/train/negativos_train_0099.jpg,/home/irar/Escritorio/ProyectoTaxiDetector/dataset/negativos/augmented/negativo_aug_02145.jpg
2146,negativos_train_0543.jpg,negativo_aug_02146.jpg,/home/irar/Escritorio/ProyectoTaxiDetector/dataset/negativos/train/negativos_train_0543.jpg,/home/irar/Escritorio/ProyectoTaxiDetector/dataset/negativos/augmented/negativo_aug_02146.jpg
2147,negativos_train_0630.jpg,negativo_aug_02147.jpg,/home/irar/Escritorio/ProyectoTaxiDetector/dataset/negativos/train/negativos_train_0630.jpg,/home/irar/Escritorio/ProyectoTaxiDetector/dataset/negativos/augmented/negativo_aug_02147.jpg
2148,negativos_train_0443.jpg,negativo_aug_02148.jpg,/home/irar/Escritorio/ProyectoTaxiDetector/dataset/negativos/train/negativos_train_0443.jpg,/home/irar/Escritorio/ProyectoTaxiDetector/dataset/negativos/augmented/negativo_aug_02148.jpg
2149,negativos_train_0100.jpg,negativo_aug_02149.jpg,/home/irar/Escritorio/ProyectoTaxiDetector/dataset/negativos/train/negativos_train_0100.jpg,/home/irar/Escritorio/ProyectoTaxiDetector/dataset/negativos/augmented/negativo_aug_02149.jpg
2150,negativos_train_0027.jpg,negativo_aug_02150.jpg,/home/irar/Escritorio/ProyectoTaxiDetector/dataset/negativos/train/negativos_train_0027.jpg,/home/irar/Escritorio/ProyectoTaxiDetector/dataset/negativos/augmented/negativo_aug_02150.jpg
2151,negativos_train_0206.jpg,negativo_aug_02151.jpg,/home/irar/Escritorio/ProyectoTaxiDetector/dataset/negativos/train/negativos_train_0206.jpg,/home/irar/Escritorio/ProyectoTaxiDetector/dataset/negativos/augmented/negativo_aug_02151.jpg
2152,negativos_train_0351.jpg,negativo_aug_02152.jpg,/home/irar/Escritorio/ProyectoTaxiDetector/dataset/negativos/train/negativos_train_0351.jpg,/home/irar/Escritorio/ProyectoTaxiDetector/dataset/negativos/augmented/negativo_aug_02152.jpg
2153,negativos_train_0403.jpg,negativo_aug_02153.jpg,/home/irar/Escritorio/ProyectoTaxiDetector/dataset/negativos/train/negativos_train_0403.jpg,/home/irar/Escritorio/ProyectoTaxiDetector/dataset/negativos/augmented/negativo_aug_02153.jpg
2154,negativos_train_0583.jpg,negativo_aug_02154.jpg,/home/irar/Escritorio/ProyectoTaxiDetector/dataset/negativos/train/negativos_train_0583.jpg,/home/irar/Escritorio/ProyectoTaxiDetector/dataset/negativos/augmented/negativo_aug_02154.jpg
2155,negativos_train_0502.jpg,negativo_aug_02155.jpg,/home/irar/Escritorio/ProyectoTaxiDetector/dataset/negativos/train/negativos_train_0502.jpg,/home/irar/Escritorio/ProyectoTaxiDetector/dataset/negativos/augmented/negativo_aug_02155.jpg
2156,negativos_train_0559.jpg,negativo_aug_02156.jpg,/home/irar/Escritorio/ProyectoTaxiDetector/dataset/negativos/train/negativos_train_0559.jpg,/home/irar/Escritorio/ProyectoTaxiDetector/dataset/negativos/augmented/negativo_aug_02156.jpg
2157,negativos_train_0519.jpg,negativo_aug_02157.jpg,/home/irar/Escritorio/ProyectoTaxiDetector/dataset/negativos/train/negativos_train_0519.jpg,/home/irar/Escritorio/ProyectoTaxiDetector/dataset/negativos/augmented/negativo_aug_02157.jpg
2158,negativos_train_0221.jpg,negativo_aug_02158.jpg,/home/irar/Escritorio/ProyectoTaxiDetector/dataset/negativos/train/negativos_train_0221.jpg,/home/irar/Escritorio/ProyectoTaxiDetector/dataset/negativos/augmented/negativo_aug_02158.jpg
2159,negativos_train_0056.jpg,negativo_aug_02159.jpg,/home/irar/Escritorio/ProyectoTaxiDetector/dataset/negativos/train/negativos_train_0056.jpg,/home/irar/Escritorio/ProyectoTaxiDetector/dataset/negativos/augmented/negativo_aug_02159.jpg
2160,negativos_train_0005.jpg,negativo_aug_02160.jpg,/home/irar/Escritorio/ProyectoTaxiDetector/dataset/negativos/train/negativos_train_0005.jpg,/home/irar/Escritorio/ProyectoTaxiDetector/dataset/negativos/augmented/negativo_aug_02160.jpg
2161,negativos_train_0478.jpg,negativo_aug_02161.jpg,/home/irar/Escritorio/ProyectoTaxiDetector/dataset/negativos/train/negativos_train_0478.jpg,/home/irar/Escritorio/ProyectoTaxiDetector/dataset/negativos/augmented/negativo_aug_02161.jpg
2162,negativos_train_0241.jpg,negativo_aug_02162.jpg,/home/irar/Escritorio/ProyectoTaxiDetector/dataset/negativos/train/negativos_train_0241.jpg,/home/irar/Escritorio/ProyectoTaxiDetector/dataset/negativos/augmented/negativo_aug_02162.jpg
2163,negativos_train_0254.jpg,negativo_aug_02163.jpg,/home/irar/Escritorio/ProyectoTaxiDetector/dataset/negativos/train/negativos_train_0254.jpg,/home/irar/Escritorio/ProyectoTaxiDetector/dataset/negativos/augmented/negativo_aug_02163.jpg
2164,negativos_train_0145.jpg,negativo_aug_02164.jpg,/home/irar/Escritorio/ProyectoTaxiDetector/dataset/negativos/train/negativos_train_0145.jpg,/home/irar/Escritorio/ProyectoTaxiDetector/dataset/negativos/augmented/negativo_aug_02164.jpg
2165,negativos_train_0300.jpg,negativo_aug_02165.jpg,/home/irar/Escritorio/ProyectoTaxiDetector/dataset/negativos/train/negativos_train_0300.jpg,/home/irar/Escritorio/ProyectoTaxiDetector/dataset/negativos/augmented/negativo_aug_02165.jpg
2166,negativos_train_0025.jpg,negativo_aug_02166.jpg,/home/irar/Escritorio/ProyectoTaxiDetector/dataset/negativos/train/negativos_train_0025.jpg,/home/irar/Escritorio/ProyectoTaxiDetector/dataset/negativos/augmented/negativo_aug_02166.jpg
2167,negativos_train_0181.jpg,negativo_aug_02167.jpg,/home/irar/Escritorio/ProyectoTaxiDetector/dataset/negativos/train/negativos_train_0181.jpg,/home/irar/Escritorio/ProyectoTaxiDetector/dataset/negativos/augmented/negativo_aug_02167.jpg
2168,negativos_train_0111.jpg,negativo_aug_02168.jpg,/home/irar/Escritorio/ProyectoTaxiDetector/dataset/negativos/train/negativos_train_0111.jpg,/home/irar/Escritorio/ProyectoTaxiDetector/dataset/negativos/augmented/negativo_aug_02168.jpg
2169,negativos_train_0308.jpg,negativo_aug_02169.jpg,/home/irar/Escritorio/ProyectoTaxiDetector/dataset/negativos/train/negativos_train_0308.jpg,/home/irar/Escritorio/ProyectoTaxiDetector/dataset/negativos/augmented/negativo_aug_02169.jpg
2170,negativos_train_0235.jpg,negativo_aug_02170.jpg,/home/irar/Escritorio/ProyectoTaxiDetector/dataset/negativos/train/negativos_train_0235.jpg,/home/irar/Escritorio/ProyectoTaxiDetector/dataset/negativos/augmented/negativo_aug_02170.jpg
2171,negativos_train_0259.jpg,negativo_aug_02171.jpg,/home/irar/Escritorio/ProyectoTaxiDetector/dataset/negativos/train/negativos_train_0259.jpg,/home/irar/Escritorio/ProyectoTaxiDetector/dataset/negativos/augmented/negativo_aug_02171.jpg
2172,negativos_train_0202.jpg,negativo_aug_02172.jpg,/home/irar/Escritorio/ProyectoTaxiDetector/dataset/negativos/train/negativos_train_0202.jpg,/home/irar/Escritorio/ProyectoTaxiDetector/dataset/negativos/augmented/negativo_aug_02172.jpg
2173,negativos_train_0047.jpg,negativo_aug_02173.jpg,/home/irar/Escritorio/ProyectoTaxiDetector/dataset/negativos/train/negativos_train_0047.jpg,/home/irar/Escritorio/ProyectoTaxiDetector/dataset/negativos/augmented/negativo_aug_02173.jpg
2174,negativos_train_0012.jpg,negativo_aug_02174.jpg,/home/irar/Escritorio/ProyectoTaxiDetector/dataset/negativos/train/negativos_train_0012.jpg,/home/irar/Escritorio/ProyectoTaxiDetector/dataset/negativos/augmented/negativo_aug_02174.jpg
2175,negativos_train_0567.jpg,negativo_aug_02175.jpg,/home/irar/Escritorio/ProyectoTaxiDetector/dataset/negativos/train/negativos_train_0567.jpg,/home/irar/Escritorio/ProyectoTaxiDetector/dataset/negativos/augmented/negativo_aug_02175.jpg
2176,negativos_train_0513.jpg,negativo_aug_02176.jpg,/home/irar/Escritorio/ProyectoTaxiDetector/dataset/negativos/train/negativos_train_0513.jpg,/home/irar/Escritorio/ProyectoTaxiDetector/dataset/negativos/augmented/negativo_aug_02176.jpg
2177,negativos_train_0290.jpg,negativo_aug_02177.jpg,/home/irar/Escritorio/ProyectoTaxiDetector/dataset/negativos/train/negativos_train_0290.jpg,/home/irar/Escritorio/ProyectoTaxiDetector/dataset/negativos/augmented/negativo_aug_02177.jpg
2178,negativos_train_0428.jpg,negativo_aug_02178.jpg,/home/irar/Escritorio/ProyectoTaxiDetector/dataset/negativos/train/negativos_train_0428.jpg,/home/irar/Escritorio/ProyectoTaxiDetector/dataset/negativos/augmented/negativo_aug_02178.jpg
2179,negativos_train_0312.jpg,negativo_aug_02179.jpg,/home/irar/Escritorio/ProyectoTaxiDetector/dataset/negativos/train/negativos_train_0312.jpg,/home/irar/Escritorio/ProyectoTaxiDetector/dataset/negativos/augmented/negativo_aug_02179.jpg
2180,negativos_train_0590.jpg,negativo_aug_02180.jpg,/home/irar/Escritorio/ProyectoTaxiDetector/dataset/negativos/train/negativos_train_0590.jpg,/home/irar/Escritorio/ProyectoTaxiDetector/dataset/negativos/augmented/negativo_aug_02180.jpg
2181,negativos_train_0623.jpg,negativo_aug_02181.jpg,/home/irar/Escritorio/ProyectoTaxiDetector/dataset/negativos/train/negativos_train_0623.jpg,/home/irar/Escritorio/ProyectoTaxiDetector/dataset/negativos/augmented/negativo_aug_02181.jpg
2182,negativos_train_0098.jpg,negativo_aug_02182.jpg,/home/irar/Escritorio/ProyectoTaxiDetector/dataset/negativos/train/negativos_train_0098.jpg,/home/irar/Escritorio/ProyectoTaxiDetector/dataset/negativos/augmented/negativo_aug_02182.jpg
2183,negativos_train_0578.jpg,negativo_aug_02183.jpg,/home/irar/Escritorio/ProyectoTaxiDetector/dataset/negativos/train/negativos_train_0578.jpg,/home/irar/Escritorio/ProyectoTaxiDetector/dataset/negativos/augmented/negativo_aug_02183.jpg
2184,negativos_train_0168.jpg,negativo_aug_02184.jpg,/home/irar/Escritorio/ProyectoTaxiDetector/dataset/negativos/train/negativos_train_0168.jpg,/home/irar/Escritorio/ProyectoTaxiDetector/dataset/negativos/augmented/negativo_aug_02184.jpg
2185,negativos_train_0544.jpg,negativo_aug_02185.jpg,/home/irar/Escritorio/ProyectoTaxiDetector/dataset/negativos/train/negativos_train_0544.jpg,/home/irar/Escritorio/ProyectoTaxiDetector/dataset/negativos/augmented/negativo_aug_02185.jpg
2186,negativos_train_0497.jpg,negativo_aug_02186.jpg,/home/irar/Escritorio/ProyectoTaxiDetector/dataset/negativos/train/negativos_train_0497.jpg,/home/irar/Escritorio/ProyectoTaxiDetector/dataset/negativos/augmented/negativo_aug_02186.jpg
2187,negativos_train_0215.jpg,negativo_aug_02187.jpg,/home/irar/Escritorio/ProyectoTaxiDetector/dataset/negativos/train/negativos_train_0215.jpg,/home/irar/Escritorio/ProyectoTaxiDetector/dataset/negativos/augmented/negativo_aug_02187.jpg
2188,negativos_train_0197.jpg,negativo_aug_02188.jpg,/home/irar/Escritorio/ProyectoTaxiDetector/dataset/negativos/train/negativos_train_0197.jpg,/home/irar/Escritorio/ProyectoTaxiDetector/dataset/negativos/augmented/negativo_aug_02188.jpg
2189,negativos_train_0337.jpg,negativo_aug_02189.jpg,/home/irar/Escritorio/ProyectoTaxiDetector/dataset/negativos/train/negativos_train_0337.jpg,/home/irar/Escritorio/ProyectoTaxiDetector/dataset/negativos/augmented/negativo_aug_02189.jpg
2190,negativos_train_0026.jpg,negativo_aug_02190.jpg,/home/irar/Escritorio/ProyectoTaxiDetector/dataset/negativos/train/negativos_train_0026.jpg,/home/irar/Escritorio/ProyectoTaxiDetector/dataset/negativos/augmented/negativo_aug_02190.jpg
2191,negativos_train_0050.jpg,negativo_aug_02191.jpg,/home/irar/Escritorio/ProyectoTaxiDetector/dataset/negativos/train/negativos_train_0050.jpg,/home/irar/Escritorio/ProyectoTaxiDetector/dataset/negativos/augmented/negativo_aug_02191.jpg
2192,negativos_train_0073.jpg,negativo_aug_02192.jpg,/home/irar/Escritorio/ProyectoTaxiDetector/dataset/negativos/train/negativos_train_0073.jpg,/home/irar/Escritorio/ProyectoTaxiDetector/dataset/negativos/augmented/negativo_aug_02192.jpg
2193,negativos_train_0127.jpg,negativo_aug_02193.jpg,/home/irar/Escritorio/ProyectoTaxiDetector/dataset/negativos/train/negativos_train_0127.jpg,/home/irar/Escritorio/ProyectoTaxiDetector/dataset/negativos/augmented/negativo_aug_02193.jpg
2194,negativos_train_0438.jpg,negativo_aug_02194.jpg,/home/irar/Escritorio/ProyectoTaxiDetector/dataset/negativos/train/negativos_train_0438.jpg,/home/irar/Escritorio/ProyectoTaxiDetector/dataset/negativos/augmented/negativo_aug_02194.jpg
2195,negativos_train_0597.jpg,negativo_aug_02195.jpg,/home/irar/Escritorio/ProyectoTaxiDetector/dataset/negativos/train/negativos_train_0597.jpg,/home/irar/Escritorio/ProyectoTaxiDetector/dataset/negativos/augmented/negativo_aug_02195.jpg
2196,negativos_train_0628.jpg,negativo_aug_02196.jpg,/home/irar/Escritorio/ProyectoTaxiDetector/dataset/negativos/train/negativos_train_0628.jpg,/home/irar/Escritorio/ProyectoTaxiDetector/dataset/negativos/augmented/negativo_aug_02196.jpg
2197,negativos_train_0551.jpg,negativo_aug_02197.jpg,/home/irar/Escritorio/ProyectoTaxiDetector/dataset/negativos/train/negativos_train_0551.jpg,/home/irar/Escritorio/ProyectoTaxiDetector/dataset/negativos/augmented/negativo_aug_02197.jpg
2198,negativos_train_0124.jpg,negativo_aug_02198.jpg,/home/irar/Escritorio/ProyectoTaxiDetector/dataset/negativos/train/negativos_train_0124.jpg,/home/irar/Escritorio/ProyectoTaxiDetector/dataset/negativos/augmented/negativo_aug_02198.jpg
2199,negativos_train_0343.jpg,negativo_aug_02199.jpg,/home/irar/Escritorio/ProyectoTaxiDetector/dataset/negativos/train/negativos_train_0343.jpg,/home/irar/Escritorio/ProyectoTaxiDetector/dataset/negativos/augmented/negativo_aug_02199.jpg
2200,negativos_train_0055.jpg,negativo_aug_02200.jpg,/home/irar/Escritorio/ProyectoTaxiDetector/dataset/negativos/train/negativos_train_0055.jpg,/home/irar/Escritorio/ProyectoTaxiDetector/dataset/negativos/augmented/negativo_aug_02200.jpg
2201,negativos_train_0487.jpg,negativo_aug_02201.jpg,/home/irar/Escritorio/ProyectoTaxiDetector/dataset/negativos/train/negativos_train_0487.jpg,/home/irar/Escritorio/ProyectoTaxiDetector/dataset/negativos/augmented/negativo_aug_02201.jpg
2202,negativos_train_0264.jpg,negativo_aug_02202.jpg,/home/irar/Escritorio/ProyectoTaxiDetector/dataset/negativos/train/negativos_train_0264.jpg,/home/irar/Escritorio/ProyectoTaxiDetector/dataset/negativos/augmented/negativo_aug_02202.jpg
2203,negativos_train_0556.jpg,negativo_aug_02203.jpg,/home/irar/Escritorio/ProyectoTaxiDetector/dataset/negativos/train/negativos_train_0556.jpg,/home/irar/Escritorio/ProyectoTaxiDetector/dataset/negativos/augmented/negativo_aug_02203.jpg
2204,negativos_train_0395.jpg,negativo_aug_02204.jpg,/home/irar/Escritorio/ProyectoTaxiDetector/dataset/negativos/train/negativos_train_0395.jpg,/home/irar/Escritorio/ProyectoTaxiDetector/dataset/negativos/augmented/negativo_aug_02204.jpg
2205,negativos_train_0581.jpg,negativo_aug_02205.jpg,/home/irar/Escritorio/ProyectoTaxiDetector/dataset/negativos/train/negativos_train_0581.jpg,/home/irar/Escritorio/ProyectoTaxiDetector/dataset/negativos/augmented/negativo_aug_02205.jpg
2206,negativos_train_0402.jpg,negativo_aug_02206.jpg,/home/irar/Escritorio/ProyectoTaxiDetector/dataset/negativos/train/negativos_train_0402.jpg,/home/irar/Escritorio/ProyectoTaxiDetector/dataset/negativos/augmented/negativo_aug_02206.jpg
2207,negativos_train_0460.jpg,negativo_aug_02207.jpg,/home/irar/Escritorio/ProyectoTaxiDetector/dataset/negativos/train/negativos_train_0460.jpg,/home/irar/Escritorio/ProyectoTaxiDetector/dataset/negativos/augmented/negativo_aug_02207.jpg
2208,negativos_train_0500.jpg,negativo_aug_02208.jpg,/home/irar/Escritorio/ProyectoTaxiDetector/dataset/negativos/train/negativos_train_0500.jpg,/home/irar/Escritorio/ProyectoTaxiDetector/dataset/negativos/augmented/negativo_aug_02208.jpg
2209,negativos_train_0074.jpg,negativo_aug_02209.jpg,/home/irar/Escritorio/ProyectoTaxiDetector/dataset/negativos/train/negativos_train_0074.jpg,/home/irar/Escritorio/ProyectoTaxiDetector/dataset/negativos/augmented/negativo_aug_02209.jpg
2210,negativos_train_0311.jpg,negativo_aug_02210.jpg,/home/irar/Escritorio/ProyectoTaxiDetector/dataset/negativos/train/negativos_train_0311.jpg,/home/irar/Escritorio/ProyectoTaxiDetector/dataset/negativos/augmented/negativo_aug_02210.jpg
2211,negativos_train_0175.jpg,negativo_aug_02211.jpg,/home/irar/Escritorio/ProyectoTaxiDetector/dataset/negativos/train/negativos_train_0175.jpg,/home/irar/Escritorio/ProyectoTaxiDetector/dataset/negativos/augmented/negativo_aug_02211.jpg
2212,negativos_train_0105.jpg,negativo_aug_02212.jpg,/home/irar/Escritorio/ProyectoTaxiDetector/dataset/negativos/train/negativos_train_0105.jpg,/home/irar/Escritorio/ProyectoTaxiDetector/dataset/negativos/augmented/negativo_aug_02212.jpg
2213,negativos_train_0238.jpg,negativo_aug_02213.jpg,/home/irar/Escritorio/ProyectoTaxiDetector/dataset/negativos/train/negativos_train_0238.jpg,/home/irar/Escritorio/ProyectoTaxiDetector/dataset/negativos/augmented/negativo_aug_02213.jpg
2214,negativos_train_0593.jpg,negativo_aug_02214.jpg,/home/irar/Escritorio/ProyectoTaxiDetector/dataset/negativos/train/negativos_train_0593.jpg,/home/irar/Escritorio/ProyectoTaxiDetector/dataset/negativos/augmented/negativo_aug_02214.jpg
2215,negativos_train_0213.jpg,negativo_aug_02215.jpg,/home/irar/Escritorio/ProyectoTaxiDetector/dataset/negativos/train/negativos_train_0213.jpg,/home/irar/Escritorio/ProyectoTaxiDetector/dataset/negativos/augmented/negativo_aug_02215.jpg
2216,negativos_train_0226.jpg,negativo_aug_02216.jpg,/home/irar/Escritorio/ProyectoTaxiDetector/dataset/negativos/train/negativos_train_0226.jpg,/home/irar/Escritorio/ProyectoTaxiDetector/dataset/negativos/augmented/negativo_aug_02216.jpg
2217,negativos_train_0450.jpg,negativo_aug_02217.jpg,/home/irar/Escritorio/ProyectoTaxiDetector/dataset/negativos/train/negativos_train_0450.jpg,/home/irar/Escritorio/ProyectoTaxiDetector/dataset/negativos/augmented/negativo_aug_02217.jpg
2218,negativos_train_0031.jpg,negativo_aug_02218.jpg,/home/irar/Escritorio/ProyectoTaxiDetector/dataset/negativos/train/negativos_train_0031.jpg,/home/irar/Escritorio/ProyectoTaxiDetector/dataset/negativos/augmented/negativo_aug_02218.jpg
2219,negativos_train_0444.jpg,negativo_aug_02219.jpg,/home/irar/Escritorio/ProyectoTaxiDetector/dataset/negativos/train/negativos_train_0444.jpg,/home/irar/Escritorio/ProyectoTaxiDetector/dataset/negativos/augmented/negativo_aug_02219.jpg
2220,negativos_train_0233.jpg,negativo_aug_02220.jpg,/home/irar/Escritorio/ProyectoTaxiDetector/dataset/negativos/train/negativos_train_0233.jpg,/home/irar/Escritorio/ProyectoTaxiDetector/dataset/negativos/augmented/negativo_aug_02220.jpg
2221,negativos_train_0153.jpg,negativo_aug_02221.jpg,/home/irar/Escritorio/ProyectoTaxiDetector/dataset/negativos/train/negativos_train_0153.jpg,/home/irar/Escritorio/ProyectoTaxiDetector/dataset/negativos/augmented/negativo_aug_02221.jpg
2222,negativos_train_0208.jpg,negativo_aug_02222.jpg,/home/irar/Escritorio/ProyectoTaxiDetector/dataset/negativos/train/negativos_train_0208.jpg,/home/irar/Escritorio/ProyectoTaxiDetector/dataset/negativos/augmented/negativo_aug_02222.jpg
2223,negativos_train_0126.jpg,negativo_aug_02223.jpg,/home/irar/Escritorio/ProyectoTaxiDetector/dataset/negativos/train/negativos_train_0126.jpg,/home/irar/Escritorio/ProyectoTaxiDetector/dataset/negativos/augmented/negativo_aug_02223.jpg
2224,negativos_train_0248.jpg,negativo_aug_02224.jpg,/home/irar/Escritorio/ProyectoTaxiDetector/dataset/negativos/train/negativos_train_0248.jpg,/home/irar/Escritorio/ProyectoTaxiDetector/dataset/negativos/augmented/negativo_aug_02224.jpg
2225,negativos_train_0155.jpg,negativo_aug_02225.jpg,/home/irar/Escritorio/ProyectoTaxiDetector/dataset/negativos/train/negativos_train_0155.jpg,/home/irar/Escritorio/ProyectoTaxiDetector/dataset/negativos/augmented/negativo_aug_02225.jpg
2226,negativos_train_0462.jpg,negativo_aug_02226.jpg,/home/irar/Escritorio/ProyectoTaxiDetector/dataset/negativos/train/negativos_train_0462.jpg,/home/irar/Escritorio/ProyectoTaxiDetector/dataset/negativos/augmented/negativo_aug_02226.jpg
2227,negativos_train_0453.jpg,negativo_aug_02227.jpg,/home/irar/Escritorio/ProyectoTaxiDetector/dataset/negativos/train/negativos_train_0453.jpg,/home/irar/Escritorio/ProyectoTaxiDetector/dataset/negativos/augmented/negativo_aug_02227.jpg
2228,negativos_train_0566.jpg,negativo_aug_02228.jpg,/home/irar/Escritorio/ProyectoTaxiDetector/dataset/negativos/train/negativos_train_0566.jpg,/home/irar/Escritorio/ProyectoTaxiDetector/dataset/negativos/augmented/negativo_aug_02228.jpg
2229,negativos_train_0322.jpg,negativo_aug_02229.jpg,/home/irar/Escritorio/ProyectoTaxiDetector/dataset/negativos/train/negativos_train_0322.jpg,/home/irar/Escritorio/ProyectoTaxiDetector/dataset/negativos/augmented/negativo_aug_02229.jpg
2230,negativos_train_0255.jpg,negativo_aug_02230.jpg,/home/irar/Escritorio/ProyectoTaxiDetector/dataset/negativos/train/negativos_train_0255.jpg,/home/irar/Escritorio/ProyectoTaxiDetector/dataset/negativos/augmented/negativo_aug_02230.jpg
2231,negativos_train_0016.jpg,negativo_aug_02231.jpg,/home/irar/Escritorio/ProyectoTaxiDetector/dataset/negativos/train/negativos_train_0016.jpg,/home/irar/Escritorio/ProyectoTaxiDetector/dataset/negativos/augmented/negativo_aug_02231.jpg
2232,negativos_train_0398.jpg,negativo_aug_02232.jpg,/home/irar/Escritorio/ProyectoTaxiDetector/dataset/negativos/train/negativos_train_0398.jpg,/home/irar/Escritorio/ProyectoTaxiDetector/dataset/negativos/augmented/negativo_aug_02232.jpg
2233,negativos_train_0317.jpg,negativo_aug_02233.jpg,/home/irar/Escritorio/ProyectoTaxiDetector/dataset/negativos/train/negativos_train_0317.jpg,/home/irar/Escritorio/ProyectoTaxiDetector/dataset/negativos/augmented/negativo_aug_02233.jpg
2234,negativos_train_0214.jpg,negativo_aug_02234.jpg,/home/irar/Escritorio/ProyectoTaxiDetector/dataset/negativos/train/negativos_train_0214.jpg,/home/irar/Escritorio/ProyectoTaxiDetector/dataset/negativos/augmented/negativo_aug_02234.jpg
2235,negativos_train_0570.jpg,negativo_aug_02235.jpg,/home/irar/Escritorio/ProyectoTaxiDetector/dataset/negativos/train/negativos_train_0570.jpg,/home/irar/Escritorio/ProyectoTaxiDetector/dataset/negativos/augmented/negativo_aug_02235.jpg
2236,negativos_train_0108.jpg,negativo_aug_02236.jpg,/home/irar/Escritorio/ProyectoTaxiDetector/dataset/negativos/train/negativos_train_0108.jpg,/home/irar/Escritorio/ProyectoTaxiDetector/dataset/negativos/augmented/negativo_aug_02236.jpg
2237,negativos_train_0334.jpg,negativo_aug_02237.jpg,/home/irar/Escritorio/ProyectoTaxiDetector/dataset/negativos/train/negativos_train_0334.jpg,/home/irar/Escritorio/ProyectoTaxiDetector/dataset/negativos/augmented/negativo_aug_02237.jpg
2238,negativos_train_0136.jpg,negativo_aug_02238.jpg,/home/irar/Escritorio/ProyectoTaxiDetector/dataset/negativos/train/negativos_train_0136.jpg,/home/irar/Escritorio/ProyectoTaxiDetector/dataset/negativos/augmented/negativo_aug_02238.jpg
2239,negativos_train_0296.jpg,negativo_aug_02239.jpg,/home/irar/Escritorio/ProyectoTaxiDetector/dataset/negativos/train/negativos_train_0296.jpg,/home/irar/Escritorio/ProyectoTaxiDetector/dataset/negativos/augmented/negativo_aug_02239.jpg
2240,negativos_train_0522.jpg,negativo_aug_02240.jpg,/home/irar/Escritorio/ProyectoTaxiDetector/dataset/negativos/train/negativos_train_0522.jpg,/home/irar/Escritorio/ProyectoTaxiDetector/dataset/negativos/augmented/negativo_aug_02240.jpg
2241,negativos_train_0024.jpg,negativo_aug_02241.jpg,/home/irar/Escritorio/ProyectoTaxiDetector/dataset/negativos/train/negativos_train_0024.jpg,/home/irar/Escritorio/ProyectoTaxiDetector/dataset/negativos/augmented/negativo_aug_02241.jpg
2242,negativos_train_0042.jpg,negativo_aug_02242.jpg,/home/irar/Escritorio/ProyectoTaxiDetector/dataset/negativos/train/negativos_train_0042.jpg,/home/irar/Escritorio/ProyectoTaxiDetector/dataset/negativos/augmented/negativo_aug_02242.jpg
2243,negativos_train_0015.jpg,negativo_aug_02243.jpg,/home/irar/Escritorio/ProyectoTaxiDetector/dataset/negativos/train/negativos_train_0015.jpg,/home/irar/Escritorio/ProyectoTaxiDetector/dataset/negativos/augmented/negativo_aug_02243.jpg
2244,negativos_train_0022.jpg,negativo_aug_02244.jpg,/home/irar/Escritorio/ProyectoTaxiDetector/dataset/negativos/train/negativos_train_0022.jpg,/home/irar/Escritorio/ProyectoTaxiDetector/dataset/negativos/augmented/negativo_aug_02244.jpg
2245,negativos_train_0289.jpg,negativo_aug_02245.jpg,/home/irar/Escritorio/ProyectoTaxiDetector/dataset/negativos/train/negativos_train_0289.jpg,/home/irar/Escritorio/ProyectoTaxiDetector/dataset/negativos/augmented/negativo_aug_02245.jpg
2246,negativos_train_0173.jpg,negativo_aug_02246.jpg,/home/irar/Escritorio/ProyectoTaxiDetector/dataset/negativos/train/negativos_train_0173.jpg,/home/irar/Escritorio/ProyectoTaxiDetector/dataset/negativos/augmented/negativo_aug_02246.jpg
2247,negativos_train_0310.jpg,negativo_aug_02247.jpg,/home/irar/Escritorio/ProyectoTaxiDetector/dataset/negativos/train/negativos_train_0310.jpg,/home/irar/Escritorio/ProyectoTaxiDetector/dataset/negativos/augmented/negativo_aug_02247.jpg
2248,negativos_train_0320.jpg,negativo_aug_02248.jpg,/home/irar/Escritorio/ProyectoTaxiDetector/dataset/negativos/train/negativos_train_0320.jpg,/home/irar/Escritorio/ProyectoTaxiDetector/dataset/negativos/augmented/negativo_aug_02248.jpg
2249,negativos_train_0338.jpg,negativo_aug_02249.jpg,/home/irar/Escritorio/ProyectoTaxiDetector/dataset/negativos/train/negativos_train_0338.jpg,/home/irar/Escritorio/ProyectoTaxiDetector/dataset/negativos/augmented/negativo_aug_02249.jpg
2250,negativos_train_0621.jpg,negativo_aug_02250.jpg,/home/irar/Escritorio/ProyectoTaxiDetector/dataset/negativos/train/negativos_train_0621.jpg,/home/irar/Escritorio/ProyectoTaxiDetector/dataset/negativos/augmented/negativo_aug_02250.jpg
2251,negativos_train_0388.jpg,negativo_aug_02251.jpg,/home/irar/Escritorio/ProyectoTaxiDetector/dataset/negativos/train/negativos_train_0388.jpg,/home/irar/Escritorio/ProyectoTaxiDetector/dataset/negativos/augmented/negativo_aug_02251.jpg
2252,negativos_train_0298.jpg,negativo_aug_02252.jpg,/home/irar/Escritorio/ProyectoTaxiDetector/dataset/negativos/train/negativos_train_0298.jpg,/home/irar/Escritorio/ProyectoTaxiDetector/dataset/negativos/augmented/negativo_aug_02252.jpg
2253,negativos_train_0304.jpg,negativo_aug_02253.jpg,/home/irar/Escritorio/ProyectoTaxiDetector/dataset/negativos/train/negativos_train_0304.jpg,/home/irar/Escritorio/ProyectoTaxiDetector/dataset/negativos/augmented/negativo_aug_02253.jpg
2254,negativos_train_0087.jpg,negativo_aug_02254.jpg,/home/irar/Escritorio/ProyectoTaxiDetector/dataset/negativos/train/negativos_train_0087.jpg,/home/irar/Escritorio/ProyectoTaxiDetector/dataset/negativos/augmented/negativo_aug_02254.jpg
2255,negativos_train_0576.jpg,negativo_aug_02255.jpg,/home/irar/Escritorio/ProyectoTaxiDetector/dataset/negativos/train/negativos_train_0576.jpg,/home/irar/Escritorio/ProyectoTaxiDetector/dataset/negativos/augmented/negativo_aug_02255.jpg
2256,negativos_train_0392.jpg,negativo_aug_02256.jpg,/home/irar/Escritorio/ProyectoTaxiDetector/dataset/negativos/train/negativos_train_0392.jpg,/home/irar/Escritorio/ProyectoTaxiDetector/dataset/negativos/augmented/negativo_aug_02256.jpg
2257,negativos_train_0048.jpg,negativo_aug_02257.jpg,/home/irar/Escritorio/ProyectoTaxiDetector/dataset/negativos/train/negativos_train_0048.jpg,/home/irar/Escritorio/ProyectoTaxiDetector/dataset/negativos/augmented/negativo_aug_02257.jpg
2258,negativos_train_0553.jpg,negativo_aug_02258.jpg,/home/irar/Escritorio/ProyectoTaxiDetector/dataset/negativos/train/negativos_train_0553.jpg,/home/irar/Escritorio/ProyectoTaxiDetector/dataset/negativos/augmented/negativo_aug_02258.jpg
2259,negativos_train_0315.jpg,negativo_aug_02259.jpg,/home/irar/Escritorio/ProyectoTaxiDetector/dataset/negativos/train/negativos_train_0315.jpg,/home/irar/Escritorio/ProyectoTaxiDetector/dataset/negativos/augmented/negativo_aug_02259.jpg
2260,negativos_train_0387.jpg,negativo_aug_02260.jpg,/home/irar/Escritorio/ProyectoTaxiDetector/dataset/negativos/train/negativos_train_0387.jpg,/home/irar/Escritorio/ProyectoTaxiDetector/dataset/negativos/augmented/negativo_aug_02260.jpg
2261,negativos_train_0321.jpg,negativo_aug_02261.jpg,/home/irar/Escritorio/ProyectoTaxiDetector/dataset/negativos/train/negativos_train_0321.jpg,/home/irar/Escritorio/ProyectoTaxiDetector/dataset/negativos/augmented/negativo_aug_02261.jpg
2262,negativos_train_0562.jpg,negativo_aug_02262.jpg,/home/irar/Escritorio/ProyectoTaxiDetector/dataset/negativos/train/negativos_train_0562.jpg,/home/irar/Escritorio/ProyectoTaxiDetector/dataset/negativos/augmented/negativo_aug_02262.jpg
2263,negativos_train_0141.jpg,negativo_aug_02263.jpg,/home/irar/Escritorio/ProyectoTaxiDetector/dataset/negativos/train/negativos_train_0141.jpg,/home/irar/Escritorio/ProyectoTaxiDetector/dataset/negativos/augmented/negativo_aug_02263.jpg
2264,negativos_train_0399.jpg,negativo_aug_02264.jpg,/home/irar/Escritorio/ProyectoTaxiDetector/dataset/negativos/train/negativos_train_0399.jpg,/home/irar/Escritorio/ProyectoTaxiDetector/dataset/negativos/augmented/negativo_aug_02264.jpg
2265,negativos_train_0326.jpg,negativo_aug_02265.jpg,/home/irar/Escritorio/ProyectoTaxiDetector/dataset/negativos/train/negativos_train_0326.jpg,/home/irar/Escritorio/ProyectoTaxiDetector/dataset/negativos/augmented/negativo_aug_02265.jpg
2266,negativos_train_0101.jpg,negativo_aug_02266.jpg,/home/irar/Escritorio/ProyectoTaxiDetector/dataset/negativos/train/negativos_train_0101.jpg,/home/irar/Escritorio/ProyectoTaxiDetector/dataset/negativos/augmented/negativo_aug_02266.jpg
2267,negativos_train_0129.jpg,negativo_aug_02267.jpg,/home/irar/Escritorio/ProyectoTaxiDetector/dataset/negativos/train/negativos_train_0129.jpg,/home/irar/Escritorio/ProyectoTaxiDetector/dataset/negativos/augmented/negativo_aug_02267.jpg
2268,negativos_train_0041.jpg,negativo_aug_02268.jpg,/home/irar/Escritorio/ProyectoTaxiDetector/dataset/negativos/train/negativos_train_0041.jpg,/home/irar/Escritorio/ProyectoTaxiDetector/dataset/negativos/augmented/negativo_aug_02268.jpg
2269,negativos_train_0146.jpg,negativo_aug_02269.jpg,/home/irar/Escritorio/ProyectoTaxiDetector/dataset/negativos/train/negativos_train_0146.jpg,/home/irar/Escritorio/ProyectoTaxiDetector/dataset/negativos/augmented/negativo_aug_02269.jpg
2270,negativos_train_0389.jpg,negativo_aug_02270.jpg,/home/irar/Escritorio/ProyectoTaxiDetector/dataset/negativos/train/negativos_train_0389.jpg,/home/irar/Escritorio/ProyectoTaxiDetector/dataset/negativos/augmented/negativo_aug_02270.jpg
2271,negativos_train_0535.jpg,negativo_aug_02271.jpg,/home/irar/Escritorio/ProyectoTaxiDetector/dataset/negativos/train/negativos_train_0535.jpg,/home/irar/Escritorio/ProyectoTaxiDetector/dataset/negativos/augmented/negativo_aug_02271.jpg
2272,negativos_train_0116.jpg,negativo_aug_02272.jpg,/home/irar/Escritorio/ProyectoTaxiDetector/dataset/negativos/train/negativos_train_0116.jpg,/home/irar/Escritorio/ProyectoTaxiDetector/dataset/negativos/augmented/negativo_aug_02272.jpg
2273,negativos_train_0563.jpg,negativo_aug_02273.jpg,/home/irar/Escritorio/ProyectoTaxiDetector/dataset/negativos/train/negativos_train_0563.jpg,/home/irar/Escritorio/ProyectoTaxiDetector/dataset/negativos/augmented/negativo_aug_02273.jpg
2274,negativos_train_0166.jpg,negativo_aug_02274.jpg,/home/irar/Escritorio/ProyectoTaxiDetector/dataset/negativos/train/negativos_train_0166.jpg,/home/irar/Escritorio/ProyectoTaxiDetector/dataset/negativos/augmented/negativo_aug_02274.jpg
2275,negativos_train_0083.jpg,negativo_aug_02275.jpg,/home/irar/Escritorio/ProyectoTaxiDetector/dataset/negativos/train/negativos_train_0083.jpg,/home/irar/Escritorio/ProyectoTaxiDetector/dataset/negativos/augmented/negativo_aug_02275.jpg
2276,negativos_train_0552.jpg,negativo_aug_02276.jpg,/home/irar/Escritorio/ProyectoTaxiDetector/dataset/negativos/train/negativos_train_0552.jpg,/home/irar/Escritorio/ProyectoTaxiDetector/dataset/negativos/augmented/negativo_aug_02276.jpg
2277,negativos_train_0156.jpg,negativo_aug_02277.jpg,/home/irar/Escritorio/ProyectoTaxiDetector/dataset/negativos/train/negativos_train_0156.jpg,/home/irar/Escritorio/ProyectoTaxiDetector/dataset/negativos/augmented/negativo_aug_02277.jpg
2278,negativos_train_0079.jpg,negativo_aug_02278.jpg,/home/irar/Escritorio/ProyectoTaxiDetector/dataset/negativos/train/negativos_train_0079.jpg,/home/irar/Escritorio/ProyectoTaxiDetector/dataset/negativos/augmented/negativo_aug_02278.jpg
2279,negativos_train_0490.jpg,negativo_aug_02279.jpg,/home/irar/Escritorio/ProyectoTaxiDetector/dataset/negativos/train/negativos_train_0490.jpg,/home/irar/Escritorio/ProyectoTaxiDetector/dataset/negativos/augmented/negativo_aug_02279.jpg
2280,negativos_train_0064.jpg,negativo_aug_02280.jpg,/home/irar/Escritorio/ProyectoTaxiDetector/dataset/negativos/train/negativos_train_0064.jpg,/home/irar/Escritorio/ProyectoTaxiDetector/dataset/negativos/augmented/negativo_aug_02280.jpg
2281,negativos_train_0029.jpg,negativo_aug_02281.jpg,/home/irar/Escritorio/ProyectoTaxiDetector/dataset/negativos/train/negativos_train_0029.jpg,/home/irar/Escritorio/ProyectoTaxiDetector/dataset/negativos/augmented/negativo_aug_02281.jpg
2282,negativos_train_0258.jpg,negativo_aug_02282.jpg,/home/irar/Escritorio/ProyectoTaxiDetector/dataset/negativos/train/negativos_train_0258.jpg,/home/irar/Escritorio/ProyectoTaxiDetector/dataset/negativos/augmented/negativo_aug_02282.jpg
2283,negativos_train_0222.jpg,negativo_aug_02283.jpg,/home/irar/Escritorio/ProyectoTaxiDetector/dataset/negativos/train/negativos_train_0222.jpg,/home/irar/Escritorio/ProyectoTaxiDetector/dataset/negativos/augmented/negativo_aug_02283.jpg
2284,negativos_train_0425.jpg,negativo_aug_02284.jpg,/home/irar/Escritorio/ProyectoTaxiDetector/dataset/negativos/train/negativos_train_0425.jpg,/home/irar/Escritorio/ProyectoTaxiDetector/dataset/negativos/augmented/negativo_aug_02284.jpg
2285,negativos_train_0414.jpg,negativo_aug_02285.jpg,/home/irar/Escritorio/ProyectoTaxiDetector/dataset/negativos/train/negativos_train_0414.jpg,/home/irar/Escritorio/ProyectoTaxiDetector/dataset/negativos/augmented/negativo_aug_02285.jpg
2286,negativos_train_0094.jpg,negativo_aug_02286.jpg,/home/irar/Escritorio/ProyectoTaxiDetector/dataset/negativos/train/negativos_train_0094.jpg,/home/irar/Escritorio/ProyectoTaxiDetector/dataset/negativos/augmented/negativo_aug_02286.jpg
2287,negativos_train_0547.jpg,negativo_aug_02287.jpg,/home/irar/Escritorio/ProyectoTaxiDetector/dataset/negativos/train/negativos_train_0547.jpg,/home/irar/Escritorio/ProyectoTaxiDetector/dataset/negativos/augmented/negativo_aug_02287.jpg
2288,negativos_train_0328.jpg,negativo_aug_02288.jpg,/home/irar/Escritorio/ProyectoTaxiDetector/dataset/negativos/train/negativos_train_0328.jpg,/home/irar/Escritorio/ProyectoTaxiDetector/dataset/negativos/augmented/negativo_aug_02288.jpg
2289,negativos_train_0426.jpg,negativo_aug_02289.jpg,/home/irar/Escritorio/ProyectoTaxiDetector/dataset/negativos/train/negativos_train_0426.jpg,/home/irar/Escritorio/ProyectoTaxiDetector/dataset/negativos/augmented/negativo_aug_02289.jpg
2290,negativos_train_0611.jpg,negativo_aug_02290.jpg,/home/irar/Escritorio/ProyectoTaxiDetector/dataset/negativos/train/negativos_train_0611.jpg,/home/irar/Escritorio/ProyectoTaxiDetector/dataset/negativos/augmented/negativo_aug_02290.jpg
2291,negativos_train_0066.jpg,negativo_aug_02291.jpg,/home/irar/Escritorio/ProyectoTaxiDetector/dataset/negativos/train/negativos_train_0066.jpg,/home/irar/Escritorio/ProyectoTaxiDetector/dataset/negativos/augmented/negativo_aug_02291.jpg
2292,negativos_train_0177.jpg,negativo_aug_02292.jpg,/home/irar/Escritorio/ProyectoTaxiDetector/dataset/negativos/train/negativos_train_0177.jpg,/home/irar/Escritorio/ProyectoTaxiDetector/dataset/negativos/augmented/negativo_aug_02292.jpg
2293,negativos_train_0265.jpg,negativo_aug_02293.jpg,/home/irar/Escritorio/ProyectoTaxiDetector/dataset/negativos/train/negativos_train_0265.jpg,/home/irar/Escritorio/ProyectoTaxiDetector/dataset/negativos/augmented/negativo_aug_02293.jpg
2294,negativos_train_0349.jpg,negativo_aug_02294.jpg,/home/irar/Escritorio/ProyectoTaxiDetector/dataset/negativos/train/negativos_train_0349.jpg,/home/irar/Escritorio/ProyectoTaxiDetector/dataset/negativos/augmented/negativo_aug_02294.jpg
2295,negativos_train_0239.jpg,negativo_aug_02295.jpg,/home/irar/Escritorio/ProyectoTaxiDetector/dataset/negativos/train/negativos_train_0239.jpg,/home/irar/Escritorio/ProyectoTaxiDetector/dataset/negativos/augmented/negativo_aug_02295.jpg
2296,negativos_train_0231.jpg,negativo_aug_02296.jpg,/home/irar/Escritorio/ProyectoTaxiDetector/dataset/negativos/train/negativos_train_0231.jpg,/home/irar/Escritorio/ProyectoTaxiDetector/dataset/negativos/augmented/negativo_aug_02296.jpg
2297,negativos_train_0411.jpg,negativo_aug_02297.jpg,/home/irar/Escritorio/ProyectoTaxiDetector/dataset/negativos/train/negativos_train_0411.jpg,/home/irar/Escritorio/ProyectoTaxiDetector/dataset/negativos/augmented/negativo_aug_02297.jpg
2298,negativos_train_0546.jpg,negativo_aug_02298.jpg,/home/irar/Escritorio/ProyectoTaxiDetector/dataset/negativos/train/negativos_train_0546.jpg,/home/irar/Escritorio/ProyectoTaxiDetector/dataset/negativos/augmented/negativo_aug_02298.jpg
2299,negativos_train_0163.jpg,negativo_aug_02299.jpg,/home/irar/Escritorio/ProyectoTaxiDetector/dataset/negativos/train/negativos_train_0163.jpg,/home/irar/Escritorio/ProyectoTaxiDetector/dataset/negativos/augmented/negativo_aug_02299.jpg
2300,negativos_train_0587.jpg,negativo_aug_02300.jpg,/home/irar/Escritorio/ProyectoTaxiDetector/dataset/negativos/train/negativos_train_0587.jpg,/home/irar/Escritorio/ProyectoTaxiDetector/dataset/negativos/augmented/negativo_aug_02300.jpg
2301,negativos_train_0591.jpg,negativo_aug_02301.jpg,/home/irar/Escritorio/ProyectoTaxiDetector/dataset/negativos/train/negativos_train_0591.jpg,/home/irar/Escritorio/ProyectoTaxiDetector/dataset/negativos/augmented/negativo_aug_02301.jpg
2302,negativos_train_0295.jpg,negativo_aug_02302.jpg,/home/irar/Escritorio/ProyectoTaxiDetector/dataset/negativos/train/negativos_train_0295.jpg,/home/irar/Escritorio/ProyectoTaxiDetector/dataset/negativos/augmented/negativo_aug_02302.jpg
2303,negativos_train_0210.jpg,negativo_aug_02303.jpg,/home/irar/Escritorio/ProyectoTaxiDetector/dataset/negativos/train/negativos_train_0210.jpg,/home/irar/Escritorio/ProyectoTaxiDetector/dataset/negativos/augmented/negativo_aug_02303.jpg
2304,negativos_train_0394.jpg,negativo_aug_02304.jpg,/home/irar/Escritorio/ProyectoTaxiDetector/dataset/negativos/train/negativos_train_0394.jpg,/home/irar/Escritorio/ProyectoTaxiDetector/dataset/negativos/augmented/negativo_aug_02304.jpg
2305,negativos_train_0211.jpg,negativo_aug_02305.jpg,/home/irar/Escritorio/ProyectoTaxiDetector/dataset/negativos/train/negativos_train_0211.jpg,/home/irar/Escritorio/ProyectoTaxiDetector/dataset/negativos/augmented/negativo_aug_02305.jpg
2306,negativos_train_0270.jpg,negativo_aug_02306.jpg,/home/irar/Escritorio/ProyectoTaxiDetector/dataset/negativos/train/negativos_train_0270.jpg,/home/irar/Escritorio/ProyectoTaxiDetector/dataset/negativos/augmented/negativo_aug_02306.jpg
2307,negativos_train_0246.jpg,negativo_aug_02307.jpg,/home/irar/Escritorio/ProyectoTaxiDetector/dataset/negativos/train/negativos_train_0246.jpg,/home/irar/Escritorio/ProyectoTaxiDetector/dataset/negativos/augmented/negativo_aug_02307.jpg
2308,negativos_train_0369.jpg,negativo_aug_02308.jpg,/home/irar/Escritorio/ProyectoTaxiDetector/dataset/negativos/train/negativos_train_0369.jpg,/home/irar/Escritorio/ProyectoTaxiDetector/dataset/negativos/augmented/negativo_aug_02308.jpg
2309,negativos_train_0368.jpg,negativo_aug_02309.jpg,/home/irar/Escritorio/ProyectoTaxiDetector/dataset/negativos/train/negativos_train_0368.jpg,/home/irar/Escritorio/ProyectoTaxiDetector/dataset/negativos/augmented/negativo_aug_02309.jpg
2310,negativos_train_0501.jpg,negativo_aug_02310.jpg,/home/irar/Escritorio/ProyectoTaxiDetector/dataset/negativos/train/negativos_train_0501.jpg,/home/irar/Escritorio/ProyectoTaxiDetector/dataset/negativos/augmented/negativo_aug_02310.jpg
2311,negativos_train_0159.jpg,negativo_aug_02311.jpg,/home/irar/Escritorio/ProyectoTaxiDetector/dataset/negativos/train/negativos_train_0159.jpg,/home/irar/Escritorio/ProyectoTaxiDetector/dataset/negativos/augmented/negativo_aug_02311.jpg
2312,negativos_train_0456.jpg,negativo_aug_02312.jpg,/home/irar/Escritorio/ProyectoTaxiDetector/dataset/negativos/train/negativos_train_0456.jpg,/home/irar/Escritorio/ProyectoTaxiDetector/dataset/negativos/augmented/negativo_aug_02312.jpg
2313,negativos_train_0464.jpg,negativo_aug_02313.jpg,/home/irar/Escritorio/ProyectoTaxiDetector/dataset/negativos/train/negativos_train_0464.jpg,/home/irar/Escritorio/ProyectoTaxiDetector/dataset/negativos/augmented/negativo_aug_02313.jpg
2314,negativos_train_0479.jpg,negativo_aug_02314.jpg,/home/irar/Escritorio/ProyectoTaxiDetector/dataset/negativos/train/negativos_train_0479.jpg,/home/irar/Escritorio/ProyectoTaxiDetector/dataset/negativos/augmented/negativo_aug_02314.jpg
2315,negativos_train_0067.jpg,negativo_aug_02315.jpg,/home/irar/Escritorio/ProyectoTaxiDetector/dataset/negativos/train/negativos_train_0067.jpg,/home/irar/Escritorio/ProyectoTaxiDetector/dataset/negativos/augmented/negativo_aug_02315.jpg
2316,negativos_train_0283.jpg,negativo_aug_02316.jpg,/home/irar/Escritorio/ProyectoTaxiDetector/dataset/negativos/train/negativos_train_0283.jpg,/home/irar/Escritorio/ProyectoTaxiDetector/dataset/negativos/augmented/negativo_aug_02316.jpg
2317,negativos_train_0412.jpg,negativo_aug_02317.jpg,/home/irar/Escritorio/ProyectoTaxiDetector/dataset/negativos/train/negativos_train_0412.jpg,/home/irar/Escritorio/ProyectoTaxiDetector/dataset/negativos/augmented/negativo_aug_02317.jpg
2318,negativos_train_0240.jpg,negativo_aug_02318.jpg,/home/irar/Escritorio/ProyectoTaxiDetector/dataset/negativos/train/negativos_train_0240.jpg,/home/irar/Escritorio/ProyectoTaxiDetector/dataset/negativos/augmented/negativo_aug_02318.jpg
2319,negativos_train_0189.jpg,negativo_aug_02319.jpg,/home/irar/Escritorio/ProyectoTaxiDetector/dataset/negativos/train/negativos_train_0189.jpg,/home/irar/Escritorio/ProyectoTaxiDetector/dataset/negativos/augmented/negativo_aug_02319.jpg
2320,negativos_train_0505.jpg,negativo_aug_02320.jpg,/home/irar/Escritorio/ProyectoTaxiDetector/dataset/negativos/train/negativos_train_0505.jpg,/home/irar/Escritorio/ProyectoTaxiDetector/dataset/negativos/augmented/negativo_aug_02320.jpg
2321,negativos_train_0284.jpg,negativo_aug_02321.jpg,/home/irar/Escritorio/ProyectoTaxiDetector/dataset/negativos/train/negativos_train_0284.jpg,/home/irar/Escritorio/ProyectoTaxiDetector/dataset/negativos/augmented/negativo_aug_02321.jpg
2322,negativos_train_0548.jpg,negativo_aug_02322.jpg,/home/irar/Escritorio/ProyectoTaxiDetector/dataset/negativos/train/negativos_train_0548.jpg,/home/irar/Escritorio/ProyectoTaxiDetector/dataset/negativos/augmented/negativo_aug_02322.jpg
2323,negativos_train_0494.jpg,negativo_aug_02323.jpg,/home/irar/Escritorio/ProyectoTaxiDetector/dataset/negativos/train/negativos_train_0494.jpg,/home/irar/Escritorio/ProyectoTaxiDetector/dataset/negativos/augmented/negativo_aug_02323.jpg
2324,negativos_train_0253.jpg,negativo_aug_02324.jpg,/home/irar/Escritorio/ProyectoTaxiDetector/dataset/negativos/train/negativos_train_0253.jpg,/home/irar/Escritorio/ProyectoTaxiDetector/dataset/negativos/augmented/negativo_aug_02324.jpg
2325,negativos_train_0405.jpg,negativo_aug_02325.jpg,/home/irar/Escritorio/ProyectoTaxiDetector/dataset/negativos/train/negativos_train_0405.jpg,/home/irar/Escritorio/ProyectoTaxiDetector/dataset/negativos/augmented/negativo_aug_02325.jpg
2326,negativos_train_0122.jpg,negativo_aug_02326.jpg,/home/irar/Escritorio/ProyectoTaxiDetector/dataset/negativos/train/negativos_train_0122.jpg,/home/irar/Escritorio/ProyectoTaxiDetector/dataset/negativos/augmented/negativo_aug_02326.jpg
2327,negativos_train_0072.jpg,negativo_aug_02327.jpg,/home/irar/Escritorio/ProyectoTaxiDetector/dataset/negativos/train/negativos_train_0072.jpg,/home/irar/Escritorio/ProyectoTaxiDetector/dataset/negativos/augmented/negativo_aug_02327.jpg
2328,negativos_train_0406.jpg,negativo_aug_02328.jpg,/home/irar/Escritorio/ProyectoTaxiDetector/dataset/negativos/train/negativos_train_0406.jpg,/home/irar/Escritorio/ProyectoTaxiDetector/dataset/negativos/augmented/negativo_aug_02328.jpg
2329,negativos_train_0474.jpg,negativo_aug_02329.jpg,/home/irar/Escritorio/ProyectoTaxiDetector/dataset/negativos/train/negativos_train_0474.jpg,/home/irar/Escritorio/ProyectoTaxiDetector/dataset/negativos/augmented/negativo_aug_02329.jpg
2330,negativos_train_0473.jpg,negativo_aug_02330.jpg,/home/irar/Escritorio/ProyectoTaxiDetector/dataset/negativos/train/negativos_train_0473.jpg,/home/irar/Escritorio/ProyectoTaxiDetector/dataset/negativos/augmented/negativo_aug_02330.jpg
2331,negativos_train_0115.jpg,negativo_aug_02331.jpg,/home/irar/Escritorio/ProyectoTaxiDetector/dataset/negativos/train/negativos_train_0115.jpg,/home/irar/Escritorio/ProyectoTaxiDetector/dataset/negativos/augmented/negativo_aug_02331.jpg
2332,negativos_train_0261.jpg,negativo_aug_02332.jpg,/home/irar/Escritorio/ProyectoTaxiDetector/dataset/negativos/train/negativos_train_0261.jpg,/home/irar/Escritorio/ProyectoTaxiDetector/dataset/negativos/augmented/negativo_aug_02332.jpg
2333,negativos_train_0186.jpg,negativo_aug_02333.jpg,/home/irar/Escritorio/ProyectoTaxiDetector/dataset/negativos/train/negativos_train_0186.jpg,/home/irar/Escritorio/ProyectoTaxiDetector/dataset/negativos/augmented/negativo_aug_02333.jpg
2334,negativos_train_0407.jpg,negativo_aug_02334.jpg,/home/irar/Escritorio/ProyectoTaxiDetector/dataset/negativos/train/negativos_train_0407.jpg,/home/irar/Escritorio/ProyectoTaxiDetector/dataset/negativos/augmented/negativo_aug_02334.jpg
2335,negativos_train_0090.jpg,negativo_aug_02335.jpg,/home/irar/Escritorio/ProyectoTaxiDetector/dataset/negativos/train/negativos_train_0090.jpg,/home/irar/Escritorio/ProyectoTaxiDetector/dataset/negativos/augmented/negativo_aug_02335.jpg
2336,negativos_train_0327.jpg,negativo_aug_02336.jpg,/home/irar/Escritorio/ProyectoTaxiDetector/dataset/negativos/train/negativos_train_0327.jpg,/home/irar/Escritorio/ProyectoTaxiDetector/dataset/negativos/augmented/negativo_aug_02336.jpg
2337,negativos_train_0359.jpg,negativo_aug_02337.jpg,/home/irar/Escritorio/ProyectoTaxiDetector/dataset/negativos/train/negativos_train_0359.jpg,/home/irar/Escritorio/ProyectoTaxiDetector/dataset/negativos/augmented/negativo_aug_02337.jpg
2338,negativos_train_0540.jpg,negativo_aug_02338.jpg,/home/irar/Escritorio/ProyectoTaxiDetector/dataset/negativos/train/negativos_train_0540.jpg,/home/irar/Escritorio/ProyectoTaxiDetector/dataset/negativos/augmented/negativo_aug_02338.jpg
2339,negativos_train_0365.jpg,negativo_aug_02339.jpg,/home/irar/Escritorio/ProyectoTaxiDetector/dataset/negativos/train/negativos_train_0365.jpg,/home/irar/Escritorio/ProyectoTaxiDetector/dataset/negativos/augmented/negativo_aug_02339.jpg
2340,negativos_train_0550.jpg,negativo_aug_02340.jpg,/home/irar/Escritorio/ProyectoTaxiDetector/dataset/negativos/train/negativos_train_0550.jpg,/home/irar/Escritorio/ProyectoTaxiDetector/dataset/negativos/augmented/negativo_aug_02340.jpg
2341,negativos_train_0436.jpg,negativo_aug_02341.jpg,/home/irar/Escritorio/ProyectoTaxiDetector/dataset/negativos/train/negativos_train_0436.jpg,/home/irar/Escritorio/ProyectoTaxiDetector/dataset/negativos/augmented/negativo_aug_02341.jpg
2342,negativos_train_0154.jpg,negativo_aug_02342.jpg,/home/irar/Escritorio/ProyectoTaxiDetector/dataset/negativos/train/negativos_train_0154.jpg,/home/irar/Escritorio/ProyectoTaxiDetector/dataset/negativos/augmented/negativo_aug_02342.jpg
2343,negativos_train_0149.jpg,negativo_aug_02343.jpg,/home/irar/Escritorio/ProyectoTaxiDetector/dataset/negativos/train/negativos_train_0149.jpg,/home/irar/Escritorio/ProyectoTaxiDetector/dataset/negativos/augmented/negativo_aug_02343.jpg
2344,negativos_train_0278.jpg,negativo_aug_02344.jpg,/home/irar/Escritorio/ProyectoTaxiDetector/dataset/negativos/train/negativos_train_0278.jpg,/home/irar/Escritorio/ProyectoTaxiDetector/dataset/negativos/augmented/negativo_aug_02344.jpg
2345,negativos_train_0531.jpg,negativo_aug_02345.jpg,/home/irar/Escritorio/ProyectoTaxiDetector/dataset/negativos/train/negativos_train_0531.jpg,/home/irar/Escritorio/ProyectoTaxiDetector/dataset/negativos/augmented/negativo_aug_02345.jpg
2346,negativos_train_0514.jpg,negativo_aug_02346.jpg,/home/irar/Escritorio/ProyectoTaxiDetector/dataset/negativos/train/negativos_train_0514.jpg,/home/irar/Escritorio/ProyectoTaxiDetector/dataset/negativos/augmented/negativo_aug_02346.jpg
2347,negativos_train_0364.jpg,negativo_aug_02347.jpg,/home/irar/Escritorio/ProyectoTaxiDetector/dataset/negativos/train/negativos_train_0364.jpg,/home/irar/Escritorio/ProyectoTaxiDetector/dataset/negativos/augmented/negativo_aug_02347.jpg
2348,negativos_train_0178.jpg,negativo_aug_02348.jpg,/home/irar/Escritorio/ProyectoTaxiDetector/dataset/negativos/train/negativos_train_0178.jpg,/home/irar/Escritorio/ProyectoTaxiDetector/dataset/negativos/augmented/negativo_aug_02348.jpg
2349,negativos_train_0342.jpg,negativo_aug_02349.jpg,/home/irar/Escritorio/ProyectoTaxiDetector/dataset/negativos/train/negativos_train_0342.jpg,/home/irar/Escritorio/ProyectoTaxiDetector/dataset/negativos/augmented/negativo_aug_02349.jpg
2350,negativos_train_0525.jpg,negativo_aug_02350.jpg,/home/irar/Escritorio/ProyectoTaxiDetector/dataset/negativos/train/negativos_train_0525.jpg,/home/irar/Escritorio/ProyectoTaxiDetector/dataset/negativos/augmented/negativo_aug_02350.jpg
2351,negativos_train_0433.jpg,negativo_aug_02351.jpg,/home/irar/Escritorio/ProyectoTaxiDetector/dataset/negativos/train/negativos_train_0433.jpg,/home/irar/Escritorio/ProyectoTaxiDetector/dataset/negativos/augmented/negativo_aug_02351.jpg
2352,negativos_train_0350.jpg,negativo_aug_02352.jpg,/home/irar/Escritorio/ProyectoTaxiDetector/dataset/negativos/train/negativos_train_0350.jpg,/home/irar/Escritorio/ProyectoTaxiDetector/dataset/negativos/augmented/negativo_aug_02352.jpg
2353,negativos_train_0415.jpg,negativo_aug_02353.jpg,/home/irar/Escritorio/ProyectoTaxiDetector/dataset/negativos/train/negativos_train_0415.jpg,/home/irar/Escritorio/ProyectoTaxiDetector/dataset/negativos/augmented/negativo_aug_02353.jpg
2354,negativos_train_0582.jpg,negativo_aug_02354.jpg,/home/irar/Escritorio/ProyectoTaxiDetector/dataset/negativos/train/negativos_train_0582.jpg,/home/irar/Escritorio/ProyectoTaxiDetector/dataset/negativos/augmented/negativo_aug_02354.jpg
2355,negativos_train_0508.jpg,negativo_aug_02355.jpg,/home/irar/Escritorio/ProyectoTaxiDetector/dataset/negativos/train/negativos_train_0508.jpg,/home/irar/Escritorio/ProyectoTaxiDetector/dataset/negativos/augmented/negativo_aug_02355.jpg
2356,negativos_train_0569.jpg,negativo_aug_02356.jpg,/home/irar/Escritorio/ProyectoTaxiDetector/dataset/negativos/train/negativos_train_0569.jpg,/home/irar/Escritorio/ProyectoTaxiDetector/dataset/negativos/augmented/negativo_aug_02356.jpg
2357,negativos_train_0512.jpg,negativo_aug_02357.jpg,/home/irar/Escritorio/ProyectoTaxiDetector/dataset/negativos/train/negativos_train_0512.jpg,/home/irar/Escritorio/ProyectoTaxiDetector/dataset/negativos/augmented/negativo_aug_02357.jpg
2358,negativos_train_0089.jpg,negativo_aug_02358.jpg,/home/irar/Escritorio/ProyectoTaxiDetector/dataset/negativos/train/negativos_train_0089.jpg,/home/irar/Escritorio/ProyectoTaxiDetector/dataset/negativos/augmented/negativo_aug_02358.jpg
2359,negativos_train_0232.jpg,negativo_aug_02359.jpg,/home/irar/Escritorio/ProyectoTaxiDetector/dataset/negativos/train/negativos_train_0232.jpg,/home/irar/Escritorio/ProyectoTaxiDetector/dataset/negativos/augmented/negativo_aug_02359.jpg
2360,negativos_train_0572.jpg,negativo_aug_02360.jpg,/home/irar/Escritorio/ProyectoTaxiDetector/dataset/negativos/train/negativos_train_0572.jpg,/home/irar/Escritorio/ProyectoTaxiDetector/dataset/negativos/augmented/negativo_aug_02360.jpg
2361,negativos_train_0617.jpg,negativo_aug_02361.jpg,/home/irar/Escritorio/ProyectoTaxiDetector/dataset/negativos/train/negativos_train_0617.jpg,/home/irar/Escritorio/ProyectoTaxiDetector/dataset/negativos/augmented/negativo_aug_02361.jpg
2362,negativos_train_0603.jpg,negativo_aug_02362.jpg,/home/irar/Escritorio/ProyectoTaxiDetector/dataset/negativos/train/negativos_train_0603.jpg,/home/irar/Escritorio/ProyectoTaxiDetector/dataset/negativos/augmented/negativo_aug_02362.jpg
2363,negativos_train_0063.jpg,negativo_aug_02363.jpg,/home/irar/Escritorio/ProyectoTaxiDetector/dataset/negativos/train/negativos_train_0063.jpg,/home/irar/Escritorio/ProyectoTaxiDetector/dataset/negativos/augmented/negativo_aug_02363.jpg
2364,negativos_train_0103.jpg,negativo_aug_02364.jpg,/home/irar/Escritorio/ProyectoTaxiDetector/dataset/negativos/train/negativos_train_0103.jpg,/home/irar/Escritorio/ProyectoTaxiDetector/dataset/negativos/augmented/negativo_aug_02364.jpg
2365,negativos_train_0252.jpg,negativo_aug_02365.jpg,/home/irar/Escritorio/ProyectoTaxiDetector/dataset/negativos/train/negativos_train_0252.jpg,/home/irar/Escritorio/ProyectoTaxiDetector/dataset/negativos/augmented/negativo_aug_02365.jpg
2366,negativos_train_0470.jpg,negativo_aug_02366.jpg,/home/irar/Escritorio/ProyectoTaxiDetector/dataset/negativos/train/negativos_train_0470.jpg,/home/irar/Escritorio/ProyectoTaxiDetector/dataset/negativos/augmented/negativo_aug_02366.jpg
2367,negativos_train_0356.jpg,negativo_aug_02367.jpg,/home/irar/Escritorio/ProyectoTaxiDetector/dataset/negativos/train/negativos_train_0356.jpg,/home/irar/Escritorio/ProyectoTaxiDetector/dataset/negativos/augmented/negativo_aug_02367.jpg
2368,negativos_train_0523.jpg,negativo_aug_02368.jpg,/home/irar/Escritorio/ProyectoTaxiDetector/dataset/negativos/train/negativos_train_0523.jpg,/home/irar/Escritorio/ProyectoTaxiDetector/dataset/negativos/augmented/negativo_aug_02368.jpg
2369,negativos_train_0541.jpg,negativo_aug_02369.jpg,/home/irar/Escritorio/ProyectoTaxiDetector/dataset/negativos/train/negativos_train_0541.jpg,/home/irar/Escritorio/ProyectoTaxiDetector/dataset/negativos/augmented/negativo_aug_02369.jpg
2370,negativos_train_0110.jpg,negativo_aug_02370.jpg,/home/irar/Escritorio/ProyectoTaxiDetector/dataset/negativos/train/negativos_train_0110.jpg,/home/irar/Escritorio/ProyectoTaxiDetector/dataset/negativos/augmented/negativo_aug_02370.jpg
2371,negativos_train_0229.jpg,negativo_aug_02371.jpg,/home/irar/Escritorio/ProyectoTaxiDetector/dataset/negativos/train/negativos_train_0229.jpg,/home/irar/Escritorio/ProyectoTaxiDetector/dataset/negativos/augmented/negativo_aug_02371.jpg
2372,negativos_train_0595.jpg,negativo_aug_02372.jpg,/home/irar/Escritorio/ProyectoTaxiDetector/dataset/negativos/train/negativos_train_0595.jpg,/home/irar/Escritorio/ProyectoTaxiDetector/dataset/negativos/augmented/negativo_aug_02372.jpg
2373,negativos_train_0134.jpg,negativo_aug_02373.jpg,/home/irar/Escritorio/ProyectoTaxiDetector/dataset/negativos/train/negativos_train_0134.jpg,/home/irar/Escritorio/ProyectoTaxiDetector/dataset/negativos/augmented/negativo_aug_02373.jpg
2374,negativos_train_0608.jpg,negativo_aug_02374.jpg,/home/irar/Escritorio/ProyectoTaxiDetector/dataset/negativos/train/negativos_train_0608.jpg,/home/irar/Escritorio/ProyectoTaxiDetector/dataset/negativos/augmented/negativo_aug_02374.jpg
2375,negativos_train_0135.jpg,negativo_aug_02375.jpg,/home/irar/Escritorio/ProyectoTaxiDetector/dataset/negativos/train/negativos_train_0135.jpg,/home/irar/Escritorio/ProyectoTaxiDetector/dataset/negativos/augmented/negativo_aug_02375.jpg
2376,negativos_train_0061.jpg,negativo_aug_02376.jpg,/home/irar/Escritorio/ProyectoTaxiDetector/dataset/negativos/train/negativos_train_0061.jpg,/home/irar/Escritorio/ProyectoTaxiDetector/dataset/negativos/augmented/negativo_aug_02376.jpg
2377,negativos_train_0288.jpg,negativo_aug_02377.jpg,/home/irar/Escritorio/ProyectoTaxiDetector/dataset/negativos/train/negativos_train_0288.jpg,/home/irar/Escritorio/ProyectoTaxiDetector/dataset/negativos/augmented/negativo_aug_02377.jpg
2378,negativos_train_0468.jpg,negativo_aug_02378.jpg,/home/irar/Escritorio/ProyectoTaxiDetector/dataset/negativos/train/negativos_train_0468.jpg,/home/irar/Escritorio/ProyectoTaxiDetector/dataset/negativos/augmented/negativo_aug_02378.jpg
2379,negativos_train_0199.jpg,negativo_aug_02379.jpg,/home/irar/Escritorio/ProyectoTaxiDetector/dataset/negativos/train/negativos_train_0199.jpg,/home/irar/Escritorio/ProyectoTaxiDetector/dataset/negativos/augmented/negativo_aug_02379.jpg
2380,negativos_train_0266.jpg,negativo_aug_02380.jpg,/home/irar/Escritorio/ProyectoTaxiDetector/dataset/negativos/train/negativos_train_0266.jpg,/home/irar/Escritorio/ProyectoTaxiDetector/dataset/negativos/augmented/negativo_aug_02380.jpg
2381,negativos_train_0256.jpg,negativo_aug_02381.jpg,/home/irar/Escritorio/ProyectoTaxiDetector/dataset/negativos/train/negativos_train_0256.jpg,/home/irar/Escritorio/ProyectoTaxiDetector/dataset/negativos/augmented/negativo_aug_02381.jpg
2382,negativos_train_0096.jpg,negativo_aug_02382.jpg,/home/irar/Escritorio/ProyectoTaxiDetector/dataset/negativos/train/negativos_train_0096.jpg,/home/irar/Escritorio/ProyectoTaxiDetector/dataset/negativos/augmented/negativo_aug_02382.jpg
2383,negativos_train_0555.jpg,negativo_aug_02383.jpg,/home/irar/Escritorio/ProyectoTaxiDetector/dataset/negativos/train/negativos_train_0555.jpg,/home/irar/Escritorio/ProyectoTaxiDetector/dataset/negativos/augmented/negativo_aug_02383.jpg
2384,negativos_train_0014.jpg,negativo_aug_02384.jpg,/home/irar/Escritorio/ProyectoTaxiDetector/dataset/negativos/train/negativos_train_0014.jpg,/home/irar/Escritorio/ProyectoTaxiDetector/dataset/negativos/augmented/negativo_aug_02384.jpg
2385,negativos_train_0530.jpg,negativo_aug_02385.jpg,/home/irar/Escritorio/ProyectoTaxiDetector/dataset/negativos/train/negativos_train_0530.jpg,/home/irar/Escritorio/ProyectoTaxiDetector/dataset/negativos/augmented/negativo_aug_02385.jpg
2386,negativos_train_0492.jpg,negativo_aug_02386.jpg,/home/irar/Escritorio/ProyectoTaxiDetector/dataset/negativos/train/negativos_train_0492.jpg,/home/irar/Escritorio/ProyectoTaxiDetector/dataset/negativos/augmented/negativo_aug_02386.jpg
2387,negativos_train_0565.jpg,negativo_aug_02387.jpg,/home/irar/Escritorio/ProyectoTaxiDetector/dataset/negativos/train/negativos_train_0565.jpg,/home/irar/Escritorio/ProyectoTaxiDetector/dataset/negativos/augmented/negativo_aug_02387.jpg
2388,negativos_train_0143.jpg,negativo_aug_02388.jpg,/home/irar/Escritorio/ProyectoTaxiDetector/dataset/negativos/train/negativos_train_0143.jpg,/home/irar/Escritorio/ProyectoTaxiDetector/dataset/negativos/augmented/negativo_aug_02388.jpg
2389,negativos_train_0333.jpg,negativo_aug_02389.jpg,/home/irar/Escritorio/ProyectoTaxiDetector/dataset/negativos/train/negativos_train_0333.jpg,/home/irar/Escritorio/ProyectoTaxiDetector/dataset/negativos/augmented/negativo_aug_02389.jpg
2390,negativos_train_0161.jpg,negativo_aug_02390.jpg,/home/irar/Escritorio/ProyectoTaxiDetector/dataset/negativos/train/negativos_train_0161.jpg,/home/irar/Escritorio/ProyectoTaxiDetector/dataset/negativos/augmented/negativo_aug_02390.jpg
2391,negativos_train_0204.jpg,negativo_aug_02391.jpg,/home/irar/Escritorio/ProyectoTaxiDetector/dataset/negativos/train/negativos_train_0204.jpg,/home/irar/Escritorio/ProyectoTaxiDetector/dataset/negativos/augmented/negativo_aug_02391.jpg
2392,negativos_train_0188.jpg,negativo_aug_02392.jpg,/home/irar/Escritorio/ProyectoTaxiDetector/dataset/negativos/train/negativos_train_0188.jpg,/home/irar/Escritorio/ProyectoTaxiDetector/dataset/negativos/augmented/negativo_aug_02392.jpg
2393,negativos_train_0272.jpg,negativo_aug_02393.jpg,/home/irar/Escritorio/ProyectoTaxiDetector/dataset/negativos/train/negativos_train_0272.jpg,/home/irar/Escritorio/ProyectoTaxiDetector/dataset/negativos/augmented/negativo_aug_02393.jpg
2394,negativos_train_0071.jpg,negativo_aug_02394.jpg,/home/irar/Escritorio/ProyectoTaxiDetector/dataset/negativos/train/negativos_train_0071.jpg,/home/irar/Escritorio/ProyectoTaxiDetector/dataset/negativos/augmented/negativo_aug_02394.jpg
2395,negativos_train_0294.jpg,negativo_aug_02395.jpg,/home/irar/Escritorio/ProyectoTaxiDetector/dataset/negativos/train/negativos_train_0294.jpg,/home/irar/Escritorio/ProyectoTaxiDetector/dataset/negativos/augmented/negativo_aug_02395.jpg
2396,negativos_train_0040.jpg,negativo_aug_02396.jpg,/home/irar/Escritorio/ProyectoTaxiDetector/dataset/negativos/train/negativos_train_0040.jpg,/home/irar/Escritorio/ProyectoTaxiDetector/dataset/negativos/augmented/negativo_aug_02396.jpg
2397,negativos_train_0391.jpg,negativo_aug_02397.jpg,/home/irar/Escritorio/ProyectoTaxiDetector/dataset/negativos/train/negativos_train_0391.jpg,/home/irar/Escritorio/ProyectoTaxiDetector/dataset/negativos/augmented/negativo_aug_02397.jpg
2398,negativos_train_0228.jpg,negativo_aug_02398.jpg,/home/irar/Escritorio/ProyectoTaxiDetector/dataset/negativos/train/negativos_train_0228.jpg,/home/irar/Escritorio/ProyectoTaxiDetector/dataset/negativos/augmented/negativo_aug_02398.jpg
2399,negativos_train_0191.jpg,negativo_aug_02399.jpg,/home/irar/Escritorio/ProyectoTaxiDetector/dataset/negativos/train/negativos_train_0191.jpg,/home/irar/Escritorio/ProyectoTaxiDetector/dataset/negativos/augmented/negativo_aug_02399.jpg
2400,negativos_train_0190.jpg,negativo_aug_02400.jpg,/home/irar/Escritorio/ProyectoTaxiDetector/dataset/negativos/train/negativos_train_0190.jpg,/home/irar/Escritorio/ProyectoTaxiDetector/dataset/negativos/augmented/negativo_aug_02400.jpg
2401,negativos_train_0486.jpg,negativo_aug_02401.jpg,/home/irar/Escritorio/ProyectoTaxiDetector/dataset/negativos/train/negativos_train_0486.jpg,/home/irar/Escritorio/ProyectoTaxiDetector/dataset/negativos/augmented/negativo_aug_02401.jpg
2402,negativos_train_0461.jpg,negativo_aug_02402.jpg,/home/irar/Escritorio/ProyectoTaxiDetector/dataset/negativos/train/negativos_train_0461.jpg,/home/irar/Escritorio/ProyectoTaxiDetector/dataset/negativos/augmented/negativo_aug_02402.jpg
2403,negativos_train_0158.jpg,negativo_aug_02403.jpg,/home/irar/Escritorio/ProyectoTaxiDetector/dataset/negativos/train/negativos_train_0158.jpg,/home/irar/Escritorio/ProyectoTaxiDetector/dataset/negativos/augmented/negativo_aug_02403.jpg
2404,negativos_train_0034.jpg,negativo_aug_02404.jpg,/home/irar/Escritorio/ProyectoTaxiDetector/dataset/negativos/train/negativos_train_0034.jpg,/home/irar/Escritorio/ProyectoTaxiDetector/dataset/negativos/augmented/negativo_aug_02404.jpg
2405,negativos_train_0393.jpg,negativo_aug_02405.jpg,/home/irar/Escritorio/ProyectoTaxiDetector/dataset/negativos/train/negativos_train_0393.jpg,/home/irar/Escritorio/ProyectoTaxiDetector/dataset/negativos/augmented/negativo_aug_02405.jpg
2406,negativos_train_0371.jpg,negativo_aug_02406.jpg,/home/irar/Escritorio/ProyectoTaxiDetector/dataset/negativos/train/negativos_train_0371.jpg,/home/irar/Escritorio/ProyectoTaxiDetector/dataset/negativos/augmented/negativo_aug_02406.jpg
2407,negativos_train_0376.jpg,negativo_aug_02407.jpg,/home/irar/Escritorio/ProyectoTaxiDetector/dataset/negativos/train/negativos_train_0376.jpg,/home/irar/Escritorio/ProyectoTaxiDetector/dataset/negativos/augmented/negativo_aug_02407.jpg
2408,negativos_train_0242.jpg,negativo_aug_02408.jpg,/home/irar/Escritorio/ProyectoTaxiDetector/dataset/negativos/train/negativos_train_0242.jpg,/home/irar/Escritorio/ProyectoTaxiDetector/dataset/negativos/augmented/negativo_aug_02408.jpg
2409,negativos_train_0069.jpg,negativo_aug_02409.jpg,/home/irar/Escritorio/ProyectoTaxiDetector/dataset/negativos/train/negativos_train_0069.jpg,/home/irar/Escritorio/ProyectoTaxiDetector/dataset/negativos/augmented/negativo_aug_02409.jpg
2410,negativos_train_0130.jpg,negativo_aug_02410.jpg,/home/irar/Escritorio/ProyectoTaxiDetector/dataset/negativos/train/negativos_train_0130.jpg,/home/irar/Escritorio/ProyectoTaxiDetector/dataset/negativos/augmented/negativo_aug_02410.jpg
2411,negativos_train_0036.jpg,negativo_aug_02411.jpg,/home/irar/Escritorio/ProyectoTaxiDetector/dataset/negativos/train/negativos_train_0036.jpg,/home/irar/Escritorio/ProyectoTaxiDetector/dataset/negativos/augmented/negativo_aug_02411.jpg
2412,negativos_train_0449.jpg,negativo_aug_02412.jpg,/home/irar/Escritorio/ProyectoTaxiDetector/dataset/negativos/train/negativos_train_0449.jpg,/home/irar/Escritorio/ProyectoTaxiDetector/dataset/negativos/augmented/negativo_aug_02412.jpg
2413,negativos_train_0147.jpg,negativo_aug_02413.jpg,/home/irar/Escritorio/ProyectoTaxiDetector/dataset/negativos/train/negativos_train_0147.jpg,/home/irar/Escritorio/ProyectoTaxiDetector/dataset/negativos/augmented/negativo_aug_02413.jpg
2414,negativos_train_0032.jpg,negativo_aug_02414.jpg,/home/irar/Escritorio/ProyectoTaxiDetector/dataset/negativos/train/negativos_train_0032.jpg,/home/irar/Escritorio/ProyectoTaxiDetector/dataset/negativos/augmented/negativo_aug_02414.jpg
2415,negativos_train_0164.jpg,negativo_aug_02415.jpg,/home/irar/Escritorio/ProyectoTaxiDetector/dataset/negativos/train/negativos_train_0164.jpg,/home/irar/Escritorio/ProyectoTaxiDetector/dataset/negativos/augmented/negativo_aug_02415.jpg
2416,negativos_train_0526.jpg,negativo_aug_02416.jpg,/home/irar/Escritorio/ProyectoTaxiDetector/dataset/negativos/train/negativos_train_0526.jpg,/home/irar/Escritorio/ProyectoTaxiDetector/dataset/negativos/augmented/negativo_aug_02416.jpg
2417,negativos_train_0373.jpg,negativo_aug_02417.jpg,/home/irar/Escritorio/ProyectoTaxiDetector/dataset/negativos/train/negativos_train_0373.jpg,/home/irar/Escritorio/ProyectoTaxiDetector/dataset/negativos/augmented/negativo_aug_02417.jpg
2418,negativos_train_0416.jpg,negativo_aug_02418.jpg,/home/irar/Escritorio/ProyectoTaxiDetector/dataset/negativos/train/negativos_train_0416.jpg,/home/irar/Escritorio/ProyectoTaxiDetector/dataset/negativos/augmented/negativo_aug_02418.jpg
2419,negativos_train_0077.jpg,negativo_aug_02419.jpg,/home/irar/Escritorio/ProyectoTaxiDetector/dataset/negativos/train/negativos_train_0077.jpg,/home/irar/Escritorio/ProyectoTaxiDetector/dataset/negativos/augmented/negativo_aug_02419.jpg
2420,negativos_train_0059.jpg,negativo_aug_02420.jpg,/home/irar/Escritorio/ProyectoTaxiDetector/dataset/negativos/train/negativos_train_0059.jpg,/home/irar/Escritorio/ProyectoTaxiDetector/dataset/negativos/augmented/negativo_aug_02420.jpg
2421,negativos_train_0282.jpg,negativo_aug_02421.jpg,/home/irar/Escritorio/ProyectoTaxiDetector/dataset/negativos/train/negativos_train_0282.jpg,/home/irar/Escritorio/ProyectoTaxiDetector/dataset/negativos/augmented/negativo_aug_02421.jpg
2422,negativos_train_0446.jpg,negativo_aug_02422.jpg,/home/irar/Escritorio/ProyectoTaxiDetector/dataset/negativos/train/negativos_train_0446.jpg,/home/irar/Escritorio/ProyectoTaxiDetector/dataset/negativos/augmented/negativo_aug_02422.jpg
2423,negativos_train_0626.jpg,negativo_aug_02423.jpg,/home/irar/Escritorio/ProyectoTaxiDetector/dataset/negativos/train/negativos_train_0626.jpg,/home/irar/Escritorio/ProyectoTaxiDetector/dataset/negativos/augmented/negativo_aug_02423.jpg
2424,negativos_train_0044.jpg,negativo_aug_02424.jpg,/home/irar/Escritorio/ProyectoTaxiDetector/dataset/negativos/train/negativos_train_0044.jpg,/home/irar/Escritorio/ProyectoTaxiDetector/dataset/negativos/augmented/negativo_aug_02424.jpg
2425,negativos_train_0458.jpg,negativo_aug_02425.jpg,/home/irar/Escritorio/ProyectoTaxiDetector/dataset/negativos/train/negativos_train_0458.jpg,/home/irar/Escritorio/ProyectoTaxiDetector/dataset/negativos/augmented/negativo_aug_02425.jpg
2426,negativos_train_0360.jpg,negativo_aug_02426.jpg,/home/irar/Escritorio/ProyectoTaxiDetector/dataset/negativos/train/negativos_train_0360.jpg,/home/irar/Escritorio/ProyectoTaxiDetector/dataset/negativos/augmented/negativo_aug_02426.jpg
2427,negativos_train_0455.jpg,negativo_aug_02427.jpg,/home/irar/Escritorio/ProyectoTaxiDetector/dataset/negativos/train/negativos_train_0455.jpg,/home/irar/Escritorio/ProyectoTaxiDetector/dataset/negativos/augmented/negativo_aug_02427.jpg
2428,negativos_train_0171.jpg,negativo_aug_02428.jpg,/home/irar/Escritorio/ProyectoTaxiDetector/dataset/negativos/train/negativos_train_0171.jpg,/home/irar/Escritorio/ProyectoTaxiDetector/dataset/negativos/augmented/negativo_aug_02428.jpg
2429,negativos_train_0437.jpg,negativo_aug_02429.jpg,/home/irar/Escritorio/ProyectoTaxiDetector/dataset/negativos/train/negativos_train_0437.jpg,/home/irar/Escritorio/ProyectoTaxiDetector/dataset/negativos/augmented/negativo_aug_02429.jpg
2430,negativos_train_0457.jpg,negativo_aug_02430.jpg,/home/irar/Escritorio/ProyectoTaxiDetector/dataset/negativos/train/negativos_train_0457.jpg,/home/irar/Escritorio/ProyectoTaxiDetector/dataset/negativos/augmented/negativo_aug_02430.jpg
2431,negativos_train_0314.jpg,negativo_aug_02431.jpg,/home/irar/Escritorio/ProyectoTaxiDetector/dataset/negativos/train/negativos_train_0314.jpg,/home/irar/Escritorio/ProyectoTaxiDetector/dataset/negativos/augmented/negativo_aug_02431.jpg
2432,negativos_train_0303.jpg,negativo_aug_02432.jpg,/home/irar/Escritorio/ProyectoTaxiDetector/dataset/negativos/train/negativos_train_0303.jpg,/home/irar/Escritorio/ProyectoTaxiDetector/dataset/negativos/augmented/negativo_aug_02432.jpg
2433,negativos_train_0336.jpg,negativo_aug_02433.jpg,/home/irar/Escritorio/ProyectoTaxiDetector/dataset/negativos/train/negativos_train_0336.jpg,/home/irar/Escritorio/ProyectoTaxiDetector/dataset/negativos/augmented/negativo_aug_02433.jpg
2434,negativos_train_0082.jpg,negativo_aug_02434.jpg,/home/irar/Escritorio/ProyectoTaxiDetector/dataset/negativos/train/negativos_train_0082.jpg,/home/irar/Escritorio/ProyectoTaxiDetector/dataset/negativos/augmented/negativo_aug_02434.jpg
2435,negativos_train_0106.jpg,negativo_aug_02435.jpg,/home/irar/Escritorio/ProyectoTaxiDetector/dataset/negativos/train/negativos_train_0106.jpg,/home/irar/Escritorio/ProyectoTaxiDetector/dataset/negativos/augmented/negativo_aug_02435.jpg
2436,negativos_train_0329.jpg,negativo_aug_02436.jpg,/home/irar/Escritorio/ProyectoTaxiDetector/dataset/negativos/train/negativos_train_0329.jpg,/home/irar/Escritorio/ProyectoTaxiDetector/dataset/negativos/augmented/negativo_aug_02436.jpg
2437,negativos_train_0584.jpg,negativo_aug_02437.jpg,/home/irar/Escritorio/ProyectoTaxiDetector/dataset/negativos/train/negativos_train_0584.jpg,/home/irar/Escritorio/ProyectoTaxiDetector/dataset/negativos/augmented/negativo_aug_02437.jpg
2438,negativos_train_0185.jpg,negativo_aug_02438.jpg,/home/irar/Escritorio/ProyectoTaxiDetector/dataset/negativos/train/negativos_train_0185.jpg,/home/irar/Escritorio/ProyectoTaxiDetector/dataset/negativos/augmented/negativo_aug_02438.jpg
2439,negativos_train_0441.jpg,negativo_aug_02439.jpg,/home/irar/Escritorio/ProyectoTaxiDetector/dataset/negativos/train/negativos_train_0441.jpg,/home/irar/Escritorio/ProyectoTaxiDetector/dataset/negativos/augmented/negativo_aug_02439.jpg
2440,negativos_train_0081.jpg,negativo_aug_02440.jpg,/home/irar/Escritorio/ProyectoTaxiDetector/dataset/negativos/train/negativos_train_0081.jpg,/home/irar/Escritorio/ProyectoTaxiDetector/dataset/negativos/augmented/negativo_aug_02440.jpg
2441,negativos_train_0435.jpg,negativo_aug_02441.jpg,/home/irar/Escritorio/ProyectoTaxiDetector/dataset/negativos/train/negativos_train_0435.jpg,/home/irar/Escritorio/ProyectoTaxiDetector/dataset/negativos/augmented/negativo_aug_02441.jpg
2442,negativos_train_0085.jpg,negativo_aug_02442.jpg,/home/irar/Escritorio/ProyectoTaxiDetector/dataset/negativos/train/negativos_train_0085.jpg,/home/irar/Escritorio/ProyectoTaxiDetector/dataset/negativos/augmented/negativo_aug_02442.jpg
2443,negativos_train_0274.jpg,negativo_aug_02443.jpg,/home/irar/Escritorio/ProyectoTaxiDetector/dataset/negativos/train/negativos_train_0274.jpg,/home/irar/Escritorio/ProyectoTaxiDetector/dataset/negativos/augmented/negativo_aug_02443.jpg
2444,negativos_train_0532.jpg,negativo_aug_02444.jpg,/home/irar/Escritorio/ProyectoTaxiDetector/dataset/negativos/train/negativos_train_0532.jpg,/home/irar/Escritorio/ProyectoTaxiDetector/dataset/negativos/augmented/negativo_aug_02444.jpg
2445,negativos_train_0564.jpg,negativo_aug_02445.jpg,/home/irar/Escritorio/ProyectoTaxiDetector/dataset/negativos/train/negativos_train_0564.jpg,/home/irar/Escritorio/ProyectoTaxiDetector/dataset/negativos/augmented/negativo_aug_02445.jpg
2446,negativos_train_0510.jpg,negativo_aug_02446.jpg,/home/irar/Escritorio/ProyectoTaxiDetector/dataset/negativos/train/negativos_train_0510.jpg,/home/irar/Escritorio/ProyectoTaxiDetector/dataset/negativos/augmented/negativo_aug_02446.jpg
2447,negativos_train_0509.jpg,negativo_aug_02447.jpg,/home/irar/Escritorio/ProyectoTaxiDetector/dataset/negativos/train/negativos_train_0509.jpg,/home/irar/Escritorio/ProyectoTaxiDetector/dataset/negativos/augmented/negativo_aug_02447.jpg
2448,negativos_train_0622.jpg,negativo_aug_02448.jpg,/home/irar/Escritorio/ProyectoTaxiDetector/dataset/negativos/train/negativos_train_0622.jpg,/home/irar/Escritorio/ProyectoTaxiDetector/dataset/negativos/augmented/negativo_aug_02448.jpg
2449,negativos_train_0348.jpg,negativo_aug_02449.jpg,/home/irar/Escritorio/ProyectoTaxiDetector/dataset/negativos/train/negativos_train_0348.jpg,/home/irar/Escritorio/ProyectoTaxiDetector/dataset/negativos/augmented/negativo_aug_02449.jpg
2450,negativos_train_0396.jpg,negativo_aug_02450.jpg,/home/irar/Escritorio/ProyectoTaxiDetector/dataset/negativos/train/negativos_train_0396.jpg,/home/irar/Escritorio/ProyectoTaxiDetector/dataset/negativos/augmented/negativo_aug_02450.jpg
2451,negativos_train_0451.jpg,negativo_aug_02451.jpg,/home/irar/Escritorio/ProyectoTaxiDetector/dataset/negativos/train/negativos_train_0451.jpg,/home/irar/Escritorio/ProyectoTaxiDetector/dataset/negativos/augmented/negativo_aug_02451.jpg
2452,negativos_train_0410.jpg,negativo_aug_02452.jpg,/home/irar/Escritorio/ProyectoTaxiDetector/dataset/negativos/train/negativos_train_0410.jpg,/home/irar/Escritorio/ProyectoTaxiDetector/dataset/negativos/augmented/negativo_aug_02452.jpg
2453,negativos_train_0448.jpg,negativo_aug_02453.jpg,/home/irar/Escritorio/ProyectoTaxiDetector/dataset/negativos/train/negativos_train_0448.jpg,/home/irar/Escritorio/ProyectoTaxiDetector/dataset/negativos/augmented/negativo_aug_02453.jpg
2454,negativos_train_0377.jpg,negativo_aug_02454.jpg,/home/irar/Escritorio/ProyectoTaxiDetector/dataset/negativos/train/negativos_train_0377.jpg,/home/irar/Escritorio/ProyectoTaxiDetector/dataset/negativos/augmented/negativo_aug_02454.jpg
2455,negativos_train_0128.jpg,negativo_aug_02455.jpg,/home/irar/Escritorio/ProyectoTaxiDetector/dataset/negativos/train/negativos_train_0128.jpg,/home/irar/Escritorio/ProyectoTaxiDetector/dataset/negativos/augmented/negativo_aug_02455.jpg
2456,negativos_train_0280.jpg,negativo_aug_02456.jpg,/home/irar/Escritorio/ProyectoTaxiDetector/dataset/negativos/train/negativos_train_0280.jpg,/home/irar/Escritorio/ProyectoTaxiDetector/dataset/negativos/augmented/negativo_aug_02456.jpg
2457,negativos_train_0340.jpg,negativo_aug_02457.jpg,/home/irar/Escritorio/ProyectoTaxiDetector/dataset/negativos/train/negativos_train_0340.jpg,/home/irar/Escritorio/ProyectoTaxiDetector/dataset/negativos/augmented/negativo_aug_02457.jpg
2458,negativos_train_0049.jpg,negativo_aug_02458.jpg,/home/irar/Escritorio/ProyectoTaxiDetector/dataset/negativos/train/negativos_train_0049.jpg,/home/irar/Escritorio/ProyectoTaxiDetector/dataset/negativos/augmented/negativo_aug_02458.jpg
2459,negativos_train_0604.jpg,negativo_aug_02459.jpg,/home/irar/Escritorio/ProyectoTaxiDetector/dataset/negativos/train/negativos_train_0604.jpg,/home/irar/Escritorio/ProyectoTaxiDetector/dataset/negativos/augmented/negativo_aug_02459.jpg
2460,negativos_train_0293.jpg,negativo_aug_02460.jpg,/home/irar/Escritorio/ProyectoTaxiDetector/dataset/negativos/train/negativos_train_0293.jpg,/home/irar/Escritorio/ProyectoTaxiDetector/dataset/negativos/augmented/negativo_aug_02460.jpg
2461,negativos_train_0196.jpg,negativo_aug_02461.jpg,/home/irar/Escritorio/ProyectoTaxiDetector/dataset/negativos/train/negativos_train_0196.jpg,/home/irar/Escritorio/ProyectoTaxiDetector/dataset/negativos/augmented/negativo_aug_02461.jpg
2462,negativos_train_0624.jpg,negativo_aug_02462.jpg,/home/irar/Escritorio/ProyectoTaxiDetector/dataset/negativos/train/negativos_train_0624.jpg,/home/irar/Escritorio/ProyectoTaxiDetector/dataset/negativos/augmented/negativo_aug_02462.jpg
2463,negativos_train_0606.jpg,negativo_aug_02463.jpg,/home/irar/Escritorio/ProyectoTaxiDetector/dataset/negativos/train/negativos_train_0606.jpg,/home/irar/Escritorio/ProyectoTaxiDetector/dataset/negativos/augmented/negativo_aug_02463.jpg
2464,negativos_train_0485.jpg,negativo_aug_02464.jpg,/home/irar/Escritorio/ProyectoTaxiDetector/dataset/negativos/train/negativos_train_0485.jpg,/home/irar/Escritorio/ProyectoTaxiDetector/dataset/negativos/augmented/negativo_aug_02464.jpg
2465,negativos_train_0557.jpg,negativo_aug_02465.jpg,/home/irar/Escritorio/ProyectoTaxiDetector/dataset/negativos/train/negativos_train_0557.jpg,/home/irar/Escritorio/ProyectoTaxiDetector/dataset/negativos/augmented/negativo_aug_02465.jpg
2466,negativos_train_0408.jpg,negativo_aug_02466.jpg,/home/irar/Escritorio/ProyectoTaxiDetector/dataset/negativos/train/negativos_train_0408.jpg,/home/irar/Escritorio/ProyectoTaxiDetector/dataset/negativos/augmented/negativo_aug_02466.jpg
2467,negativos_train_0528.jpg,negativo_aug_02467.jpg,/home/irar/Escritorio/ProyectoTaxiDetector/dataset/negativos/train/negativos_train_0528.jpg,/home/irar/Escritorio/ProyectoTaxiDetector/dataset/negativos/augmented/negativo_aug_02467.jpg
2468,negativos_train_0318.jpg,negativo_aug_02468.jpg,/home/irar/Escritorio/ProyectoTaxiDetector/dataset/negativos/train/negativos_train_0318.jpg,/home/irar/Escritorio/ProyectoTaxiDetector/dataset/negativos/augmented/negativo_aug_02468.jpg
2469,negativos_train_0324.jpg,negativo_aug_02469.jpg,/home/irar/Escritorio/ProyectoTaxiDetector/dataset/negativos/train/negativos_train_0324.jpg,/home/irar/Escritorio/ProyectoTaxiDetector/dataset/negativos/augmented/negativo_aug_02469.jpg
2470,negativos_train_0043.jpg,negativo_aug_02470.jpg,/home/irar/Escritorio/ProyectoTaxiDetector/dataset/negativos/train/negativos_train_0043.jpg,/home/irar/Escritorio/ProyectoTaxiDetector/dataset/negativos/augmented/negativo_aug_02470.jpg
2471,negativos_train_0205.jpg,negativo_aug_02471.jpg,/home/irar/Escritorio/ProyectoTaxiDetector/dataset/negativos/train/negativos_train_0205.jpg,/home/irar/Escritorio/ProyectoTaxiDetector/dataset/negativos/augmented/negativo_aug_02471.jpg
2472,negativos_train_0609.jpg,negativo_aug_02472.jpg,/home/irar/Escritorio/ProyectoTaxiDetector/dataset/negativos/train/negativos_train_0609.jpg,/home/irar/Escritorio/ProyectoTaxiDetector/dataset/negativos/augmented/negativo_aug_02472.jpg
2473,negativos_train_0207.jpg,negativo_aug_02473.jpg,/home/irar/Escritorio/ProyectoTaxiDetector/dataset/negativos/train/negativos_train_0207.jpg,/home/irar/Escritorio/ProyectoTaxiDetector/dataset/negativos/augmented/negativo_aug_02473.jpg
2474,negativos_train_0301.jpg,negativo_aug_02474.jpg,/home/irar/Escritorio/ProyectoTaxiDetector/dataset/negativos/train/negativos_train_0301.jpg,/home/irar/Escritorio/ProyectoTaxiDetector/dataset/negativos/augmented/negativo_aug_02474.jpg
2475,negativos_train_0038.jpg,negativo_aug_02475.jpg,/home/irar/Escritorio/ProyectoTaxiDetector/dataset/negativos/train/negativos_train_0038.jpg,/home/irar/Escritorio/ProyectoTaxiDetector/dataset/negativos/augmented/negativo_aug_02475.jpg
2476,negativos_train_0469.jpg,negativo_aug_02476.jpg,/home/irar/Escritorio/ProyectoTaxiDetector/dataset/negativos/train/negativos_train_0469.jpg,/home/irar/Escritorio/ProyectoTaxiDetector/dataset/negativos/augmented/negativo_aug_02476.jpg
2477,negativos_train_0065.jpg,negativo_aug_02477.jpg,/home/irar/Escritorio/ProyectoTaxiDetector/dataset/negativos/train/negativos_train_0065.jpg,/home/irar/Escritorio/ProyectoTaxiDetector/dataset/negativos/augmented/negativo_aug_02477.jpg
2478,negativos_train_0139.jpg,negativo_aug_02478.jpg,/home/irar/Escritorio/ProyectoTaxiDetector/dataset/negativos/train/negativos_train_0139.jpg,/home/irar/Escritorio/ProyectoTaxiDetector/dataset/negativos/augmented/negativo_aug_02478.jpg
2479,negativos_train_0187.jpg,negativo_aug_02479.jpg,/home/irar/Escritorio/ProyectoTaxiDetector/dataset/negativos/train/negativos_train_0187.jpg,/home/irar/Escritorio/ProyectoTaxiDetector/dataset/negativos/augmented/negativo_aug_02479.jpg
2480,negativos_train_0491.jpg,negativo_aug_02480.jpg,/home/irar/Escritorio/ProyectoTaxiDetector/dataset/negativos/train/negativos_train_0491.jpg,/home/irar/Escritorio/ProyectoTaxiDetector/dataset/negativos/augmented/negativo_aug_02480.jpg
2481,negativos_train_0476.jpg,negativo_aug_02481.jpg,/home/irar/Escritorio/ProyectoTaxiDetector/dataset/negativos/train/negativos_train_0476.jpg,/home/irar/Escritorio/ProyectoTaxiDetector/dataset/negativos/augmented/negativo_aug_02481.jpg
2482,negativos_train_0180.jpg,negativo_aug_02482.jpg,/home/irar/Escritorio/ProyectoTaxiDetector/dataset/negativos/train/negativos_train_0180.jpg,/home/irar/Escritorio/ProyectoTaxiDetector/dataset/negativos/augmented/negativo_aug_02482.jpg
2483,negativos_train_0347.jpg,negativo_aug_02483.jpg,/home/irar/Escritorio/ProyectoTaxiDetector/dataset/negativos/train/negativos_train_0347.jpg,/home/irar/Escritorio/ProyectoTaxiDetector/dataset/negativos/augmented/negativo_aug_02483.jpg
2484,negativos_train_0560.jpg,negativo_aug_02484.jpg,/home/irar/Escritorio/ProyectoTaxiDetector/dataset/negativos/train/negativos_train_0560.jpg,/home/irar/Escritorio/ProyectoTaxiDetector/dataset/negativos/augmented/negativo_aug_02484.jpg
2485,negativos_train_0361.jpg,negativo_aug_02485.jpg,/home/irar/Escritorio/ProyectoTaxiDetector/dataset/negativos/train/negativos_train_0361.jpg,/home/irar/Escritorio/ProyectoTaxiDetector/dataset/negativos/augmented/negativo_aug_02485.jpg
2486,negativos_train_0046.jpg,negativo_aug_02486.jpg,/home/irar/Escritorio/ProyectoTaxiDetector/dataset/negativos/train/negativos_train_0046.jpg,/home/irar/Escritorio/ProyectoTaxiDetector/dataset/negativos/augmented/negativo_aug_02486.jpg
2487,negativos_train_0137.jpg,negativo_aug_02487.jpg,/home/irar/Escritorio/ProyectoTaxiDetector/dataset/negativos/train/negativos_train_0137.jpg,/home/irar/Escritorio/ProyectoTaxiDetector/dataset/negativos/augmented/negativo_aug_02487.jpg
2488,negativos_train_0341.jpg,negativo_aug_02488.jpg,/home/irar/Escritorio/ProyectoTaxiDetector/dataset/negativos/train/negativos_train_0341.jpg,/home/irar/Escritorio/ProyectoTaxiDetector/dataset/negativos/augmented/negativo_aug_02488.jpg
2489,negativos_train_0596.jpg,negativo_aug_02489.jpg,/home/irar/Escritorio/ProyectoTaxiDetector/dataset/negativos/train/negativos_train_0596.jpg,/home/irar/Escritorio/ProyectoTaxiDetector/dataset/negativos/augmented/negativo_aug_02489.jpg
2490,negativos_train_0107.jpg,negativo_aug_02490.jpg,/home/irar/Escritorio/ProyectoTaxiDetector/dataset/negativos/train/negativos_train_0107.jpg,/home/irar/Escritorio/ProyectoTaxiDetector/dataset/negativos/augmented/negativo_aug_02490.jpg
2491,negativos_train_0625.jpg,negativo_aug_02491.jpg,/home/irar/Escritorio/ProyectoTaxiDetector/dataset/negativos/train/negativos_train_0625.jpg,/home/irar/Escritorio/ProyectoTaxiDetector/dataset/negativos/augmented/negativo_aug_02491.jpg
2492,negativos_train_0354.jpg,negativo_aug_02492.jpg,/home/irar/Escritorio/ProyectoTaxiDetector/dataset/negativos/train/negativos_train_0354.jpg,/home/irar/Escritorio/ProyectoTaxiDetector/dataset/negativos/augmented/negativo_aug_02492.jpg
2493,negativos_train_0618.jpg,negativo_aug_02493.jpg,/home/irar/Escritorio/ProyectoTaxiDetector/dataset/negativos/train/negativos_train_0618.jpg,/home/irar/Escritorio/ProyectoTaxiDetector/dataset/negativos/augmented/negativo_aug_02493.jpg
2494,negativos_train_0366.jpg,negativo_aug_02494.jpg,/home/irar/Escritorio/ProyectoTaxiDetector/dataset/negativos/train/negativos_train_0366.jpg,/home/irar/Escritorio/ProyectoTaxiDetector/dataset/negativos/augmented/negativo_aug_02494.jpg
2495,negativos_train_0017.jpg,negativo_aug_02495.jpg,/home/irar/Escritorio/ProyectoTaxiDetector/dataset/negativos/train/negativos_train_0017.jpg,/home/irar/Escritorio/ProyectoTaxiDetector/dataset/negativos/augmented/negativo_aug_02495.jpg
2496,negativos_train_0260.jpg,negativo_aug_02496.jpg,/home/irar/Escritorio/ProyectoTaxiDetector/dataset/negativos/train/negativos_train_0260.jpg,/home/irar/Escritorio/ProyectoTaxiDetector/dataset/negativos/augmented/negativo_aug_02496.jpg
2497,negativos_train_0383.jpg,negativo_aug_02497.jpg,/home/irar/Escritorio/ProyectoTaxiDetector/dataset/negativos/train/negativos_train_0383.jpg,/home/irar/Escritorio/ProyectoTaxiDetector/dataset/negativos/augmented/negativo_aug_02497.jpg
2498,negativos_train_0397.jpg,negativo_aug_02498.jpg,/home/irar/Escritorio/ProyectoTaxiDetector/dataset/negativos/train/negativos_train_0397.jpg,/home/irar/Escritorio/ProyectoTaxiDetector/dataset/negativos/augmented/negativo_aug_02498.jpg
2499,negativos_train_0045.jpg,negativo_aug_02499.jpg,/home/irar/Escritorio/ProyectoTaxiDetector/dataset/negativos/train/negativos_train_0045.jpg,/home/irar/Escritorio/ProyectoTaxiDetector/dataset/negativos/augmented/negativo_aug_02499.jpg
2500,negativos_train_0482.jpg,negativo_aug_02500.jpg,/home/irar/Escritorio/ProyectoTaxiDetector/dataset/negativos/train/negativos_train_0482.jpg,/home/irar/Escritorio/ProyectoTaxiDetector/dataset/negativos/augmented/negativo_aug_02500.jpg
2501,negativos_train_0400.jpg,negativo_aug_02501.jpg,/home/irar/Escritorio/ProyectoTaxiDetector/dataset/negativos/train/negativos_train_0400.jpg,/home/irar/Escritorio/ProyectoTaxiDetector/dataset/negativos/augmented/negativo_aug_02501.jpg
2502,negativos_train_0021.jpg,negativo_aug_02502.jpg,/home/irar/Escritorio/ProyectoTaxiDetector/dataset/negativos/train/negativos_train_0021.jpg,/home/irar/Escritorio/ProyectoTaxiDetector/dataset/negativos/augmented/negativo_aug_02502.jpg
2503,negativos_train_0568.jpg,negativo_aug_02503.jpg,/home/irar/Escritorio/ProyectoTaxiDetector/dataset/negativos/train/negativos_train_0568.jpg,/home/irar/Escritorio/ProyectoTaxiDetector/dataset/negativos/augmented/negativo_aug_02503.jpg
2504,negativos_train_0615.jpg,negativo_aug_02504.jpg,/home/irar/Escritorio/ProyectoTaxiDetector/dataset/negativos/train/negativos_train_0615.jpg,/home/irar/Escritorio/ProyectoTaxiDetector/dataset/negativos/augmented/negativo_aug_02504.jpg
2505,negativos_train_0520.jpg,negativo_aug_02505.jpg,/home/irar/Escritorio/ProyectoTaxiDetector/dataset/negativos/train/negativos_train_0520.jpg,/home/irar/Escritorio/ProyectoTaxiDetector/dataset/negativos/augmented/negativo_aug_02505.jpg
2506,negativos_train_0558.jpg,negativo_aug_02506.jpg,/home/irar/Escritorio/ProyectoTaxiDetector/dataset/negativos/train/negativos_train_0558.jpg,/home/irar/Escritorio/ProyectoTaxiDetector/dataset/negativos/augmented/negativo_aug_02506.jpg
2507,negativos_train_0539.jpg,negativo_aug_02507.jpg,/home/irar/Escritorio/ProyectoTaxiDetector/dataset/negativos/train/negativos_train_0539.jpg,/home/irar/Escritorio/ProyectoTaxiDetector/dataset/negativos/augmented/negativo_aug_02507.jpg
2508,negativos_train_0070.jpg,negativo_aug_02508.jpg,/home/irar/Escritorio/ProyectoTaxiDetector/dataset/negativos/train/negativos_train_0070.jpg,/home/irar/Escritorio/ProyectoTaxiDetector/dataset/negativos/augmented/negativo_aug_02508.jpg
2509,negativos_train_0370.jpg,negativo_aug_02509.jpg,/home/irar/Escritorio/ProyectoTaxiDetector/dataset/negativos/train/negativos_train_0370.jpg,/home/irar/Escritorio/ProyectoTaxiDetector/dataset/negativos/augmented/negativo_aug_02509.jpg
2510,negativos_train_0537.jpg,negativo_aug_02510.jpg,/home/irar/Escritorio/ProyectoTaxiDetector/dataset/negativos/train/negativos_train_0537.jpg,/home/irar/Escritorio/ProyectoTaxiDetector/dataset/negativos/augmented/negativo_aug_02510.jpg
2511,negativos_train_0088.jpg,negativo_aug_02511.jpg,/home/irar/Escritorio/ProyectoTaxiDetector/dataset/negativos/train/negativos_train_0088.jpg,/home/irar/Escritorio/ProyectoTaxiDetector/dataset/negativos/augmented/negativo_aug_02511.jpg
2512,negativos_train_0192.jpg,negativo_aug_02512.jpg,/home/irar/Escritorio/ProyectoTaxiDetector/dataset/negativos/train/negativos_train_0192.jpg,/home/irar/Escritorio/ProyectoTaxiDetector/dataset/negativos/augmented/negativo_aug_02512.jpg
2513,negativos_train_0427.jpg,negativo_aug_02513.jpg,/home/irar/Escritorio/ProyectoTaxiDetector/dataset/negativos/train/negativos_train_0427.jpg,/home/irar/Escritorio/ProyectoTaxiDetector/dataset/negativos/augmented/negativo_aug_02513.jpg
2514,negativos_train_0585.jpg,negativo_aug_02514.jpg,/home/irar/Escritorio/ProyectoTaxiDetector/dataset/negativos/train/negativos_train_0585.jpg,/home/irar/Escritorio/ProyectoTaxiDetector/dataset/negativos/augmented/negativo_aug_02514.jpg
2515,negativos_train_0247.jpg,negativo_aug_02515.jpg,/home/irar/Escritorio/ProyectoTaxiDetector/dataset/negativos/train/negativos_train_0247.jpg,/home/irar/Escritorio/ProyectoTaxiDetector/dataset/negativos/augmented/negativo_aug_02515.jpg
2516,negativos_train_0362.jpg,negativo_aug_02516.jpg,/home/irar/Escritorio/ProyectoTaxiDetector/dataset/negativos/train/negativos_train_0362.jpg,/home/irar/Escritorio/ProyectoTaxiDetector/dataset/negativos/augmented/negativo_aug_02516.jpg
2517,negativos_train_0002.jpg,negativo_aug_02517.jpg,/home/irar/Escritorio/ProyectoTaxiDetector/dataset/negativos/train/negativos_train_0002.jpg,/home/irar/Escritorio/ProyectoTaxiDetector/dataset/negativos/augmented/negativo_aug_02517.jpg
2518,negativos_train_0440.jpg,negativo_aug_02518.jpg,/home/irar/Escritorio/ProyectoTaxiDetector/dataset/negativos/train/negativos_train_0440.jpg,/home/irar/Escritorio/ProyectoTaxiDetector/dataset/negativos/augmented/negativo_aug_02518.jpg
2519,negativos_train_0299.jpg,negativo_aug_02519.jpg,/home/irar/Escritorio/ProyectoTaxiDetector/dataset/negativos/train/negativos_train_0299.jpg,/home/irar/Escritorio/ProyectoTaxiDetector/dataset/negativos/augmented/negativo_aug_02519.jpg
2520,negativos_train_0148.jpg,negativo_aug_02520.jpg,/home/irar/Escritorio/ProyectoTaxiDetector/dataset/negativos/train/negativos_train_0148.jpg,/home/irar/Escritorio/ProyectoTaxiDetector/dataset/negativos/augmented/negativo_aug_02520.jpg
2521,negativos_train_0379.jpg,negativo_aug_02521.jpg,/home/irar/Escritorio/ProyectoTaxiDetector/dataset/negativos/train/negativos_train_0379.jpg,/home/irar/Escritorio/ProyectoTaxiDetector/dataset/negativos/augmented/negativo_aug_02521.jpg
2522,negativos_train_0478.jpg,negativo_aug_02522.jpg,/home/irar/Escritorio/ProyectoTaxiDetector/dataset/negativos/train/negativos_train_0478.jpg,/home/irar/Escritorio/ProyectoTaxiDetector/dataset/negativos/augmented/negativo_aug_02522.jpg
2523,negativos_train_0513.jpg,negativo_aug_02523.jpg,/home/irar/Escritorio/ProyectoTaxiDetector/dataset/negativos/train/negativos_train_0513.jpg,/home/irar/Escritorio/ProyectoTaxiDetector/dataset/negativos/augmented/negativo_aug_02523.jpg
2524,negativos_train_0440.jpg,negativo_aug_02524.jpg,/home/irar/Escritorio/ProyectoTaxiDetector/dataset/negativos/train/negativos_train_0440.jpg,/home/irar/Escritorio/ProyectoTaxiDetector/dataset/negativos/augmented/negativo_aug_02524.jpg
2525,negativos_train_0326.jpg,negativo_aug_02525.jpg,/home/irar/Escritorio/ProyectoTaxiDetector/dataset/negativos/train/negativos_train_0326.jpg,/home/irar/Escritorio/ProyectoTaxiDetector/dataset/negativos/augmented/negativo_aug_02525.jpg
2526,negativos_train_0313.jpg,negativo_aug_02526.jpg,/home/irar/Escritorio/ProyectoTaxiDetector/dataset/negativos/train/negativos_train_0313.jpg,/home/irar/Escritorio/ProyectoTaxiDetector/dataset/negativos/augmented/negativo_aug_02526.jpg
2527,negativos_train_0402.jpg,negativo_aug_02527.jpg,/home/irar/Escritorio/ProyectoTaxiDetector/dataset/negativos/train/negativos_train_0402.jpg,/home/irar/Escritorio/ProyectoTaxiDetector/dataset/negativos/augmented/negativo_aug_02527.jpg
2528,negativos_train_0400.jpg,negativo_aug_02528.jpg,/home/irar/Escritorio/ProyectoTaxiDetector/dataset/negativos/train/negativos_train_0400.jpg,/home/irar/Escritorio/ProyectoTaxiDetector/dataset/negativos/augmented/negativo_aug_02528.jpg
2529,negativos_train_0311.jpg,negativo_aug_02529.jpg,/home/irar/Escritorio/ProyectoTaxiDetector/dataset/negativos/train/negativos_train_0311.jpg,/home/irar/Escritorio/ProyectoTaxiDetector/dataset/negativos/augmented/negativo_aug_02529.jpg
2530,negativos_train_0135.jpg,negativo_aug_02530.jpg,/home/irar/Escritorio/ProyectoTaxiDetector/dataset/negativos/train/negativos_train_0135.jpg,/home/irar/Escritorio/ProyectoTaxiDetector/dataset/negativos/augmented/negativo_aug_02530.jpg
2531,negativos_train_0308.jpg,negativo_aug_02531.jpg,/home/irar/Escritorio/ProyectoTaxiDetector/dataset/negativos/train/negativos_train_0308.jpg,/home/irar/Escritorio/ProyectoTaxiDetector/dataset/negativos/augmented/negativo_aug_02531.jpg
2532,negativos_train_0006.jpg,negativo_aug_02532.jpg,/home/irar/Escritorio/ProyectoTaxiDetector/dataset/negativos/train/negativos_train_0006.jpg,/home/irar/Escritorio/ProyectoTaxiDetector/dataset/negativos/augmented/negativo_aug_02532.jpg
2533,negativos_train_0314.jpg,negativo_aug_02533.jpg,/home/irar/Escritorio/ProyectoTaxiDetector/dataset/negativos/train/negativos_train_0314.jpg,/home/irar/Escritorio/ProyectoTaxiDetector/dataset/negativos/augmented/negativo_aug_02533.jpg
2534,negativos_train_0582.jpg,negativo_aug_02534.jpg,/home/irar/Escritorio/ProyectoTaxiDetector/dataset/negativos/train/negativos_train_0582.jpg,/home/irar/Escritorio/ProyectoTaxiDetector/dataset/negativos/augmented/negativo_aug_02534.jpg
2535,negativos_train_0291.jpg,negativo_aug_02535.jpg,/home/irar/Escritorio/ProyectoTaxiDetector/dataset/negativos/train/negativos_train_0291.jpg,/home/irar/Escritorio/ProyectoTaxiDetector/dataset/negativos/augmented/negativo_aug_02535.jpg
2536,negativos_train_0266.jpg,negativo_aug_02536.jpg,/home/irar/Escritorio/ProyectoTaxiDetector/dataset/negativos/train/negativos_train_0266.jpg,/home/irar/Escritorio/ProyectoTaxiDetector/dataset/negativos/augmented/negativo_aug_02536.jpg
2537,negativos_train_0504.jpg,negativo_aug_02537.jpg,/home/irar/Escritorio/ProyectoTaxiDetector/dataset/negativos/train/negativos_train_0504.jpg,/home/irar/Escritorio/ProyectoTaxiDetector/dataset/negativos/augmented/negativo_aug_02537.jpg
2538,negativos_train_0299.jpg,negativo_aug_02538.jpg,/home/irar/Escritorio/ProyectoTaxiDetector/dataset/negativos/train/negativos_train_0299.jpg,/home/irar/Escritorio/ProyectoTaxiDetector/dataset/negativos/augmented/negativo_aug_02538.jpg
2539,negativos_train_0096.jpg,negativo_aug_02539.jpg,/home/irar/Escritorio/ProyectoTaxiDetector/dataset/negativos/train/negativos_train_0096.jpg,/home/irar/Escritorio/ProyectoTaxiDetector/dataset/negativos/augmented/negativo_aug_02539.jpg
2540,negativos_train_0334.jpg,negativo_aug_02540.jpg,/home/irar/Escritorio/ProyectoTaxiDetector/dataset/negativos/train/negativos_train_0334.jpg,/home/irar/Escritorio/ProyectoTaxiDetector/dataset/negativos/augmented/negativo_aug_02540.jpg
2541,negativos_train_0370.jpg,negativo_aug_02541.jpg,/home/irar/Escritorio/ProyectoTaxiDetector/dataset/negativos/train/negativos_train_0370.jpg,/home/irar/Escritorio/ProyectoTaxiDetector/dataset/negativos/augmented/negativo_aug_02541.jpg
2542,negativos_train_0188.jpg,negativo_aug_02542.jpg,/home/irar/Escritorio/ProyectoTaxiDetector/dataset/negativos/train/negativos_train_0188.jpg,/home/irar/Escritorio/ProyectoTaxiDetector/dataset/negativos/augmented/negativo_aug_02542.jpg
2543,negativos_train_0586.jpg,negativo_aug_02543.jpg,/home/irar/Escritorio/ProyectoTaxiDetector/dataset/negativos/train/negativos_train_0586.jpg,/home/irar/Escritorio/ProyectoTaxiDetector/dataset/negativos/augmented/negativo_aug_02543.jpg
2544,negativos_train_0346.jpg,negativo_aug_02544.jpg,/home/irar/Escritorio/ProyectoTaxiDetector/dataset/negativos/train/negativos_train_0346.jpg,/home/irar/Escritorio/ProyectoTaxiDetector/dataset/negativos/augmented/negativo_aug_02544.jpg
2545,negativos_train_0317.jpg,negativo_aug_02545.jpg,/home/irar/Escritorio/ProyectoTaxiDetector/dataset/negativos/train/negativos_train_0317.jpg,/home/irar/Escritorio/ProyectoTaxiDetector/dataset/negativos/augmented/negativo_aug_02545.jpg
2546,negativos_train_0491.jpg,negativo_aug_02546.jpg,/home/irar/Escritorio/ProyectoTaxiDetector/dataset/negativos/train/negativos_train_0491.jpg,/home/irar/Escritorio/ProyectoTaxiDetector/dataset/negativos/augmented/negativo_aug_02546.jpg
2547,negativos_train_0207.jpg,negativo_aug_02547.jpg,/home/irar/Escritorio/ProyectoTaxiDetector/dataset/negativos/train/negativos_train_0207.jpg,/home/irar/Escritorio/ProyectoTaxiDetector/dataset/negativos/augmented/negativo_aug_02547.jpg
2548,negativos_train_0545.jpg,negativo_aug_02548.jpg,/home/irar/Escritorio/ProyectoTaxiDetector/dataset/negativos/train/negativos_train_0545.jpg,/home/irar/Escritorio/ProyectoTaxiDetector/dataset/negativos/augmented/negativo_aug_02548.jpg
2549,negativos_train_0068.jpg,negativo_aug_02549.jpg,/home/irar/Escritorio/ProyectoTaxiDetector/dataset/negativos/train/negativos_train_0068.jpg,/home/irar/Escritorio/ProyectoTaxiDetector/dataset/negativos/augmented/negativo_aug_02549.jpg
2550,negativos_train_0262.jpg,negativo_aug_02550.jpg,/home/irar/Escritorio/ProyectoTaxiDetector/dataset/negativos/train/negativos_train_0262.jpg,/home/irar/Escritorio/ProyectoTaxiDetector/dataset/negativos/augmented/negativo_aug_02550.jpg
2551,negativos_train_0517.jpg,negativo_aug_02551.jpg,/home/irar/Escritorio/ProyectoTaxiDetector/dataset/negativos/train/negativos_train_0517.jpg,/home/irar/Escritorio/ProyectoTaxiDetector/dataset/negativos/augmented/negativo_aug_02551.jpg
2552,negativos_train_0073.jpg,negativo_aug_02552.jpg,/home/irar/Escritorio/ProyectoTaxiDetector/dataset/negativos/train/negativos_train_0073.jpg,/home/irar/Escritorio/ProyectoTaxiDetector/dataset/negativos/augmented/negativo_aug_02552.jpg
2553,negativos_train_0240.jpg,negativo_aug_02553.jpg,/home/irar/Escritorio/ProyectoTaxiDetector/dataset/negativos/train/negativos_train_0240.jpg,/home/irar/Escritorio/ProyectoTaxiDetector/dataset/negativos/augmented/negativo_aug_02553.jpg
2554,negativos_train_0117.jpg,negativo_aug_02554.jpg,/home/irar/Escritorio/ProyectoTaxiDetector/dataset/negativos/train/negativos_train_0117.jpg,/home/irar/Escritorio/ProyectoTaxiDetector/dataset/negativos/augmented/negativo_aug_02554.jpg
2555,negativos_train_0366.jpg,negativo_aug_02555.jpg,/home/irar/Escritorio/ProyectoTaxiDetector/dataset/negativos/train/negativos_train_0366.jpg,/home/irar/Escritorio/ProyectoTaxiDetector/dataset/negativos/augmented/negativo_aug_02555.jpg
2556,negativos_train_0335.jpg,negativo_aug_02556.jpg,/home/irar/Escritorio/ProyectoTaxiDetector/dataset/negativos/train/negativos_train_0335.jpg,/home/irar/Escritorio/ProyectoTaxiDetector/dataset/negativos/augmented/negativo_aug_02556.jpg
2557,negativos_train_0209.jpg,negativo_aug_02557.jpg,/home/irar/Escritorio/ProyectoTaxiDetector/dataset/negativos/train/negativos_train_0209.jpg,/home/irar/Escritorio/ProyectoTaxiDetector/dataset/negativos/augmented/negativo_aug_02557.jpg
2558,negativos_train_0063.jpg,negativo_aug_02558.jpg,/home/irar/Escritorio/ProyectoTaxiDetector/dataset/negativos/train/negativos_train_0063.jpg,/home/irar/Escritorio/ProyectoTaxiDetector/dataset/negativos/augmented/negativo_aug_02558.jpg
2559,negativos_train_0471.jpg,negativo_aug_02559.jpg,/home/irar/Escritorio/ProyectoTaxiDetector/dataset/negativos/train/negativos_train_0471.jpg,/home/irar/Escritorio/ProyectoTaxiDetector/dataset/negativos/augmented/negativo_aug_02559.jpg
2560,negativos_train_0530.jpg,negativo_aug_02560.jpg,/home/irar/Escritorio/ProyectoTaxiDetector/dataset/negativos/train/negativos_train_0530.jpg,/home/irar/Escritorio/ProyectoTaxiDetector/dataset/negativos/augmented/negativo_aug_02560.jpg
2561,negativos_train_0411.jpg,negativo_aug_02561.jpg,/home/irar/Escritorio/ProyectoTaxiDetector/dataset/negativos/train/negativos_train_0411.jpg,/home/irar/Escritorio/ProyectoTaxiDetector/dataset/negativos/augmented/negativo_aug_02561.jpg
2562,negativos_train_0603.jpg,negativo_aug_02562.jpg,/home/irar/Escritorio/ProyectoTaxiDetector/dataset/negativos/train/negativos_train_0603.jpg,/home/irar/Escritorio/ProyectoTaxiDetector/dataset/negativos/augmented/negativo_aug_02562.jpg
2563,negativos_train_0360.jpg,negativo_aug_02563.jpg,/home/irar/Escritorio/ProyectoTaxiDetector/dataset/negativos/train/negativos_train_0360.jpg,/home/irar/Escritorio/ProyectoTaxiDetector/dataset/negativos/augmented/negativo_aug_02563.jpg
2564,negativos_train_0439.jpg,negativo_aug_02564.jpg,/home/irar/Escritorio/ProyectoTaxiDetector/dataset/negativos/train/negativos_train_0439.jpg,/home/irar/Escritorio/ProyectoTaxiDetector/dataset/negativos/augmented/negativo_aug_02564.jpg
2565,negativos_train_0103.jpg,negativo_aug_02565.jpg,/home/irar/Escritorio/ProyectoTaxiDetector/dataset/negativos/train/negativos_train_0103.jpg,/home/irar/Escritorio/ProyectoTaxiDetector/dataset/negativos/augmented/negativo_aug_02565.jpg
2566,negativos_train_0467.jpg,negativo_aug_02566.jpg,/home/irar/Escritorio/ProyectoTaxiDetector/dataset/negativos/train/negativos_train_0467.jpg,/home/irar/Escritorio/ProyectoTaxiDetector/dataset/negativos/augmented/negativo_aug_02566.jpg
2567,negativos_train_0013.jpg,negativo_aug_02567.jpg,/home/irar/Escritorio/ProyectoTaxiDetector/dataset/negativos/train/negativos_train_0013.jpg,/home/irar/Escritorio/ProyectoTaxiDetector/dataset/negativos/augmented/negativo_aug_02567.jpg
2568,negativos_train_0505.jpg,negativo_aug_02568.jpg,/home/irar/Escritorio/ProyectoTaxiDetector/dataset/negativos/train/negativos_train_0505.jpg,/home/irar/Escritorio/ProyectoTaxiDetector/dataset/negativos/augmented/negativo_aug_02568.jpg
2569,negativos_train_0320.jpg,negativo_aug_02569.jpg,/home/irar/Escritorio/ProyectoTaxiDetector/dataset/negativos/train/negativos_train_0320.jpg,/home/irar/Escritorio/ProyectoTaxiDetector/dataset/negativos/augmented/negativo_aug_02569.jpg
2570,negativos_train_0237.jpg,negativo_aug_02570.jpg,/home/irar/Escritorio/ProyectoTaxiDetector/dataset/negativos/train/negativos_train_0237.jpg,/home/irar/Escritorio/ProyectoTaxiDetector/dataset/negativos/augmented/negativo_aug_02570.jpg
2571,negativos_train_0257.jpg,negativo_aug_02571.jpg,/home/irar/Escritorio/ProyectoTaxiDetector/dataset/negativos/train/negativos_train_0257.jpg,/home/irar/Escritorio/ProyectoTaxiDetector/dataset/negativos/augmented/negativo_aug_02571.jpg
2572,negativos_train_0337.jpg,negativo_aug_02572.jpg,/home/irar/Escritorio/ProyectoTaxiDetector/dataset/negativos/train/negativos_train_0337.jpg,/home/irar/Escritorio/ProyectoTaxiDetector/dataset/negativos/augmented/negativo_aug_02572.jpg
2573,negativos_train_0143.jpg,negativo_aug_02573.jpg,/home/irar/Escritorio/ProyectoTaxiDetector/dataset/negativos/train/negativos_train_0143.jpg,/home/irar/Escritorio/ProyectoTaxiDetector/dataset/negativos/augmented/negativo_aug_02573.jpg
2574,negativos_train_0488.jpg,negativo_aug_02574.jpg,/home/irar/Escritorio/ProyectoTaxiDetector/dataset/negativos/train/negativos_train_0488.jpg,/home/irar/Escritorio/ProyectoTaxiDetector/dataset/negativos/augmented/negativo_aug_02574.jpg
2575,negativos_train_0187.jpg,negativo_aug_02575.jpg,/home/irar/Escritorio/ProyectoTaxiDetector/dataset/negativos/train/negativos_train_0187.jpg,/home/irar/Escritorio/ProyectoTaxiDetector/dataset/negativos/augmented/negativo_aug_02575.jpg
2576,negativos_train_0016.jpg,negativo_aug_02576.jpg,/home/irar/Escritorio/ProyectoTaxiDetector/dataset/negativos/train/negativos_train_0016.jpg,/home/irar/Escritorio/ProyectoTaxiDetector/dataset/negativos/augmented/negativo_aug_02576.jpg
2577,negativos_train_0065.jpg,negativo_aug_02577.jpg,/home/irar/Escritorio/ProyectoTaxiDetector/dataset/negativos/train/negativos_train_0065.jpg,/home/irar/Escritorio/ProyectoTaxiDetector/dataset/negativos/augmented/negativo_aug_02577.jpg
2578,negativos_train_0479.jpg,negativo_aug_02578.jpg,/home/irar/Escritorio/ProyectoTaxiDetector/dataset/negativos/train/negativos_train_0479.jpg,/home/irar/Escritorio/ProyectoTaxiDetector/dataset/negativos/augmented/negativo_aug_02578.jpg
2579,negativos_train_0442.jpg,negativo_aug_02579.jpg,/home/irar/Escritorio/ProyectoTaxiDetector/dataset/negativos/train/negativos_train_0442.jpg,/home/irar/Escritorio/ProyectoTaxiDetector/dataset/negativos/augmented/negativo_aug_02579.jpg
2580,negativos_train_0507.jpg,negativo_aug_02580.jpg,/home/irar/Escritorio/ProyectoTaxiDetector/dataset/negativos/train/negativos_train_0507.jpg,/home/irar/Escritorio/ProyectoTaxiDetector/dataset/negativos/augmented/negativo_aug_02580.jpg
2581,negativos_train_0045.jpg,negativo_aug_02581.jpg,/home/irar/Escritorio/ProyectoTaxiDetector/dataset/negativos/train/negativos_train_0045.jpg,/home/irar/Escritorio/ProyectoTaxiDetector/dataset/negativos/augmented/negativo_aug_02581.jpg
2582,negativos_train_0265.jpg,negativo_aug_02582.jpg,/home/irar/Escritorio/ProyectoTaxiDetector/dataset/negativos/train/negativos_train_0265.jpg,/home/irar/Escritorio/ProyectoTaxiDetector/dataset/negativos/augmented/negativo_aug_02582.jpg
2583,negativos_train_0540.jpg,negativo_aug_02583.jpg,/home/irar/Escritorio/ProyectoTaxiDetector/dataset/negativos/train/negativos_train_0540.jpg,/home/irar/Escritorio/ProyectoTaxiDetector/dataset/negativos/augmented/negativo_aug_02583.jpg
2584,negativos_train_0362.jpg,negativo_aug_02584.jpg,/home/irar/Escritorio/ProyectoTaxiDetector/dataset/negativos/train/negativos_train_0362.jpg,/home/irar/Escritorio/ProyectoTaxiDetector/dataset/negativos/augmented/negativo_aug_02584.jpg
2585,negativos_train_0086.jpg,negativo_aug_02585.jpg,/home/irar/Escritorio/ProyectoTaxiDetector/dataset/negativos/train/negativos_train_0086.jpg,/home/irar/Escritorio/ProyectoTaxiDetector/dataset/negativos/augmented/negativo_aug_02585.jpg
2586,negativos_train_0451.jpg,negativo_aug_02586.jpg,/home/irar/Escritorio/ProyectoTaxiDetector/dataset/negativos/train/negativos_train_0451.jpg,/home/irar/Escritorio/ProyectoTaxiDetector/dataset/negativos/augmented/negativo_aug_02586.jpg
2587,negativos_train_0350.jpg,negativo_aug_02587.jpg,/home/irar/Escritorio/ProyectoTaxiDetector/dataset/negativos/train/negativos_train_0350.jpg,/home/irar/Escritorio/ProyectoTaxiDetector/dataset/negativos/augmented/negativo_aug_02587.jpg
2588,negativos_train_0566.jpg,negativo_aug_02588.jpg,/home/irar/Escritorio/ProyectoTaxiDetector/dataset/negativos/train/negativos_train_0566.jpg,/home/irar/Escritorio/ProyectoTaxiDetector/dataset/negativos/augmented/negativo_aug_02588.jpg
2589,negativos_train_0205.jpg,negativo_aug_02589.jpg,/home/irar/Escritorio/ProyectoTaxiDetector/dataset/negativos/train/negativos_train_0205.jpg,/home/irar/Escritorio/ProyectoTaxiDetector/dataset/negativos/augmented/negativo_aug_02589.jpg
2590,negativos_train_0271.jpg,negativo_aug_02590.jpg,/home/irar/Escritorio/ProyectoTaxiDetector/dataset/negativos/train/negativos_train_0271.jpg,/home/irar/Escritorio/ProyectoTaxiDetector/dataset/negativos/augmented/negativo_aug_02590.jpg
2591,negativos_train_0351.jpg,negativo_aug_02591.jpg,/home/irar/Escritorio/ProyectoTaxiDetector/dataset/negativos/train/negativos_train_0351.jpg,/home/irar/Escritorio/ProyectoTaxiDetector/dataset/negativos/augmented/negativo_aug_02591.jpg
2592,negativos_train_0558.jpg,negativo_aug_02592.jpg,/home/irar/Escritorio/ProyectoTaxiDetector/dataset/negativos/train/negativos_train_0558.jpg,/home/irar/Escritorio/ProyectoTaxiDetector/dataset/negativos/augmented/negativo_aug_02592.jpg
2593,negativos_train_0547.jpg,negativo_aug_02593.jpg,/home/irar/Escritorio/ProyectoTaxiDetector/dataset/negativos/train/negativos_train_0547.jpg,/home/irar/Escritorio/ProyectoTaxiDetector/dataset/negativos/augmented/negativo_aug_02593.jpg
2594,negativos_train_0189.jpg,negativo_aug_02594.jpg,/home/irar/Escritorio/ProyectoTaxiDetector/dataset/negativos/train/negativos_train_0189.jpg,/home/irar/Escritorio/ProyectoTaxiDetector/dataset/negativos/augmented/negativo_aug_02594.jpg
2595,negativos_train_0592.jpg,negativo_aug_02595.jpg,/home/irar/Escritorio/ProyectoTaxiDetector/dataset/negativos/train/negativos_train_0592.jpg,/home/irar/Escritorio/ProyectoTaxiDetector/dataset/negativos/augmented/negativo_aug_02595.jpg
2596,negativos_train_0399.jpg,negativo_aug_02596.jpg,/home/irar/Escritorio/ProyectoTaxiDetector/dataset/negativos/train/negativos_train_0399.jpg,/home/irar/Escritorio/ProyectoTaxiDetector/dataset/negativos/augmented/negativo_aug_02596.jpg
2597,negativos_train_0108.jpg,negativo_aug_02597.jpg,/home/irar/Escritorio/ProyectoTaxiDetector/dataset/negativos/train/negativos_train_0108.jpg,/home/irar/Escritorio/ProyectoTaxiDetector/dataset/negativos/augmented/negativo_aug_02597.jpg
2598,negativos_train_0043.jpg,negativo_aug_02598.jpg,/home/irar/Escritorio/ProyectoTaxiDetector/dataset/negativos/train/negativos_train_0043.jpg,/home/irar/Escritorio/ProyectoTaxiDetector/dataset/negativos/augmented/negativo_aug_02598.jpg
2599,negativos_train_0347.jpg,negativo_aug_02599.jpg,/home/irar/Escritorio/ProyectoTaxiDetector/dataset/negativos/train/negativos_train_0347.jpg,/home/irar/Escritorio/ProyectoTaxiDetector/dataset/negativos/augmented/negativo_aug_02599.jpg
2600,negativos_train_0001.jpg,negativo_aug_02600.jpg,/home/irar/Escritorio/ProyectoTaxiDetector/dataset/negativos/train/negativos_train_0001.jpg,/home/irar/Escritorio/ProyectoTaxiDetector/dataset/negativos/augmented/negativo_aug_02600.jpg
2601,negativos_train_0386.jpg,negativo_aug_02601.jpg,/home/irar/Escritorio/ProyectoTaxiDetector/dataset/negativos/train/negativos_train_0386.jpg,/home/irar/Escritorio/ProyectoTaxiDetector/dataset/negativos/augmented/negativo_aug_02601.jpg
2602,negativos_train_0493.jpg,negativo_aug_02602.jpg,/home/irar/Escritorio/ProyectoTaxiDetector/dataset/negativos/train/negativos_train_0493.jpg,/home/irar/Escritorio/ProyectoTaxiDetector/dataset/negativos/augmented/negativo_aug_02602.jpg
2603,negativos_train_0354.jpg,negativo_aug_02603.jpg,/home/irar/Escritorio/ProyectoTaxiDetector/dataset/negativos/train/negativos_train_0354.jpg,/home/irar/Escritorio/ProyectoTaxiDetector/dataset/negativos/augmented/negativo_aug_02603.jpg
2604,negativos_train_0349.jpg,negativo_aug_02604.jpg,/home/irar/Escritorio/ProyectoTaxiDetector/dataset/negativos/train/negativos_train_0349.jpg,/home/irar/Escritorio/ProyectoTaxiDetector/dataset/negativos/augmented/negativo_aug_02604.jpg
2605,negativos_train_0264.jpg,negativo_aug_02605.jpg,/home/irar/Escritorio/ProyectoTaxiDetector/dataset/negativos/train/negativos_train_0264.jpg,/home/irar/Escritorio/ProyectoTaxiDetector/dataset/negativos/augmented/negativo_aug_02605.jpg
2606,negativos_train_0629.jpg,negativo_aug_02606.jpg,/home/irar/Escritorio/ProyectoTaxiDetector/dataset/negativos/train/negativos_train_0629.jpg,/home/irar/Escritorio/ProyectoTaxiDetector/dataset/negativos/augmented/negativo_aug_02606.jpg
2607,negativos_train_0213.jpg,negativo_aug_02607.jpg,/home/irar/Escritorio/ProyectoTaxiDetector/dataset/negativos/train/negativos_train_0213.jpg,/home/irar/Escritorio/ProyectoTaxiDetector/dataset/negativos/augmented/negativo_aug_02607.jpg
2608,negativos_train_0175.jpg,negativo_aug_02608.jpg,/home/irar/Escritorio/ProyectoTaxiDetector/dataset/negativos/train/negativos_train_0175.jpg,/home/irar/Escritorio/ProyectoTaxiDetector/dataset/negativos/augmented/negativo_aug_02608.jpg
2609,negativos_train_0559.jpg,negativo_aug_02609.jpg,/home/irar/Escritorio/ProyectoTaxiDetector/dataset/negativos/train/negativos_train_0559.jpg,/home/irar/Escritorio/ProyectoTaxiDetector/dataset/negativos/augmented/negativo_aug_02609.jpg
2610,negativos_train_0113.jpg,negativo_aug_02610.jpg,/home/irar/Escritorio/ProyectoTaxiDetector/dataset/negativos/train/negativos_train_0113.jpg,/home/irar/Escritorio/ProyectoTaxiDetector/dataset/negativos/augmented/negativo_aug_02610.jpg
2611,negativos_train_0584.jpg,negativo_aug_02611.jpg,/home/irar/Escritorio/ProyectoTaxiDetector/dataset/negativos/train/negativos_train_0584.jpg,/home/irar/Escritorio/ProyectoTaxiDetector/dataset/negativos/augmented/negativo_aug_02611.jpg
2612,negativos_train_0548.jpg,negativo_aug_02612.jpg,/home/irar/Escritorio/ProyectoTaxiDetector/dataset/negativos/train/negativos_train_0548.jpg,/home/irar/Escritorio/ProyectoTaxiDetector/dataset/negativos/augmented/negativo_aug_02612.jpg
2613,negativos_train_0010.jpg,negativo_aug_02613.jpg,/home/irar/Escritorio/ProyectoTaxiDetector/dataset/negativos/train/negativos_train_0010.jpg,/home/irar/Escritorio/ProyectoTaxiDetector/dataset/negativos/augmented/negativo_aug_02613.jpg
2614,negativos_train_0198.jpg,negativo_aug_02614.jpg,/home/irar/Escritorio/ProyectoTaxiDetector/dataset/negativos/train/negativos_train_0198.jpg,/home/irar/Escritorio/ProyectoTaxiDetector/dataset/negativos/augmented/negativo_aug_02614.jpg
2615,negativos_train_0290.jpg,negativo_aug_02615.jpg,/home/irar/Escritorio/ProyectoTaxiDetector/dataset/negativos/train/negativos_train_0290.jpg,/home/irar/Escritorio/ProyectoTaxiDetector/dataset/negativos/augmented/negativo_aug_02615.jpg
2616,negativos_train_0552.jpg,negativo_aug_02616.jpg,/home/irar/Escritorio/ProyectoTaxiDetector/dataset/negativos/train/negativos_train_0552.jpg,/home/irar/Escritorio/ProyectoTaxiDetector/dataset/negativos/augmented/negativo_aug_02616.jpg
2617,negativos_train_0191.jpg,negativo_aug_02617.jpg,/home/irar/Escritorio/ProyectoTaxiDetector/dataset/negativos/train/negativos_train_0191.jpg,/home/irar/Escritorio/ProyectoTaxiDetector/dataset/negativos/augmented/negativo_aug_02617.jpg
2618,negativos_train_0056.jpg,negativo_aug_02618.jpg,/home/irar/Escritorio/ProyectoTaxiDetector/dataset/negativos/train/negativos_train_0056.jpg,/home/irar/Escritorio/ProyectoTaxiDetector/dataset/negativos/augmented/negativo_aug_02618.jpg
2619,negativos_train_0376.jpg,negativo_aug_02619.jpg,/home/irar/Escritorio/ProyectoTaxiDetector/dataset/negativos/train/negativos_train_0376.jpg,/home/irar/Escritorio/ProyectoTaxiDetector/dataset/negativos/augmented/negativo_aug_02619.jpg
2620,negativos_train_0382.jpg,negativo_aug_02620.jpg,/home/irar/Escritorio/ProyectoTaxiDetector/dataset/negativos/train/negativos_train_0382.jpg,/home/irar/Escritorio/ProyectoTaxiDetector/dataset/negativos/augmented/negativo_aug_02620.jpg
2621,negativos_train_0374.jpg,negativo_aug_02621.jpg,/home/irar/Escritorio/ProyectoTaxiDetector/dataset/negativos/train/negativos_train_0374.jpg,/home/irar/Escritorio/ProyectoTaxiDetector/dataset/negativos/augmented/negativo_aug_02621.jpg
2622,negativos_train_0596.jpg,negativo_aug_02622.jpg,/home/irar/Escritorio/ProyectoTaxiDetector/dataset/negativos/train/negativos_train_0596.jpg,/home/irar/Escritorio/ProyectoTaxiDetector/dataset/negativos/augmented/negativo_aug_02622.jpg
2623,negativos_train_0133.jpg,negativo_aug_02623.jpg,/home/irar/Escritorio/ProyectoTaxiDetector/dataset/negativos/train/negativos_train_0133.jpg,/home/irar/Escritorio/ProyectoTaxiDetector/dataset/negativos/augmented/negativo_aug_02623.jpg
2624,negativos_train_0304.jpg,negativo_aug_02624.jpg,/home/irar/Escritorio/ProyectoTaxiDetector/dataset/negativos/train/negativos_train_0304.jpg,/home/irar/Escritorio/ProyectoTaxiDetector/dataset/negativos/augmented/negativo_aug_02624.jpg
2625,negativos_train_0298.jpg,negativo_aug_02625.jpg,/home/irar/Escritorio/ProyectoTaxiDetector/dataset/negativos/train/negativos_train_0298.jpg,/home/irar/Escritorio/ProyectoTaxiDetector/dataset/negativos/augmented/negativo_aug_02625.jpg
2626,negativos_train_0617.jpg,negativo_aug_02626.jpg,/home/irar/Escritorio/ProyectoTaxiDetector/dataset/negativos/train/negativos_train_0617.jpg,/home/irar/Escritorio/ProyectoTaxiDetector/dataset/negativos/augmented/negativo_aug_02626.jpg
2627,negativos_train_0110.jpg,negativo_aug_02627.jpg,/home/irar/Escritorio/ProyectoTaxiDetector/dataset/negativos/train/negativos_train_0110.jpg,/home/irar/Escritorio/ProyectoTaxiDetector/dataset/negativos/augmented/negativo_aug_02627.jpg
2628,negativos_train_0049.jpg,negativo_aug_02628.jpg,/home/irar/Escritorio/ProyectoTaxiDetector/dataset/negativos/train/negativos_train_0049.jpg,/home/irar/Escritorio/ProyectoTaxiDetector/dataset/negativos/augmented/negativo_aug_02628.jpg
2629,negativos_train_0179.jpg,negativo_aug_02629.jpg,/home/irar/Escritorio/ProyectoTaxiDetector/dataset/negativos/train/negativos_train_0179.jpg,/home/irar/Escritorio/ProyectoTaxiDetector/dataset/negativos/augmented/negativo_aug_02629.jpg
2630,negativos_train_0575.jpg,negativo_aug_02630.jpg,/home/irar/Escritorio/ProyectoTaxiDetector/dataset/negativos/train/negativos_train_0575.jpg,/home/irar/Escritorio/ProyectoTaxiDetector/dataset/negativos/augmented/negativo_aug_02630.jpg
2631,negativos_train_0067.jpg,negativo_aug_02631.jpg,/home/irar/Escritorio/ProyectoTaxiDetector/dataset/negativos/train/negativos_train_0067.jpg,/home/irar/Escritorio/ProyectoTaxiDetector/dataset/negativos/augmented/negativo_aug_02631.jpg
2632,negativos_train_0414.jpg,negativo_aug_02632.jpg,/home/irar/Escritorio/ProyectoTaxiDetector/dataset/negativos/train/negativos_train_0414.jpg,/home/irar/Escritorio/ProyectoTaxiDetector/dataset/negativos/augmented/negativo_aug_02632.jpg
2633,negativos_train_0446.jpg,negativo_aug_02633.jpg,/home/irar/Escritorio/ProyectoTaxiDetector/dataset/negativos/train/negativos_train_0446.jpg,/home/irar/Escritorio/ProyectoTaxiDetector/dataset/negativos/augmented/negativo_aug_02633.jpg
2634,negativos_train_0216.jpg,negativo_aug_02634.jpg,/home/irar/Escritorio/ProyectoTaxiDetector/dataset/negativos/train/negativos_train_0216.jpg,/home/irar/Escritorio/ProyectoTaxiDetector/dataset/negativos/augmented/negativo_aug_02634.jpg
2635,negativos_train_0293.jpg,negativo_aug_02635.jpg,/home/irar/Escritorio/ProyectoTaxiDetector/dataset/negativos/train/negativos_train_0293.jpg,/home/irar/Escritorio/ProyectoTaxiDetector/dataset/negativos/augmented/negativo_aug_02635.jpg
2636,negativos_train_0600.jpg,negativo_aug_02636.jpg,/home/irar/Escritorio/ProyectoTaxiDetector/dataset/negativos/train/negativos_train_0600.jpg,/home/irar/Escritorio/ProyectoTaxiDetector/dataset/negativos/augmented/negativo_aug_02636.jpg
2637,negativos_train_0162.jpg,negativo_aug_02637.jpg,/home/irar/Escritorio/ProyectoTaxiDetector/dataset/negativos/train/negativos_train_0162.jpg,/home/irar/Escritorio/ProyectoTaxiDetector/dataset/negativos/augmented/negativo_aug_02637.jpg
2638,negativos_train_0279.jpg,negativo_aug_02638.jpg,/home/irar/Escritorio/ProyectoTaxiDetector/dataset/negativos/train/negativos_train_0279.jpg,/home/irar/Escritorio/ProyectoTaxiDetector/dataset/negativos/augmented/negativo_aug_02638.jpg
2639,negativos_train_0053.jpg,negativo_aug_02639.jpg,/home/irar/Escritorio/ProyectoTaxiDetector/dataset/negativos/train/negativos_train_0053.jpg,/home/irar/Escritorio/ProyectoTaxiDetector/dataset/negativos/augmented/negativo_aug_02639.jpg
2640,negativos_train_0535.jpg,negativo_aug_02640.jpg,/home/irar/Escritorio/ProyectoTaxiDetector/dataset/negativos/train/negativos_train_0535.jpg,/home/irar/Escritorio/ProyectoTaxiDetector/dataset/negativos/augmented/negativo_aug_02640.jpg
2641,negativos_train_0404.jpg,negativo_aug_02641.jpg,/home/irar/Escritorio/ProyectoTaxiDetector/dataset/negativos/train/negativos_train_0404.jpg,/home/irar/Escritorio/ProyectoTaxiDetector/dataset/negativos/augmented/negativo_aug_02641.jpg
2642,negativos_train_0281.jpg,negativo_aug_02642.jpg,/home/irar/Escritorio/ProyectoTaxiDetector/dataset/negativos/train/negativos_train_0281.jpg,/home/irar/Escritorio/ProyectoTaxiDetector/dataset/negativos/augmented/negativo_aug_02642.jpg
2643,negativos_train_0228.jpg,negativo_aug_02643.jpg,/home/irar/Escritorio/ProyectoTaxiDetector/dataset/negativos/train/negativos_train_0228.jpg,/home/irar/Escritorio/ProyectoTaxiDetector/dataset/negativos/augmented/negativo_aug_02643.jpg
2644,negativos_train_0200.jpg,negativo_aug_02644.jpg,/home/irar/Escritorio/ProyectoTaxiDetector/dataset/negativos/train/negativos_train_0200.jpg,/home/irar/Escritorio/ProyectoTaxiDetector/dataset/negativos/augmented/negativo_aug_02644.jpg
2645,negativos_train_0328.jpg,negativo_aug_02645.jpg,/home/irar/Escritorio/ProyectoTaxiDetector/dataset/negativos/train/negativos_train_0328.jpg,/home/irar/Escritorio/ProyectoTaxiDetector/dataset/negativos/augmented/negativo_aug_02645.jpg
2646,negativos_train_0127.jpg,negativo_aug_02646.jpg,/home/irar/Escritorio/ProyectoTaxiDetector/dataset/negativos/train/negativos_train_0127.jpg,/home/irar/Escritorio/ProyectoTaxiDetector/dataset/negativos/augmented/negativo_aug_02646.jpg
2647,negativos_train_0233.jpg,negativo_aug_02647.jpg,/home/irar/Escritorio/ProyectoTaxiDetector/dataset/negativos/train/negativos_train_0233.jpg,/home/irar/Escritorio/ProyectoTaxiDetector/dataset/negativos/augmented/negativo_aug_02647.jpg
2648,negativos_train_0197.jpg,negativo_aug_02648.jpg,/home/irar/Escritorio/ProyectoTaxiDetector/dataset/negativos/train/negativos_train_0197.jpg,/home/irar/Escritorio/ProyectoTaxiDetector/dataset/negativos/augmented/negativo_aug_02648.jpg
2649,negativos_train_0091.jpg,negativo_aug_02649.jpg,/home/irar/Escritorio/ProyectoTaxiDetector/dataset/negativos/train/negativos_train_0091.jpg,/home/irar/Escritorio/ProyectoTaxiDetector/dataset/negativos/augmented/negativo_aug_02649.jpg
2650,negativos_train_0390.jpg,negativo_aug_02650.jpg,/home/irar/Escritorio/ProyectoTaxiDetector/dataset/negativos/train/negativos_train_0390.jpg,/home/irar/Escritorio/ProyectoTaxiDetector/dataset/negativos/augmented/negativo_aug_02650.jpg
2651,negativos_train_0438.jpg,negativo_aug_02651.jpg,/home/irar/Escritorio/ProyectoTaxiDetector/dataset/negativos/train/negativos_train_0438.jpg,/home/irar/Escritorio/ProyectoTaxiDetector/dataset/negativos/augmented/negativo_aug_02651.jpg
2652,negativos_train_0567.jpg,negativo_aug_02652.jpg,/home/irar/Escritorio/ProyectoTaxiDetector/dataset/negativos/train/negativos_train_0567.jpg,/home/irar/Escritorio/ProyectoTaxiDetector/dataset/negativos/augmented/negativo_aug_02652.jpg
2653,negativos_train_0481.jpg,negativo_aug_02653.jpg,/home/irar/Escritorio/ProyectoTaxiDetector/dataset/negativos/train/negativos_train_0481.jpg,/home/irar/Escritorio/ProyectoTaxiDetector/dataset/negativos/augmented/negativo_aug_02653.jpg
2654,negativos_train_0604.jpg,negativo_aug_02654.jpg,/home/irar/Escritorio/ProyectoTaxiDetector/dataset/negativos/train/negativos_train_0604.jpg,/home/irar/Escritorio/ProyectoTaxiDetector/dataset/negativos/augmented/negativo_aug_02654.jpg
2655,negativos_train_0580.jpg,negativo_aug_02655.jpg,/home/irar/Escritorio/ProyectoTaxiDetector/dataset/negativos/train/negativos_train_0580.jpg,/home/irar/Escritorio/ProyectoTaxiDetector/dataset/negativos/augmented/negativo_aug_02655.jpg
2656,negativos_train_0612.jpg,negativo_aug_02656.jpg,/home/irar/Escritorio/ProyectoTaxiDetector/dataset/negativos/train/negativos_train_0612.jpg,/home/irar/Escritorio/ProyectoTaxiDetector/dataset/negativos/augmented/negativo_aug_02656.jpg
2657,negativos_train_0172.jpg,negativo_aug_02657.jpg,/home/irar/Escritorio/ProyectoTaxiDetector/dataset/negativos/train/negativos_train_0172.jpg,/home/irar/Escritorio/ProyectoTaxiDetector/dataset/negativos/augmented/negativo_aug_02657.jpg
2658,negativos_train_0498.jpg,negativo_aug_02658.jpg,/home/irar/Escritorio/ProyectoTaxiDetector/dataset/negativos/train/negativos_train_0498.jpg,/home/irar/Escritorio/ProyectoTaxiDetector/dataset/negativos/augmented/negativo_aug_02658.jpg
2659,negativos_train_0034.jpg,negativo_aug_02659.jpg,/home/irar/Escritorio/ProyectoTaxiDetector/dataset/negativos/train/negativos_train_0034.jpg,/home/irar/Escritorio/ProyectoTaxiDetector/dataset/negativos/augmented/negativo_aug_02659.jpg
2660,negativos_train_0391.jpg,negativo_aug_02660.jpg,/home/irar/Escritorio/ProyectoTaxiDetector/dataset/negativos/train/negativos_train_0391.jpg,/home/irar/Escritorio/ProyectoTaxiDetector/dataset/negativos/augmented/negativo_aug_02660.jpg
2661,negativos_train_0562.jpg,negativo_aug_02661.jpg,/home/irar/Escritorio/ProyectoTaxiDetector/dataset/negativos/train/negativos_train_0562.jpg,/home/irar/Escritorio/ProyectoTaxiDetector/dataset/negativos/augmented/negativo_aug_02661.jpg
2662,negativos_train_0148.jpg,negativo_aug_02662.jpg,/home/irar/Escritorio/ProyectoTaxiDetector/dataset/negativos/train/negativos_train_0148.jpg,/home/irar/Escritorio/ProyectoTaxiDetector/dataset/negativos/augmented/negativo_aug_02662.jpg
2663,negativos_train_0619.jpg,negativo_aug_02663.jpg,/home/irar/Escritorio/ProyectoTaxiDetector/dataset/negativos/train/negativos_train_0619.jpg,/home/irar/Escritorio/ProyectoTaxiDetector/dataset/negativos/augmented/negativo_aug_02663.jpg
2664,negativos_train_0329.jpg,negativo_aug_02664.jpg,/home/irar/Escritorio/ProyectoTaxiDetector/dataset/negativos/train/negativos_train_0329.jpg,/home/irar/Escritorio/ProyectoTaxiDetector/dataset/negativos/augmented/negativo_aug_02664.jpg
2665,negativos_train_0002.jpg,negativo_aug_02665.jpg,/home/irar/Escritorio/ProyectoTaxiDetector/dataset/negativos/train/negativos_train_0002.jpg,/home/irar/Escritorio/ProyectoTaxiDetector/dataset/negativos/augmented/negativo_aug_02665.jpg
2666,negativos_train_0249.jpg,negativo_aug_02666.jpg,/home/irar/Escritorio/ProyectoTaxiDetector/dataset/negativos/train/negativos_train_0249.jpg,/home/irar/Escritorio/ProyectoTaxiDetector/dataset/negativos/augmented/negativo_aug_02666.jpg
2667,negativos_train_0028.jpg,negativo_aug_02667.jpg,/home/irar/Escritorio/ProyectoTaxiDetector/dataset/negativos/train/negativos_train_0028.jpg,/home/irar/Escritorio/ProyectoTaxiDetector/dataset/negativos/augmented/negativo_aug_02667.jpg
2668,negativos_train_0093.jpg,negativo_aug_02668.jpg,/home/irar/Escritorio/ProyectoTaxiDetector/dataset/negativos/train/negativos_train_0093.jpg,/home/irar/Escritorio/ProyectoTaxiDetector/dataset/negativos/augmented/negativo_aug_02668.jpg
2669,negativos_train_0082.jpg,negativo_aug_02669.jpg,/home/irar/Escritorio/ProyectoTaxiDetector/dataset/negativos/train/negativos_train_0082.jpg,/home/irar/Escritorio/ProyectoTaxiDetector/dataset/negativos/augmented/negativo_aug_02669.jpg
2670,negativos_train_0432.jpg,negativo_aug_02670.jpg,/home/irar/Escritorio/ProyectoTaxiDetector/dataset/negativos/train/negativos_train_0432.jpg,/home/irar/Escritorio/ProyectoTaxiDetector/dataset/negativos/augmented/negativo_aug_02670.jpg
2671,negativos_train_0260.jpg,negativo_aug_02671.jpg,/home/irar/Escritorio/ProyectoTaxiDetector/dataset/negativos/train/negativos_train_0260.jpg,/home/irar/Escritorio/ProyectoTaxiDetector/dataset/negativos/augmented/negativo_aug_02671.jpg
2672,negativos_train_0342.jpg,negativo_aug_02672.jpg,/home/irar/Escritorio/ProyectoTaxiDetector/dataset/negativos/train/negativos_train_0342.jpg,/home/irar/Escritorio/ProyectoTaxiDetector/dataset/negativos/augmented/negativo_aug_02672.jpg
2673,negativos_train_0040.jpg,negativo_aug_02673.jpg,/home/irar/Escritorio/ProyectoTaxiDetector/dataset/negativos/train/negativos_train_0040.jpg,/home/irar/Escritorio/ProyectoTaxiDetector/dataset/negativos/augmented/negativo_aug_02673.jpg
2674,negativos_train_0405.jpg,negativo_aug_02674.jpg,/home/irar/Escritorio/ProyectoTaxiDetector/dataset/negativos/train/negativos_train_0405.jpg,/home/irar/Escritorio/ProyectoTaxiDetector/dataset/negativos/augmented/negativo_aug_02674.jpg
2675,negativos_train_0160.jpg,negativo_aug_02675.jpg,/home/irar/Escritorio/ProyectoTaxiDetector/dataset/negativos/train/negativos_train_0160.jpg,/home/irar/Escritorio/ProyectoTaxiDetector/dataset/negativos/augmented/negativo_aug_02675.jpg
2676,negativos_train_0019.jpg,negativo_aug_02676.jpg,/home/irar/Escritorio/ProyectoTaxiDetector/dataset/negativos/train/negativos_train_0019.jpg,/home/irar/Escritorio/ProyectoTaxiDetector/dataset/negativos/augmented/negativo_aug_02676.jpg
2677,negativos_train_0579.jpg,negativo_aug_02677.jpg,/home/irar/Escritorio/ProyectoTaxiDetector/dataset/negativos/train/negativos_train_0579.jpg,/home/irar/Escritorio/ProyectoTaxiDetector/dataset/negativos/augmented/negativo_aug_02677.jpg
2678,negativos_train_0076.jpg,negativo_aug_02678.jpg,/home/irar/Escritorio/ProyectoTaxiDetector/dataset/negativos/train/negativos_train_0076.jpg,/home/irar/Escritorio/ProyectoTaxiDetector/dataset/negativos/augmented/negativo_aug_02678.jpg
2679,negativos_train_0512.jpg,negativo_aug_02679.jpg,/home/irar/Escritorio/ProyectoTaxiDetector/dataset/negativos/train/negativos_train_0512.jpg,/home/irar/Escritorio/ProyectoTaxiDetector/dataset/negativos/augmented/negativo_aug_02679.jpg
2680,negativos_train_0412.jpg,negativo_aug_02680.jpg,/home/irar/Escritorio/ProyectoTaxiDetector/dataset/negativos/train/negativos_train_0412.jpg,/home/irar/Escritorio/ProyectoTaxiDetector/dataset/negativos/augmented/negativo_aug_02680.jpg
2681,negativos_train_0247.jpg,negativo_aug_02681.jpg,/home/irar/Escritorio/ProyectoTaxiDetector/dataset/negativos/train/negativos_train_0247.jpg,/home/irar/Escritorio/ProyectoTaxiDetector/dataset/negativos/augmented/negativo_aug_02681.jpg
2682,negativos_train_0150.jpg,negativo_aug_02682.jpg,/home/irar/Escritorio/ProyectoTaxiDetector/dataset/negativos/train/negativos_train_0150.jpg,/home/irar/Escritorio/ProyectoTaxiDetector/dataset/negativos/augmented/negativo_aug_02682.jpg
2683,negativos_train_0395.jpg,negativo_aug_02683.jpg,/home/irar/Escritorio/ProyectoTaxiDetector/dataset/negativos/train/negativos_train_0395.jpg,/home/irar/Escritorio/ProyectoTaxiDetector/dataset/negativos/augmented/negativo_aug_02683.jpg
2684,negativos_train_0111.jpg,negativo_aug_02684.jpg,/home/irar/Escritorio/ProyectoTaxiDetector/dataset/negativos/train/negativos_train_0111.jpg,/home/irar/Escritorio/ProyectoTaxiDetector/dataset/negativos/augmented/negativo_aug_02684.jpg
2685,negativos_train_0613.jpg,negativo_aug_02685.jpg,/home/irar/Escritorio/ProyectoTaxiDetector/dataset/negativos/train/negativos_train_0613.jpg,/home/irar/Escritorio/ProyectoTaxiDetector/dataset/negativos/augmented/negativo_aug_02685.jpg
2686,negativos_train_0245.jpg,negativo_aug_02686.jpg,/home/irar/Escritorio/ProyectoTaxiDetector/dataset/negativos/train/negativos_train_0245.jpg,/home/irar/Escritorio/ProyectoTaxiDetector/dataset/negativos/augmented/negativo_aug_02686.jpg
2687,negativos_train_0356.jpg,negativo_aug_02687.jpg,/home/irar/Escritorio/ProyectoTaxiDetector/dataset/negativos/train/negativos_train_0356.jpg,/home/irar/Escritorio/ProyectoTaxiDetector/dataset/negativos/augmented/negativo_aug_02687.jpg
2688,negativos_train_0226.jpg,negativo_aug_02688.jpg,/home/irar/Escritorio/ProyectoTaxiDetector/dataset/negativos/train/negativos_train_0226.jpg,/home/irar/Escritorio/ProyectoTaxiDetector/dataset/negativos/augmented/negativo_aug_02688.jpg
2689,negativos_train_0323.jpg,negativo_aug_02689.jpg,/home/irar/Escritorio/ProyectoTaxiDetector/dataset/negativos/train/negativos_train_0323.jpg,/home/irar/Escritorio/ProyectoTaxiDetector/dataset/negativos/augmented/negativo_aug_02689.jpg
2690,negativos_train_0585.jpg,negativo_aug_02690.jpg,/home/irar/Escritorio/ProyectoTaxiDetector/dataset/negativos/train/negativos_train_0585.jpg,/home/irar/Escritorio/ProyectoTaxiDetector/dataset/negativos/augmented/negativo_aug_02690.jpg
2691,negativos_train_0230.jpg,negativo_aug_02691.jpg,/home/irar/Escritorio/ProyectoTaxiDetector/dataset/negativos/train/negativos_train_0230.jpg,/home/irar/Escritorio/ProyectoTaxiDetector/dataset/negativos/augmented/negativo_aug_02691.jpg
2692,negativos_train_0163.jpg,negativo_aug_02692.jpg,/home/irar/Escritorio/ProyectoTaxiDetector/dataset/negativos/train/negativos_train_0163.jpg,/home/irar/Escritorio/ProyectoTaxiDetector/dataset/negativos/augmented/negativo_aug_02692.jpg
2693,negativos_train_0373.jpg,negativo_aug_02693.jpg,/home/irar/Escritorio/ProyectoTaxiDetector/dataset/negativos/train/negativos_train_0373.jpg,/home/irar/Escritorio/ProyectoTaxiDetector/dataset/negativos/augmented/negativo_aug_02693.jpg
2694,negativos_train_0616.jpg,negativo_aug_02694.jpg,/home/irar/Escritorio/ProyectoTaxiDetector/dataset/negativos/train/negativos_train_0616.jpg,/home/irar/Escritorio/ProyectoTaxiDetector/dataset/negativos/augmented/negativo_aug_02694.jpg
2695,negativos_train_0203.jpg,negativo_aug_02695.jpg,/home/irar/Escritorio/ProyectoTaxiDetector/dataset/negativos/train/negativos_train_0203.jpg,/home/irar/Escritorio/ProyectoTaxiDetector/dataset/negativos/augmented/negativo_aug_02695.jpg
2696,negativos_train_0153.jpg,negativo_aug_02696.jpg,/home/irar/Escritorio/ProyectoTaxiDetector/dataset/negativos/train/negativos_train_0153.jpg,/home/irar/Escritorio/ProyectoTaxiDetector/dataset/negativos/augmented/negativo_aug_02696.jpg
2697,negativos_train_0546.jpg,negativo_aug_02697.jpg,/home/irar/Escritorio/ProyectoTaxiDetector/dataset/negativos/train/negativos_train_0546.jpg,/home/irar/Escritorio/ProyectoTaxiDetector/dataset/negativos/augmented/negativo_aug_02697.jpg
2698,negativos_train_0455.jpg,negativo_aug_02698.jpg,/home/irar/Escritorio/ProyectoTaxiDetector/dataset/negativos/train/negativos_train_0455.jpg,/home/irar/Escritorio/ProyectoTaxiDetector/dataset/negativos/augmented/negativo_aug_02698.jpg
2699,negativos_train_0088.jpg,negativo_aug_02699.jpg,/home/irar/Escritorio/ProyectoTaxiDetector/dataset/negativos/train/negativos_train_0088.jpg,/home/irar/Escritorio/ProyectoTaxiDetector/dataset/negativos/augmented/negativo_aug_02699.jpg
2700,negativos_train_0202.jpg,negativo_aug_02700.jpg,/home/irar/Escritorio/ProyectoTaxiDetector/dataset/negativos/train/negativos_train_0202.jpg,/home/irar/Escritorio/ProyectoTaxiDetector/dataset/negativos/augmented/negativo_aug_02700.jpg
2701,negativos_train_0557.jpg,negativo_aug_02701.jpg,/home/irar/Escritorio/ProyectoTaxiDetector/dataset/negativos/train/negativos_train_0557.jpg,/home/irar/Escritorio/ProyectoTaxiDetector/dataset/negativos/augmented/negativo_aug_02701.jpg
2702,negativos_train_0235.jpg,negativo_aug_02702.jpg,/home/irar/Escritorio/ProyectoTaxiDetector/dataset/negativos/train/negativos_train_0235.jpg,/home/irar/Escritorio/ProyectoTaxiDetector/dataset/negativos/augmented/negativo_aug_02702.jpg
2703,negativos_train_0026.jpg,negativo_aug_02703.jpg,/home/irar/Escritorio/ProyectoTaxiDetector/dataset/negativos/train/negativos_train_0026.jpg,/home/irar/Escritorio/ProyectoTaxiDetector/dataset/negativos/augmented/negativo_aug_02703.jpg
2704,negativos_train_0014.jpg,negativo_aug_02704.jpg,/home/irar/Escritorio/ProyectoTaxiDetector/dataset/negativos/train/negativos_train_0014.jpg,/home/irar/Escritorio/ProyectoTaxiDetector/dataset/negativos/augmented/negativo_aug_02704.jpg
2705,negativos_train_0089.jpg,negativo_aug_02705.jpg,/home/irar/Escritorio/ProyectoTaxiDetector/dataset/negativos/train/negativos_train_0089.jpg,/home/irar/Escritorio/ProyectoTaxiDetector/dataset/negativos/augmented/negativo_aug_02705.jpg
2706,negativos_train_0129.jpg,negativo_aug_02706.jpg,/home/irar/Escritorio/ProyectoTaxiDetector/dataset/negativos/train/negativos_train_0129.jpg,/home/irar/Escritorio/ProyectoTaxiDetector/dataset/negativos/augmented/negativo_aug_02706.jpg
2707,negativos_train_0531.jpg,negativo_aug_02707.jpg,/home/irar/Escritorio/ProyectoTaxiDetector/dataset/negativos/train/negativos_train_0531.jpg,/home/irar/Escritorio/ProyectoTaxiDetector/dataset/negativos/augmented/negativo_aug_02707.jpg
2708,negativos_train_0186.jpg,negativo_aug_02708.jpg,/home/irar/Escritorio/ProyectoTaxiDetector/dataset/negativos/train/negativos_train_0186.jpg,/home/irar/Escritorio/ProyectoTaxiDetector/dataset/negativos/augmented/negativo_aug_02708.jpg
2709,negativos_train_0577.jpg,negativo_aug_02709.jpg,/home/irar/Escritorio/ProyectoTaxiDetector/dataset/negativos/train/negativos_train_0577.jpg,/home/irar/Escritorio/ProyectoTaxiDetector/dataset/negativos/augmented/negativo_aug_02709.jpg
2710,negativos_train_0036.jpg,negativo_aug_02710.jpg,/home/irar/Escritorio/ProyectoTaxiDetector/dataset/negativos/train/negativos_train_0036.jpg,/home/irar/Escritorio/ProyectoTaxiDetector/dataset/negativos/augmented/negativo_aug_02710.jpg
2711,negativos_train_0343.jpg,negativo_aug_02711.jpg,/home/irar/Escritorio/ProyectoTaxiDetector/dataset/negativos/train/negativos_train_0343.jpg,/home/irar/Escritorio/ProyectoTaxiDetector/dataset/negativos/augmented/negativo_aug_02711.jpg
2712,negativos_train_0614.jpg,negativo_aug_02712.jpg,/home/irar/Escritorio/ProyectoTaxiDetector/dataset/negativos/train/negativos_train_0614.jpg,/home/irar/Escritorio/ProyectoTaxiDetector/dataset/negativos/augmented/negativo_aug_02712.jpg
2713,negativos_train_0232.jpg,negativo_aug_02713.jpg,/home/irar/Escritorio/ProyectoTaxiDetector/dataset/negativos/train/negativos_train_0232.jpg,/home/irar/Escritorio/ProyectoTaxiDetector/dataset/negativos/augmented/negativo_aug_02713.jpg
2714,negativos_train_0537.jpg,negativo_aug_02714.jpg,/home/irar/Escritorio/ProyectoTaxiDetector/dataset/negativos/train/negativos_train_0537.jpg,/home/irar/Escritorio/ProyectoTaxiDetector/dataset/negativos/augmented/negativo_aug_02714.jpg
2715,negativos_train_0174.jpg,negativo_aug_02715.jpg,/home/irar/Escritorio/ProyectoTaxiDetector/dataset/negativos/train/negativos_train_0174.jpg,/home/irar/Escritorio/ProyectoTaxiDetector/dataset/negativos/augmented/negativo_aug_02715.jpg
2716,negativos_train_0100.jpg,negativo_aug_02716.jpg,/home/irar/Escritorio/ProyectoTaxiDetector/dataset/negativos/train/negativos_train_0100.jpg,/home/irar/Escritorio/ProyectoTaxiDetector/dataset/negativos/augmented/negativo_aug_02716.jpg
2717,negativos_train_0222.jpg,negativo_aug_02717.jpg,/home/irar/Escritorio/ProyectoTaxiDetector/dataset/negativos/train/negativos_train_0222.jpg,/home/irar/Escritorio/ProyectoTaxiDetector/dataset/negativos/augmented/negativo_aug_02717.jpg
2718,negativos_train_0544.jpg,negativo_aug_02718.jpg,/home/irar/Escritorio/ProyectoTaxiDetector/dataset/negativos/train/negativos_train_0544.jpg,/home/irar/Escritorio/ProyectoTaxiDetector/dataset/negativos/augmented/negativo_aug_02718.jpg
2719,negativos_train_0331.jpg,negativo_aug_02719.jpg,/home/irar/Escritorio/ProyectoTaxiDetector/dataset/negativos/train/negativos_train_0331.jpg,/home/irar/Escritorio/ProyectoTaxiDetector/dataset/negativos/augmented/negativo_aug_02719.jpg
2720,negativos_train_0322.jpg,negativo_aug_02720.jpg,/home/irar/Escritorio/ProyectoTaxiDetector/dataset/negativos/train/negativos_train_0322.jpg,/home/irar/Escritorio/ProyectoTaxiDetector/dataset/negativos/augmented/negativo_aug_02720.jpg
2721,negativos_train_0270.jpg,negativo_aug_02721.jpg,/home/irar/Escritorio/ProyectoTaxiDetector/dataset/negativos/train/negativos_train_0270.jpg,/home/irar/Escritorio/ProyectoTaxiDetector/dataset/negativos/augmented/negativo_aug_02721.jpg
2722,negativos_train_0218.jpg,negativo_aug_02722.jpg,/home/irar/Escritorio/ProyectoTaxiDetector/dataset/negativos/train/negativos_train_0218.jpg,/home/irar/Escritorio/ProyectoTaxiDetector/dataset/negativos/augmented/negativo_aug_02722.jpg
2723,negativos_train_0102.jpg,negativo_aug_02723.jpg,/home/irar/Escritorio/ProyectoTaxiDetector/dataset/negativos/train/negativos_train_0102.jpg,/home/irar/Escritorio/ProyectoTaxiDetector/dataset/negativos/augmented/negativo_aug_02723.jpg
2724,negativos_train_0560.jpg,negativo_aug_02724.jpg,/home/irar/Escritorio/ProyectoTaxiDetector/dataset/negativos/train/negativos_train_0560.jpg,/home/irar/Escritorio/ProyectoTaxiDetector/dataset/negativos/augmented/negativo_aug_02724.jpg
2725,negativos_train_0423.jpg,negativo_aug_02725.jpg,/home/irar/Escritorio/ProyectoTaxiDetector/dataset/negativos/train/negativos_train_0423.jpg,/home/irar/Escritorio/ProyectoTaxiDetector/dataset/negativos/augmented/negativo_aug_02725.jpg
2726,negativos_train_0037.jpg,negativo_aug_02726.jpg,/home/irar/Escritorio/ProyectoTaxiDetector/dataset/negativos/train/negativos_train_0037.jpg,/home/irar/Escritorio/ProyectoTaxiDetector/dataset/negativos/augmented/negativo_aug_02726.jpg
2727,negativos_train_0151.jpg,negativo_aug_02727.jpg,/home/irar/Escritorio/ProyectoTaxiDetector/dataset/negativos/train/negativos_train_0151.jpg,/home/irar/Escritorio/ProyectoTaxiDetector/dataset/negativos/augmented/negativo_aug_02727.jpg
2728,negativos_train_0054.jpg,negativo_aug_02728.jpg,/home/irar/Escritorio/ProyectoTaxiDetector/dataset/negativos/train/negativos_train_0054.jpg,/home/irar/Escritorio/ProyectoTaxiDetector/dataset/negativos/augmented/negativo_aug_02728.jpg
2729,negativos_train_0462.jpg,negativo_aug_02729.jpg,/home/irar/Escritorio/ProyectoTaxiDetector/dataset/negativos/train/negativos_train_0462.jpg,/home/irar/Escritorio/ProyectoTaxiDetector/dataset/negativos/augmented/negativo_aug_02729.jpg
2730,negativos_train_0081.jpg,negativo_aug_02730.jpg,/home/irar/Escritorio/ProyectoTaxiDetector/dataset/negativos/train/negativos_train_0081.jpg,/home/irar/Escritorio/ProyectoTaxiDetector/dataset/negativos/augmented/negativo_aug_02730.jpg
2731,negativos_train_0046.jpg,negativo_aug_02731.jpg,/home/irar/Escritorio/ProyectoTaxiDetector/dataset/negativos/train/negativos_train_0046.jpg,/home/irar/Escritorio/ProyectoTaxiDetector/dataset/negativos/augmented/negativo_aug_02731.jpg
2732,negativos_train_0452.jpg,negativo_aug_02732.jpg,/home/irar/Escritorio/ProyectoTaxiDetector/dataset/negativos/train/negativos_train_0452.jpg,/home/irar/Escritorio/ProyectoTaxiDetector/dataset/negativos/augmented/negativo_aug_02732.jpg
2733,negativos_train_0327.jpg,negativo_aug_02733.jpg,/home/irar/Escritorio/ProyectoTaxiDetector/dataset/negativos/train/negativos_train_0327.jpg,/home/irar/Escritorio/ProyectoTaxiDetector/dataset/negativos/augmented/negativo_aug_02733.jpg
2734,negativos_train_0397.jpg,negativo_aug_02734.jpg,/home/irar/Escritorio/ProyectoTaxiDetector/dataset/negativos/train/negativos_train_0397.jpg,/home/irar/Escritorio/ProyectoTaxiDetector/dataset/negativos/augmented/negativo_aug_02734.jpg
2735,negativos_train_0140.jpg,negativo_aug_02735.jpg,/home/irar/Escritorio/ProyectoTaxiDetector/dataset/negativos/train/negativos_train_0140.jpg,/home/irar/Escritorio/ProyectoTaxiDetector/dataset/negativos/augmented/negativo_aug_02735.jpg
2736,negativos_train_0312.jpg,negativo_aug_02736.jpg,/home/irar/Escritorio/ProyectoTaxiDetector/dataset/negativos/train/negativos_train_0312.jpg,/home/irar/Escritorio/ProyectoTaxiDetector/dataset/negativos/augmented/negativo_aug_02736.jpg
2737,negativos_train_0176.jpg,negativo_aug_02737.jpg,/home/irar/Escritorio/ProyectoTaxiDetector/dataset/negativos/train/negativos_train_0176.jpg,/home/irar/Escritorio/ProyectoTaxiDetector/dataset/negativos/augmented/negativo_aug_02737.jpg
2738,negativos_train_0020.jpg,negativo_aug_02738.jpg,/home/irar/Escritorio/ProyectoTaxiDetector/dataset/negativos/train/negativos_train_0020.jpg,/home/irar/Escritorio/ProyectoTaxiDetector/dataset/negativos/augmented/negativo_aug_02738.jpg
2739,negativos_train_0615.jpg,negativo_aug_02739.jpg,/home/irar/Escritorio/ProyectoTaxiDetector/dataset/negativos/train/negativos_train_0615.jpg,/home/irar/Escritorio/ProyectoTaxiDetector/dataset/negativos/augmented/negativo_aug_02739.jpg
2740,negativos_train_0070.jpg,negativo_aug_02740.jpg,/home/irar/Escritorio/ProyectoTaxiDetector/dataset/negativos/train/negativos_train_0070.jpg,/home/irar/Escritorio/ProyectoTaxiDetector/dataset/negativos/augmented/negativo_aug_02740.jpg
2741,negativos_train_0244.jpg,negativo_aug_02741.jpg,/home/irar/Escritorio/ProyectoTaxiDetector/dataset/negativos/train/negativos_train_0244.jpg,/home/irar/Escritorio/ProyectoTaxiDetector/dataset/negativos/augmented/negativo_aug_02741.jpg
2742,negativos_train_0146.jpg,negativo_aug_02742.jpg,/home/irar/Escritorio/ProyectoTaxiDetector/dataset/negativos/train/negativos_train_0146.jpg,/home/irar/Escritorio/ProyectoTaxiDetector/dataset/negativos/augmented/negativo_aug_02742.jpg
2743,negativos_train_0178.jpg,negativo_aug_02743.jpg,/home/irar/Escritorio/ProyectoTaxiDetector/dataset/negativos/train/negativos_train_0178.jpg,/home/irar/Escritorio/ProyectoTaxiDetector/dataset/negativos/augmented/negativo_aug_02743.jpg
2744,negativos_train_0223.jpg,negativo_aug_02744.jpg,/home/irar/Escritorio/ProyectoTaxiDetector/dataset/negativos/train/negativos_train_0223.jpg,/home/irar/Escritorio/ProyectoTaxiDetector/dataset/negativos/augmented/negativo_aug_02744.jpg
2745,negativos_train_0407.jpg,negativo_aug_02745.jpg,/home/irar/Escritorio/ProyectoTaxiDetector/dataset/negativos/train/negativos_train_0407.jpg,/home/irar/Escritorio/ProyectoTaxiDetector/dataset/negativos/augmented/negativo_aug_02745.jpg
2746,negativos_train_0059.jpg,negativo_aug_02746.jpg,/home/irar/Escritorio/ProyectoTaxiDetector/dataset/negativos/train/negativos_train_0059.jpg,/home/irar/Escritorio/ProyectoTaxiDetector/dataset/negativos/augmented/negativo_aug_02746.jpg
2747,negativos_train_0011.jpg,negativo_aug_02747.jpg,/home/irar/Escritorio/ProyectoTaxiDetector/dataset/negativos/train/negativos_train_0011.jpg,/home/irar/Escritorio/ProyectoTaxiDetector/dataset/negativos/augmented/negativo_aug_02747.jpg
2748,negativos_train_0581.jpg,negativo_aug_02748.jpg,/home/irar/Escritorio/ProyectoTaxiDetector/dataset/negativos/train/negativos_train_0581.jpg,/home/irar/Escritorio/ProyectoTaxiDetector/dataset/negativos/augmented/negativo_aug_02748.jpg
2749,negativos_train_0444.jpg,negativo_aug_02749.jpg,/home/irar/Escritorio/ProyectoTaxiDetector/dataset/negativos/train/negativos_train_0444.jpg,/home/irar/Escritorio/ProyectoTaxiDetector/dataset/negativos/augmented/negativo_aug_02749.jpg
2750,negativos_train_0253.jpg,negativo_aug_02750.jpg,/home/irar/Escritorio/ProyectoTaxiDetector/dataset/negativos/train/negativos_train_0253.jpg,/home/irar/Escritorio/ProyectoTaxiDetector/dataset/negativos/augmented/negativo_aug_02750.jpg
2751,negativos_train_0359.jpg,negativo_aug_02751.jpg,/home/irar/Escritorio/ProyectoTaxiDetector/dataset/negativos/train/negativos_train_0359.jpg,/home/irar/Escritorio/ProyectoTaxiDetector/dataset/negativos/augmented/negativo_aug_02751.jpg
2752,negativos_train_0085.jpg,negativo_aug_02752.jpg,/home/irar/Escritorio/ProyectoTaxiDetector/dataset/negativos/train/negativos_train_0085.jpg,/home/irar/Escritorio/ProyectoTaxiDetector/dataset/negativos/augmented/negativo_aug_02752.jpg
2753,negativos_train_0201.jpg,negativo_aug_02753.jpg,/home/irar/Escritorio/ProyectoTaxiDetector/dataset/negativos/train/negativos_train_0201.jpg,/home/irar/Escritorio/ProyectoTaxiDetector/dataset/negativos/augmented/negativo_aug_02753.jpg
2754,negativos_train_0166.jpg,negativo_aug_02754.jpg,/home/irar/Escritorio/ProyectoTaxiDetector/dataset/negativos/train/negativos_train_0166.jpg,/home/irar/Escritorio/ProyectoTaxiDetector/dataset/negativos/augmented/negativo_aug_02754.jpg
2755,negativos_train_0464.jpg,negativo_aug_02755.jpg,/home/irar/Escritorio/ProyectoTaxiDetector/dataset/negativos/train/negativos_train_0464.jpg,/home/irar/Escritorio/ProyectoTaxiDetector/dataset/negativos/augmented/negativo_aug_02755.jpg
2756,negativos_train_0217.jpg,negativo_aug_02756.jpg,/home/irar/Escritorio/ProyectoTaxiDetector/dataset/negativos/train/negativos_train_0217.jpg,/home/irar/Escritorio/ProyectoTaxiDetector/dataset/negativos/augmented/negativo_aug_02756.jpg
2757,negativos_train_0128.jpg,negativo_aug_02757.jpg,/home/irar/Escritorio/ProyectoTaxiDetector/dataset/negativos/train/negativos_train_0128.jpg,/home/irar/Escritorio/ProyectoTaxiDetector/dataset/negativos/augmented/negativo_aug_02757.jpg
2758,negativos_train_0022.jpg,negativo_aug_02758.jpg,/home/irar/Escritorio/ProyectoTaxiDetector/dataset/negativos/train/negativos_train_0022.jpg,/home/irar/Escritorio/ProyectoTaxiDetector/dataset/negativos/augmented/negativo_aug_02758.jpg
2759,negativos_train_0044.jpg,negativo_aug_02759.jpg,/home/irar/Escritorio/ProyectoTaxiDetector/dataset/negativos/train/negativos_train_0044.jpg,/home/irar/Escritorio/ProyectoTaxiDetector/dataset/negativos/augmented/negativo_aug_02759.jpg
2760,negativos_train_0180.jpg,negativo_aug_02760.jpg,/home/irar/Escritorio/ProyectoTaxiDetector/dataset/negativos/train/negativos_train_0180.jpg,/home/irar/Escritorio/ProyectoTaxiDetector/dataset/negativos/augmented/negativo_aug_02760.jpg
2761,negativos_train_0003.jpg,negativo_aug_02761.jpg,/home/irar/Escritorio/ProyectoTaxiDetector/dataset/negativos/train/negativos_train_0003.jpg,/home/irar/Escritorio/ProyectoTaxiDetector/dataset/negativos/augmented/negativo_aug_02761.jpg
2762,negativos_train_0388.jpg,negativo_aug_02762.jpg,/home/irar/Escritorio/ProyectoTaxiDetector/dataset/negativos/train/negativos_train_0388.jpg,/home/irar/Escritorio/ProyectoTaxiDetector/dataset/negativos/augmented/negativo_aug_02762.jpg
2763,negativos_train_0015.jpg,negativo_aug_02763.jpg,/home/irar/Escritorio/ProyectoTaxiDetector/dataset/negativos/train/negativos_train_0015.jpg,/home/irar/Escritorio/ProyectoTaxiDetector/dataset/negativos/augmented/negativo_aug_02763.jpg
2764,negativos_train_0496.jpg,negativo_aug_02764.jpg,/home/irar/Escritorio/ProyectoTaxiDetector/dataset/negativos/train/negativos_train_0496.jpg,/home/irar/Escritorio/ProyectoTaxiDetector/dataset/negativos/augmented/negativo_aug_02764.jpg
2765,negativos_train_0511.jpg,negativo_aug_02765.jpg,/home/irar/Escritorio/ProyectoTaxiDetector/dataset/negativos/train/negativos_train_0511.jpg,/home/irar/Escritorio/ProyectoTaxiDetector/dataset/negativos/augmented/negativo_aug_02765.jpg
2766,negativos_train_0594.jpg,negativo_aug_02766.jpg,/home/irar/Escritorio/ProyectoTaxiDetector/dataset/negativos/train/negativos_train_0594.jpg,/home/irar/Escritorio/ProyectoTaxiDetector/dataset/negativos/augmented/negativo_aug_02766.jpg
2767,negativos_train_0381.jpg,negativo_aug_02767.jpg,/home/irar/Escritorio/ProyectoTaxiDetector/dataset/negativos/train/negativos_train_0381.jpg,/home/irar/Escritorio/ProyectoTaxiDetector/dataset/negativos/augmented/negativo_aug_02767.jpg
2768,negativos_train_0104.jpg,negativo_aug_02768.jpg,/home/irar/Escritorio/ProyectoTaxiDetector/dataset/negativos/train/negativos_train_0104.jpg,/home/irar/Escritorio/ProyectoTaxiDetector/dataset/negativos/augmented/negativo_aug_02768.jpg
2769,negativos_train_0340.jpg,negativo_aug_02769.jpg,/home/irar/Escritorio/ProyectoTaxiDetector/dataset/negativos/train/negativos_train_0340.jpg,/home/irar/Escritorio/ProyectoTaxiDetector/dataset/negativos/augmented/negativo_aug_02769.jpg
2770,negativos_train_0476.jpg,negativo_aug_02770.jpg,/home/irar/Escritorio/ProyectoTaxiDetector/dataset/negativos/train/negativos_train_0476.jpg,/home/irar/Escritorio/ProyectoTaxiDetector/dataset/negativos/augmented/negativo_aug_02770.jpg
2771,negativos_train_0325.jpg,negativo_aug_02771.jpg,/home/irar/Escritorio/ProyectoTaxiDetector/dataset/negativos/train/negativos_train_0325.jpg,/home/irar/Escritorio/ProyectoTaxiDetector/dataset/negativos/augmented/negativo_aug_02771.jpg
2772,negativos_train_0167.jpg,negativo_aug_02772.jpg,/home/irar/Escritorio/ProyectoTaxiDetector/dataset/negativos/train/negativos_train_0167.jpg,/home/irar/Escritorio/ProyectoTaxiDetector/dataset/negativos/augmented/negativo_aug_02772.jpg
2773,negativos_train_0220.jpg,negativo_aug_02773.jpg,/home/irar/Escritorio/ProyectoTaxiDetector/dataset/negativos/train/negativos_train_0220.jpg,/home/irar/Escritorio/ProyectoTaxiDetector/dataset/negativos/augmented/negativo_aug_02773.jpg
2774,negativos_train_0437.jpg,negativo_aug_02774.jpg,/home/irar/Escritorio/ProyectoTaxiDetector/dataset/negativos/train/negativos_train_0437.jpg,/home/irar/Escritorio/ProyectoTaxiDetector/dataset/negativos/augmented/negativo_aug_02774.jpg
2775,negativos_train_0168.jpg,negativo_aug_02775.jpg,/home/irar/Escritorio/ProyectoTaxiDetector/dataset/negativos/train/negativos_train_0168.jpg,/home/irar/Escritorio/ProyectoTaxiDetector/dataset/negativos/augmented/negativo_aug_02775.jpg
2776,negativos_train_0042.jpg,negativo_aug_02776.jpg,/home/irar/Escritorio/ProyectoTaxiDetector/dataset/negativos/train/negativos_train_0042.jpg,/home/irar/Escritorio/ProyectoTaxiDetector/dataset/negativos/augmented/negativo_aug_02776.jpg
2777,negativos_train_0606.jpg,negativo_aug_02777.jpg,/home/irar/Escritorio/ProyectoTaxiDetector/dataset/negativos/train/negativos_train_0606.jpg,/home/irar/Escritorio/ProyectoTaxiDetector/dataset/negativos/augmented/negativo_aug_02777.jpg
2778,negativos_train_0417.jpg,negativo_aug_02778.jpg,/home/irar/Escritorio/ProyectoTaxiDetector/dataset/negativos/train/negativos_train_0417.jpg,/home/irar/Escritorio/ProyectoTaxiDetector/dataset/negativos/augmented/negativo_aug_02778.jpg
2779,negativos_train_0368.jpg,negativo_aug_02779.jpg,/home/irar/Escritorio/ProyectoTaxiDetector/dataset/negativos/train/negativos_train_0368.jpg,/home/irar/Escritorio/ProyectoTaxiDetector/dataset/negativos/augmented/negativo_aug_02779.jpg
2780,negativos_train_0555.jpg,negativo_aug_02780.jpg,/home/irar/Escritorio/ProyectoTaxiDetector/dataset/negativos/train/negativos_train_0555.jpg,/home/irar/Escritorio/ProyectoTaxiDetector/dataset/negativos/augmented/negativo_aug_02780.jpg
2781,negativos_train_0576.jpg,negativo_aug_02781.jpg,/home/irar/Escritorio/ProyectoTaxiDetector/dataset/negativos/train/negativos_train_0576.jpg,/home/irar/Escritorio/ProyectoTaxiDetector/dataset/negativos/augmented/negativo_aug_02781.jpg
2782,negativos_train_0324.jpg,negativo_aug_02782.jpg,/home/irar/Escritorio/ProyectoTaxiDetector/dataset/negativos/train/negativos_train_0324.jpg,/home/irar/Escritorio/ProyectoTaxiDetector/dataset/negativos/augmented/negativo_aug_02782.jpg
2783,negativos_train_0514.jpg,negativo_aug_02783.jpg,/home/irar/Escritorio/ProyectoTaxiDetector/dataset/negativos/train/negativos_train_0514.jpg,/home/irar/Escritorio/ProyectoTaxiDetector/dataset/negativos/augmented/negativo_aug_02783.jpg
2784,negativos_train_0503.jpg,negativo_aug_02784.jpg,/home/irar/Escritorio/ProyectoTaxiDetector/dataset/negativos/train/negativos_train_0503.jpg,/home/irar/Escritorio/ProyectoTaxiDetector/dataset/negativos/augmented/negativo_aug_02784.jpg
2785,negativos_train_0529.jpg,negativo_aug_02785.jpg,/home/irar/Escritorio/ProyectoTaxiDetector/dataset/negativos/train/negativos_train_0529.jpg,/home/irar/Escritorio/ProyectoTaxiDetector/dataset/negativos/augmented/negativo_aug_02785.jpg
2786,negativos_train_0182.jpg,negativo_aug_02786.jpg,/home/irar/Escritorio/ProyectoTaxiDetector/dataset/negativos/train/negativos_train_0182.jpg,/home/irar/Escritorio/ProyectoTaxiDetector/dataset/negativos/augmented/negativo_aug_02786.jpg
2787,negativos_train_0130.jpg,negativo_aug_02787.jpg,/home/irar/Escritorio/ProyectoTaxiDetector/dataset/negativos/train/negativos_train_0130.jpg,/home/irar/Escritorio/ProyectoTaxiDetector/dataset/negativos/augmented/negativo_aug_02787.jpg
2788,negativos_train_0099.jpg,negativo_aug_02788.jpg,/home/irar/Escritorio/ProyectoTaxiDetector/dataset/negativos/train/negativos_train_0099.jpg,/home/irar/Escritorio/ProyectoTaxiDetector/dataset/negativos/augmented/negativo_aug_02788.jpg
2789,negativos_train_0595.jpg,negativo_aug_02789.jpg,/home/irar/Escritorio/ProyectoTaxiDetector/dataset/negativos/train/negativos_train_0595.jpg,/home/irar/Escritorio/ProyectoTaxiDetector/dataset/negativos/augmented/negativo_aug_02789.jpg
2790,negativos_train_0425.jpg,negativo_aug_02790.jpg,/home/irar/Escritorio/ProyectoTaxiDetector/dataset/negativos/train/negativos_train_0425.jpg,/home/irar/Escritorio/ProyectoTaxiDetector/dataset/negativos/augmented/negativo_aug_02790.jpg
2791,negativos_train_0520.jpg,negativo_aug_02791.jpg,/home/irar/Escritorio/ProyectoTaxiDetector/dataset/negativos/train/negativos_train_0520.jpg,/home/irar/Escritorio/ProyectoTaxiDetector/dataset/negativos/augmented/negativo_aug_02791.jpg
2792,negativos_train_0050.jpg,negativo_aug_02792.jpg,/home/irar/Escritorio/ProyectoTaxiDetector/dataset/negativos/train/negativos_train_0050.jpg,/home/irar/Escritorio/ProyectoTaxiDetector/dataset/negativos/augmented/negativo_aug_02792.jpg
2793,negativos_train_0055.jpg,negativo_aug_02793.jpg,/home/irar/Escritorio/ProyectoTaxiDetector/dataset/negativos/train/negativos_train_0055.jpg,/home/irar/Escritorio/ProyectoTaxiDetector/dataset/negativos/augmented/negativo_aug_02793.jpg
2794,negativos_train_0092.jpg,negativo_aug_02794.jpg,/home/irar/Escritorio/ProyectoTaxiDetector/dataset/negativos/train/negativos_train_0092.jpg,/home/irar/Escritorio/ProyectoTaxiDetector/dataset/negativos/augmented/negativo_aug_02794.jpg
2795,negativos_train_0221.jpg,negativo_aug_02795.jpg,/home/irar/Escritorio/ProyectoTaxiDetector/dataset/negativos/train/negativos_train_0221.jpg,/home/irar/Escritorio/ProyectoTaxiDetector/dataset/negativos/augmented/negativo_aug_02795.jpg
2796,negativos_train_0469.jpg,negativo_aug_02796.jpg,/home/irar/Escritorio/ProyectoTaxiDetector/dataset/negativos/train/negativos_train_0469.jpg,/home/irar/Escritorio/ProyectoTaxiDetector/dataset/negativos/augmented/negativo_aug_02796.jpg
2797,negativos_train_0441.jpg,negativo_aug_02797.jpg,/home/irar/Escritorio/ProyectoTaxiDetector/dataset/negativos/train/negativos_train_0441.jpg,/home/irar/Escritorio/ProyectoTaxiDetector/dataset/negativos/augmented/negativo_aug_02797.jpg
2798,negativos_train_0147.jpg,negativo_aug_02798.jpg,/home/irar/Escritorio/ProyectoTaxiDetector/dataset/negativos/train/negativos_train_0147.jpg,/home/irar/Escritorio/ProyectoTaxiDetector/dataset/negativos/augmented/negativo_aug_02798.jpg
2799,negativos_train_0394.jpg,negativo_aug_02799.jpg,/home/irar/Escritorio/ProyectoTaxiDetector/dataset/negativos/train/negativos_train_0394.jpg,/home/irar/Escritorio/ProyectoTaxiDetector/dataset/negativos/augmented/negativo_aug_02799.jpg
2800,negativos_train_0542.jpg,negativo_aug_02800.jpg,/home/irar/Escritorio/ProyectoTaxiDetector/dataset/negativos/train/negativos_train_0542.jpg,/home/irar/Escritorio/ProyectoTaxiDetector/dataset/negativos/augmented/negativo_aug_02800.jpg
2801,negativos_train_0553.jpg,negativo_aug_02801.jpg,/home/irar/Escritorio/ProyectoTaxiDetector/dataset/negativos/train/negativos_train_0553.jpg,/home/irar/Escritorio/ProyectoTaxiDetector/dataset/negativos/augmented/negativo_aug_02801.jpg
2802,negativos_train_0410.jpg,negativo_aug_02802.jpg,/home/irar/Escritorio/ProyectoTaxiDetector/dataset/negativos/train/negativos_train_0410.jpg,/home/irar/Escritorio/ProyectoTaxiDetector/dataset/negativos/augmented/negativo_aug_02802.jpg
2803,negativos_train_0625.jpg,negativo_aug_02803.jpg,/home/irar/Escritorio/ProyectoTaxiDetector/dataset/negativos/train/negativos_train_0625.jpg,/home/irar/Escritorio/ProyectoTaxiDetector/dataset/negativos/augmented/negativo_aug_02803.jpg
2804,negativos_train_0568.jpg,negativo_aug_02804.jpg,/home/irar/Escritorio/ProyectoTaxiDetector/dataset/negativos/train/negativos_train_0568.jpg,/home/irar/Escritorio/ProyectoTaxiDetector/dataset/negativos/augmented/negativo_aug_02804.jpg
2805,negativos_train_0365.jpg,negativo_aug_02805.jpg,/home/irar/Escritorio/ProyectoTaxiDetector/dataset/negativos/train/negativos_train_0365.jpg,/home/irar/Escritorio/ProyectoTaxiDetector/dataset/negativos/augmented/negativo_aug_02805.jpg
2806,negativos_train_0273.jpg,negativo_aug_02806.jpg,/home/irar/Escritorio/ProyectoTaxiDetector/dataset/negativos/train/negativos_train_0273.jpg,/home/irar/Escritorio/ProyectoTaxiDetector/dataset/negativos/augmented/negativo_aug_02806.jpg
2807,negativos_train_0302.jpg,negativo_aug_02807.jpg,/home/irar/Escritorio/ProyectoTaxiDetector/dataset/negativos/train/negativos_train_0302.jpg,/home/irar/Escritorio/ProyectoTaxiDetector/dataset/negativos/augmented/negativo_aug_02807.jpg
2808,negativos_train_0572.jpg,negativo_aug_02808.jpg,/home/irar/Escritorio/ProyectoTaxiDetector/dataset/negativos/train/negativos_train_0572.jpg,/home/irar/Escritorio/ProyectoTaxiDetector/dataset/negativos/augmented/negativo_aug_02808.jpg
2809,negativos_train_0250.jpg,negativo_aug_02809.jpg,/home/irar/Escritorio/ProyectoTaxiDetector/dataset/negativos/train/negativos_train_0250.jpg,/home/irar/Escritorio/ProyectoTaxiDetector/dataset/negativos/augmented/negativo_aug_02809.jpg
2810,negativos_train_0248.jpg,negativo_aug_02810.jpg,/home/irar/Escritorio/ProyectoTaxiDetector/dataset/negativos/train/negativos_train_0248.jpg,/home/irar/Escritorio/ProyectoTaxiDetector/dataset/negativos/augmented/negativo_aug_02810.jpg
2811,negativos_train_0461.jpg,negativo_aug_02811.jpg,/home/irar/Escritorio/ProyectoTaxiDetector/dataset/negativos/train/negativos_train_0461.jpg,/home/irar/Escritorio/ProyectoTaxiDetector/dataset/negativos/augmented/negativo_aug_02811.jpg
2812,negativos_train_0192.jpg,negativo_aug_02812.jpg,/home/irar/Escritorio/ProyectoTaxiDetector/dataset/negativos/train/negativos_train_0192.jpg,/home/irar/Escritorio/ProyectoTaxiDetector/dataset/negativos/augmented/negativo_aug_02812.jpg
2813,negativos_train_0234.jpg,negativo_aug_02813.jpg,/home/irar/Escritorio/ProyectoTaxiDetector/dataset/negativos/train/negativos_train_0234.jpg,/home/irar/Escritorio/ProyectoTaxiDetector/dataset/negativos/augmented/negativo_aug_02813.jpg
2814,negativos_train_0259.jpg,negativo_aug_02814.jpg,/home/irar/Escritorio/ProyectoTaxiDetector/dataset/negativos/train/negativos_train_0259.jpg,/home/irar/Escritorio/ProyectoTaxiDetector/dataset/negativos/augmented/negativo_aug_02814.jpg
2815,negativos_train_0378.jpg,negativo_aug_02815.jpg,/home/irar/Escritorio/ProyectoTaxiDetector/dataset/negativos/train/negativos_train_0378.jpg,/home/irar/Escritorio/ProyectoTaxiDetector/dataset/negativos/augmented/negativo_aug_02815.jpg
2816,negativos_train_0005.jpg,negativo_aug_02816.jpg,/home/irar/Escritorio/ProyectoTaxiDetector/dataset/negativos/train/negativos_train_0005.jpg,/home/irar/Escritorio/ProyectoTaxiDetector/dataset/negativos/augmented/negativo_aug_02816.jpg
2817,negativos_train_0078.jpg,negativo_aug_02817.jpg,/home/irar/Escritorio/ProyectoTaxiDetector/dataset/negativos/train/negativos_train_0078.jpg,/home/irar/Escritorio/ProyectoTaxiDetector/dataset/negativos/augmented/negativo_aug_02817.jpg
2818,negativos_train_0492.jpg,negativo_aug_02818.jpg,/home/irar/Escritorio/ProyectoTaxiDetector/dataset/negativos/train/negativos_train_0492.jpg,/home/irar/Escritorio/ProyectoTaxiDetector/dataset/negativos/augmented/negativo_aug_02818.jpg
2819,negativos_train_0119.jpg,negativo_aug_02819.jpg,/home/irar/Escritorio/ProyectoTaxiDetector/dataset/negativos/train/negativos_train_0119.jpg,/home/irar/Escritorio/ProyectoTaxiDetector/dataset/negativos/augmented/negativo_aug_02819.jpg
2820,negativos_train_0543.jpg,negativo_aug_02820.jpg,/home/irar/Escritorio/ProyectoTaxiDetector/dataset/negativos/train/negativos_train_0543.jpg,/home/irar/Escritorio/ProyectoTaxiDetector/dataset/negativos/augmented/negativo_aug_02820.jpg
2821,negativos_train_0341.jpg,negativo_aug_02821.jpg,/home/irar/Escritorio/ProyectoTaxiDetector/dataset/negativos/train/negativos_train_0341.jpg,/home/irar/Escritorio/ProyectoTaxiDetector/dataset/negativos/augmented/negativo_aug_02821.jpg
2822,negativos_train_0522.jpg,negativo_aug_02822.jpg,/home/irar/Escritorio/ProyectoTaxiDetector/dataset/negativos/train/negativos_train_0522.jpg,/home/irar/Escritorio/ProyectoTaxiDetector/dataset/negativos/augmented/negativo_aug_02822.jpg
2823,negativos_train_0436.jpg,negativo_aug_02823.jpg,/home/irar/Escritorio/ProyectoTaxiDetector/dataset/negativos/train/negativos_train_0436.jpg,/home/irar/Escritorio/ProyectoTaxiDetector/dataset/negativos/augmented/negativo_aug_02823.jpg
2824,negativos_train_0039.jpg,negativo_aug_02824.jpg,/home/irar/Escritorio/ProyectoTaxiDetector/dataset/negativos/train/negativos_train_0039.jpg,/home/irar/Escritorio/ProyectoTaxiDetector/dataset/negativos/augmented/negativo_aug_02824.jpg
2825,negativos_train_0628.jpg,negativo_aug_02825.jpg,/home/irar/Escritorio/ProyectoTaxiDetector/dataset/negativos/train/negativos_train_0628.jpg,/home/irar/Escritorio/ProyectoTaxiDetector/dataset/negativos/augmented/negativo_aug_02825.jpg
2826,negativos_train_0430.jpg,negativo_aug_02826.jpg,/home/irar/Escritorio/ProyectoTaxiDetector/dataset/negativos/train/negativos_train_0430.jpg,/home/irar/Escritorio/ProyectoTaxiDetector/dataset/negativos/augmented/negativo_aug_02826.jpg
2827,negativos_train_0031.jpg,negativo_aug_02827.jpg,/home/irar/Escritorio/ProyectoTaxiDetector/dataset/negativos/train/negativos_train_0031.jpg,/home/irar/Escritorio/ProyectoTaxiDetector/dataset/negativos/augmented/negativo_aug_02827.jpg
2828,negativos_train_0278.jpg,negativo_aug_02828.jpg,/home/irar/Escritorio/ProyectoTaxiDetector/dataset/negativos/train/negativos_train_0278.jpg,/home/irar/Escritorio/ProyectoTaxiDetector/dataset/negativos/augmented/negativo_aug_02828.jpg
2829,negativos_train_0422.jpg,negativo_aug_02829.jpg,/home/irar/Escritorio/ProyectoTaxiDetector/dataset/negativos/train/negativos_train_0422.jpg,/home/irar/Escritorio/ProyectoTaxiDetector/dataset/negativos/augmented/negativo_aug_02829.jpg
2830,negativos_train_0318.jpg,negativo_aug_02830.jpg,/home/irar/Escritorio/ProyectoTaxiDetector/dataset/negativos/train/negativos_train_0318.jpg,/home/irar/Escritorio/ProyectoTaxiDetector/dataset/negativos/augmented/negativo_aug_02830.jpg
2831,negativos_train_0280.jpg,negativo_aug_02831.jpg,/home/irar/Escritorio/ProyectoTaxiDetector/dataset/negativos/train/negativos_train_0280.jpg,/home/irar/Escritorio/ProyectoTaxiDetector/dataset/negativos/augmented/negativo_aug_02831.jpg
2832,negativos_train_0470.jpg,negativo_aug_02832.jpg,/home/irar/Escritorio/ProyectoTaxiDetector/dataset/negativos/train/negativos_train_0470.jpg,/home/irar/Escritorio/ProyectoTaxiDetector/dataset/negativos/augmented/negativo_aug_02832.jpg
2833,negativos_train_0500.jpg,negativo_aug_02833.jpg,/home/irar/Escritorio/ProyectoTaxiDetector/dataset/negativos/train/negativos_train_0500.jpg,/home/irar/Escritorio/ProyectoTaxiDetector/dataset/negativos/augmented/negativo_aug_02833.jpg
2834,negativos_train_0181.jpg,negativo_aug_02834.jpg,/home/irar/Escritorio/ProyectoTaxiDetector/dataset/negativos/train/negativos_train_0181.jpg,/home/irar/Escritorio/ProyectoTaxiDetector/dataset/negativos/augmented/negativo_aug_02834.jpg
2835,negativos_train_0087.jpg,negativo_aug_02835.jpg,/home/irar/Escritorio/ProyectoTaxiDetector/dataset/negativos/train/negativos_train_0087.jpg,/home/irar/Escritorio/ProyectoTaxiDetector/dataset/negativos/augmented/negativo_aug_02835.jpg
2836,negativos_train_0516.jpg,negativo_aug_02836.jpg,/home/irar/Escritorio/ProyectoTaxiDetector/dataset/negativos/train/negativos_train_0516.jpg,/home/irar/Escritorio/ProyectoTaxiDetector/dataset/negativos/augmented/negativo_aug_02836.jpg
2837,negativos_train_0252.jpg,negativo_aug_02837.jpg,/home/irar/Escritorio/ProyectoTaxiDetector/dataset/negativos/train/negativos_train_0252.jpg,/home/irar/Escritorio/ProyectoTaxiDetector/dataset/negativos/augmented/negativo_aug_02837.jpg
2838,negativos_train_0251.jpg,negativo_aug_02838.jpg,/home/irar/Escritorio/ProyectoTaxiDetector/dataset/negativos/train/negativos_train_0251.jpg,/home/irar/Escritorio/ProyectoTaxiDetector/dataset/negativos/augmented/negativo_aug_02838.jpg
2839,negativos_train_0132.jpg,negativo_aug_02839.jpg,/home/irar/Escritorio/ProyectoTaxiDetector/dataset/negativos/train/negativos_train_0132.jpg,/home/irar/Escritorio/ProyectoTaxiDetector/dataset/negativos/augmented/negativo_aug_02839.jpg
2840,negativos_train_0173.jpg,negativo_aug_02840.jpg,/home/irar/Escritorio/ProyectoTaxiDetector/dataset/negativos/train/negativos_train_0173.jpg,/home/irar/Escritorio/ProyectoTaxiDetector/dataset/negativos/augmented/negativo_aug_02840.jpg
2841,negativos_train_0282.jpg,negativo_aug_02841.jpg,/home/irar/Escritorio/ProyectoTaxiDetector/dataset/negativos/train/negativos_train_0282.jpg,/home/irar/Escritorio/ProyectoTaxiDetector/dataset/negativos/augmented/negativo_aug_02841.jpg
2842,negativos_train_0256.jpg,negativo_aug_02842.jpg,/home/irar/Escritorio/ProyectoTaxiDetector/dataset/negativos/train/negativos_train_0256.jpg,/home/irar/Escritorio/ProyectoTaxiDetector/dataset/negativos/augmented/negativo_aug_02842.jpg
2843,negativos_train_0482.jpg,negativo_aug_02843.jpg,/home/irar/Escritorio/ProyectoTaxiDetector/dataset/negativos/train/negativos_train_0482.jpg,/home/irar/Escritorio/ProyectoTaxiDetector/dataset/negativos/augmented/negativo_aug_02843.jpg
2844,negativos_train_0292.jpg,negativo_aug_02844.jpg,/home/irar/Escritorio/ProyectoTaxiDetector/dataset/negativos/train/negativos_train_0292.jpg,/home/irar/Escritorio/ProyectoTaxiDetector/dataset/negativos/augmented/negativo_aug_02844.jpg
2845,negativos_train_0358.jpg,negativo_aug_02845.jpg,/home/irar/Escritorio/ProyectoTaxiDetector/dataset/negativos/train/negativos_train_0358.jpg,/home/irar/Escritorio/ProyectoTaxiDetector/dataset/negativos/augmented/negativo_aug_02845.jpg
2846,negativos_train_0118.jpg,negativo_aug_02846.jpg,/home/irar/Escritorio/ProyectoTaxiDetector/dataset/negativos/train/negativos_train_0118.jpg,/home/irar/Escritorio/ProyectoTaxiDetector/dataset/negativos/augmented/negativo_aug_02846.jpg
2847,negativos_train_0573.jpg,negativo_aug_02847.jpg,/home/irar/Escritorio/ProyectoTaxiDetector/dataset/negativos/train/negativos_train_0573.jpg,/home/irar/Escritorio/ProyectoTaxiDetector/dataset/negativos/augmented/negativo_aug_02847.jpg
2848,negativos_train_0101.jpg,negativo_aug_02848.jpg,/home/irar/Escritorio/ProyectoTaxiDetector/dataset/negativos/train/negativos_train_0101.jpg,/home/irar/Escritorio/ProyectoTaxiDetector/dataset/negativos/augmented/negativo_aug_02848.jpg
2849,negativos_train_0079.jpg,negativo_aug_02849.jpg,/home/irar/Escritorio/ProyectoTaxiDetector/dataset/negativos/train/negativos_train_0079.jpg,/home/irar/Escritorio/ProyectoTaxiDetector/dataset/negativos/augmented/negativo_aug_02849.jpg
2850,negativos_train_0152.jpg,negativo_aug_02850.jpg,/home/irar/Escritorio/ProyectoTaxiDetector/dataset/negativos/train/negativos_train_0152.jpg,/home/irar/Escritorio/ProyectoTaxiDetector/dataset/negativos/augmented/negativo_aug_02850.jpg
2851,negativos_train_0408.jpg,negativo_aug_02851.jpg,/home/irar/Escritorio/ProyectoTaxiDetector/dataset/negativos/train/negativos_train_0408.jpg,/home/irar/Escritorio/ProyectoTaxiDetector/dataset/negativos/augmented/negativo_aug_02851.jpg
2852,negativos_train_0297.jpg,negativo_aug_02852.jpg,/home/irar/Escritorio/ProyectoTaxiDetector/dataset/negativos/train/negativos_train_0297.jpg,/home/irar/Escritorio/ProyectoTaxiDetector/dataset/negativos/augmented/negativo_aug_02852.jpg
2853,negativos_train_0300.jpg,negativo_aug_02853.jpg,/home/irar/Escritorio/ProyectoTaxiDetector/dataset/negativos/train/negativos_train_0300.jpg,/home/irar/Escritorio/ProyectoTaxiDetector/dataset/negativos/augmented/negativo_aug_02853.jpg
2854,negativos_train_0284.jpg,negativo_aug_02854.jpg,/home/irar/Escritorio/ProyectoTaxiDetector/dataset/negativos/train/negativos_train_0284.jpg,/home/irar/Escritorio/ProyectoTaxiDetector/dataset/negativos/augmented/negativo_aug_02854.jpg
2855,negativos_train_0352.jpg,negativo_aug_02855.jpg,/home/irar/Escritorio/ProyectoTaxiDetector/dataset/negativos/train/negativos_train_0352.jpg,/home/irar/Escritorio/ProyectoTaxiDetector/dataset/negativos/augmented/negativo_aug_02855.jpg
2856,negativos_train_0495.jpg,negativo_aug_02856.jpg,/home/irar/Escritorio/ProyectoTaxiDetector/dataset/negativos/train/negativos_train_0495.jpg,/home/irar/Escritorio/ProyectoTaxiDetector/dataset/negativos/augmented/negativo_aug_02856.jpg
2857,negativos_train_0549.jpg,negativo_aug_02857.jpg,/home/irar/Escritorio/ProyectoTaxiDetector/dataset/negativos/train/negativos_train_0549.jpg,/home/irar/Escritorio/ProyectoTaxiDetector/dataset/negativos/augmented/negativo_aug_02857.jpg
2858,negativos_train_0450.jpg,negativo_aug_02858.jpg,/home/irar/Escritorio/ProyectoTaxiDetector/dataset/negativos/train/negativos_train_0450.jpg,/home/irar/Escritorio/ProyectoTaxiDetector/dataset/negativos/augmented/negativo_aug_02858.jpg
2859,negativos_train_0289.jpg,negativo_aug_02859.jpg,/home/irar/Escritorio/ProyectoTaxiDetector/dataset/negativos/train/negativos_train_0289.jpg,/home/irar/Escritorio/ProyectoTaxiDetector/dataset/negativos/augmented/negativo_aug_02859.jpg
2860,negativos_train_0521.jpg,negativo_aug_02860.jpg,/home/irar/Escritorio/ProyectoTaxiDetector/dataset/negativos/train/negativos_train_0521.jpg,/home/irar/Escritorio/ProyectoTaxiDetector/dataset/negativos/augmented/negativo_aug_02860.jpg
2861,negativos_train_0409.jpg,negativo_aug_02861.jpg,/home/irar/Escritorio/ProyectoTaxiDetector/dataset/negativos/train/negativos_train_0409.jpg,/home/irar/Escritorio/ProyectoTaxiDetector/dataset/negativos/augmented/negativo_aug_02861.jpg
2862,negativos_train_0161.jpg,negativo_aug_02862.jpg,/home/irar/Escritorio/ProyectoTaxiDetector/dataset/negativos/train/negativos_train_0161.jpg,/home/irar/Escritorio/ProyectoTaxiDetector/dataset/negativos/augmented/negativo_aug_02862.jpg
2863,negativos_train_0571.jpg,negativo_aug_02863.jpg,/home/irar/Escritorio/ProyectoTaxiDetector/dataset/negativos/train/negativos_train_0571.jpg,/home/irar/Escritorio/ProyectoTaxiDetector/dataset/negativos/augmented/negativo_aug_02863.jpg
2864,negativos_train_0364.jpg,negativo_aug_02864.jpg,/home/irar/Escritorio/ProyectoTaxiDetector/dataset/negativos/train/negativos_train_0364.jpg,/home/irar/Escritorio/ProyectoTaxiDetector/dataset/negativos/augmented/negativo_aug_02864.jpg
2865,negativos_train_0429.jpg,negativo_aug_02865.jpg,/home/irar/Escritorio/ProyectoTaxiDetector/dataset/negativos/train/negativos_train_0429.jpg,/home/irar/Escritorio/ProyectoTaxiDetector/dataset/negativos/augmented/negativo_aug_02865.jpg
2866,negativos_train_0241.jpg,negativo_aug_02866.jpg,/home/irar/Escritorio/ProyectoTaxiDetector/dataset/negativos/train/negativos_train_0241.jpg,/home/irar/Escritorio/ProyectoTaxiDetector/dataset/negativos/augmented/negativo_aug_02866.jpg
2867,negativos_train_0051.jpg,negativo_aug_02867.jpg,/home/irar/Escritorio/ProyectoTaxiDetector/dataset/negativos/train/negativos_train_0051.jpg,/home/irar/Escritorio/ProyectoTaxiDetector/dataset/negativos/augmented/negativo_aug_02867.jpg
2868,negativos_train_0367.jpg,negativo_aug_02868.jpg,/home/irar/Escritorio/ProyectoTaxiDetector/dataset/negativos/train/negativos_train_0367.jpg,/home/irar/Escritorio/ProyectoTaxiDetector/dataset/negativos/augmented/negativo_aug_02868.jpg
2869,negativos_train_0626.jpg,negativo_aug_02869.jpg,/home/irar/Escritorio/ProyectoTaxiDetector/dataset/negativos/train/negativos_train_0626.jpg,/home/irar/Escritorio/ProyectoTaxiDetector/dataset/negativos/augmented/negativo_aug_02869.jpg
2870,negativos_train_0263.jpg,negativo_aug_02870.jpg,/home/irar/Escritorio/ProyectoTaxiDetector/dataset/negativos/train/negativos_train_0263.jpg,/home/irar/Escritorio/ProyectoTaxiDetector/dataset/negativos/augmented/negativo_aug_02870.jpg
2871,negativos_train_0538.jpg,negativo_aug_02871.jpg,/home/irar/Escritorio/ProyectoTaxiDetector/dataset/negativos/train/negativos_train_0538.jpg,/home/irar/Escritorio/ProyectoTaxiDetector/dataset/negativos/augmented/negativo_aug_02871.jpg
2872,negativos_train_0134.jpg,negativo_aug_02872.jpg,/home/irar/Escritorio/ProyectoTaxiDetector/dataset/negativos/train/negativos_train_0134.jpg,/home/irar/Escritorio/ProyectoTaxiDetector/dataset/negativos/augmented/negativo_aug_02872.jpg
2873,negativos_train_0158.jpg,negativo_aug_02873.jpg,/home/irar/Escritorio/ProyectoTaxiDetector/dataset/negativos/train/negativos_train_0158.jpg,/home/irar/Escritorio/ProyectoTaxiDetector/dataset/negativos/augmented/negativo_aug_02873.jpg
2874,negativos_train_0184.jpg,negativo_aug_02874.jpg,/home/irar/Escritorio/ProyectoTaxiDetector/dataset/negativos/train/negativos_train_0184.jpg,/home/irar/Escritorio/ProyectoTaxiDetector/dataset/negativos/augmented/negativo_aug_02874.jpg
2875,negativos_train_0333.jpg,negativo_aug_02875.jpg,/home/irar/Escritorio/ProyectoTaxiDetector/dataset/negativos/train/negativos_train_0333.jpg,/home/irar/Escritorio/ProyectoTaxiDetector/dataset/negativos/augmented/negativo_aug_02875.jpg
2876,negativos_train_0620.jpg,negativo_aug_02876.jpg,/home/irar/Escritorio/ProyectoTaxiDetector/dataset/negativos/train/negativos_train_0620.jpg,/home/irar/Escritorio/ProyectoTaxiDetector/dataset/negativos/augmented/negativo_aug_02876.jpg
2877,negativos_train_0239.jpg,negativo_aug_02877.jpg,/home/irar/Escritorio/ProyectoTaxiDetector/dataset/negativos/train/negativos_train_0239.jpg,/home/irar/Escritorio/ProyectoTaxiDetector/dataset/negativos/augmented/negativo_aug_02877.jpg
2878,negativos_train_0195.jpg,negativo_aug_02878.jpg,/home/irar/Escritorio/ProyectoTaxiDetector/dataset/negativos/train/negativos_train_0195.jpg,/home/irar/Escritorio/ProyectoTaxiDetector/dataset/negativos/augmented/negativo_aug_02878.jpg
2879,negativos_train_0145.jpg,negativo_aug_02879.jpg,/home/irar/Escritorio/ProyectoTaxiDetector/dataset/negativos/train/negativos_train_0145.jpg,/home/irar/Escritorio/ProyectoTaxiDetector/dataset/negativos/augmented/negativo_aug_02879.jpg
2880,negativos_train_0564.jpg,negativo_aug_02880.jpg,/home/irar/Escritorio/ProyectoTaxiDetector/dataset/negativos/train/negativos_train_0564.jpg,/home/irar/Escritorio/ProyectoTaxiDetector/dataset/negativos/augmented/negativo_aug_02880.jpg
2881,negativos_train_0283.jpg,negativo_aug_02881.jpg,/home/irar/Escritorio/ProyectoTaxiDetector/dataset/negativos/train/negativos_train_0283.jpg,/home/irar/Escritorio/ProyectoTaxiDetector/dataset/negativos/augmented/negativo_aug_02881.jpg
2882,negativos_train_0123.jpg,negativo_aug_02882.jpg,/home/irar/Escritorio/ProyectoTaxiDetector/dataset/negativos/train/negativos_train_0123.jpg,/home/irar/Escritorio/ProyectoTaxiDetector/dataset/negativos/augmented/negativo_aug_02882.jpg
2883,negativos_train_0204.jpg,negativo_aug_02883.jpg,/home/irar/Escritorio/ProyectoTaxiDetector/dataset/negativos/train/negativos_train_0204.jpg,/home/irar/Escritorio/ProyectoTaxiDetector/dataset/negativos/augmented/negativo_aug_02883.jpg
2884,negativos_train_0401.jpg,negativo_aug_02884.jpg,/home/irar/Escritorio/ProyectoTaxiDetector/dataset/negativos/train/negativos_train_0401.jpg,/home/irar/Escritorio/ProyectoTaxiDetector/dataset/negativos/augmented/negativo_aug_02884.jpg
2885,negativos_train_0485.jpg,negativo_aug_02885.jpg,/home/irar/Escritorio/ProyectoTaxiDetector/dataset/negativos/train/negativos_train_0485.jpg,/home/irar/Escritorio/ProyectoTaxiDetector/dataset/negativos/augmented/negativo_aug_02885.jpg
2886,negativos_train_0421.jpg,negativo_aug_02886.jpg,/home/irar/Escritorio/ProyectoTaxiDetector/dataset/negativos/train/negativos_train_0421.jpg,/home/irar/Escritorio/ProyectoTaxiDetector/dataset/negativos/augmented/negativo_aug_02886.jpg
2887,negativos_train_0428.jpg,negativo_aug_02887.jpg,/home/irar/Escritorio/ProyectoTaxiDetector/dataset/negativos/train/negativos_train_0428.jpg,/home/irar/Escritorio/ProyectoTaxiDetector/dataset/negativos/augmented/negativo_aug_02887.jpg
2888,negativos_train_0536.jpg,negativo_aug_02888.jpg,/home/irar/Escritorio/ProyectoTaxiDetector/dataset/negativos/train/negativos_train_0536.jpg,/home/irar/Escritorio/ProyectoTaxiDetector/dataset/negativos/augmented/negativo_aug_02888.jpg
2889,negativos_train_0473.jpg,negativo_aug_02889.jpg,/home/irar/Escritorio/ProyectoTaxiDetector/dataset/negativos/train/negativos_train_0473.jpg,/home/irar/Escritorio/ProyectoTaxiDetector/dataset/negativos/augmented/negativo_aug_02889.jpg
2890,negativos_train_0061.jpg,negativo_aug_02890.jpg,/home/irar/Escritorio/ProyectoTaxiDetector/dataset/negativos/train/negativos_train_0061.jpg,/home/irar/Escritorio/ProyectoTaxiDetector/dataset/negativos/augmented/negativo_aug_02890.jpg
2891,negativos_train_0506.jpg,negativo_aug_02891.jpg,/home/irar/Escritorio/ProyectoTaxiDetector/dataset/negativos/train/negativos_train_0506.jpg,/home/irar/Escritorio/ProyectoTaxiDetector/dataset/negativos/augmented/negativo_aug_02891.jpg
2892,negativos_train_0109.jpg,negativo_aug_02892.jpg,/home/irar/Escritorio/ProyectoTaxiDetector/dataset/negativos/train/negativos_train_0109.jpg,/home/irar/Escritorio/ProyectoTaxiDetector/dataset/negativos/augmented/negativo_aug_02892.jpg
2893,negativos_train_0008.jpg,negativo_aug_02893.jpg,/home/irar/Escritorio/ProyectoTaxiDetector/dataset/negativos/train/negativos_train_0008.jpg,/home/irar/Escritorio/ProyectoTaxiDetector/dataset/negativos/augmented/negativo_aug_02893.jpg
2894,negativos_train_0156.jpg,negativo_aug_02894.jpg,/home/irar/Escritorio/ProyectoTaxiDetector/dataset/negativos/train/negativos_train_0156.jpg,/home/irar/Escritorio/ProyectoTaxiDetector/dataset/negativos/augmented/negativo_aug_02894.jpg
2895,negativos_train_0171.jpg,negativo_aug_02895.jpg,/home/irar/Escritorio/ProyectoTaxiDetector/dataset/negativos/train/negativos_train_0171.jpg,/home/irar/Escritorio/ProyectoTaxiDetector/dataset/negativos/augmented/negativo_aug_02895.jpg
2896,negativos_train_0107.jpg,negativo_aug_02896.jpg,/home/irar/Escritorio/ProyectoTaxiDetector/dataset/negativos/train/negativos_train_0107.jpg,/home/irar/Escritorio/ProyectoTaxiDetector/dataset/negativos/augmented/negativo_aug_02896.jpg
2897,negativos_train_0246.jpg,negativo_aug_02897.jpg,/home/irar/Escritorio/ProyectoTaxiDetector/dataset/negativos/train/negativos_train_0246.jpg,/home/irar/Escritorio/ProyectoTaxiDetector/dataset/negativos/augmented/negativo_aug_02897.jpg
2898,negativos_train_0519.jpg,negativo_aug_02898.jpg,/home/irar/Escritorio/ProyectoTaxiDetector/dataset/negativos/train/negativos_train_0519.jpg,/home/irar/Escritorio/ProyectoTaxiDetector/dataset/negativos/augmented/negativo_aug_02898.jpg
2899,negativos_train_0287.jpg,negativo_aug_02899.jpg,/home/irar/Escritorio/ProyectoTaxiDetector/dataset/negativos/train/negativos_train_0287.jpg,/home/irar/Escritorio/ProyectoTaxiDetector/dataset/negativos/augmented/negativo_aug_02899.jpg
2900,negativos_train_0433.jpg,negativo_aug_02900.jpg,/home/irar/Escritorio/ProyectoTaxiDetector/dataset/negativos/train/negativos_train_0433.jpg,/home/irar/Escritorio/ProyectoTaxiDetector/dataset/negativos/augmented/negativo_aug_02900.jpg
2901,negativos_train_0499.jpg,negativo_aug_02901.jpg,/home/irar/Escritorio/ProyectoTaxiDetector/dataset/negativos/train/negativos_train_0499.jpg,/home/irar/Escritorio/ProyectoTaxiDetector/dataset/negativos/augmented/negativo_aug_02901.jpg
2902,negativos_train_0301.jpg,negativo_aug_02902.jpg,/home/irar/Escritorio/ProyectoTaxiDetector/dataset/negativos/train/negativos_train_0301.jpg,/home/irar/Escritorio/ProyectoTaxiDetector/dataset/negativos/augmented/negativo_aug_02902.jpg
2903,negativos_train_0510.jpg,negativo_aug_02903.jpg,/home/irar/Escritorio/ProyectoTaxiDetector/dataset/negativos/train/negativos_train_0510.jpg,/home/irar/Escritorio/ProyectoTaxiDetector/dataset/negativos/augmented/negativo_aug_02903.jpg
2904,negativos_train_0038.jpg,negativo_aug_02904.jpg,/home/irar/Escritorio/ProyectoTaxiDetector/dataset/negativos/train/negativos_train_0038.jpg,/home/irar/Escritorio/ProyectoTaxiDetector/dataset/negativos/augmented/negativo_aug_02904.jpg
2905,negativos_train_0021.jpg,negativo_aug_02905.jpg,/home/irar/Escritorio/ProyectoTaxiDetector/dataset/negativos/train/negativos_train_0021.jpg,/home/irar/Escritorio/ProyectoTaxiDetector/dataset/negativos/augmented/negativo_aug_02905.jpg
2906,negativos_train_0309.jpg,negativo_aug_02906.jpg,/home/irar/Escritorio/ProyectoTaxiDetector/dataset/negativos/train/negativos_train_0309.jpg,/home/irar/Escritorio/ProyectoTaxiDetector/dataset/negativos/augmented/negativo_aug_02906.jpg
2907,negativos_train_0618.jpg,negativo_aug_02907.jpg,/home/irar/Escritorio/ProyectoTaxiDetector/dataset/negativos/train/negativos_train_0618.jpg,/home/irar/Escritorio/ProyectoTaxiDetector/dataset/negativos/augmented/negativo_aug_02907.jpg
2908,negativos_train_0459.jpg,negativo_aug_02908.jpg,/home/irar/Escritorio/ProyectoTaxiDetector/dataset/negativos/train/negativos_train_0459.jpg,/home/irar/Escritorio/ProyectoTaxiDetector/dataset/negativos/augmented/negativo_aug_02908.jpg
2909,negativos_train_0194.jpg,negativo_aug_02909.jpg,/home/irar/Escritorio/ProyectoTaxiDetector/dataset/negativos/train/negativos_train_0194.jpg,/home/irar/Escritorio/ProyectoTaxiDetector/dataset/negativos/augmented/negativo_aug_02909.jpg
2910,negativos_train_0138.jpg,negativo_aug_02910.jpg,/home/irar/Escritorio/ProyectoTaxiDetector/dataset/negativos/train/negativos_train_0138.jpg,/home/irar/Escritorio/ProyectoTaxiDetector/dataset/negativos/augmented/negativo_aug_02910.jpg
2911,negativos_train_0027.jpg,negativo_aug_02911.jpg,/home/irar/Escritorio/ProyectoTaxiDetector/dataset/negativos/train/negativos_train_0027.jpg,/home/irar/Escritorio/ProyectoTaxiDetector/dataset/negativos/augmented/negativo_aug_02911.jpg
2912,negativos_train_0098.jpg,negativo_aug_02912.jpg,/home/irar/Escritorio/ProyectoTaxiDetector/dataset/negativos/train/negativos_train_0098.jpg,/home/irar/Escritorio/ProyectoTaxiDetector/dataset/negativos/augmented/negativo_aug_02912.jpg
2913,negativos_train_0583.jpg,negativo_aug_02913.jpg,/home/irar/Escritorio/ProyectoTaxiDetector/dataset/negativos/train/negativos_train_0583.jpg,/home/irar/Escritorio/ProyectoTaxiDetector/dataset/negativos/augmented/negativo_aug_02913.jpg
2914,negativos_train_0275.jpg,negativo_aug_02914.jpg,/home/irar/Escritorio/ProyectoTaxiDetector/dataset/negativos/train/negativos_train_0275.jpg,/home/irar/Escritorio/ProyectoTaxiDetector/dataset/negativos/augmented/negativo_aug_02914.jpg
2915,negativos_train_0048.jpg,negativo_aug_02915.jpg,/home/irar/Escritorio/ProyectoTaxiDetector/dataset/negativos/train/negativos_train_0048.jpg,/home/irar/Escritorio/ProyectoTaxiDetector/dataset/negativos/augmented/negativo_aug_02915.jpg
2916,negativos_train_0630.jpg,negativo_aug_02916.jpg,/home/irar/Escritorio/ProyectoTaxiDetector/dataset/negativos/train/negativos_train_0630.jpg,/home/irar/Escritorio/ProyectoTaxiDetector/dataset/negativos/augmented/negativo_aug_02916.jpg
2917,negativos_train_0231.jpg,negativo_aug_02917.jpg,/home/irar/Escritorio/ProyectoTaxiDetector/dataset/negativos/train/negativos_train_0231.jpg,/home/irar/Escritorio/ProyectoTaxiDetector/dataset/negativos/augmented/negativo_aug_02917.jpg
2918,negativos_train_0041.jpg,negativo_aug_02918.jpg,/home/irar/Escritorio/ProyectoTaxiDetector/dataset/negativos/train/negativos_train_0041.jpg,/home/irar/Escritorio/ProyectoTaxiDetector/dataset/negativos/augmented/negativo_aug_02918.jpg
2919,negativos_train_0627.jpg,negativo_aug_02919.jpg,/home/irar/Escritorio/ProyectoTaxiDetector/dataset/negativos/train/negativos_train_0627.jpg,/home/irar/Escritorio/ProyectoTaxiDetector/dataset/negativos/augmented/negativo_aug_02919.jpg
2920,negativos_train_0170.jpg,negativo_aug_02920.jpg,/home/irar/Escritorio/ProyectoTaxiDetector/dataset/negativos/train/negativos_train_0170.jpg,/home/irar/Escritorio/ProyectoTaxiDetector/dataset/negativos/augmented/negativo_aug_02920.jpg
2921,negativos_train_0105.jpg,negativo_aug_02921.jpg,/home/irar/Escritorio/ProyectoTaxiDetector/dataset/negativos/train/negativos_train_0105.jpg,/home/irar/Escritorio/ProyectoTaxiDetector/dataset/negativos/augmented/negativo_aug_02921.jpg
2922,negativos_train_0524.jpg,negativo_aug_02922.jpg,/home/irar/Escritorio/ProyectoTaxiDetector/dataset/negativos/train/negativos_train_0524.jpg,/home/irar/Escritorio/ProyectoTaxiDetector/dataset/negativos/augmented/negativo_aug_02922.jpg
2923,negativos_train_0125.jpg,negativo_aug_02923.jpg,/home/irar/Escritorio/ProyectoTaxiDetector/dataset/negativos/train/negativos_train_0125.jpg,/home/irar/Escritorio/ProyectoTaxiDetector/dataset/negativos/augmented/negativo_aug_02923.jpg
2924,negativos_train_0199.jpg,negativo_aug_02924.jpg,/home/irar/Escritorio/ProyectoTaxiDetector/dataset/negativos/train/negativos_train_0199.jpg,/home/irar/Escritorio/ProyectoTaxiDetector/dataset/negativos/augmented/negativo_aug_02924.jpg
2925,negativos_train_0069.jpg,negativo_aug_02925.jpg,/home/irar/Escritorio/ProyectoTaxiDetector/dataset/negativos/train/negativos_train_0069.jpg,/home/irar/Escritorio/ProyectoTaxiDetector/dataset/negativos/augmented/negativo_aug_02925.jpg
2926,negativos_train_0272.jpg,negativo_aug_02926.jpg,/home/irar/Escritorio/ProyectoTaxiDetector/dataset/negativos/train/negativos_train_0272.jpg,/home/irar/Escritorio/ProyectoTaxiDetector/dataset/negativos/augmented/negativo_aug_02926.jpg
2927,negativos_train_0445.jpg,negativo_aug_02927.jpg,/home/irar/Escritorio/ProyectoTaxiDetector/dataset/negativos/train/negativos_train_0445.jpg,/home/irar/Escritorio/ProyectoTaxiDetector/dataset/negativos/augmented/negativo_aug_02927.jpg
2928,negativos_train_0427.jpg,negativo_aug_02928.jpg,/home/irar/Escritorio/ProyectoTaxiDetector/dataset/negativos/train/negativos_train_0427.jpg,/home/irar/Escritorio/ProyectoTaxiDetector/dataset/negativos/augmented/negativo_aug_02928.jpg
2929,negativos_train_0454.jpg,negativo_aug_02929.jpg,/home/irar/Escritorio/ProyectoTaxiDetector/dataset/negativos/train/negativos_train_0454.jpg,/home/irar/Escritorio/ProyectoTaxiDetector/dataset/negativos/augmented/negativo_aug_02929.jpg
2930,negativos_train_0288.jpg,negativo_aug_02930.jpg,/home/irar/Escritorio/ProyectoTaxiDetector/dataset/negativos/train/negativos_train_0288.jpg,/home/irar/Escritorio/ProyectoTaxiDetector/dataset/negativos/augmented/negativo_aug_02930.jpg
2931,negativos_train_0030.jpg,negativo_aug_02931.jpg,/home/irar/Escritorio/ProyectoTaxiDetector/dataset/negativos/train/negativos_train_0030.jpg,/home/irar/Escritorio/ProyectoTaxiDetector/dataset/negativos/augmented/negativo_aug_02931.jpg
2932,negativos_train_0238.jpg,negativo_aug_02932.jpg,/home/irar/Escritorio/ProyectoTaxiDetector/dataset/negativos/train/negativos_train_0238.jpg,/home/irar/Escritorio/ProyectoTaxiDetector/dataset/negativos/augmented/negativo_aug_02932.jpg
2933,negativos_train_0413.jpg,negativo_aug_02933.jpg,/home/irar/Escritorio/ProyectoTaxiDetector/dataset/negativos/train/negativos_train_0413.jpg,/home/irar/Escritorio/ProyectoTaxiDetector/dataset/negativos/augmented/negativo_aug_02933.jpg
2934,negativos_train_0497.jpg,negativo_aug_02934.jpg,/home/irar/Escritorio/ProyectoTaxiDetector/dataset/negativos/train/negativos_train_0497.jpg,/home/irar/Escritorio/ProyectoTaxiDetector/dataset/negativos/augmented/negativo_aug_02934.jpg
2935,negativos_train_0363.jpg,negativo_aug_02935.jpg,/home/irar/Escritorio/ProyectoTaxiDetector/dataset/negativos/train/negativos_train_0363.jpg,/home/irar/Escritorio/ProyectoTaxiDetector/dataset/negativos/augmented/negativo_aug_02935.jpg
2936,negativos_train_0424.jpg,negativo_aug_02936.jpg,/home/irar/Escritorio/ProyectoTaxiDetector/dataset/negativos/train/negativos_train_0424.jpg,/home/irar/Escritorio/ProyectoTaxiDetector/dataset/negativos/augmented/negativo_aug_02936.jpg
2937,negativos_train_0116.jpg,negativo_aug_02937.jpg,/home/irar/Escritorio/ProyectoTaxiDetector/dataset/negativos/train/negativos_train_0116.jpg,/home/irar/Escritorio/ProyectoTaxiDetector/dataset/negativos/augmented/negativo_aug_02937.jpg
2938,negativos_train_0494.jpg,negativo_aug_02938.jpg,/home/irar/Escritorio/ProyectoTaxiDetector/dataset/negativos/train/negativos_train_0494.jpg,/home/irar/Escritorio/ProyectoTaxiDetector/dataset/negativos/augmented/negativo_aug_02938.jpg
2939,negativos_train_0243.jpg,negativo_aug_02939.jpg,/home/irar/Escritorio/ProyectoTaxiDetector/dataset/negativos/train/negativos_train_0243.jpg,/home/irar/Escritorio/ProyectoTaxiDetector/dataset/negativos/augmented/negativo_aug_02939.jpg
2940,negativos_train_0276.jpg,negativo_aug_02940.jpg,/home/irar/Escritorio/ProyectoTaxiDetector/dataset/negativos/train/negativos_train_0276.jpg,/home/irar/Escritorio/ProyectoTaxiDetector/dataset/negativos/augmented/negativo_aug_02940.jpg
2941,negativos_train_0556.jpg,negativo_aug_02941.jpg,/home/irar/Escritorio/ProyectoTaxiDetector/dataset/negativos/train/negativos_train_0556.jpg,/home/irar/Escritorio/ProyectoTaxiDetector/dataset/negativos/augmented/negativo_aug_02941.jpg
2942,negativos_train_0095.jpg,negativo_aug_02942.jpg,/home/irar/Escritorio/ProyectoTaxiDetector/dataset/negativos/train/negativos_train_0095.jpg,/home/irar/Escritorio/ProyectoTaxiDetector/dataset/negativos/augmented/negativo_aug_02942.jpg
2943,negativos_train_0193.jpg,negativo_aug_02943.jpg,/home/irar/Escritorio/ProyectoTaxiDetector/dataset/negativos/train/negativos_train_0193.jpg,/home/irar/Escritorio/ProyectoTaxiDetector/dataset/negativos/augmented/negativo_aug_02943.jpg
2944,negativos_train_0448.jpg,negativo_aug_02944.jpg,/home/irar/Escritorio/ProyectoTaxiDetector/dataset/negativos/train/negativos_train_0448.jpg,/home/irar/Escritorio/ProyectoTaxiDetector/dataset/negativos/augmented/negativo_aug_02944.jpg
2945,negativos_train_0077.jpg,negativo_aug_02945.jpg,/home/irar/Escritorio/ProyectoTaxiDetector/dataset/negativos/train/negativos_train_0077.jpg,/home/irar/Escritorio/ProyectoTaxiDetector/dataset/negativos/augmented/negativo_aug_02945.jpg
2946,negativos_train_0210.jpg,negativo_aug_02946.jpg,/home/irar/Escritorio/ProyectoTaxiDetector/dataset/negativos/train/negativos_train_0210.jpg,/home/irar/Escritorio/ProyectoTaxiDetector/dataset/negativos/augmented/negativo_aug_02946.jpg
2947,negativos_train_0214.jpg,negativo_aug_02947.jpg,/home/irar/Escritorio/ProyectoTaxiDetector/dataset/negativos/train/negativos_train_0214.jpg,/home/irar/Escritorio/ProyectoTaxiDetector/dataset/negativos/augmented/negativo_aug_02947.jpg
2948,negativos_train_0528.jpg,negativo_aug_02948.jpg,/home/irar/Escritorio/ProyectoTaxiDetector/dataset/negativos/train/negativos_train_0528.jpg,/home/irar/Escritorio/ProyectoTaxiDetector/dataset/negativos/augmented/negativo_aug_02948.jpg
2949,negativos_train_0463.jpg,negativo_aug_02949.jpg,/home/irar/Escritorio/ProyectoTaxiDetector/dataset/negativos/train/negativos_train_0463.jpg,/home/irar/Escritorio/ProyectoTaxiDetector/dataset/negativos/augmented/negativo_aug_02949.jpg
2950,negativos_train_0269.jpg,negativo_aug_02950.jpg,/home/irar/Escritorio/ProyectoTaxiDetector/dataset/negativos/train/negativos_train_0269.jpg,/home/irar/Escritorio/ProyectoTaxiDetector/dataset/negativos/augmented/negativo_aug_02950.jpg
2951,negativos_train_0525.jpg,negativo_aug_02951.jpg,/home/irar/Escritorio/ProyectoTaxiDetector/dataset/negativos/train/negativos_train_0525.jpg,/home/irar/Escritorio/ProyectoTaxiDetector/dataset/negativos/augmented/negativo_aug_02951.jpg
2952,negativos_train_0196.jpg,negativo_aug_02952.jpg,/home/irar/Escritorio/ProyectoTaxiDetector/dataset/negativos/train/negativos_train_0196.jpg,/home/irar/Escritorio/ProyectoTaxiDetector/dataset/negativos/augmented/negativo_aug_02952.jpg
2953,negativos_train_0344.jpg,negativo_aug_02953.jpg,/home/irar/Escritorio/ProyectoTaxiDetector/dataset/negativos/train/negativos_train_0344.jpg,/home/irar/Escritorio/ProyectoTaxiDetector/dataset/negativos/augmented/negativo_aug_02953.jpg
2954,negativos_train_0330.jpg,negativo_aug_02954.jpg,/home/irar/Escritorio/ProyectoTaxiDetector/dataset/negativos/train/negativos_train_0330.jpg,/home/irar/Escritorio/ProyectoTaxiDetector/dataset/negativos/augmented/negativo_aug_02954.jpg
2955,negativos_train_0177.jpg,negativo_aug_02955.jpg,/home/irar/Escritorio/ProyectoTaxiDetector/dataset/negativos/train/negativos_train_0177.jpg,/home/irar/Escritorio/ProyectoTaxiDetector/dataset/negativos/augmented/negativo_aug_02955.jpg
2956,negativos_train_0591.jpg,negativo_aug_02956.jpg,/home/irar/Escritorio/ProyectoTaxiDetector/dataset/negativos/train/negativos_train_0591.jpg,/home/irar/Escritorio/ProyectoTaxiDetector/dataset/negativos/augmented/negativo_aug_02956.jpg
2957,negativos_train_0605.jpg,negativo_aug_02957.jpg,/home/irar/Escritorio/ProyectoTaxiDetector/dataset/negativos/train/negativos_train_0605.jpg,/home/irar/Escritorio/ProyectoTaxiDetector/dataset/negativos/augmented/negativo_aug_02957.jpg
2958,negativos_train_0285.jpg,negativo_aug_02958.jpg,/home/irar/Escritorio/ProyectoTaxiDetector/dataset/negativos/train/negativos_train_0285.jpg,/home/irar/Escritorio/ProyectoTaxiDetector/dataset/negativos/augmented/negativo_aug_02958.jpg
2959,negativos_train_0219.jpg,negativo_aug_02959.jpg,/home/irar/Escritorio/ProyectoTaxiDetector/dataset/negativos/train/negativos_train_0219.jpg,/home/irar/Escritorio/ProyectoTaxiDetector/dataset/negativos/augmented/negativo_aug_02959.jpg
2960,negativos_train_0348.jpg,negativo_aug_02960.jpg,/home/irar/Escritorio/ProyectoTaxiDetector/dataset/negativos/train/negativos_train_0348.jpg,/home/irar/Escritorio/ProyectoTaxiDetector/dataset/negativos/augmented/negativo_aug_02960.jpg
2961,negativos_train_0321.jpg,negativo_aug_02961.jpg,/home/irar/Escritorio/ProyectoTaxiDetector/dataset/negativos/train/negativos_train_0321.jpg,/home/irar/Escritorio/ProyectoTaxiDetector/dataset/negativos/augmented/negativo_aug_02961.jpg
2962,negativos_train_0090.jpg,negativo_aug_02962.jpg,/home/irar/Escritorio/ProyectoTaxiDetector/dataset/negativos/train/negativos_train_0090.jpg,/home/irar/Escritorio/ProyectoTaxiDetector/dataset/negativos/augmented/negativo_aug_02962.jpg
2963,negativos_train_0601.jpg,negativo_aug_02963.jpg,/home/irar/Escritorio/ProyectoTaxiDetector/dataset/negativos/train/negativos_train_0601.jpg,/home/irar/Escritorio/ProyectoTaxiDetector/dataset/negativos/augmented/negativo_aug_02963.jpg
2964,negativos_train_0602.jpg,negativo_aug_02964.jpg,/home/irar/Escritorio/ProyectoTaxiDetector/dataset/negativos/train/negativos_train_0602.jpg,/home/irar/Escritorio/ProyectoTaxiDetector/dataset/negativos/augmented/negativo_aug_02964.jpg
2965,negativos_train_0286.jpg,negativo_aug_02965.jpg,/home/irar/Escritorio/ProyectoTaxiDetector/dataset/negativos/train/negativos_train_0286.jpg,/home/irar/Escritorio/ProyectoTaxiDetector/dataset/negativos/augmented/negativo_aug_02965.jpg
2966,negativos_train_0032.jpg,negativo_aug_02966.jpg,/home/irar/Escritorio/ProyectoTaxiDetector/dataset/negativos/train/negativos_train_0032.jpg,/home/irar/Escritorio/ProyectoTaxiDetector/dataset/negativos/augmented/negativo_aug_02966.jpg
2967,negativos_train_0141.jpg,negativo_aug_02967.jpg,/home/irar/Escritorio/ProyectoTaxiDetector/dataset/negativos/train/negativos_train_0141.jpg,/home/irar/Escritorio/ProyectoTaxiDetector/dataset/negativos/augmented/negativo_aug_02967.jpg
2968,negativos_train_0574.jpg,negativo_aug_02968.jpg,/home/irar/Escritorio/ProyectoTaxiDetector/dataset/negativos/train/negativos_train_0574.jpg,/home/irar/Escritorio/ProyectoTaxiDetector/dataset/negativos/augmented/negativo_aug_02968.jpg
2969,negativos_train_0212.jpg,negativo_aug_02969.jpg,/home/irar/Escritorio/ProyectoTaxiDetector/dataset/negativos/train/negativos_train_0212.jpg,/home/irar/Escritorio/ProyectoTaxiDetector/dataset/negativos/augmented/negativo_aug_02969.jpg
2970,negativos_train_0114.jpg,negativo_aug_02970.jpg,/home/irar/Escritorio/ProyectoTaxiDetector/dataset/negativos/train/negativos_train_0114.jpg,/home/irar/Escritorio/ProyectoTaxiDetector/dataset/negativos/augmented/negativo_aug_02970.jpg
2971,negativos_train_0267.jpg,negativo_aug_02971.jpg,/home/irar/Escritorio/ProyectoTaxiDetector/dataset/negativos/train/negativos_train_0267.jpg,/home/irar/Escritorio/ProyectoTaxiDetector/dataset/negativos/augmented/negativo_aug_02971.jpg
2972,negativos_train_0502.jpg,negativo_aug_02972.jpg,/home/irar/Escritorio/ProyectoTaxiDetector/dataset/negativos/train/negativos_train_0502.jpg,/home/irar/Escritorio/ProyectoTaxiDetector/dataset/negativos/augmented/negativo_aug_02972.jpg
2973,negativos_train_0074.jpg,negativo_aug_02973.jpg,/home/irar/Escritorio/ProyectoTaxiDetector/dataset/negativos/train/negativos_train_0074.jpg,/home/irar/Escritorio/ProyectoTaxiDetector/dataset/negativos/augmented/negativo_aug_02973.jpg
2974,negativos_train_0508.jpg,negativo_aug_02974.jpg,/home/irar/Escritorio/ProyectoTaxiDetector/dataset/negativos/train/negativos_train_0508.jpg,/home/irar/Escritorio/ProyectoTaxiDetector/dataset/negativos/augmented/negativo_aug_02974.jpg
2975,negativos_train_0155.jpg,negativo_aug_02975.jpg,/home/irar/Escritorio/ProyectoTaxiDetector/dataset/negativos/train/negativos_train_0155.jpg,/home/irar/Escritorio/ProyectoTaxiDetector/dataset/negativos/augmented/negativo_aug_02975.jpg
2976,negativos_train_0527.jpg,negativo_aug_02976.jpg,/home/irar/Escritorio/ProyectoTaxiDetector/dataset/negativos/train/negativos_train_0527.jpg,/home/irar/Escritorio/ProyectoTaxiDetector/dataset/negativos/augmented/negativo_aug_02976.jpg
2977,negativos_train_0165.jpg,negativo_aug_02977.jpg,/home/irar/Escritorio/ProyectoTaxiDetector/dataset/negativos/train/negativos_train_0165.jpg,/home/irar/Escritorio/ProyectoTaxiDetector/dataset/negativos/augmented/negativo_aug_02977.jpg
2978,negativos_train_0420.jpg,negativo_aug_02978.jpg,/home/irar/Escritorio/ProyectoTaxiDetector/dataset/negativos/train/negativos_train_0420.jpg,/home/irar/Escritorio/ProyectoTaxiDetector/dataset/negativos/augmented/negativo_aug_02978.jpg
2979,negativos_train_0486.jpg,negativo_aug_02979.jpg,/home/irar/Escritorio/ProyectoTaxiDetector/dataset/negativos/train/negativos_train_0486.jpg,/home/irar/Escritorio/ProyectoTaxiDetector/dataset/negativos/augmented/negativo_aug_02979.jpg
2980,negativos_train_0396.jpg,negativo_aug_02980.jpg,/home/irar/Escritorio/ProyectoTaxiDetector/dataset/negativos/train/negativos_train_0396.jpg,/home/irar/Escritorio/ProyectoTaxiDetector/dataset/negativos/augmented/negativo_aug_02980.jpg
2981,negativos_train_0487.jpg,negativo_aug_02981.jpg,/home/irar/Escritorio/ProyectoTaxiDetector/dataset/negativos/train/negativos_train_0487.jpg,/home/irar/Escritorio/ProyectoTaxiDetector/dataset/negativos/augmented/negativo_aug_02981.jpg
2982,negativos_train_0296.jpg,negativo_aug_02982.jpg,/home/irar/Escritorio/ProyectoTaxiDetector/dataset/negativos/train/negativos_train_0296.jpg,/home/irar/Escritorio/ProyectoTaxiDetector/dataset/negativos/augmented/negativo_aug_02982.jpg
2983,negativos_train_0607.jpg,negativo_aug_02983.jpg,/home/irar/Escritorio/ProyectoTaxiDetector/dataset/negativos/train/negativos_train_0607.jpg,/home/irar/Escritorio/ProyectoTaxiDetector/dataset/negativos/augmented/negativo_aug_02983.jpg
2984,negativos_train_0295.jpg,negativo_aug_02984.jpg,/home/irar/Escritorio/ProyectoTaxiDetector/dataset/negativos/train/negativos_train_0295.jpg,/home/irar/Escritorio/ProyectoTaxiDetector/dataset/negativos/augmented/negativo_aug_02984.jpg
2985,negativos_train_0375.jpg,negativo_aug_02985.jpg,/home/irar/Escritorio/ProyectoTaxiDetector/dataset/negativos/train/negativos_train_0375.jpg,/home/irar/Escritorio/ProyectoTaxiDetector/dataset/negativos/augmented/negativo_aug_02985.jpg
2986,negativos_train_0418.jpg,negativo_aug_02986.jpg,/home/irar/Escritorio/ProyectoTaxiDetector/dataset/negativos/train/negativos_train_0418.jpg,/home/irar/Escritorio/ProyectoTaxiDetector/dataset/negativos/augmented/negativo_aug_02986.jpg
2987,negativos_train_0609.jpg,negativo_aug_02987.jpg,/home/irar/Escritorio/ProyectoTaxiDetector/dataset/negativos/train/negativos_train_0609.jpg,/home/irar/Escritorio/ProyectoTaxiDetector/dataset/negativos/augmented/negativo_aug_02987.jpg
2988,negativos_train_0149.jpg,negativo_aug_02988.jpg,/home/irar/Escritorio/ProyectoTaxiDetector/dataset/negativos/train/negativos_train_0149.jpg,/home/irar/Escritorio/ProyectoTaxiDetector/dataset/negativos/augmented/negativo_aug_02988.jpg
2989,negativos_train_0258.jpg,negativo_aug_02989.jpg,/home/irar/Escritorio/ProyectoTaxiDetector/dataset/negativos/train/negativos_train_0258.jpg,/home/irar/Escritorio/ProyectoTaxiDetector/dataset/negativos/augmented/negativo_aug_02989.jpg
2990,negativos_train_0072.jpg,negativo_aug_02990.jpg,/home/irar/Escritorio/ProyectoTaxiDetector/dataset/negativos/train/negativos_train_0072.jpg,/home/irar/Escritorio/ProyectoTaxiDetector/dataset/negativos/augmented/negativo_aug_02990.jpg
2991,negativos_train_0029.jpg,negativo_aug_02991.jpg,/home/irar/Escritorio/ProyectoTaxiDetector/dataset/negativos/train/negativos_train_0029.jpg,/home/irar/Escritorio/ProyectoTaxiDetector/dataset/negativos/augmented/negativo_aug_02991.jpg
2992,negativos_train_0398.jpg,negativo_aug_02992.jpg,/home/irar/Escritorio/ProyectoTaxiDetector/dataset/negativos/train/negativos_train_0398.jpg,/home/irar/Escritorio/ProyectoTaxiDetector/dataset/negativos/augmented/negativo_aug_02992.jpg
2993,negativos_train_0443.jpg,negativo_aug_02993.jpg,/home/irar/Escritorio/ProyectoTaxiDetector/dataset/negativos/train/negativos_train_0443.jpg,/home/irar/Escritorio/ProyectoTaxiDetector/dataset/negativos/augmented/negativo_aug_02993.jpg
2994,negativos_train_0532.jpg,negativo_aug_02994.jpg,/home/irar/Escritorio/ProyectoTaxiDetector/dataset/negativos/train/negativos_train_0532.jpg,/home/irar/Escritorio/ProyectoTaxiDetector/dataset/negativos/augmented/negativo_aug_02994.jpg
2995,negativos_train_0112.jpg,negativo_aug_02995.jpg,/home/irar/Escritorio/ProyectoTaxiDetector/dataset/negativos/train/negativos_train_0112.jpg,/home/irar/Escritorio/ProyectoTaxiDetector/dataset/negativos/augmented/negativo_aug_02995.jpg
2996,negativos_train_0277.jpg,negativo_aug_02996.jpg,/home/irar/Escritorio/ProyectoTaxiDetector/dataset/negativos/train/negativos_train_0277.jpg,/home/irar/Escritorio/ProyectoTaxiDetector/dataset/negativos/augmented/negativo_aug_02996.jpg
2997,negativos_train_0569.jpg,negativo_aug_02997.jpg,/home/irar/Escritorio/ProyectoTaxiDetector/dataset/negativos/train/negativos_train_0569.jpg,/home/irar/Escritorio/ProyectoTaxiDetector/dataset/negativos/augmented/negativo_aug_02997.jpg
2998,negativos_train_0599.jpg,negativo_aug_02998.jpg,/home/irar/Escritorio/ProyectoTaxiDetector/dataset/negativos/train/negativos_train_0599.jpg,/home/irar/Escritorio/ProyectoTaxiDetector/dataset/negativos/augmented/negativo_aug_02998.jpg
2999,negativos_train_0206.jpg,negativo_aug_02999.jpg,/home/irar/Escritorio/ProyectoTaxiDetector/dataset/negativos/train/negativos_train_0206.jpg,/home/irar/Escritorio/ProyectoTaxiDetector/dataset/negativos/augmented/negativo_aug_02999.jpg
3000,negativos_train_0554.jpg,negativo_aug_03000.jpg,/home/irar/Escritorio/ProyectoTaxiDetector/dataset/negativos/train/negativos_train_0554.jpg,/home/irar/Escritorio/ProyectoTaxiDetector/dataset/negativos/augmented/negativo_aug_03000.jpg
3001,negativos_train_0380.jpg,negativo_aug_03001.jpg,/home/irar/Escritorio/ProyectoTaxiDetector/dataset/negativos/train/negativos_train_0380.jpg,/home/irar/Escritorio/ProyectoTaxiDetector/dataset/negativos/augmented/negativo_aug_03001.jpg
3002,negativos_train_0126.jpg,negativo_aug_03002.jpg,/home/irar/Escritorio/ProyectoTaxiDetector/dataset/negativos/train/negativos_train_0126.jpg,/home/irar/Escritorio/ProyectoTaxiDetector/dataset/negativos/augmented/negativo_aug_03002.jpg
3003,negativos_train_0025.jpg,negativo_aug_03003.jpg,/home/irar/Escritorio/ProyectoTaxiDetector/dataset/negativos/train/negativos_train_0025.jpg,/home/irar/Escritorio/ProyectoTaxiDetector/dataset/negativos/augmented/negativo_aug_03003.jpg
3004,negativos_train_0447.jpg,negativo_aug_03004.jpg,/home/irar/Escritorio/ProyectoTaxiDetector/dataset/negativos/train/negativos_train_0447.jpg,/home/irar/Escritorio/ProyectoTaxiDetector/dataset/negativos/augmented/negativo_aug_03004.jpg
3005,negativos_train_0361.jpg,negativo_aug_03005.jpg,/home/irar/Escritorio/ProyectoTaxiDetector/dataset/negativos/train/negativos_train_0361.jpg,/home/irar/Escritorio/ProyectoTaxiDetector/dataset/negativos/augmented/negativo_aug_03005.jpg
3006,negativos_train_0345.jpg,negativo_aug_03006.jpg,/home/irar/Escritorio/ProyectoTaxiDetector/dataset/negativos/train/negativos_train_0345.jpg,/home/irar/Escritorio/ProyectoTaxiDetector/dataset/negativos/augmented/negativo_aug_03006.jpg
3007,negativos_train_0307.jpg,negativo_aug_03007.jpg,/home/irar/Escritorio/ProyectoTaxiDetector/dataset/negativos/train/negativos_train_0307.jpg,/home/irar/Escritorio/ProyectoTaxiDetector/dataset/negativos/augmented/negativo_aug_03007.jpg
3008,negativos_train_0565.jpg,negativo_aug_03008.jpg,/home/irar/Escritorio/ProyectoTaxiDetector/dataset/negativos/train/negativos_train_0565.jpg,/home/irar/Escritorio/ProyectoTaxiDetector/dataset/negativos/augmented/negativo_aug_03008.jpg
3009,negativos_train_0018.jpg,negativo_aug_03009.jpg,/home/irar/Escritorio/ProyectoTaxiDetector/dataset/negativos/train/negativos_train_0018.jpg,/home/irar/Escritorio/ProyectoTaxiDetector/dataset/negativos/augmented/negativo_aug_03009.jpg
3010,negativos_train_0305.jpg,negativo_aug_03010.jpg,/home/irar/Escritorio/ProyectoTaxiDetector/dataset/negativos/train/negativos_train_0305.jpg,/home/irar/Escritorio/ProyectoTaxiDetector/dataset/negativos/augmented/negativo_aug_03010.jpg
3011,negativos_train_0052.jpg,negativo_aug_03011.jpg,/home/irar/Escritorio/ProyectoTaxiDetector/dataset/negativos/train/negativos_train_0052.jpg,/home/irar/Escritorio/ProyectoTaxiDetector/dataset/negativos/augmented/negativo_aug_03011.jpg
3012,negativos_train_0035.jpg,negativo_aug_03012.jpg,/home/irar/Escritorio/ProyectoTaxiDetector/dataset/negativos/train/negativos_train_0035.jpg,/home/irar/Escritorio/ProyectoTaxiDetector/dataset/negativos/augmented/negativo_aug_03012.jpg
3013,negativos_train_0106.jpg,negativo_aug_03013.jpg,/home/irar/Escritorio/ProyectoTaxiDetector/dataset/negativos/train/negativos_train_0106.jpg,/home/irar/Escritorio/ProyectoTaxiDetector/dataset/negativos/augmented/negativo_aug_03013.jpg
3014,negativos_train_0124.jpg,negativo_aug_03014.jpg,/home/irar/Escritorio/ProyectoTaxiDetector/dataset/negativos/train/negativos_train_0124.jpg,/home/irar/Escritorio/ProyectoTaxiDetector/dataset/negativos/augmented/negativo_aug_03014.jpg
3015,negativos_train_0009.jpg,negativo_aug_03015.jpg,/home/irar/Escritorio/ProyectoTaxiDetector/dataset/negativos/train/negativos_train_0009.jpg,/home/irar/Escritorio/ProyectoTaxiDetector/dataset/negativos/augmented/negativo_aug_03015.jpg
3016,negativos_train_0456.jpg,negativo_aug_03016.jpg,/home/irar/Escritorio/ProyectoTaxiDetector/dataset/negativos/train/negativos_train_0456.jpg,/home/irar/Escritorio/ProyectoTaxiDetector/dataset/negativos/augmented/negativo_aug_03016.jpg
3017,negativos_train_0570.jpg,negativo_aug_03017.jpg,/home/irar/Escritorio/ProyectoTaxiDetector/dataset/negativos/train/negativos_train_0570.jpg,/home/irar/Escritorio/ProyectoTaxiDetector/dataset/negativos/augmented/negativo_aug_03017.jpg
3018,negativos_train_0509.jpg,negativo_aug_03018.jpg,/home/irar/Escritorio/ProyectoTaxiDetector/dataset/negativos/train/negativos_train_0509.jpg,/home/irar/Escritorio/ProyectoTaxiDetector/dataset/negativos/augmented/negativo_aug_03018.jpg
3019,negativos_train_0623.jpg,negativo_aug_03019.jpg,/home/irar/Escritorio/ProyectoTaxiDetector/dataset/negativos/train/negativos_train_0623.jpg,/home/irar/Escritorio/ProyectoTaxiDetector/dataset/negativos/augmented/negativo_aug_03019.jpg
3020,negativos_train_0608.jpg,negativo_aug_03020.jpg,/home/irar/Escritorio/ProyectoTaxiDetector/dataset/negativos/train/negativos_train_0608.jpg,/home/irar/Escritorio/ProyectoTaxiDetector/dataset/negativos/augmented/negativo_aug_03020.jpg
3021,negativos_train_0215.jpg,negativo_aug_03021.jpg,/home/irar/Escritorio/ProyectoTaxiDetector/dataset/negativos/train/negativos_train_0215.jpg,/home/irar/Escritorio/ProyectoTaxiDetector/dataset/negativos/augmented/negativo_aug_03021.jpg
3022,negativos_train_0339.jpg,negativo_aug_03022.jpg,/home/irar/Escritorio/ProyectoTaxiDetector/dataset/negativos/train/negativos_train_0339.jpg,/home/irar/Escritorio/ProyectoTaxiDetector/dataset/negativos/augmented/negativo_aug_03022.jpg
3023,negativos_train_0415.jpg,negativo_aug_03023.jpg,/home/irar/Escritorio/ProyectoTaxiDetector/dataset/negativos/train/negativos_train_0415.jpg,/home/irar/Escritorio/ProyectoTaxiDetector/dataset/negativos/augmented/negativo_aug_03023.jpg
3024,negativos_train_0017.jpg,negativo_aug_03024.jpg,/home/irar/Escritorio/ProyectoTaxiDetector/dataset/negativos/train/negativos_train_0017.jpg,/home/irar/Escritorio/ProyectoTaxiDetector/dataset/negativos/augmented/negativo_aug_03024.jpg
3025,negativos_train_0058.jpg,negativo_aug_03025.jpg,/home/irar/Escritorio/ProyectoTaxiDetector/dataset/negativos/train/negativos_train_0058.jpg,/home/irar/Escritorio/ProyectoTaxiDetector/dataset/negativos/augmented/negativo_aug_03025.jpg
3026,negativos_train_0534.jpg,negativo_aug_03026.jpg,/home/irar/Escritorio/ProyectoTaxiDetector/dataset/negativos/train/negativos_train_0534.jpg,/home/irar/Escritorio/ProyectoTaxiDetector/dataset/negativos/augmented/negativo_aug_03026.jpg
3027,negativos_train_0372.jpg,negativo_aug_03027.jpg,/home/irar/Escritorio/ProyectoTaxiDetector/dataset/negativos/train/negativos_train_0372.jpg,/home/irar/Escritorio/ProyectoTaxiDetector/dataset/negativos/augmented/negativo_aug_03027.jpg
3028,negativos_train_0449.jpg,negativo_aug_03028.jpg,/home/irar/Escritorio/ProyectoTaxiDetector/dataset/negativos/train/negativos_train_0449.jpg,/home/irar/Escritorio/ProyectoTaxiDetector/dataset/negativos/augmented/negativo_aug_03028.jpg
3029,negativos_train_0480.jpg,negativo_aug_03029.jpg,/home/irar/Escritorio/ProyectoTaxiDetector/dataset/negativos/train/negativos_train_0480.jpg,/home/irar/Escritorio/ProyectoTaxiDetector/dataset/negativos/augmented/negativo_aug_03029.jpg
3030,negativos_train_0097.jpg,negativo_aug_03030.jpg,/home/irar/Escritorio/ProyectoTaxiDetector/dataset/negativos/train/negativos_train_0097.jpg,/home/irar/Escritorio/ProyectoTaxiDetector/dataset/negativos/augmented/negativo_aug_03030.jpg
3031,negativos_train_0142.jpg,negativo_aug_03031.jpg,/home/irar/Escritorio/ProyectoTaxiDetector/dataset/negativos/train/negativos_train_0142.jpg,/home/irar/Escritorio/ProyectoTaxiDetector/dataset/negativos/augmented/negativo_aug_03031.jpg
3032,negativos_train_0159.jpg,negativo_aug_03032.jpg,/home/irar/Escritorio/ProyectoTaxiDetector/dataset/negativos/train/negativos_train_0159.jpg,/home/irar/Escritorio/ProyectoTaxiDetector/dataset/negativos/augmented/negativo_aug_03032.jpg
3033,negativos_train_0355.jpg,negativo_aug_03033.jpg,/home/irar/Escritorio/ProyectoTaxiDetector/dataset/negativos/train/negativos_train_0355.jpg,/home/irar/Escritorio/ProyectoTaxiDetector/dataset/negativos/augmented/negativo_aug_03033.jpg
3034,negativos_train_0472.jpg,negativo_aug_03034.jpg,/home/irar/Escritorio/ProyectoTaxiDetector/dataset/negativos/train/negativos_train_0472.jpg,/home/irar/Escritorio/ProyectoTaxiDetector/dataset/negativos/augmented/negativo_aug_03034.jpg
3035,negativos_train_0588.jpg,negativo_aug_03035.jpg,/home/irar/Escritorio/ProyectoTaxiDetector/dataset/negativos/train/negativos_train_0588.jpg,/home/irar/Escritorio/ProyectoTaxiDetector/dataset/negativos/augmented/negativo_aug_03035.jpg
3036,negativos_train_0236.jpg,negativo_aug_03036.jpg,/home/irar/Escritorio/ProyectoTaxiDetector/dataset/negativos/train/negativos_train_0236.jpg,/home/irar/Escritorio/ProyectoTaxiDetector/dataset/negativos/augmented/negativo_aug_03036.jpg
3037,negativos_train_0389.jpg,negativo_aug_03037.jpg,/home/irar/Escritorio/ProyectoTaxiDetector/dataset/negativos/train/negativos_train_0389.jpg,/home/irar/Escritorio/ProyectoTaxiDetector/dataset/negativos/augmented/negativo_aug_03037.jpg
3038,negativos_train_0435.jpg,negativo_aug_03038.jpg,/home/irar/Escritorio/ProyectoTaxiDetector/dataset/negativos/train/negativos_train_0435.jpg,/home/irar/Escritorio/ProyectoTaxiDetector/dataset/negativos/augmented/negativo_aug_03038.jpg
3039,negativos_train_0475.jpg,negativo_aug_03039.jpg,/home/irar/Escritorio/ProyectoTaxiDetector/dataset/negativos/train/negativos_train_0475.jpg,/home/irar/Escritorio/ProyectoTaxiDetector/dataset/negativos/augmented/negativo_aug_03039.jpg
3040,negativos_train_0306.jpg,negativo_aug_03040.jpg,/home/irar/Escritorio/ProyectoTaxiDetector/dataset/negativos/train/negativos_train_0306.jpg,/home/irar/Escritorio/ProyectoTaxiDetector/dataset/negativos/augmented/negativo_aug_03040.jpg
3041,negativos_train_0024.jpg,negativo_aug_03041.jpg,/home/irar/Escritorio/ProyectoTaxiDetector/dataset/negativos/train/negativos_train_0024.jpg,/home/irar/Escritorio/ProyectoTaxiDetector/dataset/negativos/augmented/negativo_aug_03041.jpg
3042,negativos_train_0590.jpg,negativo_aug_03042.jpg,/home/irar/Escritorio/ProyectoTaxiDetector/dataset/negativos/train/negativos_train_0590.jpg,/home/irar/Escritorio/ProyectoTaxiDetector/dataset/negativos/augmented/negativo_aug_03042.jpg
3043,negativos_train_0229.jpg,negativo_aug_03043.jpg,/home/irar/Escritorio/ProyectoTaxiDetector/dataset/negativos/train/negativos_train_0229.jpg,/home/irar/Escritorio/ProyectoTaxiDetector/dataset/negativos/augmented/negativo_aug_03043.jpg
3044,negativos_train_0131.jpg,negativo_aug_03044.jpg,/home/irar/Escritorio/ProyectoTaxiDetector/dataset/negativos/train/negativos_train_0131.jpg,/home/irar/Escritorio/ProyectoTaxiDetector/dataset/negativos/augmented/negativo_aug_03044.jpg
3045,negativos_train_0403.jpg,negativo_aug_03045.jpg,/home/irar/Escritorio/ProyectoTaxiDetector/dataset/negativos/train/negativos_train_0403.jpg,/home/irar/Escritorio/ProyectoTaxiDetector/dataset/negativos/augmented/negativo_aug_03045.jpg
3046,negativos_train_0183.jpg,negativo_aug_03046.jpg,/home/irar/Escritorio/ProyectoTaxiDetector/dataset/negativos/train/negativos_train_0183.jpg,/home/irar/Escritorio/ProyectoTaxiDetector/dataset/negativos/augmented/negativo_aug_03046.jpg
3047,negativos_train_0610.jpg,negativo_aug_03047.jpg,/home/irar/Escritorio/ProyectoTaxiDetector/dataset/negativos/train/negativos_train_0610.jpg,/home/irar/Escritorio/ProyectoTaxiDetector/dataset/negativos/augmented/negativo_aug_03047.jpg
3048,negativos_train_0357.jpg,negativo_aug_03048.jpg,/home/irar/Escritorio/ProyectoTaxiDetector/dataset/negativos/train/negativos_train_0357.jpg,/home/irar/Escritorio/ProyectoTaxiDetector/dataset/negativos/augmented/negativo_aug_03048.jpg
3049,negativos_train_0598.jpg,negativo_aug_03049.jpg,/home/irar/Escritorio/ProyectoTaxiDetector/dataset/negativos/train/negativos_train_0598.jpg,/home/irar/Escritorio/ProyectoTaxiDetector/dataset/negativos/augmented/negativo_aug_03049.jpg
3050,negativos_train_0083.jpg,negativo_aug_03050.jpg,/home/irar/Escritorio/ProyectoTaxiDetector/dataset/negativos/train/negativos_train_0083.jpg,/home/irar/Escritorio/ProyectoTaxiDetector/dataset/negativos/augmented/negativo_aug_03050.jpg
3051,negativos_train_0385.jpg,negativo_aug_03051.jpg,/home/irar/Escritorio/ProyectoTaxiDetector/dataset/negativos/train/negativos_train_0385.jpg,/home/irar/Escritorio/ProyectoTaxiDetector/dataset/negativos/augmented/negativo_aug_03051.jpg
3052,negativos_train_0387.jpg,negativo_aug_03052.jpg,/home/irar/Escritorio/ProyectoTaxiDetector/dataset/negativos/train/negativos_train_0387.jpg,/home/irar/Escritorio/ProyectoTaxiDetector/dataset/negativos/augmented/negativo_aug_03052.jpg
3053,negativos_train_0460.jpg,negativo_aug_03053.jpg,/home/irar/Escritorio/ProyectoTaxiDetector/dataset/negativos/train/negativos_train_0460.jpg,/home/irar/Escritorio/ProyectoTaxiDetector/dataset/negativos/augmented/negativo_aug_03053.jpg
3054,negativos_train_0392.jpg,negativo_aug_03054.jpg,/home/irar/Escritorio/ProyectoTaxiDetector/dataset/negativos/train/negativos_train_0392.jpg,/home/irar/Escritorio/ProyectoTaxiDetector/dataset/negativos/augmented/negativo_aug_03054.jpg
3055,negativos_train_0384.jpg,negativo_aug_03055.jpg,/home/irar/Escritorio/ProyectoTaxiDetector/dataset/negativos/train/negativos_train_0384.jpg,/home/irar/Escritorio/ProyectoTaxiDetector/dataset/negativos/augmented/negativo_aug_03055.jpg
3056,negativos_train_0431.jpg,negativo_aug_03056.jpg,/home/irar/Escritorio/ProyectoTaxiDetector/dataset/negativos/train/negativos_train_0431.jpg,/home/irar/Escritorio/ProyectoTaxiDetector/dataset/negativos/augmented/negativo_aug_03056.jpg
3057,negativos_train_0139.jpg,negativo_aug_03057.jpg,/home/irar/Escritorio/ProyectoTaxiDetector/dataset/negativos/train/negativos_train_0139.jpg,/home/irar/Escritorio/ProyectoTaxiDetector/dataset/negativos/augmented/negativo_aug_03057.jpg
3058,negativos_train_0185.jpg,negativo_aug_03058.jpg,/home/irar/Escritorio/ProyectoTaxiDetector/dataset/negativos/train/negativos_train_0185.jpg,/home/irar/Escritorio/ProyectoTaxiDetector/dataset/negativos/augmented/negativo_aug_03058.jpg
3059,negativos_train_0419.jpg,negativo_aug_03059.jpg,/home/irar/Escritorio/ProyectoTaxiDetector/dataset/negativos/train/negativos_train_0419.jpg,/home/irar/Escritorio/ProyectoTaxiDetector/dataset/negativos/augmented/negativo_aug_03059.jpg
3060,negativos_train_0294.jpg,negativo_aug_03060.jpg,/home/irar/Escritorio/ProyectoTaxiDetector/dataset/negativos/train/negativos_train_0294.jpg,/home/irar/Escritorio/ProyectoTaxiDetector/dataset/negativos/augmented/negativo_aug_03060.jpg
3061,negativos_train_0033.jpg,negativo_aug_03061.jpg,/home/irar/Escritorio/ProyectoTaxiDetector/dataset/negativos/train/negativos_train_0033.jpg,/home/irar/Escritorio/ProyectoTaxiDetector/dataset/negativos/augmented/negativo_aug_03061.jpg
3062,negativos_train_0484.jpg,negativo_aug_03062.jpg,/home/irar/Escritorio/ProyectoTaxiDetector/dataset/negativos/train/negativos_train_0484.jpg,/home/irar/Escritorio/ProyectoTaxiDetector/dataset/negativos/augmented/negativo_aug_03062.jpg
3063,negativos_train_0071.jpg,negativo_aug_03063.jpg,/home/irar/Escritorio/ProyectoTaxiDetector/dataset/negativos/train/negativos_train_0071.jpg,/home/irar/Escritorio/ProyectoTaxiDetector/dataset/negativos/augmented/negativo_aug_03063.jpg
3064,negativos_train_0062.jpg,negativo_aug_03064.jpg,/home/irar/Escritorio/ProyectoTaxiDetector/dataset/negativos/train/negativos_train_0062.jpg,/home/irar/Escritorio/ProyectoTaxiDetector/dataset/negativos/augmented/negativo_aug_03064.jpg
3065,negativos_train_0066.jpg,negativo_aug_03065.jpg,/home/irar/Escritorio/ProyectoTaxiDetector/dataset/negativos/train/negativos_train_0066.jpg,/home/irar/Escritorio/ProyectoTaxiDetector/dataset/negativos/augmented/negativo_aug_03065.jpg
3066,negativos_train_0353.jpg,negativo_aug_03066.jpg,/home/irar/Escritorio/ProyectoTaxiDetector/dataset/negativos/train/negativos_train_0353.jpg,/home/irar/Escritorio/ProyectoTaxiDetector/dataset/negativos/augmented/negativo_aug_03066.jpg
3067,negativos_train_0434.jpg,negativo_aug_03067.jpg,/home/irar/Escritorio/ProyectoTaxiDetector/dataset/negativos/train/negativos_train_0434.jpg,/home/irar/Escritorio/ProyectoTaxiDetector/dataset/negativos/augmented/negativo_aug_03067.jpg
3068,negativos_train_0047.jpg,negativo_aug_03068.jpg,/home/irar/Escritorio/ProyectoTaxiDetector/dataset/negativos/train/negativos_train_0047.jpg,/home/irar/Escritorio/ProyectoTaxiDetector/dataset/negativos/augmented/negativo_aug_03068.jpg
3069,negativos_train_0075.jpg,negativo_aug_03069.jpg,/home/irar/Escritorio/ProyectoTaxiDetector/dataset/negativos/train/negativos_train_0075.jpg,/home/irar/Escritorio/ProyectoTaxiDetector/dataset/negativos/augmented/negativo_aug_03069.jpg
3070,negativos_train_0589.jpg,negativo_aug_03070.jpg,/home/irar/Escritorio/ProyectoTaxiDetector/dataset/negativos/train/negativos_train_0589.jpg,/home/irar/Escritorio/ProyectoTaxiDetector/dataset/negativos/augmented/negativo_aug_03070.jpg
3071,negativos_train_0004.jpg,negativo_aug_03071.jpg,/home/irar/Escritorio/ProyectoTaxiDetector/dataset/negativos/train/negativos_train_0004.jpg,/home/irar/Escritorio/ProyectoTaxiDetector/dataset/negativos/augmented/negativo_aug_03071.jpg
3072,negativos_train_0261.jpg,negativo_aug_03072.jpg,/home/irar/Escritorio/ProyectoTaxiDetector/dataset/negativos/train/negativos_train_0261.jpg,/home/irar/Escritorio/ProyectoTaxiDetector/dataset/negativos/augmented/negativo_aug_03072.jpg
3073,negativos_train_0406.jpg,negativo_aug_03073.jpg,/home/irar/Escritorio/ProyectoTaxiDetector/dataset/negativos/train/negativos_train_0406.jpg,/home/irar/Escritorio/ProyectoTaxiDetector/dataset/negativos/augmented/negativo_aug_03073.jpg
3074,negativos_train_0023.jpg,negativo_aug_03074.jpg,/home/irar/Escritorio/ProyectoTaxiDetector/dataset/negativos/train/negativos_train_0023.jpg,/home/irar/Escritorio/ProyectoTaxiDetector/dataset/negativos/augmented/negativo_aug_03074.jpg
3075,negativos_train_0316.jpg,negativo_aug_03075.jpg,/home/irar/Escritorio/ProyectoTaxiDetector/dataset/negativos/train/negativos_train_0316.jpg,/home/irar/Escritorio/ProyectoTaxiDetector/dataset/negativos/augmented/negativo_aug_03075.jpg
3076,negativos_train_0474.jpg,negativo_aug_03076.jpg,/home/irar/Escritorio/ProyectoTaxiDetector/dataset/negativos/train/negativos_train_0474.jpg,/home/irar/Escritorio/ProyectoTaxiDetector/dataset/negativos/augmented/negativo_aug_03076.jpg
3077,negativos_train_0060.jpg,negativo_aug_03077.jpg,/home/irar/Escritorio/ProyectoTaxiDetector/dataset/negativos/train/negativos_train_0060.jpg,/home/irar/Escritorio/ProyectoTaxiDetector/dataset/negativos/augmented/negativo_aug_03077.jpg
3078,negativos_train_0468.jpg,negativo_aug_03078.jpg,/home/irar/Escritorio/ProyectoTaxiDetector/dataset/negativos/train/negativos_train_0468.jpg,/home/irar/Escritorio/ProyectoTaxiDetector/dataset/negativos/augmented/negativo_aug_03078.jpg
3079,negativos_train_0593.jpg,negativo_aug_03079.jpg,/home/irar/Escritorio/ProyectoTaxiDetector/dataset/negativos/train/negativos_train_0593.jpg,/home/irar/Escritorio/ProyectoTaxiDetector/dataset/negativos/augmented/negativo_aug_03079.jpg
3080,negativos_train_0526.jpg,negativo_aug_03080.jpg,/home/irar/Escritorio/ProyectoTaxiDetector/dataset/negativos/train/negativos_train_0526.jpg,/home/irar/Escritorio/ProyectoTaxiDetector/dataset/negativos/augmented/negativo_aug_03080.jpg
3081,negativos_train_0136.jpg,negativo_aug_03081.jpg,/home/irar/Escritorio/ProyectoTaxiDetector/dataset/negativos/train/negativos_train_0136.jpg,/home/irar/Escritorio/ProyectoTaxiDetector/dataset/negativos/augmented/negativo_aug_03081.jpg
3082,negativos_train_0465.jpg,negativo_aug_03082.jpg,/home/irar/Escritorio/ProyectoTaxiDetector/dataset/negativos/train/negativos_train_0465.jpg,/home/irar/Escritorio/ProyectoTaxiDetector/dataset/negativos/augmented/negativo_aug_03082.jpg
3083,negativos_train_0057.jpg,negativo_aug_03083.jpg,/home/irar/Escritorio/ProyectoTaxiDetector/dataset/negativos/train/negativos_train_0057.jpg,/home/irar/Escritorio/ProyectoTaxiDetector/dataset/negativos/augmented/negativo_aug_03083.jpg
3084,negativos_train_0457.jpg,negativo_aug_03084.jpg,/home/irar/Escritorio/ProyectoTaxiDetector/dataset/negativos/train/negativos_train_0457.jpg,/home/irar/Escritorio/ProyectoTaxiDetector/dataset/negativos/augmented/negativo_aug_03084.jpg
3085,negativos_train_0523.jpg,negativo_aug_03085.jpg,/home/irar/Escritorio/ProyectoTaxiDetector/dataset/negativos/train/negativos_train_0523.jpg,/home/irar/Escritorio/ProyectoTaxiDetector/dataset/negativos/augmented/negativo_aug_03085.jpg
3086,negativos_train_0094.jpg,negativo_aug_03086.jpg,/home/irar/Escritorio/ProyectoTaxiDetector/dataset/negativos/train/negativos_train_0094.jpg,/home/irar/Escritorio/ProyectoTaxiDetector/dataset/negativos/augmented/negativo_aug_03086.jpg
3087,negativos_train_0501.jpg,negativo_aug_03087.jpg,/home/irar/Escritorio/ProyectoTaxiDetector/dataset/negativos/train/negativos_train_0501.jpg,/home/irar/Escritorio/ProyectoTaxiDetector/dataset/negativos/augmented/negativo_aug_03087.jpg
3088,negativos_train_0211.jpg,negativo_aug_03088.jpg,/home/irar/Escritorio/ProyectoTaxiDetector/dataset/negativos/train/negativos_train_0211.jpg,/home/irar/Escritorio/ProyectoTaxiDetector/dataset/negativos/augmented/negativo_aug_03088.jpg
3089,negativos_train_0120.jpg,negativo_aug_03089.jpg,/home/irar/Escritorio/ProyectoTaxiDetector/dataset/negativos/train/negativos_train_0120.jpg,/home/irar/Escritorio/ProyectoTaxiDetector/dataset/negativos/augmented/negativo_aug_03089.jpg
3090,negativos_train_0453.jpg,negativo_aug_03090.jpg,/home/irar/Escritorio/ProyectoTaxiDetector/dataset/negativos/train/negativos_train_0453.jpg,/home/irar/Escritorio/ProyectoTaxiDetector/dataset/negativos/augmented/negativo_aug_03090.jpg
3091,negativos_train_0533.jpg,negativo_aug_03091.jpg,/home/irar/Escritorio/ProyectoTaxiDetector/dataset/negativos/train/negativos_train_0533.jpg,/home/irar/Escritorio/ProyectoTaxiDetector/dataset/negativos/augmented/negativo_aug_03091.jpg
3092,negativos_train_0336.jpg,negativo_aug_03092.jpg,/home/irar/Escritorio/ProyectoTaxiDetector/dataset/negativos/train/negativos_train_0336.jpg,/home/irar/Escritorio/ProyectoTaxiDetector/dataset/negativos/augmented/negativo_aug_03092.jpg
3093,negativos_train_0169.jpg,negativo_aug_03093.jpg,/home/irar/Escritorio/ProyectoTaxiDetector/dataset/negativos/train/negativos_train_0169.jpg,/home/irar/Escritorio/ProyectoTaxiDetector/dataset/negativos/augmented/negativo_aug_03093.jpg
3094,negativos_train_0154.jpg,negativo_aug_03094.jpg,/home/irar/Escritorio/ProyectoTaxiDetector/dataset/negativos/train/negativos_train_0154.jpg,/home/irar/Escritorio/ProyectoTaxiDetector/dataset/negativos/augmented/negativo_aug_03094.jpg
3095,negativos_train_0550.jpg,negativo_aug_03095.jpg,/home/irar/Escritorio/ProyectoTaxiDetector/dataset/negativos/train/negativos_train_0550.jpg,/home/irar/Escritorio/ProyectoTaxiDetector/dataset/negativos/augmented/negativo_aug_03095.jpg
3096,negativos_train_0208.jpg,negativo_aug_03096.jpg,/home/irar/Escritorio/ProyectoTaxiDetector/dataset/negativos/train/negativos_train_0208.jpg,/home/irar/Escritorio/ProyectoTaxiDetector/dataset/negativos/augmented/negativo_aug_03096.jpg
3097,negativos_train_0518.jpg,negativo_aug_03097.jpg,/home/irar/Escritorio/ProyectoTaxiDetector/dataset/negativos/train/negativos_train_0518.jpg,/home/irar/Escritorio/ProyectoTaxiDetector/dataset/negativos/augmented/negativo_aug_03097.jpg
3098,negativos_train_0561.jpg,negativo_aug_03098.jpg,/home/irar/Escritorio/ProyectoTaxiDetector/dataset/negativos/train/negativos_train_0561.jpg,/home/irar/Escritorio/ProyectoTaxiDetector/dataset/negativos/augmented/negativo_aug_03098.jpg
3099,negativos_train_0611.jpg,negativo_aug_03099.jpg,/home/irar/Escritorio/ProyectoTaxiDetector/dataset/negativos/train/negativos_train_0611.jpg,/home/irar/Escritorio/ProyectoTaxiDetector/dataset/negativos/augmented/negativo_aug_03099.jpg
3100,negativos_train_0115.jpg,negativo_aug_03100.jpg,/home/irar/Escritorio/ProyectoTaxiDetector/dataset/negativos/train/negativos_train_0115.jpg,/home/irar/Escritorio/ProyectoTaxiDetector/dataset/negativos/augmented/negativo_aug_03100.jpg
