nombre_original,nombre_nuevo,conjunto,ruta_original
192.jpg,negativos_train_0001.jpg,train,/home/irar/Escritorio/ProyectoTaxiDetector/dataset/negativos/originales/192.jpg
979.jpg,negativos_train_0002.jpg,train,/home/irar/Escritorio/ProyectoTaxiDetector/dataset/negativos/originales/979.jpg
548.jpg,negativos_train_0003.jpg,train,/home/irar/Escritorio/ProyectoTaxiDetector/dataset/negativos/originales/548.jpg
576.jpg,negativos_train_0004.jpg,train,/home/irar/Escritorio/ProyectoTaxiDetector/dataset/negativos/originales/576.jpg
69.jpg,negativos_train_0005.jpg,train,/home/irar/Escritorio/ProyectoTaxiDetector/dataset/negativos/originales/69.jpg
975.jpg,negativos_train_0006.jpg,train,/home/irar/Escritorio/ProyectoTaxiDetector/dataset/negativos/originales/975.jpg
355.jpg,negativos_train_0007.jpg,train,/home/irar/Escritorio/ProyectoTaxiDetector/dataset/negativos/originales/355.jpg
654.jpg,negativos_train_0008.jpg,train,/home/irar/Escritorio/ProyectoTaxiDetector/dataset/negativos/originales/654.jpg
419.jpg,negativos_train_0009.jpg,train,/home/irar/Escritorio/ProyectoTaxiDetector/dataset/negativos/originales/419.jpg
590.jpg,negativos_train_0010.jpg,train,/home/irar/Escritorio/ProyectoTaxiDetector/dataset/negativos/originales/590.jpg
274.jpg,negativos_train_0011.jpg,train,/home/irar/Escritorio/ProyectoTaxiDetector/dataset/negativos/originales/274.jpg
399.jpg,negativos_train_0012.jpg,train,/home/irar/Escritorio/ProyectoTaxiDetector/dataset/negativos/originales/399.jpg
134.jpg,negativos_train_0013.jpg,train,/home/irar/Escritorio/ProyectoTaxiDetector/dataset/negativos/originales/134.jpg
476.jpg,negativos_train_0014.jpg,train,/home/irar/Escritorio/ProyectoTaxiDetector/dataset/negativos/originales/476.jpg
639.jpg,negativos_train_0015.jpg,train,/home/irar/Escritorio/ProyectoTaxiDetector/dataset/negativos/originales/639.jpg
641.jpg,negativos_train_0016.jpg,train,/home/irar/Escritorio/ProyectoTaxiDetector/dataset/negativos/originales/641.jpg
620.jpg,negativos_train_0017.jpg,train,/home/irar/Escritorio/ProyectoTaxiDetector/dataset/negativos/originales/620.jpg
789.jpg,negativos_train_0018.jpg,train,/home/irar/Escritorio/ProyectoTaxiDetector/dataset/negativos/originales/789.jpg
454.jpg,negativos_train_0019.jpg,train,/home/irar/Escritorio/ProyectoTaxiDetector/dataset/negativos/originales/454.jpg
299.jpg,negativos_train_0020.jpg,train,/home/irar/Escritorio/ProyectoTaxiDetector/dataset/negativos/originales/299.jpg
950.jpg,negativos_train_0021.jpg,train,/home/irar/Escritorio/ProyectoTaxiDetector/dataset/negativos/originales/950.jpg
498.jpg,negativos_train_0022.jpg,train,/home/irar/Escritorio/ProyectoTaxiDetector/dataset/negativos/originales/498.jpg
649.jpg,negativos_train_0023.jpg,train,/home/irar/Escritorio/ProyectoTaxiDetector/dataset/negativos/originales/649.jpg
663.jpg,negativos_train_0024.jpg,train,/home/irar/Escritorio/ProyectoTaxiDetector/dataset/negativos/originales/663.jpg
919.jpg,negativos_train_0025.jpg,train,/home/irar/Escritorio/ProyectoTaxiDetector/dataset/negativos/originales/919.jpg
79.jpg,negativos_train_0026.jpg,train,/home/irar/Escritorio/ProyectoTaxiDetector/dataset/negativos/originales/79.jpg
497.jpg,negativos_train_0027.jpg,train,/home/irar/Escritorio/ProyectoTaxiDetector/dataset/negativos/originales/497.jpg
91.jpg,negativos_train_0028.jpg,train,/home/irar/Escritorio/ProyectoTaxiDetector/dataset/negativos/originales/91.jpg
634.jpg,negativos_train_0029.jpg,train,/home/irar/Escritorio/ProyectoTaxiDetector/dataset/negativos/originales/634.jpg
836.jpg,negativos_train_0030.jpg,train,/home/irar/Escritorio/ProyectoTaxiDetector/dataset/negativos/originales/836.jpg
924.jpg,negativos_train_0031.jpg,train,/home/irar/Escritorio/ProyectoTaxiDetector/dataset/negativos/originales/924.jpg
338.jpg,negativos_train_0032.jpg,train,/home/irar/Escritorio/ProyectoTaxiDetector/dataset/negativos/originales/338.jpg
141.jpg,negativos_train_0033.jpg,train,/home/irar/Escritorio/ProyectoTaxiDetector/dataset/negativos/originales/141.jpg
969.jpg,negativos_train_0034.jpg,train,/home/irar/Escritorio/ProyectoTaxiDetector/dataset/negativos/originales/969.jpg
652.jpg,negativos_train_0035.jpg,train,/home/irar/Escritorio/ProyectoTaxiDetector/dataset/negativos/originales/652.jpg
276.jpg,negativos_train_0036.jpg,train,/home/irar/Escritorio/ProyectoTaxiDetector/dataset/negativos/originales/276.jpg
471.jpg,negativos_train_0037.jpg,train,/home/irar/Escritorio/ProyectoTaxiDetector/dataset/negativos/originales/471.jpg
491.jpg,negativos_train_0038.jpg,train,/home/irar/Escritorio/ProyectoTaxiDetector/dataset/negativos/originales/491.jpg
564.jpg,negativos_train_0039.jpg,train,/home/irar/Escritorio/ProyectoTaxiDetector/dataset/negativos/originales/564.jpg
781.jpg,negativos_train_0040.jpg,train,/home/irar/Escritorio/ProyectoTaxiDetector/dataset/negativos/originales/781.jpg
826.jpg,negativos_train_0041.jpg,train,/home/irar/Escritorio/ProyectoTaxiDetector/dataset/negativos/originales/826.jpg
481.jpg,negativos_train_0042.jpg,train,/home/irar/Escritorio/ProyectoTaxiDetector/dataset/negativos/originales/481.jpg
252.jpg,negativos_train_0043.jpg,train,/home/irar/Escritorio/ProyectoTaxiDetector/dataset/negativos/originales/252.jpg
467.jpg,negativos_train_0044.jpg,train,/home/irar/Escritorio/ProyectoTaxiDetector/dataset/negativos/originales/467.jpg
742.jpg,negativos_train_0045.jpg,train,/home/irar/Escritorio/ProyectoTaxiDetector/dataset/negativos/originales/742.jpg
153.jpg,negativos_train_0046.jpg,train,/home/irar/Escritorio/ProyectoTaxiDetector/dataset/negativos/originales/153.jpg
793.jpg,negativos_train_0047.jpg,train,/home/irar/Escritorio/ProyectoTaxiDetector/dataset/negativos/originales/793.jpg
44.jpg,negativos_train_0048.jpg,train,/home/irar/Escritorio/ProyectoTaxiDetector/dataset/negativos/originales/44.jpg
722.jpg,negativos_train_0049.jpg,train,/home/irar/Escritorio/ProyectoTaxiDetector/dataset/negativos/originales/722.jpg
664.jpg,negativos_train_0050.jpg,train,/home/irar/Escritorio/ProyectoTaxiDetector/dataset/negativos/originales/664.jpg
423.jpg,negativos_train_0051.jpg,train,/home/irar/Escritorio/ProyectoTaxiDetector/dataset/negativos/originales/423.jpg
599.jpg,negativos_train_0052.jpg,train,/home/irar/Escritorio/ProyectoTaxiDetector/dataset/negativos/originales/599.jpg
772.jpg,negativos_train_0053.jpg,train,/home/irar/Escritorio/ProyectoTaxiDetector/dataset/negativos/originales/772.jpg
583.jpg,negativos_train_0054.jpg,train,/home/irar/Escritorio/ProyectoTaxiDetector/dataset/negativos/originales/583.jpg
328.jpg,negativos_train_0055.jpg,train,/home/irar/Escritorio/ProyectoTaxiDetector/dataset/negativos/originales/328.jpg
351.jpg,negativos_train_0056.jpg,train,/home/irar/Escritorio/ProyectoTaxiDetector/dataset/negativos/originales/351.jpg
947.jpg,negativos_train_0057.jpg,train,/home/irar/Escritorio/ProyectoTaxiDetector/dataset/negativos/originales/947.jpg
689.jpg,negativos_train_0058.jpg,train,/home/irar/Escritorio/ProyectoTaxiDetector/dataset/negativos/originales/689.jpg
738.jpg,negativos_train_0059.jpg,train,/home/irar/Escritorio/ProyectoTaxiDetector/dataset/negativos/originales/738.jpg
59.jpg,negativos_train_0060.jpg,train,/home/irar/Escritorio/ProyectoTaxiDetector/dataset/negativos/originales/59.jpg
637.jpg,negativos_train_0061.jpg,train,/home/irar/Escritorio/ProyectoTaxiDetector/dataset/negativos/originales/637.jpg
912.jpg,negativos_train_0062.jpg,train,/home/irar/Escritorio/ProyectoTaxiDetector/dataset/negativos/originales/912.jpg
967.jpg,negativos_train_0063.jpg,train,/home/irar/Escritorio/ProyectoTaxiDetector/dataset/negativos/originales/967.jpg
346.jpg,negativos_train_0064.jpg,train,/home/irar/Escritorio/ProyectoTaxiDetector/dataset/negativos/originales/346.jpg
881.jpg,negativos_train_0065.jpg,train,/home/irar/Escritorio/ProyectoTaxiDetector/dataset/negativos/originales/881.jpg
695.jpg,negativos_train_0066.jpg,train,/home/irar/Escritorio/ProyectoTaxiDetector/dataset/negativos/originales/695.jpg
918.jpg,negativos_train_0067.jpg,train,/home/irar/Escritorio/ProyectoTaxiDetector/dataset/negativos/originales/918.jpg
256.jpg,negativos_train_0068.jpg,train,/home/irar/Escritorio/ProyectoTaxiDetector/dataset/negativos/originales/256.jpg
795.jpg,negativos_train_0069.jpg,train,/home/irar/Escritorio/ProyectoTaxiDetector/dataset/negativos/originales/795.jpg
553.jpg,negativos_train_0070.jpg,train,/home/irar/Escritorio/ProyectoTaxiDetector/dataset/negativos/originales/553.jpg
675.jpg,negativos_train_0071.jpg,train,/home/irar/Escritorio/ProyectoTaxiDetector/dataset/negativos/originales/675.jpg
130.jpg,negativos_train_0072.jpg,train,/home/irar/Escritorio/ProyectoTaxiDetector/dataset/negativos/originales/130.jpg
218.jpg,negativos_train_0073.jpg,train,/home/irar/Escritorio/ProyectoTaxiDetector/dataset/negativos/originales/218.jpg
61.jpg,negativos_train_0074.jpg,train,/home/irar/Escritorio/ProyectoTaxiDetector/dataset/negativos/originales/61.jpg
279.jpg,negativos_train_0075.jpg,train,/home/irar/Escritorio/ProyectoTaxiDetector/dataset/negativos/originales/279.jpg
335.jpg,negativos_train_0076.jpg,train,/home/irar/Escritorio/ProyectoTaxiDetector/dataset/negativos/originales/335.jpg
788.jpg,negativos_train_0077.jpg,train,/home/irar/Escritorio/ProyectoTaxiDetector/dataset/negativos/originales/788.jpg
526.jpg,negativos_train_0078.jpg,train,/home/irar/Escritorio/ProyectoTaxiDetector/dataset/negativos/originales/526.jpg
139.jpg,negativos_train_0079.jpg,train,/home/irar/Escritorio/ProyectoTaxiDetector/dataset/negativos/originales/139.jpg
15.jpg,negativos_train_0080.jpg,train,/home/irar/Escritorio/ProyectoTaxiDetector/dataset/negativos/originales/15.jpg
90.jpg,negativos_train_0081.jpg,train,/home/irar/Escritorio/ProyectoTaxiDetector/dataset/negativos/originales/90.jpg
770.jpg,negativos_train_0082.jpg,train,/home/irar/Escritorio/ProyectoTaxiDetector/dataset/negativos/originales/770.jpg
42.jpg,negativos_train_0083.jpg,train,/home/irar/Escritorio/ProyectoTaxiDetector/dataset/negativos/originales/42.jpg
344.jpg,negativos_train_0084.jpg,train,/home/irar/Escritorio/ProyectoTaxiDetector/dataset/negativos/originales/344.jpg
365.jpg,negativos_train_0085.jpg,train,/home/irar/Escritorio/ProyectoTaxiDetector/dataset/negativos/originales/365.jpg
390.jpg,negativos_train_0086.jpg,train,/home/irar/Escritorio/ProyectoTaxiDetector/dataset/negativos/originales/390.jpg
618.jpg,negativos_train_0087.jpg,train,/home/irar/Escritorio/ProyectoTaxiDetector/dataset/negativos/originales/618.jpg
855.jpg,negativos_train_0088.jpg,train,/home/irar/Escritorio/ProyectoTaxiDetector/dataset/negativos/originales/855.jpg
186.jpg,negativos_train_0089.jpg,train,/home/irar/Escritorio/ProyectoTaxiDetector/dataset/negativos/originales/186.jpg
846.jpg,negativos_train_0090.jpg,train,/home/irar/Escritorio/ProyectoTaxiDetector/dataset/negativos/originales/846.jpg
753.jpg,negativos_train_0091.jpg,train,/home/irar/Escritorio/ProyectoTaxiDetector/dataset/negativos/originales/753.jpg
531.jpg,negativos_train_0092.jpg,train,/home/irar/Escritorio/ProyectoTaxiDetector/dataset/negativos/originales/531.jpg
776.jpg,negativos_train_0093.jpg,train,/home/irar/Escritorio/ProyectoTaxiDetector/dataset/negativos/originales/776.jpg
730.jpg,negativos_train_0094.jpg,train,/home/irar/Escritorio/ProyectoTaxiDetector/dataset/negativos/originales/730.jpg
951.jpg,negativos_train_0095.jpg,train,/home/irar/Escritorio/ProyectoTaxiDetector/dataset/negativos/originales/951.jpg
965.jpg,negativos_train_0096.jpg,train,/home/irar/Escritorio/ProyectoTaxiDetector/dataset/negativos/originales/965.jpg
137.jpg,negativos_train_0097.jpg,train,/home/irar/Escritorio/ProyectoTaxiDetector/dataset/negativos/originales/137.jpg
757.jpg,negativos_train_0098.jpg,train,/home/irar/Escritorio/ProyectoTaxiDetector/dataset/negativos/originales/757.jpg
510.jpg,negativos_train_0099.jpg,train,/home/irar/Escritorio/ProyectoTaxiDetector/dataset/negativos/originales/510.jpg
832.jpg,negativos_train_0100.jpg,train,/home/irar/Escritorio/ProyectoTaxiDetector/dataset/negativos/originales/832.jpg
341.jpg,negativos_train_0101.jpg,train,/home/irar/Escritorio/ProyectoTaxiDetector/dataset/negativos/originales/341.jpg
532.jpg,negativos_train_0102.jpg,train,/home/irar/Escritorio/ProyectoTaxiDetector/dataset/negativos/originales/532.jpg
485.jpg,negativos_train_0103.jpg,train,/home/irar/Escritorio/ProyectoTaxiDetector/dataset/negativos/originales/485.jpg
713.jpg,negativos_train_0104.jpg,train,/home/irar/Escritorio/ProyectoTaxiDetector/dataset/negativos/originales/713.jpg
945.jpg,negativos_train_0105.jpg,train,/home/irar/Escritorio/ProyectoTaxiDetector/dataset/negativos/originales/945.jpg
593.jpg,negativos_train_0106.jpg,train,/home/irar/Escritorio/ProyectoTaxiDetector/dataset/negativos/originales/593.jpg
778.jpg,negativos_train_0107.jpg,train,/home/irar/Escritorio/ProyectoTaxiDetector/dataset/negativos/originales/778.jpg
36.jpg,negativos_train_0108.jpg,train,/home/irar/Escritorio/ProyectoTaxiDetector/dataset/negativos/originales/36.jpg
582.jpg,negativos_train_0109.jpg,train,/home/irar/Escritorio/ProyectoTaxiDetector/dataset/negativos/originales/582.jpg
281.jpg,negativos_train_0110.jpg,train,/home/irar/Escritorio/ProyectoTaxiDetector/dataset/negativos/originales/281.jpg
458.jpg,negativos_train_0111.jpg,train,/home/irar/Escritorio/ProyectoTaxiDetector/dataset/negativos/originales/458.jpg
856.jpg,negativos_train_0112.jpg,train,/home/irar/Escritorio/ProyectoTaxiDetector/dataset/negativos/originales/856.jpg
686.jpg,negativos_train_0113.jpg,train,/home/irar/Escritorio/ProyectoTaxiDetector/dataset/negativos/originales/686.jpg
528.jpg,negativos_train_0114.jpg,train,/home/irar/Escritorio/ProyectoTaxiDetector/dataset/negativos/originales/528.jpg
440.jpg,negativos_train_0115.jpg,train,/home/irar/Escritorio/ProyectoTaxiDetector/dataset/negativos/originales/440.jpg
894.jpg,negativos_train_0116.jpg,train,/home/irar/Escritorio/ProyectoTaxiDetector/dataset/negativos/originales/894.jpg
93.jpg,negativos_train_0117.jpg,train,/home/irar/Escritorio/ProyectoTaxiDetector/dataset/negativos/originales/93.jpg
914.jpg,negativos_train_0118.jpg,train,/home/irar/Escritorio/ProyectoTaxiDetector/dataset/negativos/originales/914.jpg
524.jpg,negativos_train_0119.jpg,train,/home/irar/Escritorio/ProyectoTaxiDetector/dataset/negativos/originales/524.jpg
687.jpg,negativos_train_0120.jpg,train,/home/irar/Escritorio/ProyectoTaxiDetector/dataset/negativos/originales/687.jpg
721.jpg,negativos_train_0121.jpg,train,/home/irar/Escritorio/ProyectoTaxiDetector/dataset/negativos/originales/721.jpg
463.jpg,negativos_train_0122.jpg,train,/home/irar/Escritorio/ProyectoTaxiDetector/dataset/negativos/originales/463.jpg
555.jpg,negativos_train_0123.jpg,train,/home/irar/Escritorio/ProyectoTaxiDetector/dataset/negativos/originales/555.jpg
56.jpg,negativos_train_0124.jpg,train,/home/irar/Escritorio/ProyectoTaxiDetector/dataset/negativos/originales/56.jpg
213.jpg,negativos_train_0125.jpg,train,/home/irar/Escritorio/ProyectoTaxiDetector/dataset/negativos/originales/213.jpg
157.jpg,negativos_train_0126.jpg,train,/home/irar/Escritorio/ProyectoTaxiDetector/dataset/negativos/originales/157.jpg
824.jpg,negativos_train_0127.jpg,train,/home/irar/Escritorio/ProyectoTaxiDetector/dataset/negativos/originales/824.jpg
829.jpg,negativos_train_0128.jpg,train,/home/irar/Escritorio/ProyectoTaxiDetector/dataset/negativos/originales/829.jpg
99.jpg,negativos_train_0129.jpg,train,/home/irar/Escritorio/ProyectoTaxiDetector/dataset/negativos/originales/99.jpg
235.jpg,negativos_train_0130.jpg,train,/home/irar/Escritorio/ProyectoTaxiDetector/dataset/negativos/originales/235.jpg
459.jpg,negativos_train_0131.jpg,train,/home/irar/Escritorio/ProyectoTaxiDetector/dataset/negativos/originales/459.jpg
254.jpg,negativos_train_0132.jpg,train,/home/irar/Escritorio/ProyectoTaxiDetector/dataset/negativos/originales/254.jpg
764.jpg,negativos_train_0133.jpg,train,/home/irar/Escritorio/ProyectoTaxiDetector/dataset/negativos/originales/764.jpg
189.jpg,negativos_train_0134.jpg,train,/home/irar/Escritorio/ProyectoTaxiDetector/dataset/negativos/originales/189.jpg
816.jpg,negativos_train_0135.jpg,train,/home/irar/Escritorio/ProyectoTaxiDetector/dataset/negativos/originales/816.jpg
983.jpg,negativos_train_0136.jpg,train,/home/irar/Escritorio/ProyectoTaxiDetector/dataset/negativos/originales/983.jpg
537.jpg,negativos_train_0137.jpg,train,/home/irar/Escritorio/ProyectoTaxiDetector/dataset/negativos/originales/537.jpg
132.jpg,negativos_train_0138.jpg,train,/home/irar/Escritorio/ProyectoTaxiDetector/dataset/negativos/originales/132.jpg
39.jpg,negativos_train_0139.jpg,train,/home/irar/Escritorio/ProyectoTaxiDetector/dataset/negativos/originales/39.jpg
611.jpg,negativos_train_0140.jpg,train,/home/irar/Escritorio/ProyectoTaxiDetector/dataset/negativos/originales/611.jpg
154.jpg,negativos_train_0141.jpg,train,/home/irar/Escritorio/ProyectoTaxiDetector/dataset/negativos/originales/154.jpg
956.jpg,negativos_train_0142.jpg,train,/home/irar/Escritorio/ProyectoTaxiDetector/dataset/negativos/originales/956.jpg
74.jpg,negativos_train_0143.jpg,train,/home/irar/Escritorio/ProyectoTaxiDetector/dataset/negativos/originales/74.jpg
374.jpg,negativos_train_0144.jpg,train,/home/irar/Escritorio/ProyectoTaxiDetector/dataset/negativos/originales/374.jpg
293.jpg,negativos_train_0145.jpg,train,/home/irar/Escritorio/ProyectoTaxiDetector/dataset/negativos/originales/293.jpg
978.jpg,negativos_train_0146.jpg,train,/home/irar/Escritorio/ProyectoTaxiDetector/dataset/negativos/originales/978.jpg
717.jpg,negativos_train_0147.jpg,train,/home/irar/Escritorio/ProyectoTaxiDetector/dataset/negativos/originales/717.jpg
433.jpg,negativos_train_0148.jpg,train,/home/irar/Escritorio/ProyectoTaxiDetector/dataset/negativos/originales/433.jpg
910.jpg,negativos_train_0149.jpg,train,/home/irar/Escritorio/ProyectoTaxiDetector/dataset/negativos/originales/910.jpg
819.jpg,negativos_train_0150.jpg,train,/home/irar/Escritorio/ProyectoTaxiDetector/dataset/negativos/originales/819.jpg
875.jpg,negativos_train_0151.jpg,train,/home/irar/Escritorio/ProyectoTaxiDetector/dataset/negativos/originales/875.jpg
925.jpg,negativos_train_0152.jpg,train,/home/irar/Escritorio/ProyectoTaxiDetector/dataset/negativos/originales/925.jpg
310.jpg,negativos_train_0153.jpg,train,/home/irar/Escritorio/ProyectoTaxiDetector/dataset/negativos/originales/310.jpg
493.jpg,negativos_train_0154.jpg,train,/home/irar/Escritorio/ProyectoTaxiDetector/dataset/negativos/originales/493.jpg
53.jpg,negativos_train_0155.jpg,train,/home/irar/Escritorio/ProyectoTaxiDetector/dataset/negativos/originales/53.jpg
135.jpg,negativos_train_0156.jpg,train,/home/irar/Escritorio/ProyectoTaxiDetector/dataset/negativos/originales/135.jpg
561.jpg,negativos_train_0157.jpg,train,/home/irar/Escritorio/ProyectoTaxiDetector/dataset/negativos/originales/561.jpg
31.jpg,negativos_train_0158.jpg,train,/home/irar/Escritorio/ProyectoTaxiDetector/dataset/negativos/originales/31.jpg
164.jpg,negativos_train_0159.jpg,train,/home/irar/Escritorio/ProyectoTaxiDetector/dataset/negativos/originales/164.jpg
680.jpg,negativos_train_0160.jpg,train,/home/irar/Escritorio/ProyectoTaxiDetector/dataset/negativos/originales/680.jpg
30.jpg,negativos_train_0161.jpg,train,/home/irar/Escritorio/ProyectoTaxiDetector/dataset/negativos/originales/30.jpg
811.jpg,negativos_train_0162.jpg,train,/home/irar/Escritorio/ProyectoTaxiDetector/dataset/negativos/originales/811.jpg
677.jpg,negativos_train_0163.jpg,train,/home/irar/Escritorio/ProyectoTaxiDetector/dataset/negativos/originales/677.jpg
595.jpg,negativos_train_0164.jpg,train,/home/irar/Escritorio/ProyectoTaxiDetector/dataset/negativos/originales/595.jpg
550.jpg,negativos_train_0165.jpg,train,/home/irar/Escritorio/ProyectoTaxiDetector/dataset/negativos/originales/550.jpg
118.jpg,negativos_train_0166.jpg,train,/home/irar/Escritorio/ProyectoTaxiDetector/dataset/negativos/originales/118.jpg
124.jpg,negativos_train_0167.jpg,train,/home/irar/Escritorio/ProyectoTaxiDetector/dataset/negativos/originales/124.jpg
920.jpg,negativos_train_0168.jpg,train,/home/irar/Escritorio/ProyectoTaxiDetector/dataset/negativos/originales/920.jpg
591.jpg,negativos_train_0169.jpg,train,/home/irar/Escritorio/ProyectoTaxiDetector/dataset/negativos/originales/591.jpg
45.jpg,negativos_train_0170.jpg,train,/home/irar/Escritorio/ProyectoTaxiDetector/dataset/negativos/originales/45.jpg
120.jpg,negativos_train_0171.jpg,train,/home/irar/Escritorio/ProyectoTaxiDetector/dataset/negativos/originales/120.jpg
64.jpg,negativos_train_0172.jpg,train,/home/irar/Escritorio/ProyectoTaxiDetector/dataset/negativos/originales/64.jpg
864.jpg,negativos_train_0173.jpg,train,/home/irar/Escritorio/ProyectoTaxiDetector/dataset/negativos/originales/864.jpg
633.jpg,negativos_train_0174.jpg,train,/home/irar/Escritorio/ProyectoTaxiDetector/dataset/negativos/originales/633.jpg
674.jpg,negativos_train_0175.jpg,train,/home/irar/Escritorio/ProyectoTaxiDetector/dataset/negativos/originales/674.jpg
167.jpg,negativos_train_0176.jpg,train,/home/irar/Escritorio/ProyectoTaxiDetector/dataset/negativos/originales/167.jpg
86.jpg,negativos_train_0177.jpg,train,/home/irar/Escritorio/ProyectoTaxiDetector/dataset/negativos/originales/86.jpg
933.jpg,negativos_train_0178.jpg,train,/home/irar/Escritorio/ProyectoTaxiDetector/dataset/negativos/originales/933.jpg
285.jpg,negativos_train_0179.jpg,train,/home/irar/Escritorio/ProyectoTaxiDetector/dataset/negativos/originales/285.jpg
46.jpg,negativos_train_0180.jpg,train,/home/irar/Escritorio/ProyectoTaxiDetector/dataset/negativos/originales/46.jpg
57.jpg,negativos_train_0181.jpg,train,/home/irar/Escritorio/ProyectoTaxiDetector/dataset/negativos/originales/57.jpg
616.jpg,negativos_train_0182.jpg,train,/home/irar/Escritorio/ProyectoTaxiDetector/dataset/negativos/originales/616.jpg
581.jpg,negativos_train_0183.jpg,train,/home/irar/Escritorio/ProyectoTaxiDetector/dataset/negativos/originales/581.jpg
554.jpg,negativos_train_0184.jpg,train,/home/irar/Escritorio/ProyectoTaxiDetector/dataset/negativos/originales/554.jpg
820.jpg,negativos_train_0185.jpg,train,/home/irar/Escritorio/ProyectoTaxiDetector/dataset/negativos/originales/820.jpg
610.jpg,negativos_train_0186.jpg,train,/home/irar/Escritorio/ProyectoTaxiDetector/dataset/negativos/originales/610.jpg
420.jpg,negativos_train_0187.jpg,train,/home/irar/Escritorio/ProyectoTaxiDetector/dataset/negativos/originales/420.jpg
948.jpg,negativos_train_0188.jpg,train,/home/irar/Escritorio/ProyectoTaxiDetector/dataset/negativos/originales/948.jpg
844.jpg,negativos_train_0189.jpg,train,/home/irar/Escritorio/ProyectoTaxiDetector/dataset/negativos/originales/844.jpg
14.jpg,negativos_train_0190.jpg,train,/home/irar/Escritorio/ProyectoTaxiDetector/dataset/negativos/originales/14.jpg
719.jpg,negativos_train_0191.jpg,train,/home/irar/Escritorio/ProyectoTaxiDetector/dataset/negativos/originales/719.jpg
889.jpg,negativos_train_0192.jpg,train,/home/irar/Escritorio/ProyectoTaxiDetector/dataset/negativos/originales/889.jpg
577.jpg,negativos_train_0193.jpg,train,/home/irar/Escritorio/ProyectoTaxiDetector/dataset/negativos/originales/577.jpg
298.jpg,negativos_train_0194.jpg,train,/home/irar/Escritorio/ProyectoTaxiDetector/dataset/negativos/originales/298.jpg
468.jpg,negativos_train_0195.jpg,train,/home/irar/Escritorio/ProyectoTaxiDetector/dataset/negativos/originales/468.jpg
249.jpg,negativos_train_0196.jpg,train,/home/irar/Escritorio/ProyectoTaxiDetector/dataset/negativos/originales/249.jpg
588.jpg,negativos_train_0197.jpg,train,/home/irar/Escritorio/ProyectoTaxiDetector/dataset/negativos/originales/588.jpg
860.jpg,negativos_train_0198.jpg,train,/home/irar/Escritorio/ProyectoTaxiDetector/dataset/negativos/originales/860.jpg
966.jpg,negativos_train_0199.jpg,train,/home/irar/Escritorio/ProyectoTaxiDetector/dataset/negativos/originales/966.jpg
54.jpg,negativos_train_0200.jpg,train,/home/irar/Escritorio/ProyectoTaxiDetector/dataset/negativos/originales/54.jpg
991.jpg,negativos_train_0201.jpg,train,/home/irar/Escritorio/ProyectoTaxiDetector/dataset/negativos/originales/991.jpg
755.jpg,negativos_train_0202.jpg,train,/home/irar/Escritorio/ProyectoTaxiDetector/dataset/negativos/originales/755.jpg
353.jpg,negativos_train_0203.jpg,train,/home/irar/Escritorio/ProyectoTaxiDetector/dataset/negativos/originales/353.jpg
147.jpg,negativos_train_0204.jpg,train,/home/irar/Escritorio/ProyectoTaxiDetector/dataset/negativos/originales/147.jpg
286.jpg,negativos_train_0205.jpg,train,/home/irar/Escritorio/ProyectoTaxiDetector/dataset/negativos/originales/286.jpg
926.jpg,negativos_train_0206.jpg,train,/home/irar/Escritorio/ProyectoTaxiDetector/dataset/negativos/originales/926.jpg
724.jpg,negativos_train_0207.jpg,train,/home/irar/Escritorio/ProyectoTaxiDetector/dataset/negativos/originales/724.jpg
275.jpg,negativos_train_0208.jpg,train,/home/irar/Escritorio/ProyectoTaxiDetector/dataset/negativos/originales/275.jpg
878.jpg,negativos_train_0209.jpg,train,/home/irar/Escritorio/ProyectoTaxiDetector/dataset/negativos/originales/878.jpg
431.jpg,negativos_train_0210.jpg,train,/home/irar/Escritorio/ProyectoTaxiDetector/dataset/negativos/originales/431.jpg
333.jpg,negativos_train_0211.jpg,train,/home/irar/Escritorio/ProyectoTaxiDetector/dataset/negativos/originales/333.jpg
760.jpg,negativos_train_0212.jpg,train,/home/irar/Escritorio/ProyectoTaxiDetector/dataset/negativos/originales/760.jpg
617.jpg,negativos_train_0213.jpg,train,/home/irar/Escritorio/ProyectoTaxiDetector/dataset/negativos/originales/617.jpg
729.jpg,negativos_train_0214.jpg,train,/home/irar/Escritorio/ProyectoTaxiDetector/dataset/negativos/originales/729.jpg
940.jpg,negativos_train_0215.jpg,train,/home/irar/Escritorio/ProyectoTaxiDetector/dataset/negativos/originales/940.jpg
496.jpg,negativos_train_0216.jpg,train,/home/irar/Escritorio/ProyectoTaxiDetector/dataset/negativos/originales/496.jpg
41.jpg,negativos_train_0217.jpg,train,/home/irar/Escritorio/ProyectoTaxiDetector/dataset/negativos/originales/41.jpg
16.jpg,negativos_train_0218.jpg,train,/home/irar/Escritorio/ProyectoTaxiDetector/dataset/negativos/originales/16.jpg
863.jpg,negativos_train_0219.jpg,train,/home/irar/Escritorio/ProyectoTaxiDetector/dataset/negativos/originales/863.jpg
410.jpg,negativos_train_0220.jpg,train,/home/irar/Escritorio/ProyectoTaxiDetector/dataset/negativos/originales/410.jpg
367.jpg,negativos_train_0221.jpg,train,/home/irar/Escritorio/ProyectoTaxiDetector/dataset/negativos/originales/367.jpg
289.jpg,negativos_train_0222.jpg,train,/home/irar/Escritorio/ProyectoTaxiDetector/dataset/negativos/originales/289.jpg
291.jpg,negativos_train_0223.jpg,train,/home/irar/Escritorio/ProyectoTaxiDetector/dataset/negativos/originales/291.jpg
631.jpg,negativos_train_0224.jpg,train,/home/irar/Escritorio/ProyectoTaxiDetector/dataset/negativos/originales/631.jpg
939.jpg,negativos_train_0225.jpg,train,/home/irar/Escritorio/ProyectoTaxiDetector/dataset/negativos/originales/939.jpg
797.jpg,negativos_train_0226.jpg,train,/home/irar/Escritorio/ProyectoTaxiDetector/dataset/negativos/originales/797.jpg
995.jpg,negativos_train_0227.jpg,train,/home/irar/Escritorio/ProyectoTaxiDetector/dataset/negativos/originales/995.jpg
379.jpg,negativos_train_0228.jpg,train,/home/irar/Escritorio/ProyectoTaxiDetector/dataset/negativos/originales/379.jpg
292.jpg,negativos_train_0229.jpg,train,/home/irar/Escritorio/ProyectoTaxiDetector/dataset/negativos/originales/292.jpg
586.jpg,negativos_train_0230.jpg,train,/home/irar/Escritorio/ProyectoTaxiDetector/dataset/negativos/originales/586.jpg
774.jpg,negativos_train_0231.jpg,train,/home/irar/Escritorio/ProyectoTaxiDetector/dataset/negativos/originales/774.jpg
857.jpg,negativos_train_0232.jpg,train,/home/irar/Escritorio/ProyectoTaxiDetector/dataset/negativos/originales/857.jpg
622.jpg,negativos_train_0233.jpg,train,/home/irar/Escritorio/ProyectoTaxiDetector/dataset/negativos/originales/622.jpg
482.jpg,negativos_train_0234.jpg,train,/home/irar/Escritorio/ProyectoTaxiDetector/dataset/negativos/originales/482.jpg
251.jpg,negativos_train_0235.jpg,train,/home/irar/Escritorio/ProyectoTaxiDetector/dataset/negativos/originales/251.jpg
972.jpg,negativos_train_0236.jpg,train,/home/irar/Escritorio/ProyectoTaxiDetector/dataset/negativos/originales/972.jpg
370.jpg,negativos_train_0237.jpg,train,/home/irar/Escritorio/ProyectoTaxiDetector/dataset/negativos/originales/370.jpg
749.jpg,negativos_train_0238.jpg,train,/home/irar/Escritorio/ProyectoTaxiDetector/dataset/negativos/originales/749.jpg
113.jpg,negativos_train_0239.jpg,train,/home/irar/Escritorio/ProyectoTaxiDetector/dataset/negativos/originales/113.jpg
28.jpg,negativos_train_0240.jpg,train,/home/irar/Escritorio/ProyectoTaxiDetector/dataset/negativos/originales/28.jpg
253.jpg,negativos_train_0241.jpg,train,/home/irar/Escritorio/ProyectoTaxiDetector/dataset/negativos/originales/253.jpg
558.jpg,negativos_train_0242.jpg,train,/home/irar/Escritorio/ProyectoTaxiDetector/dataset/negativos/originales/558.jpg
337.jpg,negativos_train_0243.jpg,train,/home/irar/Escritorio/ProyectoTaxiDetector/dataset/negativos/originales/337.jpg
492.jpg,negativos_train_0244.jpg,train,/home/irar/Escritorio/ProyectoTaxiDetector/dataset/negativos/originales/492.jpg
441.jpg,negativos_train_0245.jpg,train,/home/irar/Escritorio/ProyectoTaxiDetector/dataset/negativos/originales/441.jpg
320.jpg,negativos_train_0246.jpg,train,/home/irar/Escritorio/ProyectoTaxiDetector/dataset/negativos/originales/320.jpg
786.jpg,negativos_train_0247.jpg,train,/home/irar/Escritorio/ProyectoTaxiDetector/dataset/negativos/originales/786.jpg
986.jpg,negativos_train_0248.jpg,train,/home/irar/Escritorio/ProyectoTaxiDetector/dataset/negativos/originales/986.jpg
683.jpg,negativos_train_0249.jpg,train,/home/irar/Escritorio/ProyectoTaxiDetector/dataset/negativos/originales/683.jpg
226.jpg,negativos_train_0250.jpg,train,/home/irar/Escritorio/ProyectoTaxiDetector/dataset/negativos/originales/226.jpg
243.jpg,negativos_train_0251.jpg,train,/home/irar/Escritorio/ProyectoTaxiDetector/dataset/negativos/originales/243.jpg
185.jpg,negativos_train_0252.jpg,train,/home/irar/Escritorio/ProyectoTaxiDetector/dataset/negativos/originales/185.jpg
955.jpg,negativos_train_0253.jpg,train,/home/irar/Escritorio/ProyectoTaxiDetector/dataset/negativos/originales/955.jpg
752.jpg,negativos_train_0254.jpg,train,/home/irar/Escritorio/ProyectoTaxiDetector/dataset/negativos/originales/752.jpg
123.jpg,negativos_train_0255.jpg,train,/home/irar/Escritorio/ProyectoTaxiDetector/dataset/negativos/originales/123.jpg
514.jpg,negativos_train_0256.jpg,train,/home/irar/Escritorio/ProyectoTaxiDetector/dataset/negativos/originales/514.jpg
18.jpg,negativos_train_0257.jpg,train,/home/irar/Escritorio/ProyectoTaxiDetector/dataset/negativos/originales/18.jpg
412.jpg,negativos_train_0258.jpg,train,/home/irar/Escritorio/ProyectoTaxiDetector/dataset/negativos/originales/412.jpg
63.jpg,negativos_train_0259.jpg,train,/home/irar/Escritorio/ProyectoTaxiDetector/dataset/negativos/originales/63.jpg
845.jpg,negativos_train_0260.jpg,train,/home/irar/Escritorio/ProyectoTaxiDetector/dataset/negativos/originales/845.jpg
660.jpg,negativos_train_0261.jpg,train,/home/irar/Escritorio/ProyectoTaxiDetector/dataset/negativos/originales/660.jpg
146.jpg,negativos_train_0262.jpg,train,/home/irar/Escritorio/ProyectoTaxiDetector/dataset/negativos/originales/146.jpg
946.jpg,negativos_train_0263.jpg,train,/home/irar/Escritorio/ProyectoTaxiDetector/dataset/negativos/originales/946.jpg
427.jpg,negativos_train_0264.jpg,train,/home/irar/Escritorio/ProyectoTaxiDetector/dataset/negativos/originales/427.jpg
244.jpg,negativos_train_0265.jpg,train,/home/irar/Escritorio/ProyectoTaxiDetector/dataset/negativos/originales/244.jpg
425.jpg,negativos_train_0266.jpg,train,/home/irar/Escritorio/ProyectoTaxiDetector/dataset/negativos/originales/425.jpg
541.jpg,negativos_train_0267.jpg,train,/home/irar/Escritorio/ProyectoTaxiDetector/dataset/negativos/originales/541.jpg
144.jpg,negativos_train_0268.jpg,train,/home/irar/Escritorio/ProyectoTaxiDetector/dataset/negativos/originales/144.jpg
873.jpg,negativos_train_0269.jpg,train,/home/irar/Escritorio/ProyectoTaxiDetector/dataset/negativos/originales/873.jpg
245.jpg,negativos_train_0270.jpg,train,/home/irar/Escritorio/ProyectoTaxiDetector/dataset/negativos/originales/245.jpg
785.jpg,negativos_train_0271.jpg,train,/home/irar/Escritorio/ProyectoTaxiDetector/dataset/negativos/originales/785.jpg
743.jpg,negativos_train_0272.jpg,train,/home/irar/Escritorio/ProyectoTaxiDetector/dataset/negativos/originales/743.jpg
477.jpg,negativos_train_0273.jpg,train,/home/irar/Escritorio/ProyectoTaxiDetector/dataset/negativos/originales/477.jpg
615.jpg,negativos_train_0274.jpg,train,/home/irar/Escritorio/ProyectoTaxiDetector/dataset/negativos/originales/615.jpg
232.jpg,negativos_train_0275.jpg,train,/home/irar/Escritorio/ProyectoTaxiDetector/dataset/negativos/originales/232.jpg
238.jpg,negativos_train_0276.jpg,train,/home/irar/Escritorio/ProyectoTaxiDetector/dataset/negativos/originales/238.jpg
769.jpg,negativos_train_0277.jpg,train,/home/irar/Escritorio/ProyectoTaxiDetector/dataset/negativos/originales/769.jpg
439.jpg,negativos_train_0278.jpg,train,/home/irar/Escritorio/ProyectoTaxiDetector/dataset/negativos/originales/439.jpg
688.jpg,negativos_train_0279.jpg,train,/home/irar/Escritorio/ProyectoTaxiDetector/dataset/negativos/originales/688.jpg
993.jpg,negativos_train_0280.jpg,train,/home/irar/Escritorio/ProyectoTaxiDetector/dataset/negativos/originales/993.jpg
834.jpg,negativos_train_0281.jpg,train,/home/irar/Escritorio/ProyectoTaxiDetector/dataset/negativos/originales/834.jpg
594.jpg,negativos_train_0282.jpg,train,/home/irar/Escritorio/ProyectoTaxiDetector/dataset/negativos/originales/594.jpg
361.jpg,negativos_train_0283.jpg,train,/home/irar/Escritorio/ProyectoTaxiDetector/dataset/negativos/originales/361.jpg
435.jpg,negativos_train_0284.jpg,train,/home/irar/Escritorio/ProyectoTaxiDetector/dataset/negativos/originales/435.jpg
265.jpg,negativos_train_0285.jpg,train,/home/irar/Escritorio/ProyectoTaxiDetector/dataset/negativos/originales/265.jpg
643.jpg,negativos_train_0286.jpg,train,/home/irar/Escritorio/ProyectoTaxiDetector/dataset/negativos/originales/643.jpg
393.jpg,negativos_train_0287.jpg,train,/home/irar/Escritorio/ProyectoTaxiDetector/dataset/negativos/originales/393.jpg
170.jpg,negativos_train_0288.jpg,train,/home/irar/Escritorio/ProyectoTaxiDetector/dataset/negativos/originales/170.jpg
416.jpg,negativos_train_0289.jpg,train,/home/irar/Escritorio/ProyectoTaxiDetector/dataset/negativos/originales/416.jpg
68.jpg,negativos_train_0290.jpg,train,/home/irar/Escritorio/ProyectoTaxiDetector/dataset/negativos/originales/68.jpg
540.jpg,negativos_train_0291.jpg,train,/home/irar/Escritorio/ProyectoTaxiDetector/dataset/negativos/originales/540.jpg
892.jpg,negativos_train_0292.jpg,train,/home/irar/Escritorio/ProyectoTaxiDetector/dataset/negativos/originales/892.jpg
997.jpg,negativos_train_0293.jpg,train,/home/irar/Escritorio/ProyectoTaxiDetector/dataset/negativos/originales/997.jpg
342.jpg,negativos_train_0294.jpg,train,/home/irar/Escritorio/ProyectoTaxiDetector/dataset/negativos/originales/342.jpg
368.jpg,negativos_train_0295.jpg,train,/home/irar/Escritorio/ProyectoTaxiDetector/dataset/negativos/originales/368.jpg
560.jpg,negativos_train_0296.jpg,train,/home/irar/Escritorio/ProyectoTaxiDetector/dataset/negativos/originales/560.jpg
854.jpg,negativos_train_0297.jpg,train,/home/irar/Escritorio/ProyectoTaxiDetector/dataset/negativos/originales/854.jpg
877.jpg,negativos_train_0298.jpg,train,/home/irar/Escritorio/ProyectoTaxiDetector/dataset/negativos/originales/877.jpg
158.jpg,negativos_train_0299.jpg,train,/home/irar/Escritorio/ProyectoTaxiDetector/dataset/negativos/originales/158.jpg
692.jpg,negativos_train_0300.jpg,train,/home/irar/Escritorio/ProyectoTaxiDetector/dataset/negativos/originales/692.jpg
838.jpg,negativos_train_0301.jpg,train,/home/irar/Escritorio/ProyectoTaxiDetector/dataset/negativos/originales/838.jpg
230.jpg,negativos_train_0302.jpg,train,/home/irar/Escritorio/ProyectoTaxiDetector/dataset/negativos/originales/230.jpg
512.jpg,negativos_train_0303.jpg,train,/home/irar/Escritorio/ProyectoTaxiDetector/dataset/negativos/originales/512.jpg
77.jpg,negativos_train_0304.jpg,train,/home/irar/Escritorio/ProyectoTaxiDetector/dataset/negativos/originales/77.jpg
727.jpg,negativos_train_0305.jpg,train,/home/irar/Escritorio/ProyectoTaxiDetector/dataset/negativos/originales/727.jpg
938.jpg,negativos_train_0306.jpg,train,/home/irar/Escritorio/ProyectoTaxiDetector/dataset/negativos/originales/938.jpg
394.jpg,negativos_train_0307.jpg,train,/home/irar/Escritorio/ProyectoTaxiDetector/dataset/negativos/originales/394.jpg
32.jpg,negativos_train_0308.jpg,train,/home/irar/Escritorio/ProyectoTaxiDetector/dataset/negativos/originales/32.jpg
930.jpg,negativos_train_0309.jpg,train,/home/irar/Escritorio/ProyectoTaxiDetector/dataset/negativos/originales/930.jpg
142.jpg,negativos_train_0310.jpg,train,/home/irar/Escritorio/ProyectoTaxiDetector/dataset/negativos/originales/142.jpg
751.jpg,negativos_train_0311.jpg,train,/home/irar/Escritorio/ProyectoTaxiDetector/dataset/negativos/originales/751.jpg
231.jpg,negativos_train_0312.jpg,train,/home/irar/Escritorio/ProyectoTaxiDetector/dataset/negativos/originales/231.jpg
13.jpg,negativos_train_0313.jpg,train,/home/irar/Escritorio/ProyectoTaxiDetector/dataset/negativos/originales/13.jpg
70.jpg,negativos_train_0314.jpg,train,/home/irar/Escritorio/ProyectoTaxiDetector/dataset/negativos/originales/70.jpg
734.jpg,negativos_train_0315.jpg,train,/home/irar/Escritorio/ProyectoTaxiDetector/dataset/negativos/originales/734.jpg
21.jpg,negativos_train_0316.jpg,train,/home/irar/Escritorio/ProyectoTaxiDetector/dataset/negativos/originales/21.jpg
222.jpg,negativos_train_0317.jpg,train,/home/irar/Escritorio/ProyectoTaxiDetector/dataset/negativos/originales/222.jpg
461.jpg,negativos_train_0318.jpg,train,/home/irar/Escritorio/ProyectoTaxiDetector/dataset/negativos/originales/461.jpg
227.jpg,negativos_train_0319.jpg,train,/home/irar/Escritorio/ProyectoTaxiDetector/dataset/negativos/originales/227.jpg
151.jpg,negativos_train_0320.jpg,train,/home/irar/Escritorio/ProyectoTaxiDetector/dataset/negativos/originales/151.jpg
273.jpg,negativos_train_0321.jpg,train,/home/irar/Escritorio/ProyectoTaxiDetector/dataset/negativos/originales/273.jpg
559.jpg,negativos_train_0322.jpg,train,/home/irar/Escritorio/ProyectoTaxiDetector/dataset/negativos/originales/559.jpg
366.jpg,negativos_train_0323.jpg,train,/home/irar/Escritorio/ProyectoTaxiDetector/dataset/negativos/originales/366.jpg
25.jpg,negativos_train_0324.jpg,train,/home/irar/Escritorio/ProyectoTaxiDetector/dataset/negativos/originales/25.jpg
148.jpg,negativos_train_0325.jpg,train,/home/irar/Escritorio/ProyectoTaxiDetector/dataset/negativos/originales/148.jpg
187.jpg,negativos_train_0326.jpg,train,/home/irar/Escritorio/ProyectoTaxiDetector/dataset/negativos/originales/187.jpg
762.jpg,negativos_train_0327.jpg,train,/home/irar/Escritorio/ProyectoTaxiDetector/dataset/negativos/originales/762.jpg
486.jpg,negativos_train_0328.jpg,train,/home/irar/Escritorio/ProyectoTaxiDetector/dataset/negativos/originales/486.jpg
629.jpg,negativos_train_0329.jpg,train,/home/irar/Escritorio/ProyectoTaxiDetector/dataset/negativos/originales/629.jpg
436.jpg,negativos_train_0330.jpg,train,/home/irar/Escritorio/ProyectoTaxiDetector/dataset/negativos/originales/436.jpg
699.jpg,negativos_train_0331.jpg,train,/home/irar/Escritorio/ProyectoTaxiDetector/dataset/negativos/originales/699.jpg
927.jpg,negativos_train_0332.jpg,train,/home/irar/Escritorio/ProyectoTaxiDetector/dataset/negativos/originales/927.jpg
267.jpg,negativos_train_0333.jpg,train,/home/irar/Escritorio/ProyectoTaxiDetector/dataset/negativos/originales/267.jpg
487.jpg,negativos_train_0334.jpg,train,/home/irar/Escritorio/ProyectoTaxiDetector/dataset/negativos/originales/487.jpg
929.jpg,negativos_train_0335.jpg,train,/home/irar/Escritorio/ProyectoTaxiDetector/dataset/negativos/originales/929.jpg
474.jpg,negativos_train_0336.jpg,train,/home/irar/Escritorio/ProyectoTaxiDetector/dataset/negativos/originales/474.jpg
569.jpg,negativos_train_0337.jpg,train,/home/irar/Escritorio/ProyectoTaxiDetector/dataset/negativos/originales/569.jpg
871.jpg,negativos_train_0338.jpg,train,/home/irar/Escritorio/ProyectoTaxiDetector/dataset/negativos/originales/871.jpg
259.jpg,negativos_train_0339.jpg,train,/home/irar/Escritorio/ProyectoTaxiDetector/dataset/negativos/originales/259.jpg
542.jpg,negativos_train_0340.jpg,train,/home/irar/Escritorio/ProyectoTaxiDetector/dataset/negativos/originales/542.jpg
381.jpg,negativos_train_0341.jpg,train,/home/irar/Escritorio/ProyectoTaxiDetector/dataset/negativos/originales/381.jpg
315.jpg,negativos_train_0342.jpg,train,/home/irar/Escritorio/ProyectoTaxiDetector/dataset/negativos/originales/315.jpg
258.jpg,negativos_train_0343.jpg,train,/home/irar/Escritorio/ProyectoTaxiDetector/dataset/negativos/originales/258.jpg
638.jpg,negativos_train_0344.jpg,train,/home/irar/Escritorio/ProyectoTaxiDetector/dataset/negativos/originales/638.jpg
422.jpg,negativos_train_0345.jpg,train,/home/irar/Escritorio/ProyectoTaxiDetector/dataset/negativos/originales/422.jpg
987.jpg,negativos_train_0346.jpg,train,/home/irar/Escritorio/ProyectoTaxiDetector/dataset/negativos/originales/987.jpg
767.jpg,negativos_train_0347.jpg,train,/home/irar/Escritorio/ProyectoTaxiDetector/dataset/negativos/originales/767.jpg
684.jpg,negativos_train_0348.jpg,train,/home/irar/Escritorio/ProyectoTaxiDetector/dataset/negativos/originales/684.jpg
469.jpg,negativos_train_0349.jpg,train,/home/irar/Escritorio/ProyectoTaxiDetector/dataset/negativos/originales/469.jpg
644.jpg,negativos_train_0350.jpg,train,/home/irar/Escritorio/ProyectoTaxiDetector/dataset/negativos/originales/644.jpg
521.jpg,negativos_train_0351.jpg,train,/home/irar/Escritorio/ProyectoTaxiDetector/dataset/negativos/originales/521.jpg
578.jpg,negativos_train_0352.jpg,train,/home/irar/Escritorio/ProyectoTaxiDetector/dataset/negativos/originales/578.jpg
384.jpg,negativos_train_0353.jpg,train,/home/irar/Escritorio/ProyectoTaxiDetector/dataset/negativos/originales/384.jpg
255.jpg,negativos_train_0354.jpg,train,/home/irar/Escritorio/ProyectoTaxiDetector/dataset/negativos/originales/255.jpg
314.jpg,negativos_train_0355.jpg,train,/home/irar/Escritorio/ProyectoTaxiDetector/dataset/negativos/originales/314.jpg
897.jpg,negativos_train_0356.jpg,train,/home/irar/Escritorio/ProyectoTaxiDetector/dataset/negativos/originales/897.jpg
658.jpg,negativos_train_0357.jpg,train,/home/irar/Escritorio/ProyectoTaxiDetector/dataset/negativos/originales/658.jpg
566.jpg,negativos_train_0358.jpg,train,/home/irar/Escritorio/ProyectoTaxiDetector/dataset/negativos/originales/566.jpg
746.jpg,negativos_train_0359.jpg,train,/home/irar/Escritorio/ProyectoTaxiDetector/dataset/negativos/originales/746.jpg
362.jpg,negativos_train_0360.jpg,train,/home/irar/Escritorio/ProyectoTaxiDetector/dataset/negativos/originales/362.jpg
257.jpg,negativos_train_0361.jpg,train,/home/irar/Escritorio/ProyectoTaxiDetector/dataset/negativos/originales/257.jpg
166.jpg,negativos_train_0362.jpg,train,/home/irar/Escritorio/ProyectoTaxiDetector/dataset/negativos/originales/166.jpg
444.jpg,negativos_train_0363.jpg,train,/home/irar/Escritorio/ProyectoTaxiDetector/dataset/negativos/originales/444.jpg
693.jpg,negativos_train_0364.jpg,train,/home/irar/Escritorio/ProyectoTaxiDetector/dataset/negativos/originales/693.jpg
917.jpg,negativos_train_0365.jpg,train,/home/irar/Escritorio/ProyectoTaxiDetector/dataset/negativos/originales/917.jpg
51.jpg,negativos_train_0366.jpg,train,/home/irar/Escritorio/ProyectoTaxiDetector/dataset/negativos/originales/51.jpg
445.jpg,negativos_train_0367.jpg,train,/home/irar/Escritorio/ProyectoTaxiDetector/dataset/negativos/originales/445.jpg
544.jpg,negativos_train_0368.jpg,train,/home/irar/Escritorio/ProyectoTaxiDetector/dataset/negativos/originales/544.jpg
579.jpg,negativos_train_0369.jpg,train,/home/irar/Escritorio/ProyectoTaxiDetector/dataset/negativos/originales/579.jpg
72.jpg,negativos_train_0370.jpg,train,/home/irar/Escritorio/ProyectoTaxiDetector/dataset/negativos/originales/72.jpg
715.jpg,negativos_train_0371.jpg,train,/home/irar/Escritorio/ProyectoTaxiDetector/dataset/negativos/originales/715.jpg
448.jpg,negativos_train_0372.jpg,train,/home/irar/Escritorio/ProyectoTaxiDetector/dataset/negativos/originales/448.jpg
470.jpg,negativos_train_0373.jpg,train,/home/irar/Escritorio/ProyectoTaxiDetector/dataset/negativos/originales/470.jpg
98.jpg,negativos_train_0374.jpg,train,/home/irar/Escritorio/ProyectoTaxiDetector/dataset/negativos/originales/98.jpg
377.jpg,negativos_train_0375.jpg,train,/home/irar/Escritorio/ProyectoTaxiDetector/dataset/negativos/originales/377.jpg
369.jpg,negativos_train_0376.jpg,train,/home/irar/Escritorio/ProyectoTaxiDetector/dataset/negativos/originales/369.jpg
813.jpg,negativos_train_0377.jpg,train,/home/irar/Escritorio/ProyectoTaxiDetector/dataset/negativos/originales/813.jpg
942.jpg,negativos_train_0378.jpg,train,/home/irar/Escritorio/ProyectoTaxiDetector/dataset/negativos/originales/942.jpg
737.jpg,negativos_train_0379.jpg,train,/home/irar/Escritorio/ProyectoTaxiDetector/dataset/negativos/originales/737.jpg
614.jpg,negativos_train_0380.jpg,train,/home/irar/Escritorio/ProyectoTaxiDetector/dataset/negativos/originales/614.jpg
236.jpg,negativos_train_0381.jpg,train,/home/irar/Escritorio/ProyectoTaxiDetector/dataset/negativos/originales/236.jpg
197.jpg,negativos_train_0382.jpg,train,/home/irar/Escritorio/ProyectoTaxiDetector/dataset/negativos/originales/197.jpg
395.jpg,negativos_train_0383.jpg,train,/home/irar/Escritorio/ProyectoTaxiDetector/dataset/negativos/originales/395.jpg
297.jpg,negativos_train_0384.jpg,train,/home/irar/Escritorio/ProyectoTaxiDetector/dataset/negativos/originales/297.jpg
651.jpg,negativos_train_0385.jpg,train,/home/irar/Escritorio/ProyectoTaxiDetector/dataset/negativos/originales/651.jpg
364.jpg,negativos_train_0386.jpg,train,/home/irar/Escritorio/ProyectoTaxiDetector/dataset/negativos/originales/364.jpg
418.jpg,negativos_train_0387.jpg,train,/home/irar/Escritorio/ProyectoTaxiDetector/dataset/negativos/originales/418.jpg
981.jpg,negativos_train_0388.jpg,train,/home/irar/Escritorio/ProyectoTaxiDetector/dataset/negativos/originales/981.jpg
263.jpg,negativos_train_0389.jpg,train,/home/irar/Escritorio/ProyectoTaxiDetector/dataset/negativos/originales/263.jpg
921.jpg,negativos_train_0390.jpg,train,/home/irar/Escritorio/ProyectoTaxiDetector/dataset/negativos/originales/921.jpg
278.jpg,negativos_train_0391.jpg,train,/home/irar/Escritorio/ProyectoTaxiDetector/dataset/negativos/originales/278.jpg
682.jpg,negativos_train_0392.jpg,train,/home/irar/Escritorio/ProyectoTaxiDetector/dataset/negativos/originales/682.jpg
822.jpg,negativos_train_0393.jpg,train,/home/irar/Escritorio/ProyectoTaxiDetector/dataset/negativos/originales/822.jpg
536.jpg,negativos_train_0394.jpg,train,/home/irar/Escritorio/ProyectoTaxiDetector/dataset/negativos/originales/536.jpg
534.jpg,negativos_train_0395.jpg,train,/home/irar/Escritorio/ProyectoTaxiDetector/dataset/negativos/originales/534.jpg
642.jpg,negativos_train_0396.jpg,train,/home/irar/Escritorio/ProyectoTaxiDetector/dataset/negativos/originales/642.jpg
397.jpg,negativos_train_0397.jpg,train,/home/irar/Escritorio/ProyectoTaxiDetector/dataset/negativos/originales/397.jpg
549.jpg,negativos_train_0398.jpg,train,/home/irar/Escritorio/ProyectoTaxiDetector/dataset/negativos/originales/549.jpg
239.jpg,negativos_train_0399.jpg,train,/home/irar/Escritorio/ProyectoTaxiDetector/dataset/negativos/originales/239.jpg
794.jpg,negativos_train_0400.jpg,train,/home/irar/Escritorio/ProyectoTaxiDetector/dataset/negativos/originales/794.jpg
121.jpg,negativos_train_0401.jpg,train,/home/irar/Escritorio/ProyectoTaxiDetector/dataset/negativos/originales/121.jpg
784.jpg,negativos_train_0402.jpg,train,/home/irar/Escritorio/ProyectoTaxiDetector/dataset/negativos/originales/784.jpg
957.jpg,negativos_train_0403.jpg,train,/home/irar/Escritorio/ProyectoTaxiDetector/dataset/negativos/originales/957.jpg
82.jpg,negativos_train_0404.jpg,train,/home/irar/Escritorio/ProyectoTaxiDetector/dataset/negativos/originales/82.jpg
716.jpg,negativos_train_0405.jpg,train,/home/irar/Escritorio/ProyectoTaxiDetector/dataset/negativos/originales/716.jpg
363.jpg,negativos_train_0406.jpg,train,/home/irar/Escritorio/ProyectoTaxiDetector/dataset/negativos/originales/363.jpg
434.jpg,negativos_train_0407.jpg,train,/home/irar/Escritorio/ProyectoTaxiDetector/dataset/negativos/originales/434.jpg
529.jpg,negativos_train_0408.jpg,train,/home/irar/Escritorio/ProyectoTaxiDetector/dataset/negativos/originales/529.jpg
519.jpg,negativos_train_0409.jpg,train,/home/irar/Escritorio/ProyectoTaxiDetector/dataset/negativos/originales/519.jpg
495.jpg,negativos_train_0410.jpg,train,/home/irar/Escritorio/ProyectoTaxiDetector/dataset/negativos/originales/495.jpg
140.jpg,negativos_train_0411.jpg,train,/home/irar/Escritorio/ProyectoTaxiDetector/dataset/negativos/originales/140.jpg
87.jpg,negativos_train_0412.jpg,train,/home/irar/Escritorio/ProyectoTaxiDetector/dataset/negativos/originales/87.jpg
694.jpg,negativos_train_0413.jpg,train,/home/irar/Escritorio/ProyectoTaxiDetector/dataset/negativos/originales/694.jpg
312.jpg,negativos_train_0414.jpg,train,/home/irar/Escritorio/ProyectoTaxiDetector/dataset/negativos/originales/312.jpg
198.jpg,negativos_train_0415.jpg,train,/home/irar/Escritorio/ProyectoTaxiDetector/dataset/negativos/originales/198.jpg
442.jpg,negativos_train_0416.jpg,train,/home/irar/Escritorio/ProyectoTaxiDetector/dataset/negativos/originales/442.jpg
831.jpg,negativos_train_0417.jpg,train,/home/irar/Escritorio/ProyectoTaxiDetector/dataset/negativos/originales/831.jpg
80.jpg,negativos_train_0418.jpg,train,/home/irar/Escritorio/ProyectoTaxiDetector/dataset/negativos/originales/80.jpg
223.jpg,negativos_train_0419.jpg,train,/home/irar/Escritorio/ProyectoTaxiDetector/dataset/negativos/originales/223.jpg
573.jpg,negativos_train_0420.jpg,train,/home/irar/Escritorio/ProyectoTaxiDetector/dataset/negativos/originales/573.jpg
735.jpg,negativos_train_0421.jpg,train,/home/irar/Escritorio/ProyectoTaxiDetector/dataset/negativos/originales/735.jpg
818.jpg,negativos_train_0422.jpg,train,/home/irar/Escritorio/ProyectoTaxiDetector/dataset/negativos/originales/818.jpg
280.jpg,negativos_train_0423.jpg,train,/home/irar/Escritorio/ProyectoTaxiDetector/dataset/negativos/originales/280.jpg
763.jpg,negativos_train_0424.jpg,train,/home/irar/Escritorio/ProyectoTaxiDetector/dataset/negativos/originales/763.jpg
525.jpg,negativos_train_0425.jpg,train,/home/irar/Escritorio/ProyectoTaxiDetector/dataset/negativos/originales/525.jpg
647.jpg,negativos_train_0426.jpg,train,/home/irar/Escritorio/ProyectoTaxiDetector/dataset/negativos/originales/647.jpg
220.jpg,negativos_train_0427.jpg,train,/home/irar/Escritorio/ProyectoTaxiDetector/dataset/negativos/originales/220.jpg
667.jpg,negativos_train_0428.jpg,train,/home/irar/Escritorio/ProyectoTaxiDetector/dataset/negativos/originales/667.jpg
89.jpg,negativos_train_0429.jpg,train,/home/irar/Escritorio/ProyectoTaxiDetector/dataset/negativos/originales/89.jpg
295.jpg,negativos_train_0430.jpg,train,/home/irar/Escritorio/ProyectoTaxiDetector/dataset/negativos/originales/295.jpg
733.jpg,negativos_train_0431.jpg,train,/home/irar/Escritorio/ProyectoTaxiDetector/dataset/negativos/originales/733.jpg
462.jpg,negativos_train_0432.jpg,train,/home/irar/Escritorio/ProyectoTaxiDetector/dataset/negativos/originales/462.jpg
511.jpg,negativos_train_0433.jpg,train,/home/irar/Escritorio/ProyectoTaxiDetector/dataset/negativos/originales/511.jpg
928.jpg,negativos_train_0434.jpg,train,/home/irar/Escritorio/ProyectoTaxiDetector/dataset/negativos/originales/928.jpg
241.jpg,negativos_train_0435.jpg,train,/home/irar/Escritorio/ProyectoTaxiDetector/dataset/negativos/originales/241.jpg
83.jpg,negativos_train_0436.jpg,train,/home/irar/Escritorio/ProyectoTaxiDetector/dataset/negativos/originales/83.jpg
636.jpg,negativos_train_0437.jpg,train,/home/irar/Escritorio/ProyectoTaxiDetector/dataset/negativos/originales/636.jpg
478.jpg,negativos_train_0438.jpg,train,/home/irar/Escritorio/ProyectoTaxiDetector/dataset/negativos/originales/478.jpg
447.jpg,negativos_train_0439.jpg,train,/home/irar/Escritorio/ProyectoTaxiDetector/dataset/negativos/originales/447.jpg
696.jpg,negativos_train_0440.jpg,train,/home/irar/Escritorio/ProyectoTaxiDetector/dataset/negativos/originales/696.jpg
318.jpg,negativos_train_0441.jpg,train,/home/irar/Escritorio/ProyectoTaxiDetector/dataset/negativos/originales/318.jpg
50.jpg,negativos_train_0442.jpg,train,/home/irar/Escritorio/ProyectoTaxiDetector/dataset/negativos/originales/50.jpg
612.jpg,negativos_train_0443.jpg,train,/home/irar/Escritorio/ProyectoTaxiDetector/dataset/negativos/originales/612.jpg
479.jpg,negativos_train_0444.jpg,train,/home/irar/Escritorio/ProyectoTaxiDetector/dataset/negativos/originales/479.jpg
191.jpg,negativos_train_0445.jpg,train,/home/irar/Escritorio/ProyectoTaxiDetector/dataset/negativos/originales/191.jpg
12.jpg,negativos_train_0446.jpg,train,/home/irar/Escritorio/ProyectoTaxiDetector/dataset/negativos/originales/12.jpg
319.jpg,negativos_train_0447.jpg,train,/home/irar/Escritorio/ProyectoTaxiDetector/dataset/negativos/originales/319.jpg
190.jpg,negativos_train_0448.jpg,train,/home/irar/Escritorio/ProyectoTaxiDetector/dataset/negativos/originales/190.jpg
522.jpg,negativos_train_0449.jpg,train,/home/irar/Escritorio/ProyectoTaxiDetector/dataset/negativos/originales/522.jpg
517.jpg,negativos_train_0450.jpg,train,/home/irar/Escritorio/ProyectoTaxiDetector/dataset/negativos/originales/517.jpg
662.jpg,negativos_train_0451.jpg,train,/home/irar/Escritorio/ProyectoTaxiDetector/dataset/negativos/originales/662.jpg
547.jpg,negativos_train_0452.jpg,train,/home/irar/Escritorio/ProyectoTaxiDetector/dataset/negativos/originales/547.jpg
228.jpg,negativos_train_0453.jpg,train,/home/irar/Escritorio/ProyectoTaxiDetector/dataset/negativos/originales/228.jpg
180.jpg,negativos_train_0454.jpg,train,/home/irar/Escritorio/ProyectoTaxiDetector/dataset/negativos/originales/180.jpg
484.jpg,negativos_train_0455.jpg,train,/home/irar/Escritorio/ProyectoTaxiDetector/dataset/negativos/originales/484.jpg
424.jpg,negativos_train_0456.jpg,train,/home/irar/Escritorio/ProyectoTaxiDetector/dataset/negativos/originales/424.jpg
623.jpg,negativos_train_0457.jpg,train,/home/irar/Escritorio/ProyectoTaxiDetector/dataset/negativos/originales/623.jpg
551.jpg,negativos_train_0458.jpg,train,/home/irar/Escritorio/ProyectoTaxiDetector/dataset/negativos/originales/551.jpg
867.jpg,negativos_train_0459.jpg,train,/home/irar/Escritorio/ProyectoTaxiDetector/dataset/negativos/originales/867.jpg
387.jpg,negativos_train_0460.jpg,train,/home/irar/Escritorio/ProyectoTaxiDetector/dataset/negativos/originales/387.jpg
936.jpg,negativos_train_0461.jpg,train,/home/irar/Escritorio/ProyectoTaxiDetector/dataset/negativos/originales/936.jpg
282.jpg,negativos_train_0462.jpg,train,/home/irar/Escritorio/ProyectoTaxiDetector/dataset/negativos/originales/282.jpg
827.jpg,negativos_train_0463.jpg,train,/home/irar/Escritorio/ProyectoTaxiDetector/dataset/negativos/originales/827.jpg
446.jpg,negativos_train_0464.jpg,train,/home/irar/Escritorio/ProyectoTaxiDetector/dataset/negativos/originales/446.jpg
943.jpg,negativos_train_0465.jpg,train,/home/irar/Escritorio/ProyectoTaxiDetector/dataset/negativos/originales/943.jpg
453.jpg,negativos_train_0466.jpg,train,/home/irar/Escritorio/ProyectoTaxiDetector/dataset/negativos/originales/453.jpg
215.jpg,negativos_train_0467.jpg,train,/home/irar/Escritorio/ProyectoTaxiDetector/dataset/negativos/originales/215.jpg
284.jpg,negativos_train_0468.jpg,train,/home/irar/Escritorio/ProyectoTaxiDetector/dataset/negativos/originales/284.jpg
574.jpg,negativos_train_0469.jpg,train,/home/irar/Escritorio/ProyectoTaxiDetector/dataset/negativos/originales/574.jpg
127.jpg,negativos_train_0470.jpg,train,/home/irar/Escritorio/ProyectoTaxiDetector/dataset/negativos/originales/127.jpg
545.jpg,negativos_train_0471.jpg,train,/home/irar/Escritorio/ProyectoTaxiDetector/dataset/negativos/originales/545.jpg
515.jpg,negativos_train_0472.jpg,train,/home/irar/Escritorio/ProyectoTaxiDetector/dataset/negativos/originales/515.jpg
563.jpg,negativos_train_0473.jpg,train,/home/irar/Escritorio/ProyectoTaxiDetector/dataset/negativos/originales/563.jpg
287.jpg,negativos_train_0474.jpg,train,/home/irar/Escritorio/ProyectoTaxiDetector/dataset/negativos/originales/287.jpg
260.jpg,negativos_train_0475.jpg,train,/home/irar/Escritorio/ProyectoTaxiDetector/dataset/negativos/originales/260.jpg
913.jpg,negativos_train_0476.jpg,train,/home/irar/Escritorio/ProyectoTaxiDetector/dataset/negativos/originales/913.jpg
775.jpg,negativos_train_0477.jpg,train,/home/irar/Escritorio/ProyectoTaxiDetector/dataset/negativos/originales/775.jpg
958.jpg,negativos_train_0478.jpg,train,/home/irar/Escritorio/ProyectoTaxiDetector/dataset/negativos/originales/958.jpg
843.jpg,negativos_train_0479.jpg,train,/home/irar/Escritorio/ProyectoTaxiDetector/dataset/negativos/originales/843.jpg
596.jpg,negativos_train_0480.jpg,train,/home/irar/Escritorio/ProyectoTaxiDetector/dataset/negativos/originales/596.jpg
398.jpg,negativos_train_0481.jpg,train,/home/irar/Escritorio/ProyectoTaxiDetector/dataset/negativos/originales/398.jpg
29.jpg,negativos_train_0482.jpg,train,/home/irar/Escritorio/ProyectoTaxiDetector/dataset/negativos/originales/29.jpg
533.jpg,negativos_train_0483.jpg,train,/home/irar/Escritorio/ProyectoTaxiDetector/dataset/negativos/originales/533.jpg
125.jpg,negativos_train_0484.jpg,train,/home/irar/Escritorio/ProyectoTaxiDetector/dataset/negativos/originales/125.jpg
380.jpg,negativos_train_0485.jpg,train,/home/irar/Escritorio/ProyectoTaxiDetector/dataset/negativos/originales/380.jpg
178.jpg,negativos_train_0486.jpg,train,/home/irar/Escritorio/ProyectoTaxiDetector/dataset/negativos/originales/178.jpg
771.jpg,negativos_train_0487.jpg,train,/home/irar/Escritorio/ProyectoTaxiDetector/dataset/negativos/originales/771.jpg
457.jpg,negativos_train_0488.jpg,train,/home/irar/Escritorio/ProyectoTaxiDetector/dataset/negativos/originales/457.jpg
556.jpg,negativos_train_0489.jpg,train,/home/irar/Escritorio/ProyectoTaxiDetector/dataset/negativos/originales/556.jpg
584.jpg,negativos_train_0490.jpg,train,/home/irar/Escritorio/ProyectoTaxiDetector/dataset/negativos/originales/584.jpg
143.jpg,negativos_train_0491.jpg,train,/home/irar/Escritorio/ProyectoTaxiDetector/dataset/negativos/originales/143.jpg
888.jpg,negativos_train_0492.jpg,train,/home/irar/Escritorio/ProyectoTaxiDetector/dataset/negativos/originales/888.jpg
112.jpg,negativos_train_0493.jpg,train,/home/irar/Escritorio/ProyectoTaxiDetector/dataset/negativos/originales/112.jpg
388.jpg,negativos_train_0494.jpg,train,/home/irar/Escritorio/ProyectoTaxiDetector/dataset/negativos/originales/388.jpg
782.jpg,negativos_train_0495.jpg,train,/home/irar/Escritorio/ProyectoTaxiDetector/dataset/negativos/originales/782.jpg
464.jpg,negativos_train_0496.jpg,train,/home/irar/Escritorio/ProyectoTaxiDetector/dataset/negativos/originales/464.jpg
383.jpg,negativos_train_0497.jpg,train,/home/irar/Escritorio/ProyectoTaxiDetector/dataset/negativos/originales/383.jpg
332.jpg,negativos_train_0498.jpg,train,/home/irar/Escritorio/ProyectoTaxiDetector/dataset/negativos/originales/332.jpg
92.jpg,negativos_train_0499.jpg,train,/home/irar/Escritorio/ProyectoTaxiDetector/dataset/negativos/originales/92.jpg
670.jpg,negativos_train_0500.jpg,train,/home/irar/Escritorio/ProyectoTaxiDetector/dataset/negativos/originales/670.jpg
95.jpg,negativos_train_0501.jpg,train,/home/irar/Escritorio/ProyectoTaxiDetector/dataset/negativos/originales/95.jpg
432.jpg,negativos_train_0502.jpg,train,/home/irar/Escritorio/ProyectoTaxiDetector/dataset/negativos/originales/432.jpg
169.jpg,negativos_train_0503.jpg,train,/home/irar/Escritorio/ProyectoTaxiDetector/dataset/negativos/originales/169.jpg
847.jpg,negativos_train_0504.jpg,train,/home/irar/Escritorio/ProyectoTaxiDetector/dataset/negativos/originales/847.jpg
71.jpg,negativos_train_0505.jpg,train,/home/irar/Escritorio/ProyectoTaxiDetector/dataset/negativos/originales/71.jpg
11.jpg,negativos_train_0506.jpg,train,/home/irar/Escritorio/ProyectoTaxiDetector/dataset/negativos/originales/11.jpg
129.jpg,negativos_train_0507.jpg,train,/home/irar/Escritorio/ProyectoTaxiDetector/dataset/negativos/originales/129.jpg
859.jpg,negativos_train_0508.jpg,train,/home/irar/Escritorio/ProyectoTaxiDetector/dataset/negativos/originales/859.jpg
530.jpg,negativos_train_0509.jpg,train,/home/irar/Escritorio/ProyectoTaxiDetector/dataset/negativos/originales/530.jpg
78.jpg,negativos_train_0510.jpg,train,/home/irar/Escritorio/ProyectoTaxiDetector/dataset/negativos/originales/78.jpg
430.jpg,negativos_train_0511.jpg,train,/home/irar/Escritorio/ProyectoTaxiDetector/dataset/negativos/originales/430.jpg
954.jpg,negativos_train_0512.jpg,train,/home/irar/Escritorio/ProyectoTaxiDetector/dataset/negativos/originales/954.jpg
156.jpg,negativos_train_0513.jpg,train,/home/irar/Escritorio/ProyectoTaxiDetector/dataset/negativos/originales/156.jpg
842.jpg,negativos_train_0514.jpg,train,/home/irar/Escritorio/ProyectoTaxiDetector/dataset/negativos/originales/842.jpg
810.jpg,negativos_train_0515.jpg,train,/home/irar/Escritorio/ProyectoTaxiDetector/dataset/negativos/originales/810.jpg
630.jpg,negativos_train_0516.jpg,train,/home/irar/Escritorio/ProyectoTaxiDetector/dataset/negativos/originales/630.jpg
316.jpg,negativos_train_0517.jpg,train,/home/irar/Escritorio/ProyectoTaxiDetector/dataset/negativos/originales/316.jpg
455.jpg,negativos_train_0518.jpg,train,/home/irar/Escritorio/ProyectoTaxiDetector/dataset/negativos/originales/455.jpg
322.jpg,negativos_train_0519.jpg,train,/home/irar/Escritorio/ProyectoTaxiDetector/dataset/negativos/originales/322.jpg
389.jpg,negativos_train_0520.jpg,train,/home/irar/Escritorio/ProyectoTaxiDetector/dataset/negativos/originales/389.jpg
38.jpg,negativos_train_0521.jpg,train,/home/irar/Escritorio/ProyectoTaxiDetector/dataset/negativos/originales/38.jpg
959.jpg,negativos_train_0522.jpg,train,/home/irar/Escritorio/ProyectoTaxiDetector/dataset/negativos/originales/959.jpg
217.jpg,negativos_train_0523.jpg,train,/home/irar/Escritorio/ProyectoTaxiDetector/dataset/negativos/originales/217.jpg
225.jpg,negativos_train_0524.jpg,train,/home/irar/Escritorio/ProyectoTaxiDetector/dataset/negativos/originales/225.jpg
949.jpg,negativos_train_0525.jpg,train,/home/irar/Escritorio/ProyectoTaxiDetector/dataset/negativos/originales/949.jpg
242.jpg,negativos_train_0526.jpg,train,/home/irar/Escritorio/ProyectoTaxiDetector/dataset/negativos/originales/242.jpg
214.jpg,negativos_train_0527.jpg,train,/home/irar/Escritorio/ProyectoTaxiDetector/dataset/negativos/originales/214.jpg
414.jpg,negativos_train_0528.jpg,train,/home/irar/Escritorio/ProyectoTaxiDetector/dataset/negativos/originales/414.jpg
116.jpg,negativos_train_0529.jpg,train,/home/irar/Escritorio/ProyectoTaxiDetector/dataset/negativos/originales/116.jpg
417.jpg,negativos_train_0530.jpg,train,/home/irar/Escritorio/ProyectoTaxiDetector/dataset/negativos/originales/417.jpg
876.jpg,negativos_train_0531.jpg,train,/home/irar/Escritorio/ProyectoTaxiDetector/dataset/negativos/originales/876.jpg
673.jpg,negativos_train_0532.jpg,train,/home/irar/Escritorio/ProyectoTaxiDetector/dataset/negativos/originales/673.jpg
391.jpg,negativos_train_0533.jpg,train,/home/irar/Escritorio/ProyectoTaxiDetector/dataset/negativos/originales/391.jpg
48.jpg,negativos_train_0534.jpg,train,/home/irar/Escritorio/ProyectoTaxiDetector/dataset/negativos/originales/48.jpg
898.jpg,negativos_train_0535.jpg,train,/home/irar/Escritorio/ProyectoTaxiDetector/dataset/negativos/originales/898.jpg
841.jpg,negativos_train_0536.jpg,train,/home/irar/Escritorio/ProyectoTaxiDetector/dataset/negativos/originales/841.jpg
460.jpg,negativos_train_0537.jpg,train,/home/irar/Escritorio/ProyectoTaxiDetector/dataset/negativos/originales/460.jpg
852.jpg,negativos_train_0538.jpg,train,/home/irar/Escritorio/ProyectoTaxiDetector/dataset/negativos/originales/852.jpg
866.jpg,negativos_train_0539.jpg,train,/home/irar/Escritorio/ProyectoTaxiDetector/dataset/negativos/originales/866.jpg
625.jpg,negativos_train_0540.jpg,train,/home/irar/Escritorio/ProyectoTaxiDetector/dataset/negativos/originales/625.jpg
996.jpg,negativos_train_0541.jpg,train,/home/irar/Escritorio/ProyectoTaxiDetector/dataset/negativos/originales/996.jpg
177.jpg,negativos_train_0542.jpg,train,/home/irar/Escritorio/ProyectoTaxiDetector/dataset/negativos/originales/177.jpg
210.jpg,negativos_train_0543.jpg,train,/home/irar/Escritorio/ProyectoTaxiDetector/dataset/negativos/originales/210.jpg
872.jpg,negativos_train_0544.jpg,train,/home/irar/Escritorio/ProyectoTaxiDetector/dataset/negativos/originales/872.jpg
117.jpg,negativos_train_0545.jpg,train,/home/irar/Escritorio/ProyectoTaxiDetector/dataset/negativos/originales/117.jpg
176.jpg,negativos_train_0546.jpg,train,/home/irar/Escritorio/ProyectoTaxiDetector/dataset/negativos/originales/176.jpg
66.jpg,negativos_train_0547.jpg,train,/home/irar/Escritorio/ProyectoTaxiDetector/dataset/negativos/originales/66.jpg
570.jpg,negativos_train_0548.jpg,train,/home/irar/Escritorio/ProyectoTaxiDetector/dataset/negativos/originales/570.jpg
415.jpg,negativos_train_0549.jpg,train,/home/irar/Escritorio/ProyectoTaxiDetector/dataset/negativos/originales/415.jpg
24.jpg,negativos_train_0550.jpg,train,/home/irar/Escritorio/ProyectoTaxiDetector/dataset/negativos/originales/24.jpg
874.jpg,negativos_train_0551.jpg,train,/home/irar/Escritorio/ProyectoTaxiDetector/dataset/negativos/originales/874.jpg
823.jpg,negativos_train_0552.jpg,train,/home/irar/Escritorio/ProyectoTaxiDetector/dataset/negativos/originales/823.jpg
349.jpg,negativos_train_0553.jpg,train,/home/irar/Escritorio/ProyectoTaxiDetector/dataset/negativos/originales/349.jpg
679.jpg,negativos_train_0554.jpg,train,/home/irar/Escritorio/ProyectoTaxiDetector/dataset/negativos/originales/679.jpg
317.jpg,negativos_train_0555.jpg,train,/home/irar/Escritorio/ProyectoTaxiDetector/dataset/negativos/originales/317.jpg
37.jpg,negativos_train_0556.jpg,train,/home/irar/Escritorio/ProyectoTaxiDetector/dataset/negativos/originales/37.jpg
884.jpg,negativos_train_0557.jpg,train,/home/irar/Escritorio/ProyectoTaxiDetector/dataset/negativos/originales/884.jpg
640.jpg,negativos_train_0558.jpg,train,/home/irar/Escritorio/ProyectoTaxiDetector/dataset/negativos/originales/640.jpg
971.jpg,negativos_train_0559.jpg,train,/home/irar/Escritorio/ProyectoTaxiDetector/dataset/negativos/originales/971.jpg
184.jpg,negativos_train_0560.jpg,train,/home/irar/Escritorio/ProyectoTaxiDetector/dataset/negativos/originales/184.jpg
145.jpg,negativos_train_0561.jpg,train,/home/irar/Escritorio/ProyectoTaxiDetector/dataset/negativos/originales/145.jpg
869.jpg,negativos_train_0562.jpg,train,/home/irar/Escritorio/ProyectoTaxiDetector/dataset/negativos/originales/869.jpg
229.jpg,negativos_train_0563.jpg,train,/home/irar/Escritorio/ProyectoTaxiDetector/dataset/negativos/originales/229.jpg
520.jpg,negativos_train_0564.jpg,train,/home/irar/Escritorio/ProyectoTaxiDetector/dataset/negativos/originales/520.jpg
345.jpg,negativos_train_0565.jpg,train,/home/irar/Escritorio/ProyectoTaxiDetector/dataset/negativos/originales/345.jpg
756.jpg,negativos_train_0566.jpg,train,/home/irar/Escritorio/ProyectoTaxiDetector/dataset/negativos/originales/756.jpg
790.jpg,negativos_train_0567.jpg,train,/home/irar/Escritorio/ProyectoTaxiDetector/dataset/negativos/originales/790.jpg
290.jpg,negativos_train_0568.jpg,train,/home/irar/Escritorio/ProyectoTaxiDetector/dataset/negativos/originales/290.jpg
183.jpg,negativos_train_0569.jpg,train,/home/irar/Escritorio/ProyectoTaxiDetector/dataset/negativos/originales/183.jpg
627.jpg,negativos_train_0570.jpg,train,/home/irar/Escritorio/ProyectoTaxiDetector/dataset/negativos/originales/627.jpg
678.jpg,negativos_train_0571.jpg,train,/home/irar/Escritorio/ProyectoTaxiDetector/dataset/negativos/originales/678.jpg
830.jpg,negativos_train_0572.jpg,train,/home/irar/Escritorio/ProyectoTaxiDetector/dataset/negativos/originales/830.jpg
814.jpg,negativos_train_0573.jpg,train,/home/irar/Escritorio/ProyectoTaxiDetector/dataset/negativos/originales/814.jpg
621.jpg,negativos_train_0574.jpg,train,/home/irar/Escritorio/ProyectoTaxiDetector/dataset/negativos/originales/621.jpg
589.jpg,negativos_train_0575.jpg,train,/home/irar/Escritorio/ProyectoTaxiDetector/dataset/negativos/originales/589.jpg
714.jpg,negativos_train_0576.jpg,train,/home/irar/Escritorio/ProyectoTaxiDetector/dataset/negativos/originales/714.jpg
161.jpg,negativos_train_0577.jpg,train,/home/irar/Escritorio/ProyectoTaxiDetector/dataset/negativos/originales/161.jpg
428.jpg,negativos_train_0578.jpg,train,/home/irar/Escritorio/ProyectoTaxiDetector/dataset/negativos/originales/428.jpg
731.jpg,negativos_train_0579.jpg,train,/home/irar/Escritorio/ProyectoTaxiDetector/dataset/negativos/originales/731.jpg
659.jpg,negativos_train_0580.jpg,train,/home/irar/Escritorio/ProyectoTaxiDetector/dataset/negativos/originales/659.jpg
84.jpg,negativos_train_0581.jpg,train,/home/irar/Escritorio/ProyectoTaxiDetector/dataset/negativos/originales/84.jpg
329.jpg,negativos_train_0582.jpg,train,/home/irar/Escritorio/ProyectoTaxiDetector/dataset/negativos/originales/329.jpg
411.jpg,negativos_train_0583.jpg,train,/home/irar/Escritorio/ProyectoTaxiDetector/dataset/negativos/originales/411.jpg
726.jpg,negativos_train_0584.jpg,train,/home/irar/Escritorio/ProyectoTaxiDetector/dataset/negativos/originales/726.jpg
261.jpg,negativos_train_0585.jpg,train,/home/irar/Escritorio/ProyectoTaxiDetector/dataset/negativos/originales/261.jpg
598.jpg,negativos_train_0586.jpg,train,/home/irar/Escritorio/ProyectoTaxiDetector/dataset/negativos/originales/598.jpg
671.jpg,negativos_train_0587.jpg,train,/home/irar/Escritorio/ProyectoTaxiDetector/dataset/negativos/originales/671.jpg
736.jpg,negativos_train_0588.jpg,train,/home/irar/Escritorio/ProyectoTaxiDetector/dataset/negativos/originales/736.jpg
392.jpg,negativos_train_0589.jpg,train,/home/irar/Escritorio/ProyectoTaxiDetector/dataset/negativos/originales/392.jpg
568.jpg,negativos_train_0590.jpg,train,/home/irar/Escritorio/ProyectoTaxiDetector/dataset/negativos/originales/568.jpg
783.jpg,negativos_train_0591.jpg,train,/home/irar/Escritorio/ProyectoTaxiDetector/dataset/negativos/originales/783.jpg
499.jpg,negativos_train_0592.jpg,train,/home/irar/Escritorio/ProyectoTaxiDetector/dataset/negativos/originales/499.jpg
110.jpg,negativos_train_0593.jpg,train,/home/irar/Escritorio/ProyectoTaxiDetector/dataset/negativos/originales/110.jpg
895.jpg,negativos_train_0594.jpg,train,/home/irar/Escritorio/ProyectoTaxiDetector/dataset/negativos/originales/895.jpg
270.jpg,negativos_train_0595.jpg,train,/home/irar/Escritorio/ProyectoTaxiDetector/dataset/negativos/originales/270.jpg
962.jpg,negativos_train_0596.jpg,train,/home/irar/Escritorio/ProyectoTaxiDetector/dataset/negativos/originales/962.jpg
883.jpg,negativos_train_0597.jpg,train,/home/irar/Escritorio/ProyectoTaxiDetector/dataset/negativos/originales/883.jpg
325.jpg,negativos_train_0598.jpg,train,/home/irar/Escritorio/ProyectoTaxiDetector/dataset/negativos/originales/325.jpg
592.jpg,negativos_train_0599.jpg,train,/home/irar/Escritorio/ProyectoTaxiDetector/dataset/negativos/originales/592.jpg
75.jpg,negativos_train_0600.jpg,train,/home/irar/Escritorio/ProyectoTaxiDetector/dataset/negativos/originales/75.jpg
741.jpg,negativos_train_0601.jpg,train,/home/irar/Escritorio/ProyectoTaxiDetector/dataset/negativos/originales/741.jpg
272.jpg,negativos_train_0602.jpg,train,/home/irar/Escritorio/ProyectoTaxiDetector/dataset/negativos/originales/272.jpg
347.jpg,negativos_train_0603.jpg,train,/home/irar/Escritorio/ProyectoTaxiDetector/dataset/negativos/originales/347.jpg
982.jpg,negativos_train_0604.jpg,train,/home/irar/Escritorio/ProyectoTaxiDetector/dataset/negativos/originales/982.jpg
122.jpg,negativos_train_0605.jpg,train,/home/irar/Escritorio/ProyectoTaxiDetector/dataset/negativos/originales/122.jpg
657.jpg,negativos_train_0606.jpg,train,/home/irar/Escritorio/ProyectoTaxiDetector/dataset/negativos/originales/657.jpg
155.jpg,negativos_train_0607.jpg,train,/home/irar/Escritorio/ProyectoTaxiDetector/dataset/negativos/originales/155.jpg
732.jpg,negativos_train_0608.jpg,train,/home/irar/Escritorio/ProyectoTaxiDetector/dataset/negativos/originales/732.jpg
666.jpg,negativos_train_0609.jpg,train,/home/irar/Escritorio/ProyectoTaxiDetector/dataset/negativos/originales/666.jpg
557.jpg,negativos_train_0610.jpg,train,/home/irar/Escritorio/ProyectoTaxiDetector/dataset/negativos/originales/557.jpg
179.jpg,negativos_train_0611.jpg,train,/home/irar/Escritorio/ProyectoTaxiDetector/dataset/negativos/originales/179.jpg
359.jpg,negativos_train_0612.jpg,train,/home/irar/Escritorio/ProyectoTaxiDetector/dataset/negativos/originales/359.jpg
896.jpg,negativos_train_0613.jpg,train,/home/irar/Escritorio/ProyectoTaxiDetector/dataset/negativos/originales/896.jpg
893.jpg,negativos_train_0614.jpg,train,/home/irar/Escritorio/ProyectoTaxiDetector/dataset/negativos/originales/893.jpg
288.jpg,negativos_train_0615.jpg,train,/home/irar/Escritorio/ProyectoTaxiDetector/dataset/negativos/originales/288.jpg
85.jpg,negativos_train_0616.jpg,train,/home/irar/Escritorio/ProyectoTaxiDetector/dataset/negativos/originales/85.jpg
248.jpg,negativos_train_0617.jpg,train,/home/irar/Escritorio/ProyectoTaxiDetector/dataset/negativos/originales/248.jpg
97.jpg,negativos_train_0618.jpg,train,/home/irar/Escritorio/ProyectoTaxiDetector/dataset/negativos/originales/97.jpg
837.jpg,negativos_train_0619.jpg,train,/home/irar/Escritorio/ProyectoTaxiDetector/dataset/negativos/originales/837.jpg
740.jpg,negativos_train_0620.jpg,train,/home/irar/Escritorio/ProyectoTaxiDetector/dataset/negativos/originales/740.jpg
935.jpg,negativos_train_0621.jpg,train,/home/irar/Escritorio/ProyectoTaxiDetector/dataset/negativos/originales/935.jpg
358.jpg,negativos_train_0622.jpg,train,/home/irar/Escritorio/ProyectoTaxiDetector/dataset/negativos/originales/358.jpg
219.jpg,negativos_train_0623.jpg,train,/home/irar/Escritorio/ProyectoTaxiDetector/dataset/negativos/originales/219.jpg
451.jpg,negativos_train_0624.jpg,train,/home/irar/Escritorio/ProyectoTaxiDetector/dataset/negativos/originales/451.jpg
52.jpg,negativos_train_0625.jpg,train,/home/irar/Escritorio/ProyectoTaxiDetector/dataset/negativos/originales/52.jpg
165.jpg,negativos_train_0626.jpg,train,/home/irar/Escritorio/ProyectoTaxiDetector/dataset/negativos/originales/165.jpg
20.jpg,negativos_train_0627.jpg,train,/home/irar/Escritorio/ProyectoTaxiDetector/dataset/negativos/originales/20.jpg
159.jpg,negativos_train_0628.jpg,train,/home/irar/Escritorio/ProyectoTaxiDetector/dataset/negativos/originales/159.jpg
58.jpg,negativos_train_0629.jpg,train,/home/irar/Escritorio/ProyectoTaxiDetector/dataset/negativos/originales/58.jpg
527.jpg,negativos_train_0630.jpg,train,/home/irar/Escritorio/ProyectoTaxiDetector/dataset/negativos/originales/527.jpg
780.jpg,negativos_validation_0001.jpg,validation,/home/irar/Escritorio/ProyectoTaxiDetector/dataset/negativos/originales/780.jpg
465.jpg,negativos_validation_0002.jpg,validation,/home/irar/Escritorio/ProyectoTaxiDetector/dataset/negativos/originales/465.jpg
546.jpg,negativos_validation_0003.jpg,validation,/home/irar/Escritorio/ProyectoTaxiDetector/dataset/negativos/originales/546.jpg
952.jpg,negativos_validation_0004.jpg,validation,/home/irar/Escritorio/ProyectoTaxiDetector/dataset/negativos/originales/952.jpg
196.jpg,negativos_validation_0005.jpg,validation,/home/irar/Escritorio/ProyectoTaxiDetector/dataset/negativos/originales/196.jpg
294.jpg,negativos_validation_0006.jpg,validation,/home/irar/Escritorio/ProyectoTaxiDetector/dataset/negativos/originales/294.jpg
523.jpg,negativos_validation_0007.jpg,validation,/home/irar/Escritorio/ProyectoTaxiDetector/dataset/negativos/originales/523.jpg
744.jpg,negativos_validation_0008.jpg,validation,/home/irar/Escritorio/ProyectoTaxiDetector/dataset/negativos/originales/744.jpg
352.jpg,negativos_validation_0009.jpg,validation,/home/irar/Escritorio/ProyectoTaxiDetector/dataset/negativos/originales/352.jpg
585.jpg,negativos_validation_0010.jpg,validation,/home/irar/Escritorio/ProyectoTaxiDetector/dataset/negativos/originales/585.jpg
690.jpg,negativos_validation_0011.jpg,validation,/home/irar/Escritorio/ProyectoTaxiDetector/dataset/negativos/originales/690.jpg
685.jpg,negativos_validation_0012.jpg,validation,/home/irar/Escritorio/ProyectoTaxiDetector/dataset/negativos/originales/685.jpg
240.jpg,negativos_validation_0013.jpg,validation,/home/irar/Escritorio/ProyectoTaxiDetector/dataset/negativos/originales/240.jpg
964.jpg,negativos_validation_0014.jpg,validation,/home/irar/Escritorio/ProyectoTaxiDetector/dataset/negativos/originales/964.jpg
326.jpg,negativos_validation_0015.jpg,validation,/home/irar/Escritorio/ProyectoTaxiDetector/dataset/negativos/originales/326.jpg
791.jpg,negativos_validation_0016.jpg,validation,/home/irar/Escritorio/ProyectoTaxiDetector/dataset/negativos/originales/791.jpg
386.jpg,negativos_validation_0017.jpg,validation,/home/irar/Escritorio/ProyectoTaxiDetector/dataset/negativos/originales/386.jpg
348.jpg,negativos_validation_0018.jpg,validation,/home/irar/Escritorio/ProyectoTaxiDetector/dataset/negativos/originales/348.jpg
632.jpg,negativos_validation_0019.jpg,validation,/home/irar/Escritorio/ProyectoTaxiDetector/dataset/negativos/originales/632.jpg
835.jpg,negativos_validation_0020.jpg,validation,/home/irar/Escritorio/ProyectoTaxiDetector/dataset/negativos/originales/835.jpg
443.jpg,negativos_validation_0021.jpg,validation,/home/irar/Escritorio/ProyectoTaxiDetector/dataset/negativos/originales/443.jpg
885.jpg,negativos_validation_0022.jpg,validation,/home/irar/Escritorio/ProyectoTaxiDetector/dataset/negativos/originales/885.jpg
171.jpg,negativos_validation_0023.jpg,validation,/home/irar/Escritorio/ProyectoTaxiDetector/dataset/negativos/originales/171.jpg
886.jpg,negativos_validation_0024.jpg,validation,/home/irar/Escritorio/ProyectoTaxiDetector/dataset/negativos/originales/886.jpg
163.jpg,negativos_validation_0025.jpg,validation,/home/irar/Escritorio/ProyectoTaxiDetector/dataset/negativos/originales/163.jpg
750.jpg,negativos_validation_0026.jpg,validation,/home/irar/Escritorio/ProyectoTaxiDetector/dataset/negativos/originales/750.jpg
174.jpg,negativos_validation_0027.jpg,validation,/home/irar/Escritorio/ProyectoTaxiDetector/dataset/negativos/originales/174.jpg
115.jpg,negativos_validation_0028.jpg,validation,/home/irar/Escritorio/ProyectoTaxiDetector/dataset/negativos/originales/115.jpg
970.jpg,negativos_validation_0029.jpg,validation,/home/irar/Escritorio/ProyectoTaxiDetector/dataset/negativos/originales/970.jpg
765.jpg,negativos_validation_0030.jpg,validation,/home/irar/Escritorio/ProyectoTaxiDetector/dataset/negativos/originales/765.jpg
340.jpg,negativos_validation_0031.jpg,validation,/home/irar/Escritorio/ProyectoTaxiDetector/dataset/negativos/originales/340.jpg
67.jpg,negativos_validation_0032.jpg,validation,/home/irar/Escritorio/ProyectoTaxiDetector/dataset/negativos/originales/67.jpg
710.jpg,negativos_validation_0033.jpg,validation,/home/irar/Escritorio/ProyectoTaxiDetector/dataset/negativos/originales/710.jpg
128.jpg,negativos_validation_0034.jpg,validation,/home/irar/Escritorio/ProyectoTaxiDetector/dataset/negativos/originales/128.jpg
450.jpg,negativos_validation_0035.jpg,validation,/home/irar/Escritorio/ProyectoTaxiDetector/dataset/negativos/originales/450.jpg
848.jpg,negativos_validation_0036.jpg,validation,/home/irar/Escritorio/ProyectoTaxiDetector/dataset/negativos/originales/848.jpg
336.jpg,negativos_validation_0037.jpg,validation,/home/irar/Escritorio/ProyectoTaxiDetector/dataset/negativos/originales/336.jpg
357.jpg,negativos_validation_0038.jpg,validation,/home/irar/Escritorio/ProyectoTaxiDetector/dataset/negativos/originales/357.jpg
23.jpg,negativos_validation_0039.jpg,validation,/home/irar/Escritorio/ProyectoTaxiDetector/dataset/negativos/originales/23.jpg
565.jpg,negativos_validation_0040.jpg,validation,/home/irar/Escritorio/ProyectoTaxiDetector/dataset/negativos/originales/565.jpg
635.jpg,negativos_validation_0041.jpg,validation,/home/irar/Escritorio/ProyectoTaxiDetector/dataset/negativos/originales/635.jpg
552.jpg,negativos_validation_0042.jpg,validation,/home/irar/Escritorio/ProyectoTaxiDetector/dataset/negativos/originales/552.jpg
817.jpg,negativos_validation_0043.jpg,validation,/home/irar/Escritorio/ProyectoTaxiDetector/dataset/negativos/originales/817.jpg
974.jpg,negativos_validation_0044.jpg,validation,/home/irar/Escritorio/ProyectoTaxiDetector/dataset/negativos/originales/974.jpg
989.jpg,negativos_validation_0045.jpg,validation,/home/irar/Escritorio/ProyectoTaxiDetector/dataset/negativos/originales/989.jpg
426.jpg,negativos_validation_0046.jpg,validation,/home/irar/Escritorio/ProyectoTaxiDetector/dataset/negativos/originales/426.jpg
313.jpg,negativos_validation_0047.jpg,validation,/home/irar/Escritorio/ProyectoTaxiDetector/dataset/negativos/originales/313.jpg
815.jpg,negativos_validation_0048.jpg,validation,/home/irar/Escritorio/ProyectoTaxiDetector/dataset/negativos/originales/815.jpg
880.jpg,negativos_validation_0049.jpg,validation,/home/irar/Escritorio/ProyectoTaxiDetector/dataset/negativos/originales/880.jpg
539.jpg,negativos_validation_0050.jpg,validation,/home/irar/Escritorio/ProyectoTaxiDetector/dataset/negativos/originales/539.jpg
728.jpg,negativos_validation_0051.jpg,validation,/home/irar/Escritorio/ProyectoTaxiDetector/dataset/negativos/originales/728.jpg
645.jpg,negativos_validation_0052.jpg,validation,/home/irar/Escritorio/ProyectoTaxiDetector/dataset/negativos/originales/645.jpg
870.jpg,negativos_validation_0053.jpg,validation,/home/irar/Escritorio/ProyectoTaxiDetector/dataset/negativos/originales/870.jpg
271.jpg,negativos_validation_0054.jpg,validation,/home/irar/Escritorio/ProyectoTaxiDetector/dataset/negativos/originales/271.jpg
665.jpg,negativos_validation_0055.jpg,validation,/home/irar/Escritorio/ProyectoTaxiDetector/dataset/negativos/originales/665.jpg
587.jpg,negativos_validation_0056.jpg,validation,/home/irar/Escritorio/ProyectoTaxiDetector/dataset/negativos/originales/587.jpg
777.jpg,negativos_validation_0057.jpg,validation,/home/irar/Escritorio/ProyectoTaxiDetector/dataset/negativos/originales/777.jpg
237.jpg,negativos_validation_0058.jpg,validation,/home/irar/Escritorio/ProyectoTaxiDetector/dataset/negativos/originales/237.jpg
234.jpg,negativos_validation_0059.jpg,validation,/home/irar/Escritorio/ProyectoTaxiDetector/dataset/negativos/originales/234.jpg
65.jpg,negativos_validation_0060.jpg,validation,/home/irar/Escritorio/ProyectoTaxiDetector/dataset/negativos/originales/65.jpg
172.jpg,negativos_validation_0061.jpg,validation,/home/irar/Escritorio/ProyectoTaxiDetector/dataset/negativos/originales/172.jpg
597.jpg,negativos_validation_0062.jpg,validation,/home/irar/Escritorio/ProyectoTaxiDetector/dataset/negativos/originales/597.jpg
188.jpg,negativos_validation_0063.jpg,validation,/home/irar/Escritorio/ProyectoTaxiDetector/dataset/negativos/originales/188.jpg
941.jpg,negativos_validation_0064.jpg,validation,/home/irar/Escritorio/ProyectoTaxiDetector/dataset/negativos/originales/941.jpg
88.jpg,negativos_validation_0065.jpg,validation,/home/irar/Escritorio/ProyectoTaxiDetector/dataset/negativos/originales/88.jpg
350.jpg,negativos_validation_0066.jpg,validation,/home/irar/Escritorio/ProyectoTaxiDetector/dataset/negativos/originales/350.jpg
162.jpg,negativos_validation_0067.jpg,validation,/home/irar/Escritorio/ProyectoTaxiDetector/dataset/negativos/originales/162.jpg
35.jpg,negativos_validation_0068.jpg,validation,/home/irar/Escritorio/ProyectoTaxiDetector/dataset/negativos/originales/35.jpg
421.jpg,negativos_validation_0069.jpg,validation,/home/irar/Escritorio/ProyectoTaxiDetector/dataset/negativos/originales/421.jpg
473.jpg,negativos_validation_0070.jpg,validation,/home/irar/Escritorio/ProyectoTaxiDetector/dataset/negativos/originales/473.jpg
833.jpg,negativos_validation_0071.jpg,validation,/home/irar/Escritorio/ProyectoTaxiDetector/dataset/negativos/originales/833.jpg
126.jpg,negativos_validation_0072.jpg,validation,/home/irar/Escritorio/ProyectoTaxiDetector/dataset/negativos/originales/126.jpg
60.jpg,negativos_validation_0073.jpg,validation,/home/irar/Escritorio/ProyectoTaxiDetector/dataset/negativos/originales/60.jpg
437.jpg,negativos_validation_0074.jpg,validation,/home/irar/Escritorio/ProyectoTaxiDetector/dataset/negativos/originales/437.jpg
720.jpg,negativos_validation_0075.jpg,validation,/home/irar/Escritorio/ProyectoTaxiDetector/dataset/negativos/originales/720.jpg
10.jpg,negativos_validation_0076.jpg,validation,/home/irar/Escritorio/ProyectoTaxiDetector/dataset/negativos/originales/10.jpg
648.jpg,negativos_validation_0077.jpg,validation,/home/irar/Escritorio/ProyectoTaxiDetector/dataset/negativos/originales/648.jpg
656.jpg,negativos_validation_0078.jpg,validation,/home/irar/Escritorio/ProyectoTaxiDetector/dataset/negativos/originales/656.jpg
268.jpg,negativos_validation_0079.jpg,validation,/home/irar/Escritorio/ProyectoTaxiDetector/dataset/negativos/originales/268.jpg
483.jpg,negativos_validation_0080.jpg,validation,/home/irar/Escritorio/ProyectoTaxiDetector/dataset/negativos/originales/483.jpg
853.jpg,negativos_validation_0081.jpg,validation,/home/irar/Escritorio/ProyectoTaxiDetector/dataset/negativos/originales/853.jpg
976.jpg,negativos_validation_0082.jpg,validation,/home/irar/Escritorio/ProyectoTaxiDetector/dataset/negativos/originales/976.jpg
911.jpg,negativos_validation_0083.jpg,validation,/home/irar/Escritorio/ProyectoTaxiDetector/dataset/negativos/originales/911.jpg
915.jpg,negativos_validation_0084.jpg,validation,/home/irar/Escritorio/ProyectoTaxiDetector/dataset/negativos/originales/915.jpg
999.jpg,negativos_validation_0085.jpg,validation,/home/irar/Escritorio/ProyectoTaxiDetector/dataset/negativos/originales/999.jpg
413.jpg,negativos_validation_0086.jpg,validation,/home/irar/Escritorio/ProyectoTaxiDetector/dataset/negativos/originales/413.jpg
745.jpg,negativos_validation_0087.jpg,validation,/home/irar/Escritorio/ProyectoTaxiDetector/dataset/negativos/originales/745.jpg
216.jpg,negativos_validation_0088.jpg,validation,/home/irar/Escritorio/ProyectoTaxiDetector/dataset/negativos/originales/216.jpg
626.jpg,negativos_validation_0089.jpg,validation,/home/irar/Escritorio/ProyectoTaxiDetector/dataset/negativos/originales/626.jpg
283.jpg,negativos_validation_0090.jpg,validation,/home/irar/Escritorio/ProyectoTaxiDetector/dataset/negativos/originales/283.jpg
62.jpg,negativos_validation_0091.jpg,validation,/home/irar/Escritorio/ProyectoTaxiDetector/dataset/negativos/originales/62.jpg
868.jpg,negativos_validation_0092.jpg,validation,/home/irar/Escritorio/ProyectoTaxiDetector/dataset/negativos/originales/868.jpg
111.jpg,negativos_validation_0093.jpg,validation,/home/irar/Escritorio/ProyectoTaxiDetector/dataset/negativos/originales/111.jpg
923.jpg,negativos_validation_0094.jpg,validation,/home/irar/Escritorio/ProyectoTaxiDetector/dataset/negativos/originales/923.jpg
264.jpg,negativos_validation_0095.jpg,validation,/home/irar/Escritorio/ProyectoTaxiDetector/dataset/negativos/originales/264.jpg
55.jpg,negativos_validation_0096.jpg,validation,/home/irar/Escritorio/ProyectoTaxiDetector/dataset/negativos/originales/55.jpg
94.jpg,negativos_validation_0097.jpg,validation,/home/irar/Escritorio/ProyectoTaxiDetector/dataset/negativos/originales/94.jpg
998.jpg,negativos_validation_0098.jpg,validation,/home/irar/Escritorio/ProyectoTaxiDetector/dataset/negativos/originales/998.jpg
960.jpg,negativos_validation_0099.jpg,validation,/home/irar/Escritorio/ProyectoTaxiDetector/dataset/negativos/originales/960.jpg
76.jpg,negativos_validation_0100.jpg,validation,/home/irar/Escritorio/ProyectoTaxiDetector/dataset/negativos/originales/76.jpg
916.jpg,negativos_validation_0101.jpg,validation,/home/irar/Escritorio/ProyectoTaxiDetector/dataset/negativos/originales/916.jpg
944.jpg,negativos_validation_0102.jpg,validation,/home/irar/Escritorio/ProyectoTaxiDetector/dataset/negativos/originales/944.jpg
798.jpg,negativos_validation_0103.jpg,validation,/home/irar/Escritorio/ProyectoTaxiDetector/dataset/negativos/originales/798.jpg
224.jpg,negativos_validation_0104.jpg,validation,/home/irar/Escritorio/ProyectoTaxiDetector/dataset/negativos/originales/224.jpg
899.jpg,negativos_validation_0105.jpg,validation,/home/irar/Escritorio/ProyectoTaxiDetector/dataset/negativos/originales/899.jpg
119.jpg,negativos_validation_0106.jpg,validation,/home/irar/Escritorio/ProyectoTaxiDetector/dataset/negativos/originales/119.jpg
669.jpg,negativos_validation_0107.jpg,validation,/home/irar/Escritorio/ProyectoTaxiDetector/dataset/negativos/originales/669.jpg
360.jpg,negativos_validation_0108.jpg,validation,/home/irar/Escritorio/ProyectoTaxiDetector/dataset/negativos/originales/360.jpg
646.jpg,negativos_validation_0109.jpg,validation,/home/irar/Escritorio/ProyectoTaxiDetector/dataset/negativos/originales/646.jpg
580.jpg,negativos_validation_0110.jpg,validation,/home/irar/Escritorio/ProyectoTaxiDetector/dataset/negativos/originales/580.jpg
849.jpg,negativos_validation_0111.jpg,validation,/home/irar/Escritorio/ProyectoTaxiDetector/dataset/negativos/originales/849.jpg
490.jpg,negativos_validation_0112.jpg,validation,/home/irar/Escritorio/ProyectoTaxiDetector/dataset/negativos/originales/490.jpg
494.jpg,negativos_validation_0113.jpg,validation,/home/irar/Escritorio/ProyectoTaxiDetector/dataset/negativos/originales/494.jpg
168.jpg,negativos_validation_0114.jpg,validation,/home/irar/Escritorio/ProyectoTaxiDetector/dataset/negativos/originales/168.jpg
718.jpg,negativos_validation_0115.jpg,validation,/home/irar/Escritorio/ProyectoTaxiDetector/dataset/negativos/originales/718.jpg
961.jpg,negativos_validation_0116.jpg,validation,/home/irar/Escritorio/ProyectoTaxiDetector/dataset/negativos/originales/961.jpg
796.jpg,negativos_validation_0117.jpg,validation,/home/irar/Escritorio/ProyectoTaxiDetector/dataset/negativos/originales/796.jpg
963.jpg,negativos_validation_0118.jpg,validation,/home/irar/Escritorio/ProyectoTaxiDetector/dataset/negativos/originales/963.jpg
747.jpg,negativos_validation_0119.jpg,validation,/home/irar/Escritorio/ProyectoTaxiDetector/dataset/negativos/originales/747.jpg
26.jpg,negativos_validation_0120.jpg,validation,/home/irar/Escritorio/ProyectoTaxiDetector/dataset/negativos/originales/26.jpg
22.jpg,negativos_validation_0121.jpg,validation,/home/irar/Escritorio/ProyectoTaxiDetector/dataset/negativos/originales/22.jpg
152.jpg,negativos_validation_0122.jpg,validation,/home/irar/Escritorio/ProyectoTaxiDetector/dataset/negativos/originales/152.jpg
193.jpg,negativos_validation_0123.jpg,validation,/home/irar/Escritorio/ProyectoTaxiDetector/dataset/negativos/originales/193.jpg
613.jpg,negativos_validation_0124.jpg,validation,/home/irar/Escritorio/ProyectoTaxiDetector/dataset/negativos/originales/613.jpg
628.jpg,negativos_validation_0125.jpg,validation,/home/irar/Escritorio/ProyectoTaxiDetector/dataset/negativos/originales/628.jpg
246.jpg,negativos_validation_0126.jpg,validation,/home/irar/Escritorio/ProyectoTaxiDetector/dataset/negativos/originales/246.jpg
890.jpg,negativos_validation_0127.jpg,validation,/home/irar/Escritorio/ProyectoTaxiDetector/dataset/negativos/originales/890.jpg
937.jpg,negativos_validation_0128.jpg,validation,/home/irar/Escritorio/ProyectoTaxiDetector/dataset/negativos/originales/937.jpg
516.jpg,negativos_validation_0129.jpg,validation,/home/irar/Escritorio/ProyectoTaxiDetector/dataset/negativos/originales/516.jpg
697.jpg,negativos_validation_0130.jpg,validation,/home/irar/Escritorio/ProyectoTaxiDetector/dataset/negativos/originales/697.jpg
543.jpg,negativos_validation_0131.jpg,validation,/home/irar/Escritorio/ProyectoTaxiDetector/dataset/negativos/originales/543.jpg
698.jpg,negativos_validation_0132.jpg,validation,/home/irar/Escritorio/ProyectoTaxiDetector/dataset/negativos/originales/698.jpg
371.jpg,negativos_validation_0133.jpg,validation,/home/irar/Escritorio/ProyectoTaxiDetector/dataset/negativos/originales/371.jpg
655.jpg,negativos_validation_0134.jpg,validation,/home/irar/Escritorio/ProyectoTaxiDetector/dataset/negativos/originales/655.jpg
977.jpg,negativos_validation_0135.jpg,validation,/home/irar/Escritorio/ProyectoTaxiDetector/dataset/negativos/originales/977.jpg
865.jpg,negativos_test_0001.jpg,test,/home/irar/Escritorio/ProyectoTaxiDetector/dataset/negativos/originales/865.jpg
356.jpg,negativos_test_0002.jpg,test,/home/irar/Escritorio/ProyectoTaxiDetector/dataset/negativos/originales/356.jpg
992.jpg,negativos_test_0003.jpg,test,/home/irar/Escritorio/ProyectoTaxiDetector/dataset/negativos/originales/992.jpg
373.jpg,negativos_test_0004.jpg,test,/home/irar/Escritorio/ProyectoTaxiDetector/dataset/negativos/originales/373.jpg
250.jpg,negativos_test_0005.jpg,test,/home/irar/Escritorio/ProyectoTaxiDetector/dataset/negativos/originales/250.jpg
571.jpg,negativos_test_0006.jpg,test,/home/irar/Escritorio/ProyectoTaxiDetector/dataset/negativos/originales/571.jpg
761.jpg,negativos_test_0007.jpg,test,/home/irar/Escritorio/ProyectoTaxiDetector/dataset/negativos/originales/761.jpg
513.jpg,negativos_test_0008.jpg,test,/home/irar/Escritorio/ProyectoTaxiDetector/dataset/negativos/originales/513.jpg
619.jpg,negativos_test_0009.jpg,test,/home/irar/Escritorio/ProyectoTaxiDetector/dataset/negativos/originales/619.jpg
773.jpg,negativos_test_0010.jpg,test,/home/irar/Escritorio/ProyectoTaxiDetector/dataset/negativos/originales/773.jpg
324.jpg,negativos_test_0011.jpg,test,/home/irar/Escritorio/ProyectoTaxiDetector/dataset/negativos/originales/324.jpg
429.jpg,negativos_test_0012.jpg,test,/home/irar/Escritorio/ProyectoTaxiDetector/dataset/negativos/originales/429.jpg
840.jpg,negativos_test_0013.jpg,test,/home/irar/Escritorio/ProyectoTaxiDetector/dataset/negativos/originales/840.jpg
681.jpg,negativos_test_0014.jpg,test,/home/irar/Escritorio/ProyectoTaxiDetector/dataset/negativos/originales/681.jpg
323.jpg,negativos_test_0015.jpg,test,/home/irar/Escritorio/ProyectoTaxiDetector/dataset/negativos/originales/323.jpg
17.jpg,negativos_test_0016.jpg,test,/home/irar/Escritorio/ProyectoTaxiDetector/dataset/negativos/originales/17.jpg
376.jpg,negativos_test_0017.jpg,test,/home/irar/Escritorio/ProyectoTaxiDetector/dataset/negativos/originales/376.jpg
518.jpg,negativos_test_0018.jpg,test,/home/irar/Escritorio/ProyectoTaxiDetector/dataset/negativos/originales/518.jpg
43.jpg,negativos_test_0019.jpg,test,/home/irar/Escritorio/ProyectoTaxiDetector/dataset/negativos/originales/43.jpg
984.jpg,negativos_test_0020.jpg,test,/home/irar/Escritorio/ProyectoTaxiDetector/dataset/negativos/originales/984.jpg
34.jpg,negativos_test_0021.jpg,test,/home/irar/Escritorio/ProyectoTaxiDetector/dataset/negativos/originales/34.jpg
160.jpg,negativos_test_0022.jpg,test,/home/irar/Escritorio/ProyectoTaxiDetector/dataset/negativos/originales/160.jpg
887.jpg,negativos_test_0023.jpg,test,/home/irar/Escritorio/ProyectoTaxiDetector/dataset/negativos/originales/887.jpg
438.jpg,negativos_test_0024.jpg,test,/home/irar/Escritorio/ProyectoTaxiDetector/dataset/negativos/originales/438.jpg
81.jpg,negativos_test_0025.jpg,test,/home/irar/Escritorio/ProyectoTaxiDetector/dataset/negativos/originales/81.jpg
330.jpg,negativos_test_0026.jpg,test,/home/irar/Escritorio/ProyectoTaxiDetector/dataset/negativos/originales/330.jpg
672.jpg,negativos_test_0027.jpg,test,/home/irar/Escritorio/ProyectoTaxiDetector/dataset/negativos/originales/672.jpg
812.jpg,negativos_test_0028.jpg,test,/home/irar/Escritorio/ProyectoTaxiDetector/dataset/negativos/originales/812.jpg
759.jpg,negativos_test_0029.jpg,test,/home/irar/Escritorio/ProyectoTaxiDetector/dataset/negativos/originales/759.jpg
378.jpg,negativos_test_0030.jpg,test,/home/irar/Escritorio/ProyectoTaxiDetector/dataset/negativos/originales/378.jpg
489.jpg,negativos_test_0031.jpg,test,/home/irar/Escritorio/ProyectoTaxiDetector/dataset/negativos/originales/489.jpg
575.jpg,negativos_test_0032.jpg,test,/home/irar/Escritorio/ProyectoTaxiDetector/dataset/negativos/originales/575.jpg
27.jpg,negativos_test_0033.jpg,test,/home/irar/Escritorio/ProyectoTaxiDetector/dataset/negativos/originales/27.jpg
994.jpg,negativos_test_0034.jpg,test,/home/irar/Escritorio/ProyectoTaxiDetector/dataset/negativos/originales/994.jpg
850.jpg,negativos_test_0035.jpg,test,/home/irar/Escritorio/ProyectoTaxiDetector/dataset/negativos/originales/850.jpg
650.jpg,negativos_test_0036.jpg,test,/home/irar/Escritorio/ProyectoTaxiDetector/dataset/negativos/originales/650.jpg
277.jpg,negativos_test_0037.jpg,test,/home/irar/Escritorio/ProyectoTaxiDetector/dataset/negativos/originales/277.jpg
922.jpg,negativos_test_0038.jpg,test,/home/irar/Escritorio/ProyectoTaxiDetector/dataset/negativos/originales/922.jpg
73.jpg,negativos_test_0039.jpg,test,/home/irar/Escritorio/ProyectoTaxiDetector/dataset/negativos/originales/73.jpg
175.jpg,negativos_test_0040.jpg,test,/home/irar/Escritorio/ProyectoTaxiDetector/dataset/negativos/originales/175.jpg
766.jpg,negativos_test_0041.jpg,test,/home/irar/Escritorio/ProyectoTaxiDetector/dataset/negativos/originales/766.jpg
799.jpg,negativos_test_0042.jpg,test,/home/irar/Escritorio/ProyectoTaxiDetector/dataset/negativos/originales/799.jpg
973.jpg,negativos_test_0043.jpg,test,/home/irar/Escritorio/ProyectoTaxiDetector/dataset/negativos/originales/973.jpg
375.jpg,negativos_test_0044.jpg,test,/home/irar/Escritorio/ProyectoTaxiDetector/dataset/negativos/originales/375.jpg
787.jpg,negativos_test_0045.jpg,test,/home/irar/Escritorio/ProyectoTaxiDetector/dataset/negativos/originales/787.jpg
321.jpg,negativos_test_0046.jpg,test,/home/irar/Escritorio/ProyectoTaxiDetector/dataset/negativos/originales/321.jpg
466.jpg,negativos_test_0047.jpg,test,/home/irar/Escritorio/ProyectoTaxiDetector/dataset/negativos/originales/466.jpg
480.jpg,negativos_test_0048.jpg,test,/home/irar/Escritorio/ProyectoTaxiDetector/dataset/negativos/originales/480.jpg
269.jpg,negativos_test_0049.jpg,test,/home/irar/Escritorio/ProyectoTaxiDetector/dataset/negativos/originales/269.jpg
475.jpg,negativos_test_0050.jpg,test,/home/irar/Escritorio/ProyectoTaxiDetector/dataset/negativos/originales/475.jpg
754.jpg,negativos_test_0051.jpg,test,/home/irar/Escritorio/ProyectoTaxiDetector/dataset/negativos/originales/754.jpg
567.jpg,negativos_test_0052.jpg,test,/home/irar/Escritorio/ProyectoTaxiDetector/dataset/negativos/originales/567.jpg
96.jpg,negativos_test_0053.jpg,test,/home/irar/Escritorio/ProyectoTaxiDetector/dataset/negativos/originales/96.jpg
953.jpg,negativos_test_0054.jpg,test,/home/irar/Escritorio/ProyectoTaxiDetector/dataset/negativos/originales/953.jpg
211.jpg,negativos_test_0055.jpg,test,/home/irar/Escritorio/ProyectoTaxiDetector/dataset/negativos/originales/211.jpg
980.jpg,negativos_test_0056.jpg,test,/home/irar/Escritorio/ProyectoTaxiDetector/dataset/negativos/originales/980.jpg
182.jpg,negativos_test_0057.jpg,test,/home/irar/Escritorio/ProyectoTaxiDetector/dataset/negativos/originales/182.jpg
396.jpg,negativos_test_0058.jpg,test,/home/irar/Escritorio/ProyectoTaxiDetector/dataset/negativos/originales/396.jpg
891.jpg,negativos_test_0059.jpg,test,/home/irar/Escritorio/ProyectoTaxiDetector/dataset/negativos/originales/891.jpg
339.jpg,negativos_test_0060.jpg,test,/home/irar/Escritorio/ProyectoTaxiDetector/dataset/negativos/originales/339.jpg
779.jpg,negativos_test_0061.jpg,test,/home/irar/Escritorio/ProyectoTaxiDetector/dataset/negativos/originales/779.jpg
150.jpg,negativos_test_0062.jpg,test,/home/irar/Escritorio/ProyectoTaxiDetector/dataset/negativos/originales/150.jpg
173.jpg,negativos_test_0063.jpg,test,/home/irar/Escritorio/ProyectoTaxiDetector/dataset/negativos/originales/173.jpg
828.jpg,negativos_test_0064.jpg,test,/home/irar/Escritorio/ProyectoTaxiDetector/dataset/negativos/originales/828.jpg
296.jpg,negativos_test_0065.jpg,test,/home/irar/Escritorio/ProyectoTaxiDetector/dataset/negativos/originales/296.jpg
691.jpg,negativos_test_0066.jpg,test,/home/irar/Escritorio/ProyectoTaxiDetector/dataset/negativos/originales/691.jpg
472.jpg,negativos_test_0067.jpg,test,/home/irar/Escritorio/ProyectoTaxiDetector/dataset/negativos/originales/472.jpg
739.jpg,negativos_test_0068.jpg,test,/home/irar/Escritorio/ProyectoTaxiDetector/dataset/negativos/originales/739.jpg
748.jpg,negativos_test_0069.jpg,test,/home/irar/Escritorio/ProyectoTaxiDetector/dataset/negativos/originales/748.jpg
40.jpg,negativos_test_0070.jpg,test,/home/irar/Escritorio/ProyectoTaxiDetector/dataset/negativos/originales/40.jpg
668.jpg,negativos_test_0071.jpg,test,/home/irar/Escritorio/ProyectoTaxiDetector/dataset/negativos/originales/668.jpg
181.jpg,negativos_test_0072.jpg,test,/home/irar/Escritorio/ProyectoTaxiDetector/dataset/negativos/originales/181.jpg
488.jpg,negativos_test_0073.jpg,test,/home/irar/Escritorio/ProyectoTaxiDetector/dataset/negativos/originales/488.jpg
233.jpg,negativos_test_0074.jpg,test,/home/irar/Escritorio/ProyectoTaxiDetector/dataset/negativos/originales/233.jpg
653.jpg,negativos_test_0075.jpg,test,/home/irar/Escritorio/ProyectoTaxiDetector/dataset/negativos/originales/653.jpg
572.jpg,negativos_test_0076.jpg,test,/home/irar/Escritorio/ProyectoTaxiDetector/dataset/negativos/originales/572.jpg
851.jpg,negativos_test_0077.jpg,test,/home/irar/Escritorio/ProyectoTaxiDetector/dataset/negativos/originales/851.jpg
149.jpg,negativos_test_0078.jpg,test,/home/irar/Escritorio/ProyectoTaxiDetector/dataset/negativos/originales/149.jpg
932.jpg,negativos_test_0079.jpg,test,/home/irar/Escritorio/ProyectoTaxiDetector/dataset/negativos/originales/932.jpg
372.jpg,negativos_test_0080.jpg,test,/home/irar/Escritorio/ProyectoTaxiDetector/dataset/negativos/originales/372.jpg
725.jpg,negativos_test_0081.jpg,test,/home/irar/Escritorio/ProyectoTaxiDetector/dataset/negativos/originales/725.jpg
456.jpg,negativos_test_0082.jpg,test,/home/irar/Escritorio/ProyectoTaxiDetector/dataset/negativos/originales/456.jpg
47.jpg,negativos_test_0083.jpg,test,/home/irar/Escritorio/ProyectoTaxiDetector/dataset/negativos/originales/47.jpg
199.jpg,negativos_test_0084.jpg,test,/home/irar/Escritorio/ProyectoTaxiDetector/dataset/negativos/originales/199.jpg
49.jpg,negativos_test_0085.jpg,test,/home/irar/Escritorio/ProyectoTaxiDetector/dataset/negativos/originales/49.jpg
194.jpg,negativos_test_0086.jpg,test,/home/irar/Escritorio/ProyectoTaxiDetector/dataset/negativos/originales/194.jpg
990.jpg,negativos_test_0087.jpg,test,/home/irar/Escritorio/ProyectoTaxiDetector/dataset/negativos/originales/990.jpg
449.jpg,negativos_test_0088.jpg,test,/home/irar/Escritorio/ProyectoTaxiDetector/dataset/negativos/originales/449.jpg
882.jpg,negativos_test_0089.jpg,test,/home/irar/Escritorio/ProyectoTaxiDetector/dataset/negativos/originales/882.jpg
327.jpg,negativos_test_0090.jpg,test,/home/irar/Escritorio/ProyectoTaxiDetector/dataset/negativos/originales/327.jpg
262.jpg,negativos_test_0091.jpg,test,/home/irar/Escritorio/ProyectoTaxiDetector/dataset/negativos/originales/262.jpg
968.jpg,negativos_test_0092.jpg,test,/home/irar/Escritorio/ProyectoTaxiDetector/dataset/negativos/originales/968.jpg
452.jpg,negativos_test_0093.jpg,test,/home/irar/Escritorio/ProyectoTaxiDetector/dataset/negativos/originales/452.jpg
985.jpg,negativos_test_0094.jpg,test,/home/irar/Escritorio/ProyectoTaxiDetector/dataset/negativos/originales/985.jpg
821.jpg,negativos_test_0095.jpg,test,/home/irar/Escritorio/ProyectoTaxiDetector/dataset/negativos/originales/821.jpg
266.jpg,negativos_test_0096.jpg,test,/home/irar/Escritorio/ProyectoTaxiDetector/dataset/negativos/originales/266.jpg
931.jpg,negativos_test_0097.jpg,test,/home/irar/Escritorio/ProyectoTaxiDetector/dataset/negativos/originales/931.jpg
879.jpg,negativos_test_0098.jpg,test,/home/irar/Escritorio/ProyectoTaxiDetector/dataset/negativos/originales/879.jpg
114.jpg,negativos_test_0099.jpg,test,/home/irar/Escritorio/ProyectoTaxiDetector/dataset/negativos/originales/114.jpg
934.jpg,negativos_test_0100.jpg,test,/home/irar/Escritorio/ProyectoTaxiDetector/dataset/negativos/originales/934.jpg
385.jpg,negativos_test_0101.jpg,test,/home/irar/Escritorio/ProyectoTaxiDetector/dataset/negativos/originales/385.jpg
711.jpg,negativos_test_0102.jpg,test,/home/irar/Escritorio/ProyectoTaxiDetector/dataset/negativos/originales/711.jpg
562.jpg,negativos_test_0103.jpg,test,/home/irar/Escritorio/ProyectoTaxiDetector/dataset/negativos/originales/562.jpg
331.jpg,negativos_test_0104.jpg,test,/home/irar/Escritorio/ProyectoTaxiDetector/dataset/negativos/originales/331.jpg
535.jpg,negativos_test_0105.jpg,test,/home/irar/Escritorio/ProyectoTaxiDetector/dataset/negativos/originales/535.jpg
988.jpg,negativos_test_0106.jpg,test,/home/irar/Escritorio/ProyectoTaxiDetector/dataset/negativos/originales/988.jpg
825.jpg,negativos_test_0107.jpg,test,/home/irar/Escritorio/ProyectoTaxiDetector/dataset/negativos/originales/825.jpg
768.jpg,negativos_test_0108.jpg,test,/home/irar/Escritorio/ProyectoTaxiDetector/dataset/negativos/originales/768.jpg
839.jpg,negativos_test_0109.jpg,test,/home/irar/Escritorio/ProyectoTaxiDetector/dataset/negativos/originales/839.jpg
311.jpg,negativos_test_0110.jpg,test,/home/irar/Escritorio/ProyectoTaxiDetector/dataset/negativos/originales/311.jpg
676.jpg,negativos_test_0111.jpg,test,/home/irar/Escritorio/ProyectoTaxiDetector/dataset/negativos/originales/676.jpg
133.jpg,negativos_test_0112.jpg,test,/home/irar/Escritorio/ProyectoTaxiDetector/dataset/negativos/originales/133.jpg
723.jpg,negativos_test_0113.jpg,test,/home/irar/Escritorio/ProyectoTaxiDetector/dataset/negativos/originales/723.jpg
624.jpg,negativos_test_0114.jpg,test,/home/irar/Escritorio/ProyectoTaxiDetector/dataset/negativos/originales/624.jpg
343.jpg,negativos_test_0115.jpg,test,/home/irar/Escritorio/ProyectoTaxiDetector/dataset/negativos/originales/343.jpg
33.jpg,negativos_test_0116.jpg,test,/home/irar/Escritorio/ProyectoTaxiDetector/dataset/negativos/originales/33.jpg
195.jpg,negativos_test_0117.jpg,test,/home/irar/Escritorio/ProyectoTaxiDetector/dataset/negativos/originales/195.jpg
136.jpg,negativos_test_0118.jpg,test,/home/irar/Escritorio/ProyectoTaxiDetector/dataset/negativos/originales/136.jpg
138.jpg,negativos_test_0119.jpg,test,/home/irar/Escritorio/ProyectoTaxiDetector/dataset/negativos/originales/138.jpg
538.jpg,negativos_test_0120.jpg,test,/home/irar/Escritorio/ProyectoTaxiDetector/dataset/negativos/originales/538.jpg
712.jpg,negativos_test_0121.jpg,test,/home/irar/Escritorio/ProyectoTaxiDetector/dataset/negativos/originales/712.jpg
19.jpg,negativos_test_0122.jpg,test,/home/irar/Escritorio/ProyectoTaxiDetector/dataset/negativos/originales/19.jpg
661.jpg,negativos_test_0123.jpg,test,/home/irar/Escritorio/ProyectoTaxiDetector/dataset/negativos/originales/661.jpg
861.jpg,negativos_test_0124.jpg,test,/home/irar/Escritorio/ProyectoTaxiDetector/dataset/negativos/originales/861.jpg
792.jpg,negativos_test_0125.jpg,test,/home/irar/Escritorio/ProyectoTaxiDetector/dataset/negativos/originales/792.jpg
212.jpg,negativos_test_0126.jpg,test,/home/irar/Escritorio/ProyectoTaxiDetector/dataset/negativos/originales/212.jpg
858.jpg,negativos_test_0127.jpg,test,/home/irar/Escritorio/ProyectoTaxiDetector/dataset/negativos/originales/858.jpg
247.jpg,negativos_test_0128.jpg,test,/home/irar/Escritorio/ProyectoTaxiDetector/dataset/negativos/originales/247.jpg
334.jpg,negativos_test_0129.jpg,test,/home/irar/Escritorio/ProyectoTaxiDetector/dataset/negativos/originales/334.jpg
354.jpg,negativos_test_0130.jpg,test,/home/irar/Escritorio/ProyectoTaxiDetector/dataset/negativos/originales/354.jpg
382.jpg,negativos_test_0131.jpg,test,/home/irar/Escritorio/ProyectoTaxiDetector/dataset/negativos/originales/382.jpg
862.jpg,negativos_test_0132.jpg,test,/home/irar/Escritorio/ProyectoTaxiDetector/dataset/negativos/originales/862.jpg
131.jpg,negativos_test_0133.jpg,test,/home/irar/Escritorio/ProyectoTaxiDetector/dataset/negativos/originales/131.jpg
221.jpg,negativos_test_0134.jpg,test,/home/irar/Escritorio/ProyectoTaxiDetector/dataset/negativos/originales/221.jpg
758.jpg,negativos_test_0135.jpg,test,/home/irar/Escritorio/ProyectoTaxiDetector/dataset/negativos/originales/758.jpg
