nombre_original,nombre_nuevo,conjunto,ruta_original
IMG_20260703_160438.jpg,taxi_amarillo_train_0001.jpg,train,/home/irar/Escritorio/ProyectoTaxiDetector/dataset/positivos/originales/IMG_20260703_160438.jpg
IMG_20260618_162055.jpg,taxi_amarillo_train_0002.jpg,train,/home/irar/Escritorio/ProyectoTaxiDetector/dataset/positivos/originales/IMG_20260618_162055.jpg
IMG_20260701_112126.jpg,taxi_amarillo_train_0003.jpg,train,/home/irar/Escritorio/ProyectoTaxiDetector/dataset/positivos/originales/IMG_20260701_112126.jpg
IMG_20260711_080339.jpg,taxi_amarillo_train_0004.jpg,train,/home/irar/Escritorio/ProyectoTaxiDetector/dataset/positivos/originales/IMG_20260711_080339.jpg
IMG_20260619_161549.jpg,taxi_amarillo_train_0005.jpg,train,/home/irar/Escritorio/ProyectoTaxiDetector/dataset/positivos/originales/IMG_20260619_161549.jpg
IMG_20260618_160103.jpg,taxi_amarillo_train_0006.jpg,train,/home/irar/Escritorio/ProyectoTaxiDetector/dataset/positivos/originales/IMG_20260618_160103.jpg
IMG_20260715_125510.jpg,taxi_amarillo_train_0007.jpg,train,/home/irar/Escritorio/ProyectoTaxiDetector/dataset/positivos/originales/IMG_20260715_125510.jpg
IMG_20260701_112213.jpg,taxi_amarillo_train_0008.jpg,train,/home/irar/Escritorio/ProyectoTaxiDetector/dataset/positivos/originales/IMG_20260701_112213.jpg
IMG_20260701_082419.jpg,taxi_amarillo_train_0009.jpg,train,/home/irar/Escritorio/ProyectoTaxiDetector/dataset/positivos/originales/IMG_20260701_082419.jpg
IMG_20260705_170532.jpg,taxi_amarillo_train_0010.jpg,train,/home/irar/Escritorio/ProyectoTaxiDetector/dataset/positivos/originales/IMG_20260705_170532.jpg
IMG_20260703_160223.jpg,taxi_amarillo_train_0011.jpg,train,/home/irar/Escritorio/ProyectoTaxiDetector/dataset/positivos/originales/IMG_20260703_160223.jpg
IMG_20260703_160718.jpg,taxi_amarillo_train_0012.jpg,train,/home/irar/Escritorio/ProyectoTaxiDetector/dataset/positivos/originales/IMG_20260703_160718.jpg
IMG_20260701_112221.jpg,taxi_amarillo_train_0013.jpg,train,/home/irar/Escritorio/ProyectoTaxiDetector/dataset/positivos/originales/IMG_20260701_112221.jpg
IMG_20260619_154201.jpg,taxi_amarillo_train_0014.jpg,train,/home/irar/Escritorio/ProyectoTaxiDetector/dataset/positivos/originales/IMG_20260619_154201.jpg
IMG_20260705_171135.jpg,taxi_amarillo_train_0015.jpg,train,/home/irar/Escritorio/ProyectoTaxiDetector/dataset/positivos/originales/IMG_20260705_171135.jpg
IMG_20260711_081119.jpg,taxi_amarillo_train_0016.jpg,train,/home/irar/Escritorio/ProyectoTaxiDetector/dataset/positivos/originales/IMG_20260711_081119.jpg
IMG_20260703_160451.jpg,taxi_amarillo_train_0017.jpg,train,/home/irar/Escritorio/ProyectoTaxiDetector/dataset/positivos/originales/IMG_20260703_160451.jpg
IMG_20260711_080746.jpg,taxi_amarillo_train_0018.jpg,train,/home/irar/Escritorio/ProyectoTaxiDetector/dataset/positivos/originales/IMG_20260711_080746.jpg
IMG_20260715_125502.jpg,taxi_amarillo_train_0019.jpg,train,/home/irar/Escritorio/ProyectoTaxiDetector/dataset/positivos/originales/IMG_20260715_125502.jpg
IMG_20260701_084454.jpg,taxi_amarillo_train_0020.jpg,train,/home/irar/Escritorio/ProyectoTaxiDetector/dataset/positivos/originales/IMG_20260701_084454.jpg
IMG_20260715_124257.jpg,taxi_amarillo_train_0021.jpg,train,/home/irar/Escritorio/ProyectoTaxiDetector/dataset/positivos/originales/IMG_20260715_124257.jpg
IMG_20260630_154528.jpg,taxi_amarillo_train_0022.jpg,train,/home/irar/Escritorio/ProyectoTaxiDetector/dataset/positivos/originales/IMG_20260630_154528.jpg
IMG_20260715_125203.jpg,taxi_amarillo_train_0023.jpg,train,/home/irar/Escritorio/ProyectoTaxiDetector/dataset/positivos/originales/IMG_20260715_125203.jpg
IMG_20260701_082708.jpg,taxi_amarillo_train_0024.jpg,train,/home/irar/Escritorio/ProyectoTaxiDetector/dataset/positivos/originales/IMG_20260701_082708.jpg
IMG_20260715_123704.jpg,taxi_amarillo_train_0025.jpg,train,/home/irar/Escritorio/ProyectoTaxiDetector/dataset/positivos/originales/IMG_20260715_123704.jpg
IMG_20260715_123037.jpg,taxi_amarillo_train_0026.jpg,train,/home/irar/Escritorio/ProyectoTaxiDetector/dataset/positivos/originales/IMG_20260715_123037.jpg
IMG_20260619_152614.jpg,taxi_amarillo_train_0027.jpg,train,/home/irar/Escritorio/ProyectoTaxiDetector/dataset/positivos/originales/IMG_20260619_152614.jpg
IMG_20260703_182846.jpg,taxi_amarillo_train_0028.jpg,train,/home/irar/Escritorio/ProyectoTaxiDetector/dataset/positivos/originales/IMG_20260703_182846.jpg
IMG_20260703_160217.jpg,taxi_amarillo_train_0029.jpg,train,/home/irar/Escritorio/ProyectoTaxiDetector/dataset/positivos/originales/IMG_20260703_160217.jpg
IMG_20260701_113001.jpg,taxi_amarillo_train_0030.jpg,train,/home/irar/Escritorio/ProyectoTaxiDetector/dataset/positivos/originales/IMG_20260701_113001.jpg
IMG_20260619_161242.jpg,taxi_amarillo_train_0031.jpg,train,/home/irar/Escritorio/ProyectoTaxiDetector/dataset/positivos/originales/IMG_20260619_161242.jpg
IMG_20260705_174344.jpg,taxi_amarillo_train_0032.jpg,train,/home/irar/Escritorio/ProyectoTaxiDetector/dataset/positivos/originales/IMG_20260705_174344.jpg
IMG_20260711_080219.jpg,taxi_amarillo_train_0033.jpg,train,/home/irar/Escritorio/ProyectoTaxiDetector/dataset/positivos/originales/IMG_20260711_080219.jpg
IMG_20260618_154900.jpg,taxi_amarillo_train_0034.jpg,train,/home/irar/Escritorio/ProyectoTaxiDetector/dataset/positivos/originales/IMG_20260618_154900.jpg
IMG_20260619_161756.jpg,taxi_amarillo_train_0035.jpg,train,/home/irar/Escritorio/ProyectoTaxiDetector/dataset/positivos/originales/IMG_20260619_161756.jpg
IMG_20260619_161615.jpg,taxi_amarillo_train_0036.jpg,train,/home/irar/Escritorio/ProyectoTaxiDetector/dataset/positivos/originales/IMG_20260619_161615.jpg
IMG_20260705_170936.jpg,taxi_amarillo_train_0037.jpg,train,/home/irar/Escritorio/ProyectoTaxiDetector/dataset/positivos/originales/IMG_20260705_170936.jpg
IMG_20260619_160716.jpg,taxi_amarillo_train_0038.jpg,train,/home/irar/Escritorio/ProyectoTaxiDetector/dataset/positivos/originales/IMG_20260619_160716.jpg
IMG_20260715_124014.jpg,taxi_amarillo_train_0039.jpg,train,/home/irar/Escritorio/ProyectoTaxiDetector/dataset/positivos/originales/IMG_20260715_124014.jpg
IMG_20260715_082040.jpg,taxi_amarillo_train_0040.jpg,train,/home/irar/Escritorio/ProyectoTaxiDetector/dataset/positivos/originales/IMG_20260715_082040.jpg
IMG_20260703_160332.jpg,taxi_amarillo_train_0041.jpg,train,/home/irar/Escritorio/ProyectoTaxiDetector/dataset/positivos/originales/IMG_20260703_160332.jpg
IMG_20260630_183229.jpg,taxi_amarillo_train_0042.jpg,train,/home/irar/Escritorio/ProyectoTaxiDetector/dataset/positivos/originales/IMG_20260630_183229.jpg
IMG_20260718_143746.jpg,taxi_amarillo_train_0043.jpg,train,/home/irar/Escritorio/ProyectoTaxiDetector/dataset/positivos/originales/IMG_20260718_143746.jpg
IMG_20260715_123454.jpg,taxi_amarillo_train_0044.jpg,train,/home/irar/Escritorio/ProyectoTaxiDetector/dataset/positivos/originales/IMG_20260715_123454.jpg
IMG_20260630_154742.jpg,taxi_amarillo_train_0045.jpg,train,/home/irar/Escritorio/ProyectoTaxiDetector/dataset/positivos/originales/IMG_20260630_154742.jpg
IMG_20260715_123530.jpg,taxi_amarillo_train_0046.jpg,train,/home/irar/Escritorio/ProyectoTaxiDetector/dataset/positivos/originales/IMG_20260715_123530.jpg
IMG_20260705_175210.jpg,taxi_amarillo_train_0047.jpg,train,/home/irar/Escritorio/ProyectoTaxiDetector/dataset/positivos/originales/IMG_20260705_175210.jpg
IMG_20260618_154620.jpg,taxi_amarillo_train_0048.jpg,train,/home/irar/Escritorio/ProyectoTaxiDetector/dataset/positivos/originales/IMG_20260618_154620.jpg
IMG_20260618_155158.jpg,taxi_amarillo_train_0049.jpg,train,/home/irar/Escritorio/ProyectoTaxiDetector/dataset/positivos/originales/IMG_20260618_155158.jpg
IMG_20260715_083246.jpg,taxi_amarillo_train_0050.jpg,train,/home/irar/Escritorio/ProyectoTaxiDetector/dataset/positivos/originales/IMG_20260715_083246.jpg
IMG_20260618_155239.jpg,taxi_amarillo_train_0051.jpg,train,/home/irar/Escritorio/ProyectoTaxiDetector/dataset/positivos/originales/IMG_20260618_155239.jpg
IMG_20260711_084317.jpg,taxi_amarillo_train_0052.jpg,train,/home/irar/Escritorio/ProyectoTaxiDetector/dataset/positivos/originales/IMG_20260711_084317.jpg
IMG_20260618_155617.jpg,taxi_amarillo_train_0053.jpg,train,/home/irar/Escritorio/ProyectoTaxiDetector/dataset/positivos/originales/IMG_20260618_155617.jpg
IMG_20260715_125056.jpg,taxi_amarillo_train_0054.jpg,train,/home/irar/Escritorio/ProyectoTaxiDetector/dataset/positivos/originales/IMG_20260715_125056.jpg
IMG_20260618_154429.jpg,taxi_amarillo_train_0055.jpg,train,/home/irar/Escritorio/ProyectoTaxiDetector/dataset/positivos/originales/IMG_20260618_154429.jpg
IMG_20260715_125927.jpg,taxi_amarillo_train_0056.jpg,train,/home/irar/Escritorio/ProyectoTaxiDetector/dataset/positivos/originales/IMG_20260715_125927.jpg
IMG_20260715_131448.jpg,taxi_amarillo_train_0057.jpg,train,/home/irar/Escritorio/ProyectoTaxiDetector/dataset/positivos/originales/IMG_20260715_131448.jpg
IMG_20260701_090155.jpg,taxi_amarillo_train_0058.jpg,train,/home/irar/Escritorio/ProyectoTaxiDetector/dataset/positivos/originales/IMG_20260701_090155.jpg
IMG_20260715_124811.jpg,taxi_amarillo_train_0059.jpg,train,/home/irar/Escritorio/ProyectoTaxiDetector/dataset/positivos/originales/IMG_20260715_124811.jpg
IMG_20260703_183522.jpg,taxi_amarillo_train_0060.jpg,train,/home/irar/Escritorio/ProyectoTaxiDetector/dataset/positivos/originales/IMG_20260703_183522.jpg
IMG_20260715_123636.jpg,taxi_amarillo_train_0061.jpg,train,/home/irar/Escritorio/ProyectoTaxiDetector/dataset/positivos/originales/IMG_20260715_123636.jpg
IMG_20260711_080420.jpg,taxi_amarillo_train_0062.jpg,train,/home/irar/Escritorio/ProyectoTaxiDetector/dataset/positivos/originales/IMG_20260711_080420.jpg
IMG_20260618_160027.jpg,taxi_amarillo_train_0063.jpg,train,/home/irar/Escritorio/ProyectoTaxiDetector/dataset/positivos/originales/IMG_20260618_160027.jpg
IMG_20260630_154233.jpg,taxi_amarillo_train_0064.jpg,train,/home/irar/Escritorio/ProyectoTaxiDetector/dataset/positivos/originales/IMG_20260630_154233.jpg
IMG_20260618_154428.jpg,taxi_amarillo_train_0065.jpg,train,/home/irar/Escritorio/ProyectoTaxiDetector/dataset/positivos/originales/IMG_20260618_154428.jpg
IMG_20260715_082719.jpg,taxi_amarillo_train_0066.jpg,train,/home/irar/Escritorio/ProyectoTaxiDetector/dataset/positivos/originales/IMG_20260715_082719.jpg
IMG_20260715_130018.jpg,taxi_amarillo_train_0067.jpg,train,/home/irar/Escritorio/ProyectoTaxiDetector/dataset/positivos/originales/IMG_20260715_130018.jpg
IMG_20260715_123336.jpg,taxi_amarillo_train_0068.jpg,train,/home/irar/Escritorio/ProyectoTaxiDetector/dataset/positivos/originales/IMG_20260715_123336.jpg
IMG_20260618_154213.jpg,taxi_amarillo_train_0069.jpg,train,/home/irar/Escritorio/ProyectoTaxiDetector/dataset/positivos/originales/IMG_20260618_154213.jpg
IMG_20260703_183203.jpg,taxi_amarillo_train_0070.jpg,train,/home/irar/Escritorio/ProyectoTaxiDetector/dataset/positivos/originales/IMG_20260703_183203.jpg
IMG_20260618_160527.jpg,taxi_amarillo_train_0071.jpg,train,/home/irar/Escritorio/ProyectoTaxiDetector/dataset/positivos/originales/IMG_20260618_160527.jpg
IMG_20260715_083130.jpg,taxi_amarillo_train_0072.jpg,train,/home/irar/Escritorio/ProyectoTaxiDetector/dataset/positivos/originales/IMG_20260715_083130.jpg
IMG_20260705_174437.jpg,taxi_amarillo_train_0073.jpg,train,/home/irar/Escritorio/ProyectoTaxiDetector/dataset/positivos/originales/IMG_20260705_174437.jpg
IMG_20260703_183012.jpg,taxi_amarillo_train_0074.jpg,train,/home/irar/Escritorio/ProyectoTaxiDetector/dataset/positivos/originales/IMG_20260703_183012.jpg
IMG_20260705_170606.jpg,taxi_amarillo_train_0075.jpg,train,/home/irar/Escritorio/ProyectoTaxiDetector/dataset/positivos/originales/IMG_20260705_170606.jpg
IMG_20260618_162123.jpg,taxi_amarillo_train_0076.jpg,train,/home/irar/Escritorio/ProyectoTaxiDetector/dataset/positivos/originales/IMG_20260618_162123.jpg
IMG_20260715_082216.jpg,taxi_amarillo_train_0077.jpg,train,/home/irar/Escritorio/ProyectoTaxiDetector/dataset/positivos/originales/IMG_20260715_082216.jpg
IMG_20260618_155451.jpg,taxi_amarillo_train_0078.jpg,train,/home/irar/Escritorio/ProyectoTaxiDetector/dataset/positivos/originales/IMG_20260618_155451.jpg
IMG_20260619_161638.jpg,taxi_amarillo_train_0079.jpg,train,/home/irar/Escritorio/ProyectoTaxiDetector/dataset/positivos/originales/IMG_20260619_161638.jpg
IMG_20260715_123124.jpg,taxi_amarillo_train_0080.jpg,train,/home/irar/Escritorio/ProyectoTaxiDetector/dataset/positivos/originales/IMG_20260715_123124.jpg
IMG_20260715_123956.jpg,taxi_amarillo_train_0081.jpg,train,/home/irar/Escritorio/ProyectoTaxiDetector/dataset/positivos/originales/IMG_20260715_123956.jpg
IMG_20260618_155045.jpg,taxi_amarillo_train_0082.jpg,train,/home/irar/Escritorio/ProyectoTaxiDetector/dataset/positivos/originales/IMG_20260618_155045.jpg
IMG_20260703_182526.jpg,taxi_amarillo_train_0083.jpg,train,/home/irar/Escritorio/ProyectoTaxiDetector/dataset/positivos/originales/IMG_20260703_182526.jpg
IMG_20260715_125021.jpg,taxi_amarillo_train_0084.jpg,train,/home/irar/Escritorio/ProyectoTaxiDetector/dataset/positivos/originales/IMG_20260715_125021.jpg
IMG_20260715_124653.jpg,taxi_amarillo_train_0085.jpg,train,/home/irar/Escritorio/ProyectoTaxiDetector/dataset/positivos/originales/IMG_20260715_124653.jpg
IMG_20260618_154802.jpg,taxi_amarillo_train_0086.jpg,train,/home/irar/Escritorio/ProyectoTaxiDetector/dataset/positivos/originales/IMG_20260618_154802.jpg
IMG_20260619_160921.jpg,taxi_amarillo_train_0087.jpg,train,/home/irar/Escritorio/ProyectoTaxiDetector/dataset/positivos/originales/IMG_20260619_160921.jpg
IMG_20260630_154946.jpg,taxi_amarillo_train_0088.jpg,train,/home/irar/Escritorio/ProyectoTaxiDetector/dataset/positivos/originales/IMG_20260630_154946.jpg
IMG_20260618_154456.jpg,taxi_amarillo_train_0089.jpg,train,/home/irar/Escritorio/ProyectoTaxiDetector/dataset/positivos/originales/IMG_20260618_154456.jpg
IMG_20260715_123758.jpg,taxi_amarillo_train_0090.jpg,train,/home/irar/Escritorio/ProyectoTaxiDetector/dataset/positivos/originales/IMG_20260715_123758.jpg
IMG_20260715_124826.jpg,taxi_amarillo_train_0091.jpg,train,/home/irar/Escritorio/ProyectoTaxiDetector/dataset/positivos/originales/IMG_20260715_124826.jpg
IMG_20260711_081349.jpg,taxi_amarillo_train_0092.jpg,train,/home/irar/Escritorio/ProyectoTaxiDetector/dataset/positivos/originales/IMG_20260711_081349.jpg
IMG_20260715_123753.jpg,taxi_amarillo_train_0093.jpg,train,/home/irar/Escritorio/ProyectoTaxiDetector/dataset/positivos/originales/IMG_20260715_123753.jpg
IMG_20260705_170514.jpg,taxi_amarillo_train_0094.jpg,train,/home/irar/Escritorio/ProyectoTaxiDetector/dataset/positivos/originales/IMG_20260705_170514.jpg
IMG_20260709_143226.jpg,taxi_amarillo_train_0095.jpg,train,/home/irar/Escritorio/ProyectoTaxiDetector/dataset/positivos/originales/IMG_20260709_143226.jpg
IMG_20260619_151936.jpg,taxi_amarillo_train_0096.jpg,train,/home/irar/Escritorio/ProyectoTaxiDetector/dataset/positivos/originales/IMG_20260619_151936.jpg
IMG_20260629_155244.jpg,taxi_amarillo_train_0097.jpg,train,/home/irar/Escritorio/ProyectoTaxiDetector/dataset/positivos/originales/IMG_20260629_155244.jpg
IMG_20260619_161448.jpg,taxi_amarillo_train_0098.jpg,train,/home/irar/Escritorio/ProyectoTaxiDetector/dataset/positivos/originales/IMG_20260619_161448.jpg
IMG_20260711_084910.jpg,taxi_amarillo_train_0099.jpg,train,/home/irar/Escritorio/ProyectoTaxiDetector/dataset/positivos/originales/IMG_20260711_084910.jpg
IMG_20260715_125311.jpg,taxi_amarillo_train_0100.jpg,train,/home/irar/Escritorio/ProyectoTaxiDetector/dataset/positivos/originales/IMG_20260715_125311.jpg
IMG_20260618_160537.jpg,taxi_amarillo_train_0101.jpg,train,/home/irar/Escritorio/ProyectoTaxiDetector/dataset/positivos/originales/IMG_20260618_160537.jpg
IMG_20260705_171110.jpg,taxi_amarillo_train_0102.jpg,train,/home/irar/Escritorio/ProyectoTaxiDetector/dataset/positivos/originales/IMG_20260705_171110.jpg
IMG_20260715_125044.jpg,taxi_amarillo_train_0103.jpg,train,/home/irar/Escritorio/ProyectoTaxiDetector/dataset/positivos/originales/IMG_20260715_125044.jpg
IMG_20260618_160346.jpg,taxi_amarillo_train_0104.jpg,train,/home/irar/Escritorio/ProyectoTaxiDetector/dataset/positivos/originales/IMG_20260618_160346.jpg
IMG_20260701_171531.jpg,taxi_amarillo_train_0105.jpg,train,/home/irar/Escritorio/ProyectoTaxiDetector/dataset/positivos/originales/IMG_20260701_171531.jpg
IMG_20260701_112705.jpg,taxi_amarillo_train_0106.jpg,train,/home/irar/Escritorio/ProyectoTaxiDetector/dataset/positivos/originales/IMG_20260701_112705.jpg
IMG_20260701_085214.jpg,taxi_amarillo_train_0107.jpg,train,/home/irar/Escritorio/ProyectoTaxiDetector/dataset/positivos/originales/IMG_20260701_085214.jpg
IMG_20260715_123707.jpg,taxi_amarillo_train_0108.jpg,train,/home/irar/Escritorio/ProyectoTaxiDetector/dataset/positivos/originales/IMG_20260715_123707.jpg
IMG_20260715_132733.jpg,taxi_amarillo_train_0109.jpg,train,/home/irar/Escritorio/ProyectoTaxiDetector/dataset/positivos/originales/IMG_20260715_132733.jpg
IMG_20260701_090001.jpg,taxi_amarillo_train_0110.jpg,train,/home/irar/Escritorio/ProyectoTaxiDetector/dataset/positivos/originales/IMG_20260701_090001.jpg
IMG_20260703_142306.jpg,taxi_amarillo_train_0111.jpg,train,/home/irar/Escritorio/ProyectoTaxiDetector/dataset/positivos/originales/IMG_20260703_142306.jpg
IMG_20260619_160736.jpg,taxi_amarillo_train_0112.jpg,train,/home/irar/Escritorio/ProyectoTaxiDetector/dataset/positivos/originales/IMG_20260619_160736.jpg
IMG_20260711_082912.jpg,taxi_amarillo_train_0113.jpg,train,/home/irar/Escritorio/ProyectoTaxiDetector/dataset/positivos/originales/IMG_20260711_082912.jpg
IMG_20260618_154939.jpg,taxi_amarillo_train_0114.jpg,train,/home/irar/Escritorio/ProyectoTaxiDetector/dataset/positivos/originales/IMG_20260618_154939.jpg
IMG_20260714_205008.jpg,taxi_amarillo_train_0115.jpg,train,/home/irar/Escritorio/ProyectoTaxiDetector/dataset/positivos/originales/IMG_20260714_205008.jpg
IMG_20260623_171052.jpg,taxi_amarillo_train_0116.jpg,train,/home/irar/Escritorio/ProyectoTaxiDetector/dataset/positivos/originales/IMG_20260623_171052.jpg
IMG_20260705_170242.jpg,taxi_amarillo_train_0117.jpg,train,/home/irar/Escritorio/ProyectoTaxiDetector/dataset/positivos/originales/IMG_20260705_170242.jpg
IMG_20260715_130704.jpg,taxi_amarillo_train_0118.jpg,train,/home/irar/Escritorio/ProyectoTaxiDetector/dataset/positivos/originales/IMG_20260715_130704.jpg
IMG_20260705_174812.jpg,taxi_amarillo_train_0119.jpg,train,/home/irar/Escritorio/ProyectoTaxiDetector/dataset/positivos/originales/IMG_20260705_174812.jpg
IMG_20260705_165831.jpg,taxi_amarillo_train_0120.jpg,train,/home/irar/Escritorio/ProyectoTaxiDetector/dataset/positivos/originales/IMG_20260705_165831.jpg
IMG_20260715_122934.jpg,taxi_amarillo_train_0121.jpg,train,/home/irar/Escritorio/ProyectoTaxiDetector/dataset/positivos/originales/IMG_20260715_122934.jpg
IMG_20260715_124702.jpg,taxi_amarillo_train_0122.jpg,train,/home/irar/Escritorio/ProyectoTaxiDetector/dataset/positivos/originales/IMG_20260715_124702.jpg
IMG_20260715_125215.jpg,taxi_amarillo_train_0123.jpg,train,/home/irar/Escritorio/ProyectoTaxiDetector/dataset/positivos/originales/IMG_20260715_125215.jpg
IMG_20260619_160234.jpg,taxi_amarillo_train_0124.jpg,train,/home/irar/Escritorio/ProyectoTaxiDetector/dataset/positivos/originales/IMG_20260619_160234.jpg
IMG_20260711_084731.jpg,taxi_amarillo_train_0125.jpg,train,/home/irar/Escritorio/ProyectoTaxiDetector/dataset/positivos/originales/IMG_20260711_084731.jpg
IMG_20260715_125521.jpg,taxi_amarillo_train_0126.jpg,train,/home/irar/Escritorio/ProyectoTaxiDetector/dataset/positivos/originales/IMG_20260715_125521.jpg
IMG_20260715_123147.jpg,taxi_amarillo_train_0127.jpg,train,/home/irar/Escritorio/ProyectoTaxiDetector/dataset/positivos/originales/IMG_20260715_123147.jpg
IMG_20260705_171356.jpg,taxi_amarillo_train_0128.jpg,train,/home/irar/Escritorio/ProyectoTaxiDetector/dataset/positivos/originales/IMG_20260705_171356.jpg
IMG_20260701_112818.jpg,taxi_amarillo_train_0129.jpg,train,/home/irar/Escritorio/ProyectoTaxiDetector/dataset/positivos/originales/IMG_20260701_112818.jpg
IMG_20260705_180441.jpg,taxi_amarillo_train_0130.jpg,train,/home/irar/Escritorio/ProyectoTaxiDetector/dataset/positivos/originales/IMG_20260705_180441.jpg
IMG_20260711_081020.jpg,taxi_amarillo_train_0131.jpg,train,/home/irar/Escritorio/ProyectoTaxiDetector/dataset/positivos/originales/IMG_20260711_081020.jpg
IMG_20260618_154324.jpg,taxi_amarillo_train_0132.jpg,train,/home/irar/Escritorio/ProyectoTaxiDetector/dataset/positivos/originales/IMG_20260618_154324.jpg
IMG_20260715_082603.jpg,taxi_amarillo_train_0133.jpg,train,/home/irar/Escritorio/ProyectoTaxiDetector/dataset/positivos/originales/IMG_20260715_082603.jpg
IMG_20260703_142412.jpg,taxi_amarillo_train_0134.jpg,train,/home/irar/Escritorio/ProyectoTaxiDetector/dataset/positivos/originales/IMG_20260703_142412.jpg
IMG_20260711_081225.jpg,taxi_amarillo_train_0135.jpg,train,/home/irar/Escritorio/ProyectoTaxiDetector/dataset/positivos/originales/IMG_20260711_081225.jpg
IMG_20260712_153051.jpg,taxi_amarillo_train_0136.jpg,train,/home/irar/Escritorio/ProyectoTaxiDetector/dataset/positivos/originales/IMG_20260712_153051.jpg
IMG_20260715_123412.jpg,taxi_amarillo_train_0137.jpg,train,/home/irar/Escritorio/ProyectoTaxiDetector/dataset/positivos/originales/IMG_20260715_123412.jpg
IMG_20260715_124144.jpg,taxi_amarillo_train_0138.jpg,train,/home/irar/Escritorio/ProyectoTaxiDetector/dataset/positivos/originales/IMG_20260715_124144.jpg
IMG_20260619_152850.jpg,taxi_amarillo_train_0139.jpg,train,/home/irar/Escritorio/ProyectoTaxiDetector/dataset/positivos/originales/IMG_20260619_152850.jpg
IMG_20260711_083507.jpg,taxi_amarillo_train_0140.jpg,train,/home/irar/Escritorio/ProyectoTaxiDetector/dataset/positivos/originales/IMG_20260711_083507.jpg
IMG_20260715_082305.jpg,taxi_amarillo_train_0141.jpg,train,/home/irar/Escritorio/ProyectoTaxiDetector/dataset/positivos/originales/IMG_20260715_082305.jpg
IMG_20260701_172047.jpg,taxi_amarillo_train_0142.jpg,train,/home/irar/Escritorio/ProyectoTaxiDetector/dataset/positivos/originales/IMG_20260701_172047.jpg
IMG_20260618_154646.jpg,taxi_amarillo_train_0143.jpg,train,/home/irar/Escritorio/ProyectoTaxiDetector/dataset/positivos/originales/IMG_20260618_154646.jpg
IMG_20260711_151048.jpg,taxi_amarillo_train_0144.jpg,train,/home/irar/Escritorio/ProyectoTaxiDetector/dataset/positivos/originales/IMG_20260711_151048.jpg
IMG_20260618_155230.jpg,taxi_amarillo_train_0145.jpg,train,/home/irar/Escritorio/ProyectoTaxiDetector/dataset/positivos/originales/IMG_20260618_155230.jpg
IMG_20260705_171424.jpg,taxi_amarillo_train_0146.jpg,train,/home/irar/Escritorio/ProyectoTaxiDetector/dataset/positivos/originales/IMG_20260705_171424.jpg
IMG_20260705_173533.jpg,taxi_amarillo_train_0147.jpg,train,/home/irar/Escritorio/ProyectoTaxiDetector/dataset/positivos/originales/IMG_20260705_173533.jpg
IMG_20260711_081239.jpg,taxi_amarillo_train_0148.jpg,train,/home/irar/Escritorio/ProyectoTaxiDetector/dataset/positivos/originales/IMG_20260711_081239.jpg
IMG_20260715_123737.jpg,taxi_amarillo_train_0149.jpg,train,/home/irar/Escritorio/ProyectoTaxiDetector/dataset/positivos/originales/IMG_20260715_123737.jpg
IMG_20260705_171613.jpg,taxi_amarillo_train_0150.jpg,train,/home/irar/Escritorio/ProyectoTaxiDetector/dataset/positivos/originales/IMG_20260705_171613.jpg
IMG_20260619_151958.jpg,taxi_amarillo_train_0151.jpg,train,/home/irar/Escritorio/ProyectoTaxiDetector/dataset/positivos/originales/IMG_20260619_151958.jpg
IMG_20260703_183827.jpg,taxi_amarillo_train_0152.jpg,train,/home/irar/Escritorio/ProyectoTaxiDetector/dataset/positivos/originales/IMG_20260703_183827.jpg
IMG_20260630_153926.jpg,taxi_amarillo_train_0153.jpg,train,/home/irar/Escritorio/ProyectoTaxiDetector/dataset/positivos/originales/IMG_20260630_153926.jpg
IMG_20260715_083133.jpg,taxi_amarillo_train_0154.jpg,train,/home/irar/Escritorio/ProyectoTaxiDetector/dataset/positivos/originales/IMG_20260715_083133.jpg
IMG_20260718_144300.jpg,taxi_amarillo_train_0155.jpg,train,/home/irar/Escritorio/ProyectoTaxiDetector/dataset/positivos/originales/IMG_20260718_144300.jpg
IMG_20260715_082159.jpg,taxi_amarillo_train_0156.jpg,train,/home/irar/Escritorio/ProyectoTaxiDetector/dataset/positivos/originales/IMG_20260715_082159.jpg
IMG_20260701_090140.jpg,taxi_amarillo_train_0157.jpg,train,/home/irar/Escritorio/ProyectoTaxiDetector/dataset/positivos/originales/IMG_20260701_090140.jpg
IMG_20260715_123954.jpg,taxi_amarillo_train_0158.jpg,train,/home/irar/Escritorio/ProyectoTaxiDetector/dataset/positivos/originales/IMG_20260715_123954.jpg
IMG_20260630_154200.jpg,taxi_amarillo_train_0159.jpg,train,/home/irar/Escritorio/ProyectoTaxiDetector/dataset/positivos/originales/IMG_20260630_154200.jpg
IMG_20260705_174401.jpg,taxi_amarillo_train_0160.jpg,train,/home/irar/Escritorio/ProyectoTaxiDetector/dataset/positivos/originales/IMG_20260705_174401.jpg
IMG_20260619_150047.jpg,taxi_amarillo_train_0161.jpg,train,/home/irar/Escritorio/ProyectoTaxiDetector/dataset/positivos/originales/IMG_20260619_150047.jpg
IMG_20260705_173847.jpg,taxi_amarillo_train_0162.jpg,train,/home/irar/Escritorio/ProyectoTaxiDetector/dataset/positivos/originales/IMG_20260705_173847.jpg
IMG_20260715_123333.jpg,taxi_amarillo_train_0163.jpg,train,/home/irar/Escritorio/ProyectoTaxiDetector/dataset/positivos/originales/IMG_20260715_123333.jpg
IMG_20260715_123937.jpg,taxi_amarillo_train_0164.jpg,train,/home/irar/Escritorio/ProyectoTaxiDetector/dataset/positivos/originales/IMG_20260715_123937.jpg
IMG_20260619_161426.jpg,taxi_amarillo_train_0165.jpg,train,/home/irar/Escritorio/ProyectoTaxiDetector/dataset/positivos/originales/IMG_20260619_161426.jpg
IMG_20260705_171217.jpg,taxi_amarillo_train_0166.jpg,train,/home/irar/Escritorio/ProyectoTaxiDetector/dataset/positivos/originales/IMG_20260705_171217.jpg
IMG_20260619_144351.jpg,taxi_amarillo_train_0167.jpg,train,/home/irar/Escritorio/ProyectoTaxiDetector/dataset/positivos/originales/IMG_20260619_144351.jpg
IMG_20260629_101000.jpg,taxi_amarillo_train_0168.jpg,train,/home/irar/Escritorio/ProyectoTaxiDetector/dataset/positivos/originales/IMG_20260629_101000.jpg
IMG_20260618_155231.jpg,taxi_amarillo_train_0169.jpg,train,/home/irar/Escritorio/ProyectoTaxiDetector/dataset/positivos/originales/IMG_20260618_155231.jpg
IMG_20260701_112552.jpg,taxi_amarillo_train_0170.jpg,train,/home/irar/Escritorio/ProyectoTaxiDetector/dataset/positivos/originales/IMG_20260701_112552.jpg
IMG_20260619_152320.jpg,taxi_amarillo_train_0171.jpg,train,/home/irar/Escritorio/ProyectoTaxiDetector/dataset/positivos/originales/IMG_20260619_152320.jpg
IMG_20260705_170953.jpg,taxi_amarillo_train_0172.jpg,train,/home/irar/Escritorio/ProyectoTaxiDetector/dataset/positivos/originales/IMG_20260705_170953.jpg
IMG_20260619_150219.jpg,taxi_amarillo_train_0173.jpg,train,/home/irar/Escritorio/ProyectoTaxiDetector/dataset/positivos/originales/IMG_20260619_150219.jpg
IMG_20260629_100830.jpg,taxi_amarillo_train_0174.jpg,train,/home/irar/Escritorio/ProyectoTaxiDetector/dataset/positivos/originales/IMG_20260629_100830.jpg
IMG_20260715_082026.jpg,taxi_amarillo_train_0175.jpg,train,/home/irar/Escritorio/ProyectoTaxiDetector/dataset/positivos/originales/IMG_20260715_082026.jpg
IMG_20260715_124625.jpg,taxi_amarillo_train_0176.jpg,train,/home/irar/Escritorio/ProyectoTaxiDetector/dataset/positivos/originales/IMG_20260715_124625.jpg
IMG_20260619_153039.jpg,taxi_amarillo_train_0177.jpg,train,/home/irar/Escritorio/ProyectoTaxiDetector/dataset/positivos/originales/IMG_20260619_153039.jpg
IMG_20260715_082123.jpg,taxi_amarillo_train_0178.jpg,train,/home/irar/Escritorio/ProyectoTaxiDetector/dataset/positivos/originales/IMG_20260715_082123.jpg
IMG_20260701_090142.jpg,taxi_amarillo_train_0179.jpg,train,/home/irar/Escritorio/ProyectoTaxiDetector/dataset/positivos/originales/IMG_20260701_090142.jpg
IMG_20260718_144407.jpg,taxi_amarillo_train_0180.jpg,train,/home/irar/Escritorio/ProyectoTaxiDetector/dataset/positivos/originales/IMG_20260718_144407.jpg
IMG_20260715_083043.jpg,taxi_amarillo_train_0181.jpg,train,/home/irar/Escritorio/ProyectoTaxiDetector/dataset/positivos/originales/IMG_20260715_083043.jpg
IMG_20260705_174624.jpg,taxi_amarillo_train_0182.jpg,train,/home/irar/Escritorio/ProyectoTaxiDetector/dataset/positivos/originales/IMG_20260705_174624.jpg
IMG_20260715_132711.jpg,taxi_amarillo_train_0183.jpg,train,/home/irar/Escritorio/ProyectoTaxiDetector/dataset/positivos/originales/IMG_20260715_132711.jpg
IMG_20260715_123833.jpg,taxi_amarillo_train_0184.jpg,train,/home/irar/Escritorio/ProyectoTaxiDetector/dataset/positivos/originales/IMG_20260715_123833.jpg
IMG_20260718_135224.jpg,taxi_amarillo_train_0185.jpg,train,/home/irar/Escritorio/ProyectoTaxiDetector/dataset/positivos/originales/IMG_20260718_135224.jpg
IMG_20260705_173800.jpg,taxi_amarillo_train_0186.jpg,train,/home/irar/Escritorio/ProyectoTaxiDetector/dataset/positivos/originales/IMG_20260705_173800.jpg
IMG_20260701_112545.jpg,taxi_amarillo_train_0187.jpg,train,/home/irar/Escritorio/ProyectoTaxiDetector/dataset/positivos/originales/IMG_20260701_112545.jpg
IMG_20260619_144900.jpg,taxi_amarillo_train_0188.jpg,train,/home/irar/Escritorio/ProyectoTaxiDetector/dataset/positivos/originales/IMG_20260619_144900.jpg
IMG_20260619_150742.jpg,taxi_amarillo_train_0189.jpg,train,/home/irar/Escritorio/ProyectoTaxiDetector/dataset/positivos/originales/IMG_20260619_150742.jpg
IMG_20260630_154539.jpg,taxi_amarillo_train_0190.jpg,train,/home/irar/Escritorio/ProyectoTaxiDetector/dataset/positivos/originales/IMG_20260630_154539.jpg
IMG_20260618_155255.jpg,taxi_amarillo_train_0191.jpg,train,/home/irar/Escritorio/ProyectoTaxiDetector/dataset/positivos/originales/IMG_20260618_155255.jpg
IMG_20260618_155428.jpg,taxi_amarillo_train_0192.jpg,train,/home/irar/Escritorio/ProyectoTaxiDetector/dataset/positivos/originales/IMG_20260618_155428.jpg
IMG_20260715_123630.jpg,taxi_amarillo_train_0193.jpg,train,/home/irar/Escritorio/ProyectoTaxiDetector/dataset/positivos/originales/IMG_20260715_123630.jpg
IMG_20260715_132828.jpg,taxi_amarillo_train_0194.jpg,train,/home/irar/Escritorio/ProyectoTaxiDetector/dataset/positivos/originales/IMG_20260715_132828.jpg
IMG_20260715_123132.jpg,taxi_amarillo_train_0195.jpg,train,/home/irar/Escritorio/ProyectoTaxiDetector/dataset/positivos/originales/IMG_20260715_123132.jpg
IMG_20260703_161810.jpg,taxi_amarillo_train_0196.jpg,train,/home/irar/Escritorio/ProyectoTaxiDetector/dataset/positivos/originales/IMG_20260703_161810.jpg
IMG_20260701_085906.jpg,taxi_amarillo_train_0197.jpg,train,/home/irar/Escritorio/ProyectoTaxiDetector/dataset/positivos/originales/IMG_20260701_085906.jpg
IMG_20260715_123757.jpg,taxi_amarillo_train_0198.jpg,train,/home/irar/Escritorio/ProyectoTaxiDetector/dataset/positivos/originales/IMG_20260715_123757.jpg
IMG_20260715_124611.jpg,taxi_amarillo_train_0199.jpg,train,/home/irar/Escritorio/ProyectoTaxiDetector/dataset/positivos/originales/IMG_20260715_124611.jpg
IMG_20260705_173544.jpg,taxi_amarillo_train_0200.jpg,train,/home/irar/Escritorio/ProyectoTaxiDetector/dataset/positivos/originales/IMG_20260705_173544.jpg
IMG_20260701_112734.jpg,taxi_amarillo_train_0201.jpg,train,/home/irar/Escritorio/ProyectoTaxiDetector/dataset/positivos/originales/IMG_20260701_112734.jpg
IMG_20260715_124033.jpg,taxi_amarillo_train_0202.jpg,train,/home/irar/Escritorio/ProyectoTaxiDetector/dataset/positivos/originales/IMG_20260715_124033.jpg
IMG_20260701_082632.jpg,taxi_amarillo_train_0203.jpg,train,/home/irar/Escritorio/ProyectoTaxiDetector/dataset/positivos/originales/IMG_20260701_082632.jpg
IMG_20260705_170902.jpg,taxi_amarillo_train_0204.jpg,train,/home/irar/Escritorio/ProyectoTaxiDetector/dataset/positivos/originales/IMG_20260705_170902.jpg
IMG_20260705_170143.jpg,taxi_amarillo_train_0205.jpg,train,/home/irar/Escritorio/ProyectoTaxiDetector/dataset/positivos/originales/IMG_20260705_170143.jpg
IMG_20260618_155352.jpg,taxi_amarillo_train_0206.jpg,train,/home/irar/Escritorio/ProyectoTaxiDetector/dataset/positivos/originales/IMG_20260618_155352.jpg
IMG_20260619_152606.jpg,taxi_amarillo_train_0207.jpg,train,/home/irar/Escritorio/ProyectoTaxiDetector/dataset/positivos/originales/IMG_20260619_152606.jpg
IMG_20260705_171228.jpg,taxi_amarillo_train_0208.jpg,train,/home/irar/Escritorio/ProyectoTaxiDetector/dataset/positivos/originales/IMG_20260705_171228.jpg
IMG_20260618_162145.jpg,taxi_amarillo_train_0209.jpg,train,/home/irar/Escritorio/ProyectoTaxiDetector/dataset/positivos/originales/IMG_20260618_162145.jpg
IMG_20260701_112557.jpg,taxi_amarillo_train_0210.jpg,train,/home/irar/Escritorio/ProyectoTaxiDetector/dataset/positivos/originales/IMG_20260701_112557.jpg
IMG_20260715_130041.jpg,taxi_amarillo_train_0211.jpg,train,/home/irar/Escritorio/ProyectoTaxiDetector/dataset/positivos/originales/IMG_20260715_130041.jpg
IMG_20260715_082157.jpg,taxi_amarillo_train_0212.jpg,train,/home/irar/Escritorio/ProyectoTaxiDetector/dataset/positivos/originales/IMG_20260715_082157.jpg
IMG_20260705_170331.jpg,taxi_amarillo_train_0213.jpg,train,/home/irar/Escritorio/ProyectoTaxiDetector/dataset/positivos/originales/IMG_20260705_170331.jpg
IMG_20260705_171129.jpg,taxi_amarillo_train_0214.jpg,train,/home/irar/Escritorio/ProyectoTaxiDetector/dataset/positivos/originales/IMG_20260705_171129.jpg
IMG_20260715_082231.jpg,taxi_amarillo_train_0215.jpg,train,/home/irar/Escritorio/ProyectoTaxiDetector/dataset/positivos/originales/IMG_20260715_082231.jpg
IMG_20260715_123804.jpg,taxi_amarillo_train_0216.jpg,train,/home/irar/Escritorio/ProyectoTaxiDetector/dataset/positivos/originales/IMG_20260715_123804.jpg
IMG_20260715_131944.jpg,taxi_amarillo_train_0217.jpg,train,/home/irar/Escritorio/ProyectoTaxiDetector/dataset/positivos/originales/IMG_20260715_131944.jpg
IMG_20260715_123206.jpg,taxi_amarillo_train_0218.jpg,train,/home/irar/Escritorio/ProyectoTaxiDetector/dataset/positivos/originales/IMG_20260715_123206.jpg
IMG_20260618_155355.jpg,taxi_amarillo_train_0219.jpg,train,/home/irar/Escritorio/ProyectoTaxiDetector/dataset/positivos/originales/IMG_20260618_155355.jpg
IMG_20260701_084518.jpg,taxi_amarillo_train_0220.jpg,train,/home/irar/Escritorio/ProyectoTaxiDetector/dataset/positivos/originales/IMG_20260701_084518.jpg
IMG_20260703_160353.jpg,taxi_amarillo_train_0221.jpg,train,/home/irar/Escritorio/ProyectoTaxiDetector/dataset/positivos/originales/IMG_20260703_160353.jpg
IMG_20260701_171621.jpg,taxi_amarillo_train_0222.jpg,train,/home/irar/Escritorio/ProyectoTaxiDetector/dataset/positivos/originales/IMG_20260701_171621.jpg
IMG_20260715_083008.jpg,taxi_amarillo_train_0223.jpg,train,/home/irar/Escritorio/ProyectoTaxiDetector/dataset/positivos/originales/IMG_20260715_083008.jpg
IMG_20260715_123213.jpg,taxi_amarillo_train_0224.jpg,train,/home/irar/Escritorio/ProyectoTaxiDetector/dataset/positivos/originales/IMG_20260715_123213.jpg
IMG_20260619_161615_1.jpg,taxi_amarillo_train_0225.jpg,train,/home/irar/Escritorio/ProyectoTaxiDetector/dataset/positivos/originales/IMG_20260619_161615_1.jpg
IMG_20260705_173437.jpg,taxi_amarillo_train_0226.jpg,train,/home/irar/Escritorio/ProyectoTaxiDetector/dataset/positivos/originales/IMG_20260705_173437.jpg
IMG_20260618_154835.jpg,taxi_amarillo_train_0227.jpg,train,/home/irar/Escritorio/ProyectoTaxiDetector/dataset/positivos/originales/IMG_20260618_154835.jpg
IMG_20260618_160325.jpg,taxi_amarillo_train_0228.jpg,train,/home/irar/Escritorio/ProyectoTaxiDetector/dataset/positivos/originales/IMG_20260618_160325.jpg
IMG_20260701_084715.jpg,taxi_amarillo_train_0229.jpg,train,/home/irar/Escritorio/ProyectoTaxiDetector/dataset/positivos/originales/IMG_20260701_084715.jpg
IMG_20260619_153940.jpg,taxi_amarillo_train_0230.jpg,train,/home/irar/Escritorio/ProyectoTaxiDetector/dataset/positivos/originales/IMG_20260619_153940.jpg
IMG_20260715_123755.jpg,taxi_amarillo_train_0231.jpg,train,/home/irar/Escritorio/ProyectoTaxiDetector/dataset/positivos/originales/IMG_20260715_123755.jpg
IMG_20260715_123232.jpg,taxi_amarillo_train_0232.jpg,train,/home/irar/Escritorio/ProyectoTaxiDetector/dataset/positivos/originales/IMG_20260715_123232.jpg
IMG_20260715_083107.jpg,taxi_amarillo_train_0233.jpg,train,/home/irar/Escritorio/ProyectoTaxiDetector/dataset/positivos/originales/IMG_20260715_083107.jpg
IMG_20260715_123116.jpg,taxi_amarillo_train_0234.jpg,train,/home/irar/Escritorio/ProyectoTaxiDetector/dataset/positivos/originales/IMG_20260715_123116.jpg
IMG_20260701_112509.jpg,taxi_amarillo_train_0235.jpg,train,/home/irar/Escritorio/ProyectoTaxiDetector/dataset/positivos/originales/IMG_20260701_112509.jpg
IMG_20260618_155250.jpg,taxi_amarillo_train_0236.jpg,train,/home/irar/Escritorio/ProyectoTaxiDetector/dataset/positivos/originales/IMG_20260618_155250.jpg
IMG_20260619_161536.jpg,taxi_amarillo_train_0237.jpg,train,/home/irar/Escritorio/ProyectoTaxiDetector/dataset/positivos/originales/IMG_20260619_161536.jpg
IMG_20260630_154621.jpg,taxi_amarillo_train_0238.jpg,train,/home/irar/Escritorio/ProyectoTaxiDetector/dataset/positivos/originales/IMG_20260630_154621.jpg
IMG_20260715_122923.jpg,taxi_amarillo_train_0239.jpg,train,/home/irar/Escritorio/ProyectoTaxiDetector/dataset/positivos/originales/IMG_20260715_122923.jpg
IMG_20260715_123554.jpg,taxi_amarillo_train_0240.jpg,train,/home/irar/Escritorio/ProyectoTaxiDetector/dataset/positivos/originales/IMG_20260715_123554.jpg
IMG_20260715_124744.jpg,taxi_amarillo_train_0241.jpg,train,/home/irar/Escritorio/ProyectoTaxiDetector/dataset/positivos/originales/IMG_20260715_124744.jpg
IMG_20260715_123852.jpg,taxi_amarillo_train_0242.jpg,train,/home/irar/Escritorio/ProyectoTaxiDetector/dataset/positivos/originales/IMG_20260715_123852.jpg
IMG_20260705_165600.jpg,taxi_amarillo_train_0243.jpg,train,/home/irar/Escritorio/ProyectoTaxiDetector/dataset/positivos/originales/IMG_20260705_165600.jpg
IMG_20260619_160513.jpg,taxi_amarillo_train_0244.jpg,train,/home/irar/Escritorio/ProyectoTaxiDetector/dataset/positivos/originales/IMG_20260619_160513.jpg
IMG_20260715_123347.jpg,taxi_amarillo_train_0245.jpg,train,/home/irar/Escritorio/ProyectoTaxiDetector/dataset/positivos/originales/IMG_20260715_123347.jpg
IMG_20260705_170314.jpg,taxi_amarillo_train_0246.jpg,train,/home/irar/Escritorio/ProyectoTaxiDetector/dataset/positivos/originales/IMG_20260705_170314.jpg
IMG_20260619_144925.jpg,taxi_amarillo_train_0247.jpg,train,/home/irar/Escritorio/ProyectoTaxiDetector/dataset/positivos/originales/IMG_20260619_144925.jpg
IMG_20260703_160708.jpg,taxi_amarillo_train_0248.jpg,train,/home/irar/Escritorio/ProyectoTaxiDetector/dataset/positivos/originales/IMG_20260703_160708.jpg
IMG_20260703_160336.jpg,taxi_amarillo_train_0249.jpg,train,/home/irar/Escritorio/ProyectoTaxiDetector/dataset/positivos/originales/IMG_20260703_160336.jpg
IMG_20260715_082018.jpg,taxi_amarillo_train_0250.jpg,train,/home/irar/Escritorio/ProyectoTaxiDetector/dataset/positivos/originales/IMG_20260715_082018.jpg
IMG_20260619_152608.jpg,taxi_amarillo_train_0251.jpg,train,/home/irar/Escritorio/ProyectoTaxiDetector/dataset/positivos/originales/IMG_20260619_152608.jpg
IMG_20260623_171130.jpg,taxi_amarillo_train_0252.jpg,train,/home/irar/Escritorio/ProyectoTaxiDetector/dataset/positivos/originales/IMG_20260623_171130.jpg
IMG_20260618_162412.jpg,taxi_amarillo_train_0253.jpg,train,/home/irar/Escritorio/ProyectoTaxiDetector/dataset/positivos/originales/IMG_20260618_162412.jpg
IMG_20260705_170036.jpg,taxi_amarillo_train_0254.jpg,train,/home/irar/Escritorio/ProyectoTaxiDetector/dataset/positivos/originales/IMG_20260705_170036.jpg
IMG_20260715_124923.jpg,taxi_amarillo_train_0255.jpg,train,/home/irar/Escritorio/ProyectoTaxiDetector/dataset/positivos/originales/IMG_20260715_124923.jpg
IMG_20260619_153259.jpg,taxi_amarillo_train_0256.jpg,train,/home/irar/Escritorio/ProyectoTaxiDetector/dataset/positivos/originales/IMG_20260619_153259.jpg
IMG_20260701_085401.jpg,taxi_amarillo_train_0257.jpg,train,/home/irar/Escritorio/ProyectoTaxiDetector/dataset/positivos/originales/IMG_20260701_085401.jpg
IMG_20260623_171710.jpg,taxi_amarillo_train_0258.jpg,train,/home/irar/Escritorio/ProyectoTaxiDetector/dataset/positivos/originales/IMG_20260623_171710.jpg
IMG_20260715_132728.jpg,taxi_amarillo_train_0259.jpg,train,/home/irar/Escritorio/ProyectoTaxiDetector/dataset/positivos/originales/IMG_20260715_132728.jpg
IMG_20260717_161059.jpg,taxi_amarillo_train_0260.jpg,train,/home/irar/Escritorio/ProyectoTaxiDetector/dataset/positivos/originales/IMG_20260717_161059.jpg
IMG_20260715_124024.jpg,taxi_amarillo_train_0261.jpg,train,/home/irar/Escritorio/ProyectoTaxiDetector/dataset/positivos/originales/IMG_20260715_124024.jpg
IMG_20260629_101028.jpg,taxi_amarillo_train_0262.jpg,train,/home/irar/Escritorio/ProyectoTaxiDetector/dataset/positivos/originales/IMG_20260629_101028.jpg
IMG_20260705_165151.jpg,taxi_amarillo_train_0263.jpg,train,/home/irar/Escritorio/ProyectoTaxiDetector/dataset/positivos/originales/IMG_20260705_165151.jpg
IMG_20260715_122902.jpg,taxi_amarillo_train_0264.jpg,train,/home/irar/Escritorio/ProyectoTaxiDetector/dataset/positivos/originales/IMG_20260715_122902.jpg
IMG_20260711_080443.jpg,taxi_amarillo_train_0265.jpg,train,/home/irar/Escritorio/ProyectoTaxiDetector/dataset/positivos/originales/IMG_20260711_080443.jpg
IMG_20260705_174408.jpg,taxi_amarillo_train_0266.jpg,train,/home/irar/Escritorio/ProyectoTaxiDetector/dataset/positivos/originales/IMG_20260705_174408.jpg
IMG_20260715_124846.jpg,taxi_amarillo_train_0267.jpg,train,/home/irar/Escritorio/ProyectoTaxiDetector/dataset/positivos/originales/IMG_20260715_124846.jpg
IMG_20260623_171957.jpg,taxi_amarillo_train_0268.jpg,train,/home/irar/Escritorio/ProyectoTaxiDetector/dataset/positivos/originales/IMG_20260623_171957.jpg
IMG_20260619_153636.jpg,taxi_amarillo_train_0269.jpg,train,/home/irar/Escritorio/ProyectoTaxiDetector/dataset/positivos/originales/IMG_20260619_153636.jpg
IMG_20260705_170941.jpg,taxi_amarillo_train_0270.jpg,train,/home/irar/Escritorio/ProyectoTaxiDetector/dataset/positivos/originales/IMG_20260705_170941.jpg
IMG_20260705_170137.jpg,taxi_amarillo_train_0271.jpg,train,/home/irar/Escritorio/ProyectoTaxiDetector/dataset/positivos/originales/IMG_20260705_170137.jpg
IMG_20260618_155600.jpg,taxi_amarillo_train_0272.jpg,train,/home/irar/Escritorio/ProyectoTaxiDetector/dataset/positivos/originales/IMG_20260618_155600.jpg
IMG_20260705_173515.jpg,taxi_amarillo_train_0273.jpg,train,/home/irar/Escritorio/ProyectoTaxiDetector/dataset/positivos/originales/IMG_20260705_173515.jpg
IMG_20260711_082849.jpg,taxi_amarillo_train_0274.jpg,train,/home/irar/Escritorio/ProyectoTaxiDetector/dataset/positivos/originales/IMG_20260711_082849.jpg
IMG_20260715_123629.jpg,taxi_amarillo_train_0275.jpg,train,/home/irar/Escritorio/ProyectoTaxiDetector/dataset/positivos/originales/IMG_20260715_123629.jpg
IMG_20260715_082215.jpg,taxi_amarillo_train_0276.jpg,train,/home/irar/Escritorio/ProyectoTaxiDetector/dataset/positivos/originales/IMG_20260715_082215.jpg
IMG_20260715_082108.jpg,taxi_amarillo_train_0277.jpg,train,/home/irar/Escritorio/ProyectoTaxiDetector/dataset/positivos/originales/IMG_20260715_082108.jpg
IMG_20260714_204935.jpg,taxi_amarillo_train_0278.jpg,train,/home/irar/Escritorio/ProyectoTaxiDetector/dataset/positivos/originales/IMG_20260714_204935.jpg
IMG_20260705_171015.jpg,taxi_amarillo_train_0279.jpg,train,/home/irar/Escritorio/ProyectoTaxiDetector/dataset/positivos/originales/IMG_20260705_171015.jpg
IMG_20260701_084521.jpg,taxi_amarillo_train_0280.jpg,train,/home/irar/Escritorio/ProyectoTaxiDetector/dataset/positivos/originales/IMG_20260701_084521.jpg
IMG_20260715_123458.jpg,taxi_amarillo_train_0281.jpg,train,/home/irar/Escritorio/ProyectoTaxiDetector/dataset/positivos/originales/IMG_20260715_123458.jpg
IMG_20260705_171116.jpg,taxi_amarillo_train_0282.jpg,train,/home/irar/Escritorio/ProyectoTaxiDetector/dataset/positivos/originales/IMG_20260705_171116.jpg
IMG_20260715_124124.jpg,taxi_amarillo_train_0283.jpg,train,/home/irar/Escritorio/ProyectoTaxiDetector/dataset/positivos/originales/IMG_20260715_124124.jpg
IMG_20260619_150455.jpg,taxi_amarillo_train_0284.jpg,train,/home/irar/Escritorio/ProyectoTaxiDetector/dataset/positivos/originales/IMG_20260619_150455.jpg
IMG_20260715_123217.jpg,taxi_amarillo_train_0285.jpg,train,/home/irar/Escritorio/ProyectoTaxiDetector/dataset/positivos/originales/IMG_20260715_123217.jpg
IMG_20260619_161748.jpg,taxi_amarillo_train_0286.jpg,train,/home/irar/Escritorio/ProyectoTaxiDetector/dataset/positivos/originales/IMG_20260619_161748.jpg
IMG_20260701_112037.jpg,taxi_amarillo_train_0287.jpg,train,/home/irar/Escritorio/ProyectoTaxiDetector/dataset/positivos/originales/IMG_20260701_112037.jpg
IMG_20260701_082613.jpg,taxi_amarillo_train_0288.jpg,train,/home/irar/Escritorio/ProyectoTaxiDetector/dataset/positivos/originales/IMG_20260701_082613.jpg
IMG_20260715_153805.jpg,taxi_amarillo_train_0289.jpg,train,/home/irar/Escritorio/ProyectoTaxiDetector/dataset/positivos/originales/IMG_20260715_153805.jpg
IMG_20260705_171606.jpg,taxi_amarillo_train_0290.jpg,train,/home/irar/Escritorio/ProyectoTaxiDetector/dataset/positivos/originales/IMG_20260705_171606.jpg
IMG_20260619_160822.jpg,taxi_amarillo_train_0291.jpg,train,/home/irar/Escritorio/ProyectoTaxiDetector/dataset/positivos/originales/IMG_20260619_160822.jpg
IMG_20260629_155311.jpg,taxi_amarillo_train_0292.jpg,train,/home/irar/Escritorio/ProyectoTaxiDetector/dataset/positivos/originales/IMG_20260629_155311.jpg
IMG_20260701_112844.jpg,taxi_amarillo_train_0293.jpg,train,/home/irar/Escritorio/ProyectoTaxiDetector/dataset/positivos/originales/IMG_20260701_112844.jpg
IMG_20260715_123141.jpg,taxi_amarillo_train_0294.jpg,train,/home/irar/Escritorio/ProyectoTaxiDetector/dataset/positivos/originales/IMG_20260715_123141.jpg
IMG_20260715_125028.jpg,taxi_amarillo_train_0295.jpg,train,/home/irar/Escritorio/ProyectoTaxiDetector/dataset/positivos/originales/IMG_20260715_125028.jpg
IMG_20260701_113157.jpg,taxi_amarillo_train_0296.jpg,train,/home/irar/Escritorio/ProyectoTaxiDetector/dataset/positivos/originales/IMG_20260701_113157.jpg
IMG_20260705_174456.jpg,taxi_amarillo_train_0297.jpg,train,/home/irar/Escritorio/ProyectoTaxiDetector/dataset/positivos/originales/IMG_20260705_174456.jpg
IMG_20260705_165620.jpg,taxi_amarillo_train_0298.jpg,train,/home/irar/Escritorio/ProyectoTaxiDetector/dataset/positivos/originales/IMG_20260705_165620.jpg
IMG_20260618_154636.jpg,taxi_amarillo_train_0299.jpg,train,/home/irar/Escritorio/ProyectoTaxiDetector/dataset/positivos/originales/IMG_20260618_154636.jpg
IMG_20260715_123212.jpg,taxi_amarillo_train_0300.jpg,train,/home/irar/Escritorio/ProyectoTaxiDetector/dataset/positivos/originales/IMG_20260715_123212.jpg
IMG_20260715_124644.jpg,taxi_amarillo_train_0301.jpg,train,/home/irar/Escritorio/ProyectoTaxiDetector/dataset/positivos/originales/IMG_20260715_124644.jpg
IMG_20260701_112531.jpg,taxi_amarillo_train_0302.jpg,train,/home/irar/Escritorio/ProyectoTaxiDetector/dataset/positivos/originales/IMG_20260701_112531.jpg
IMG_20260705_175156.jpg,taxi_amarillo_train_0303.jpg,train,/home/irar/Escritorio/ProyectoTaxiDetector/dataset/positivos/originales/IMG_20260705_175156.jpg
IMG_20260715_123401.jpg,taxi_amarillo_train_0304.jpg,train,/home/irar/Escritorio/ProyectoTaxiDetector/dataset/positivos/originales/IMG_20260715_123401.jpg
IMG_20260701_112438.jpg,taxi_amarillo_train_0305.jpg,train,/home/irar/Escritorio/ProyectoTaxiDetector/dataset/positivos/originales/IMG_20260701_112438.jpg
IMG_20260705_170812.jpg,taxi_amarillo_train_0306.jpg,train,/home/irar/Escritorio/ProyectoTaxiDetector/dataset/positivos/originales/IMG_20260705_170812.jpg
IMG_20260715_124312.jpg,taxi_amarillo_train_0307.jpg,train,/home/irar/Escritorio/ProyectoTaxiDetector/dataset/positivos/originales/IMG_20260715_124312.jpg
IMG_20260619_154728.jpg,taxi_amarillo_train_0308.jpg,train,/home/irar/Escritorio/ProyectoTaxiDetector/dataset/positivos/originales/IMG_20260619_154728.jpg
IMG_20260623_171621.jpg,taxi_amarillo_train_0309.jpg,train,/home/irar/Escritorio/ProyectoTaxiDetector/dataset/positivos/originales/IMG_20260623_171621.jpg
IMG_20260618_161845.jpg,taxi_amarillo_train_0310.jpg,train,/home/irar/Escritorio/ProyectoTaxiDetector/dataset/positivos/originales/IMG_20260618_161845.jpg
IMG_20260701_171228.jpg,taxi_amarillo_train_0311.jpg,train,/home/irar/Escritorio/ProyectoTaxiDetector/dataset/positivos/originales/IMG_20260701_171228.jpg
IMG_20260715_123414.jpg,taxi_amarillo_train_0312.jpg,train,/home/irar/Escritorio/ProyectoTaxiDetector/dataset/positivos/originales/IMG_20260715_123414.jpg
IMG_20260619_144353.jpg,taxi_amarillo_train_0313.jpg,train,/home/irar/Escritorio/ProyectoTaxiDetector/dataset/positivos/originales/IMG_20260619_144353.jpg
IMG_20260715_123551.jpg,taxi_amarillo_train_0314.jpg,train,/home/irar/Escritorio/ProyectoTaxiDetector/dataset/positivos/originales/IMG_20260715_123551.jpg
IMG_20260619_160953.jpg,taxi_amarillo_train_0315.jpg,train,/home/irar/Escritorio/ProyectoTaxiDetector/dataset/positivos/originales/IMG_20260619_160953.jpg
IMG_20260715_123808.jpg,taxi_amarillo_train_0316.jpg,train,/home/irar/Escritorio/ProyectoTaxiDetector/dataset/positivos/originales/IMG_20260715_123808.jpg
IMG_20260618_162102.jpg,taxi_amarillo_train_0317.jpg,train,/home/irar/Escritorio/ProyectoTaxiDetector/dataset/positivos/originales/IMG_20260618_162102.jpg
IMG_20260618_175303.jpg,taxi_amarillo_train_0318.jpg,train,/home/irar/Escritorio/ProyectoTaxiDetector/dataset/positivos/originales/IMG_20260618_175303.jpg
IMG_20260630_154639.jpg,taxi_amarillo_train_0319.jpg,train,/home/irar/Escritorio/ProyectoTaxiDetector/dataset/positivos/originales/IMG_20260630_154639.jpg
IMG_20260715_132248.jpg,taxi_amarillo_train_0320.jpg,train,/home/irar/Escritorio/ProyectoTaxiDetector/dataset/positivos/originales/IMG_20260715_132248.jpg
IMG_20260619_161704.jpg,taxi_amarillo_train_0321.jpg,train,/home/irar/Escritorio/ProyectoTaxiDetector/dataset/positivos/originales/IMG_20260619_161704.jpg
IMG_20260715_082250.jpg,taxi_amarillo_train_0322.jpg,train,/home/irar/Escritorio/ProyectoTaxiDetector/dataset/positivos/originales/IMG_20260715_082250.jpg
IMG_20260715_125216.jpg,taxi_amarillo_train_0323.jpg,train,/home/irar/Escritorio/ProyectoTaxiDetector/dataset/positivos/originales/IMG_20260715_125216.jpg
IMG_20260619_151747.jpg,taxi_amarillo_train_0324.jpg,train,/home/irar/Escritorio/ProyectoTaxiDetector/dataset/positivos/originales/IMG_20260619_151747.jpg
IMG_20260705_170040.jpg,taxi_amarillo_train_0325.jpg,train,/home/irar/Escritorio/ProyectoTaxiDetector/dataset/positivos/originales/IMG_20260705_170040.jpg
IMG_20260629_100634.jpg,taxi_amarillo_train_0326.jpg,train,/home/irar/Escritorio/ProyectoTaxiDetector/dataset/positivos/originales/IMG_20260629_100634.jpg
IMG_20260703_161732.jpg,taxi_amarillo_train_0327.jpg,train,/home/irar/Escritorio/ProyectoTaxiDetector/dataset/positivos/originales/IMG_20260703_161732.jpg
IMG_20260618_160535.jpg,taxi_amarillo_train_0328.jpg,train,/home/irar/Escritorio/ProyectoTaxiDetector/dataset/positivos/originales/IMG_20260618_160535.jpg
IMG_20260618_154619.jpg,taxi_amarillo_train_0329.jpg,train,/home/irar/Escritorio/ProyectoTaxiDetector/dataset/positivos/originales/IMG_20260618_154619.jpg
IMG_20260629_100828.jpg,taxi_amarillo_train_0330.jpg,train,/home/irar/Escritorio/ProyectoTaxiDetector/dataset/positivos/originales/IMG_20260629_100828.jpg
IMG_20260618_160533.jpg,taxi_amarillo_train_0331.jpg,train,/home/irar/Escritorio/ProyectoTaxiDetector/dataset/positivos/originales/IMG_20260618_160533.jpg
IMG_20260618_160238.jpg,taxi_amarillo_train_0332.jpg,train,/home/irar/Escritorio/ProyectoTaxiDetector/dataset/positivos/originales/IMG_20260618_160238.jpg
IMG_20260619_145409.jpg,taxi_amarillo_train_0333.jpg,train,/home/irar/Escritorio/ProyectoTaxiDetector/dataset/positivos/originales/IMG_20260619_145409.jpg
IMG_20260715_125159.jpg,taxi_amarillo_train_0334.jpg,train,/home/irar/Escritorio/ProyectoTaxiDetector/dataset/positivos/originales/IMG_20260715_125159.jpg
IMG_20260705_173620.jpg,taxi_amarillo_train_0335.jpg,train,/home/irar/Escritorio/ProyectoTaxiDetector/dataset/positivos/originales/IMG_20260705_173620.jpg
IMG_20260623_171847.jpg,taxi_amarillo_train_0336.jpg,train,/home/irar/Escritorio/ProyectoTaxiDetector/dataset/positivos/originales/IMG_20260623_171847.jpg
IMG_20260701_085426.jpg,taxi_amarillo_train_0337.jpg,train,/home/irar/Escritorio/ProyectoTaxiDetector/dataset/positivos/originales/IMG_20260701_085426.jpg
IMG_20260619_161342.jpg,taxi_amarillo_train_0338.jpg,train,/home/irar/Escritorio/ProyectoTaxiDetector/dataset/positivos/originales/IMG_20260619_161342.jpg
IMG_20260618_155358.jpg,taxi_amarillo_train_0339.jpg,train,/home/irar/Escritorio/ProyectoTaxiDetector/dataset/positivos/originales/IMG_20260618_155358.jpg
IMG_20260715_125933.jpg,taxi_amarillo_train_0340.jpg,train,/home/irar/Escritorio/ProyectoTaxiDetector/dataset/positivos/originales/IMG_20260715_125933.jpg
IMG_20260703_184720.jpg,taxi_amarillo_train_0341.jpg,train,/home/irar/Escritorio/ProyectoTaxiDetector/dataset/positivos/originales/IMG_20260703_184720.jpg
IMG_20260619_161408.jpg,taxi_amarillo_train_0342.jpg,train,/home/irar/Escritorio/ProyectoTaxiDetector/dataset/positivos/originales/IMG_20260619_161408.jpg
IMG_20260705_173630.jpg,taxi_amarillo_train_0343.jpg,train,/home/irar/Escritorio/ProyectoTaxiDetector/dataset/positivos/originales/IMG_20260705_173630.jpg
IMG_20260619_161517.jpg,taxi_amarillo_train_0344.jpg,train,/home/irar/Escritorio/ProyectoTaxiDetector/dataset/positivos/originales/IMG_20260619_161517.jpg
IMG_20260619_153428.jpg,taxi_amarillo_train_0345.jpg,train,/home/irar/Escritorio/ProyectoTaxiDetector/dataset/positivos/originales/IMG_20260619_153428.jpg
IMG_20260715_122826.jpg,taxi_amarillo_train_0346.jpg,train,/home/irar/Escritorio/ProyectoTaxiDetector/dataset/positivos/originales/IMG_20260715_122826.jpg
IMG_20260715_124749.jpg,taxi_amarillo_train_0347.jpg,train,/home/irar/Escritorio/ProyectoTaxiDetector/dataset/positivos/originales/IMG_20260715_124749.jpg
IMG_20260715_131410.jpg,taxi_amarillo_train_0348.jpg,train,/home/irar/Escritorio/ProyectoTaxiDetector/dataset/positivos/originales/IMG_20260715_131410.jpg
IMG_20260618_160041.jpg,taxi_amarillo_train_0349.jpg,train,/home/irar/Escritorio/ProyectoTaxiDetector/dataset/positivos/originales/IMG_20260618_160041.jpg
IMG_20260715_082336.jpg,taxi_amarillo_train_0350.jpg,train,/home/irar/Escritorio/ProyectoTaxiDetector/dataset/positivos/originales/IMG_20260715_082336.jpg
IMG_20260715_124914.jpg,taxi_amarillo_train_0351.jpg,train,/home/irar/Escritorio/ProyectoTaxiDetector/dataset/positivos/originales/IMG_20260715_124914.jpg
IMG_20260705_170641.jpg,taxi_amarillo_train_0352.jpg,train,/home/irar/Escritorio/ProyectoTaxiDetector/dataset/positivos/originales/IMG_20260705_170641.jpg
IMG_20260618_154806.jpg,taxi_amarillo_train_0353.jpg,train,/home/irar/Escritorio/ProyectoTaxiDetector/dataset/positivos/originales/IMG_20260618_154806.jpg
IMG_20260701_085358.jpg,taxi_amarillo_train_0354.jpg,train,/home/irar/Escritorio/ProyectoTaxiDetector/dataset/positivos/originales/IMG_20260701_085358.jpg
IMG_20260618_160043.jpg,taxi_amarillo_train_0355.jpg,train,/home/irar/Escritorio/ProyectoTaxiDetector/dataset/positivos/originales/IMG_20260618_160043.jpg
IMG_20260703_160303.jpg,taxi_amarillo_train_0356.jpg,train,/home/irar/Escritorio/ProyectoTaxiDetector/dataset/positivos/originales/IMG_20260703_160303.jpg
IMG_20260618_155209.jpg,taxi_amarillo_train_0357.jpg,train,/home/irar/Escritorio/ProyectoTaxiDetector/dataset/positivos/originales/IMG_20260618_155209.jpg
IMG_20260715_125443.jpg,taxi_amarillo_train_0358.jpg,train,/home/irar/Escritorio/ProyectoTaxiDetector/dataset/positivos/originales/IMG_20260715_125443.jpg
IMG_20260715_130037.jpg,taxi_amarillo_train_0359.jpg,train,/home/irar/Escritorio/ProyectoTaxiDetector/dataset/positivos/originales/IMG_20260715_130037.jpg
IMG_20260701_085427.jpg,taxi_amarillo_train_0360.jpg,train,/home/irar/Escritorio/ProyectoTaxiDetector/dataset/positivos/originales/IMG_20260701_085427.jpg
IMG_20260715_124549.jpg,taxi_amarillo_train_0361.jpg,train,/home/irar/Escritorio/ProyectoTaxiDetector/dataset/positivos/originales/IMG_20260715_124549.jpg
IMG_20260703_160539.jpg,taxi_amarillo_train_0362.jpg,train,/home/irar/Escritorio/ProyectoTaxiDetector/dataset/positivos/originales/IMG_20260703_160539.jpg
IMG_20260701_085405.jpg,taxi_amarillo_train_0363.jpg,train,/home/irar/Escritorio/ProyectoTaxiDetector/dataset/positivos/originales/IMG_20260701_085405.jpg
IMG_20260630_153829.jpg,taxi_amarillo_train_0364.jpg,train,/home/irar/Escritorio/ProyectoTaxiDetector/dataset/positivos/originales/IMG_20260630_153829.jpg
IMG_20260618_160237.jpg,taxi_amarillo_train_0365.jpg,train,/home/irar/Escritorio/ProyectoTaxiDetector/dataset/positivos/originales/IMG_20260618_160237.jpg
IMG_20260619_150918.jpg,taxi_amarillo_train_0366.jpg,train,/home/irar/Escritorio/ProyectoTaxiDetector/dataset/positivos/originales/IMG_20260619_150918.jpg
IMG_20260701_113129.jpg,taxi_amarillo_train_0367.jpg,train,/home/irar/Escritorio/ProyectoTaxiDetector/dataset/positivos/originales/IMG_20260701_113129.jpg
IMG_20260618_155623.jpg,taxi_amarillo_train_0368.jpg,train,/home/irar/Escritorio/ProyectoTaxiDetector/dataset/positivos/originales/IMG_20260618_155623.jpg
IMG_20260711_085240.jpg,taxi_amarillo_train_0369.jpg,train,/home/irar/Escritorio/ProyectoTaxiDetector/dataset/positivos/originales/IMG_20260711_085240.jpg
IMG_20260711_083437.jpg,taxi_amarillo_train_0370.jpg,train,/home/irar/Escritorio/ProyectoTaxiDetector/dataset/positivos/originales/IMG_20260711_083437.jpg
IMG_20260618_154829.jpg,taxi_amarillo_train_0371.jpg,train,/home/irar/Escritorio/ProyectoTaxiDetector/dataset/positivos/originales/IMG_20260618_154829.jpg
IMG_20260715_124106.jpg,taxi_amarillo_train_0372.jpg,train,/home/irar/Escritorio/ProyectoTaxiDetector/dataset/positivos/originales/IMG_20260715_124106.jpg
IMG_20260711_081308.jpg,taxi_amarillo_train_0373.jpg,train,/home/irar/Escritorio/ProyectoTaxiDetector/dataset/positivos/originales/IMG_20260711_081308.jpg
IMG_20260705_165555.jpg,taxi_amarillo_train_0374.jpg,train,/home/irar/Escritorio/ProyectoTaxiDetector/dataset/positivos/originales/IMG_20260705_165555.jpg
IMG_20260618_155318.jpg,taxi_amarillo_train_0375.jpg,train,/home/irar/Escritorio/ProyectoTaxiDetector/dataset/positivos/originales/IMG_20260618_155318.jpg
IMG_20260618_154922.jpg,taxi_amarillo_train_0376.jpg,train,/home/irar/Escritorio/ProyectoTaxiDetector/dataset/positivos/originales/IMG_20260618_154922.jpg
IMG_20260715_123239.jpg,taxi_amarillo_train_0377.jpg,train,/home/irar/Escritorio/ProyectoTaxiDetector/dataset/positivos/originales/IMG_20260715_123239.jpg
IMG_20260715_125005.jpg,taxi_amarillo_train_0378.jpg,train,/home/irar/Escritorio/ProyectoTaxiDetector/dataset/positivos/originales/IMG_20260715_125005.jpg
IMG_20260701_082426.jpg,taxi_amarillo_train_0379.jpg,train,/home/irar/Escritorio/ProyectoTaxiDetector/dataset/positivos/originales/IMG_20260701_082426.jpg
IMG_20260715_123854.jpg,taxi_amarillo_train_0380.jpg,train,/home/irar/Escritorio/ProyectoTaxiDetector/dataset/positivos/originales/IMG_20260715_123854.jpg
IMG_20260701_112954.jpg,taxi_amarillo_train_0381.jpg,train,/home/irar/Escritorio/ProyectoTaxiDetector/dataset/positivos/originales/IMG_20260701_112954.jpg
IMG_20260703_160237.jpg,taxi_amarillo_train_0382.jpg,train,/home/irar/Escritorio/ProyectoTaxiDetector/dataset/positivos/originales/IMG_20260703_160237.jpg
IMG_20260705_171642.jpg,taxi_amarillo_train_0383.jpg,train,/home/irar/Escritorio/ProyectoTaxiDetector/dataset/positivos/originales/IMG_20260705_171642.jpg
IMG_20260715_124904.jpg,taxi_amarillo_train_0384.jpg,train,/home/irar/Escritorio/ProyectoTaxiDetector/dataset/positivos/originales/IMG_20260715_124904.jpg
IMG_20260711_080915.jpg,taxi_amarillo_train_0385.jpg,train,/home/irar/Escritorio/ProyectoTaxiDetector/dataset/positivos/originales/IMG_20260711_080915.jpg
IMG_20260618_162206.jpg,taxi_amarillo_train_0386.jpg,train,/home/irar/Escritorio/ProyectoTaxiDetector/dataset/positivos/originales/IMG_20260618_162206.jpg
IMG_20260701_112540.jpg,taxi_amarillo_train_0387.jpg,train,/home/irar/Escritorio/ProyectoTaxiDetector/dataset/positivos/originales/IMG_20260701_112540.jpg
IMG_20260619_152428.jpg,taxi_amarillo_train_0388.jpg,train,/home/irar/Escritorio/ProyectoTaxiDetector/dataset/positivos/originales/IMG_20260619_152428.jpg
IMG_20260619_152315.jpg,taxi_amarillo_train_0389.jpg,train,/home/irar/Escritorio/ProyectoTaxiDetector/dataset/positivos/originales/IMG_20260619_152315.jpg
IMG_20260711_080703.jpg,taxi_amarillo_train_0390.jpg,train,/home/irar/Escritorio/ProyectoTaxiDetector/dataset/positivos/originales/IMG_20260711_080703.jpg
IMG_20260705_170139.jpg,taxi_amarillo_train_0391.jpg,train,/home/irar/Escritorio/ProyectoTaxiDetector/dataset/positivos/originales/IMG_20260705_170139.jpg
IMG_20260703_183415.jpg,taxi_amarillo_train_0392.jpg,train,/home/irar/Escritorio/ProyectoTaxiDetector/dataset/positivos/originales/IMG_20260703_183415.jpg
IMG_20260618_155417.jpg,taxi_amarillo_train_0393.jpg,train,/home/irar/Escritorio/ProyectoTaxiDetector/dataset/positivos/originales/IMG_20260618_155417.jpg
IMG_20260715_124753.jpg,taxi_amarillo_train_0394.jpg,train,/home/irar/Escritorio/ProyectoTaxiDetector/dataset/positivos/originales/IMG_20260715_124753.jpg
IMG_20260711_085220.jpg,taxi_amarillo_train_0395.jpg,train,/home/irar/Escritorio/ProyectoTaxiDetector/dataset/positivos/originales/IMG_20260711_085220.jpg
IMG_20260618_155626.jpg,taxi_amarillo_train_0396.jpg,train,/home/irar/Escritorio/ProyectoTaxiDetector/dataset/positivos/originales/IMG_20260618_155626.jpg
IMG_20260618_155415.jpg,taxi_amarillo_train_0397.jpg,train,/home/irar/Escritorio/ProyectoTaxiDetector/dataset/positivos/originales/IMG_20260618_155415.jpg
IMG_20260703_142351.jpg,taxi_amarillo_train_0398.jpg,train,/home/irar/Escritorio/ProyectoTaxiDetector/dataset/positivos/originales/IMG_20260703_142351.jpg
IMG_20260705_171238.jpg,taxi_amarillo_train_0399.jpg,train,/home/irar/Escritorio/ProyectoTaxiDetector/dataset/positivos/originales/IMG_20260705_171238.jpg
IMG_20260701_085413.jpg,taxi_amarillo_train_0400.jpg,train,/home/irar/Escritorio/ProyectoTaxiDetector/dataset/positivos/originales/IMG_20260701_085413.jpg
IMG_20260703_142416.jpg,taxi_amarillo_train_0401.jpg,train,/home/irar/Escritorio/ProyectoTaxiDetector/dataset/positivos/originales/IMG_20260703_142416.jpg
IMG_20260705_171137.jpg,taxi_amarillo_train_0402.jpg,train,/home/irar/Escritorio/ProyectoTaxiDetector/dataset/positivos/originales/IMG_20260705_171137.jpg
IMG_20260715_130023.jpg,taxi_amarillo_train_0403.jpg,train,/home/irar/Escritorio/ProyectoTaxiDetector/dataset/positivos/originales/IMG_20260715_130023.jpg
IMG_20260701_171820.jpg,taxi_amarillo_train_0404.jpg,train,/home/irar/Escritorio/ProyectoTaxiDetector/dataset/positivos/originales/IMG_20260701_171820.jpg
IMG_20260701_112604.jpg,taxi_amarillo_train_0405.jpg,train,/home/irar/Escritorio/ProyectoTaxiDetector/dataset/positivos/originales/IMG_20260701_112604.jpg
IMG_20260619_153232.jpg,taxi_amarillo_train_0406.jpg,train,/home/irar/Escritorio/ProyectoTaxiDetector/dataset/positivos/originales/IMG_20260619_153232.jpg
IMG_20260703_160512.jpg,taxi_amarillo_train_0407.jpg,train,/home/irar/Escritorio/ProyectoTaxiDetector/dataset/positivos/originales/IMG_20260703_160512.jpg
IMG_20260701_085354.jpg,taxi_amarillo_train_0408.jpg,train,/home/irar/Escritorio/ProyectoTaxiDetector/dataset/positivos/originales/IMG_20260701_085354.jpg
IMG_20260715_124909.jpg,taxi_amarillo_train_0409.jpg,train,/home/irar/Escritorio/ProyectoTaxiDetector/dataset/positivos/originales/IMG_20260715_124909.jpg
IMG_20260705_175212.jpg,taxi_amarillo_train_0410.jpg,train,/home/irar/Escritorio/ProyectoTaxiDetector/dataset/positivos/originales/IMG_20260705_175212.jpg
IMG_20260619_152447.jpg,taxi_amarillo_train_0411.jpg,train,/home/irar/Escritorio/ProyectoTaxiDetector/dataset/positivos/originales/IMG_20260619_152447.jpg
IMG_20260619_161546.jpg,taxi_amarillo_train_0412.jpg,train,/home/irar/Escritorio/ProyectoTaxiDetector/dataset/positivos/originales/IMG_20260619_161546.jpg
IMG_20260619_150050.jpg,taxi_amarillo_train_0413.jpg,train,/home/irar/Escritorio/ProyectoTaxiDetector/dataset/positivos/originales/IMG_20260619_150050.jpg
IMG_20260711_084324.jpg,taxi_amarillo_train_0414.jpg,train,/home/irar/Escritorio/ProyectoTaxiDetector/dataset/positivos/originales/IMG_20260711_084324.jpg
IMG_20260619_160948.jpg,taxi_amarillo_train_0415.jpg,train,/home/irar/Escritorio/ProyectoTaxiDetector/dataset/positivos/originales/IMG_20260619_160948.jpg
IMG_20260715_125529.jpg,taxi_amarillo_train_0416.jpg,train,/home/irar/Escritorio/ProyectoTaxiDetector/dataset/positivos/originales/IMG_20260715_125529.jpg
IMG_20260715_123708.jpg,taxi_amarillo_train_0417.jpg,train,/home/irar/Escritorio/ProyectoTaxiDetector/dataset/positivos/originales/IMG_20260715_123708.jpg
IMG_20260701_082444.jpg,taxi_amarillo_train_0418.jpg,train,/home/irar/Escritorio/ProyectoTaxiDetector/dataset/positivos/originales/IMG_20260701_082444.jpg
IMG_20260618_162226.jpg,taxi_amarillo_train_0419.jpg,train,/home/irar/Escritorio/ProyectoTaxiDetector/dataset/positivos/originales/IMG_20260618_162226.jpg
IMG_20260701_085333.jpg,taxi_amarillo_train_0420.jpg,train,/home/irar/Escritorio/ProyectoTaxiDetector/dataset/positivos/originales/IMG_20260701_085333.jpg
IMG_20260705_171145.jpg,taxi_amarillo_train_0421.jpg,train,/home/irar/Escritorio/ProyectoTaxiDetector/dataset/positivos/originales/IMG_20260705_171145.jpg
IMG_20260715_123555.jpg,taxi_amarillo_train_0422.jpg,train,/home/irar/Escritorio/ProyectoTaxiDetector/dataset/positivos/originales/IMG_20260715_123555.jpg
IMG_20260701_085655.jpg,taxi_amarillo_train_0423.jpg,train,/home/irar/Escritorio/ProyectoTaxiDetector/dataset/positivos/originales/IMG_20260701_085655.jpg
IMG_20260701_112755.jpg,taxi_amarillo_train_0424.jpg,train,/home/irar/Escritorio/ProyectoTaxiDetector/dataset/positivos/originales/IMG_20260701_112755.jpg
IMG_20260715_132545.jpg,taxi_amarillo_train_0425.jpg,train,/home/irar/Escritorio/ProyectoTaxiDetector/dataset/positivos/originales/IMG_20260715_132545.jpg
IMG_20260618_154257.jpg,taxi_amarillo_train_0426.jpg,train,/home/irar/Escritorio/ProyectoTaxiDetector/dataset/positivos/originales/IMG_20260618_154257.jpg
IMG_20260618_155206.jpg,taxi_amarillo_train_0427.jpg,train,/home/irar/Escritorio/ProyectoTaxiDetector/dataset/positivos/originales/IMG_20260618_155206.jpg
IMG_20260703_184400.jpg,taxi_amarillo_train_0428.jpg,train,/home/irar/Escritorio/ProyectoTaxiDetector/dataset/positivos/originales/IMG_20260703_184400.jpg
IMG_20260711_084842.jpg,taxi_amarillo_train_0429.jpg,train,/home/irar/Escritorio/ProyectoTaxiDetector/dataset/positivos/originales/IMG_20260711_084842.jpg
IMG_20260715_083149.jpg,taxi_amarillo_train_0430.jpg,train,/home/irar/Escritorio/ProyectoTaxiDetector/dataset/positivos/originales/IMG_20260715_083149.jpg
IMG_20260619_153040.jpg,taxi_amarillo_train_0431.jpg,train,/home/irar/Escritorio/ProyectoTaxiDetector/dataset/positivos/originales/IMG_20260619_153040.jpg
IMG_20260701_171535.jpg,taxi_amarillo_train_0432.jpg,train,/home/irar/Escritorio/ProyectoTaxiDetector/dataset/positivos/originales/IMG_20260701_171535.jpg
IMG_20260703_142542.jpg,taxi_amarillo_train_0433.jpg,train,/home/irar/Escritorio/ProyectoTaxiDetector/dataset/positivos/originales/IMG_20260703_142542.jpg
IMG_20260715_124636.jpg,taxi_amarillo_train_0434.jpg,train,/home/irar/Escritorio/ProyectoTaxiDetector/dataset/positivos/originales/IMG_20260715_124636.jpg
IMG_20260623_171545.jpg,taxi_amarillo_train_0435.jpg,train,/home/irar/Escritorio/ProyectoTaxiDetector/dataset/positivos/originales/IMG_20260623_171545.jpg
IMG_20260711_082854.jpg,taxi_amarillo_train_0436.jpg,train,/home/irar/Escritorio/ProyectoTaxiDetector/dataset/positivos/originales/IMG_20260711_082854.jpg
IMG_20260619_145613.jpg,taxi_amarillo_train_0437.jpg,train,/home/irar/Escritorio/ProyectoTaxiDetector/dataset/positivos/originales/IMG_20260619_145613.jpg
IMG_20260711_080310.jpg,taxi_amarillo_train_0438.jpg,train,/home/irar/Escritorio/ProyectoTaxiDetector/dataset/positivos/originales/IMG_20260711_080310.jpg
IMG_20260703_160731.jpg,taxi_amarillo_train_0439.jpg,train,/home/irar/Escritorio/ProyectoTaxiDetector/dataset/positivos/originales/IMG_20260703_160731.jpg
IMG_20260703_142426.jpg,taxi_amarillo_train_0440.jpg,train,/home/irar/Escritorio/ProyectoTaxiDetector/dataset/positivos/originales/IMG_20260703_142426.jpg
IMG_20260715_131248.jpg,taxi_amarillo_train_0441.jpg,train,/home/irar/Escritorio/ProyectoTaxiDetector/dataset/positivos/originales/IMG_20260715_131248.jpg
IMG_20260619_150744.jpg,taxi_amarillo_train_0442.jpg,train,/home/irar/Escritorio/ProyectoTaxiDetector/dataset/positivos/originales/IMG_20260619_150744.jpg
IMG_20260715_123724.jpg,taxi_amarillo_train_0443.jpg,train,/home/irar/Escritorio/ProyectoTaxiDetector/dataset/positivos/originales/IMG_20260715_123724.jpg
IMG_20260701_084538.jpg,taxi_amarillo_train_0444.jpg,train,/home/irar/Escritorio/ProyectoTaxiDetector/dataset/positivos/originales/IMG_20260701_084538.jpg
IMG_20260701_085846.jpg,taxi_amarillo_train_0445.jpg,train,/home/irar/Escritorio/ProyectoTaxiDetector/dataset/positivos/originales/IMG_20260701_085846.jpg
IMG_20260701_112049.jpg,taxi_amarillo_train_0446.jpg,train,/home/irar/Escritorio/ProyectoTaxiDetector/dataset/positivos/originales/IMG_20260701_112049.jpg
IMG_20260702_115205.jpg,taxi_amarillo_train_0447.jpg,train,/home/irar/Escritorio/ProyectoTaxiDetector/dataset/positivos/originales/IMG_20260702_115205.jpg
IMG_20260715_125018.jpg,taxi_amarillo_train_0448.jpg,train,/home/irar/Escritorio/ProyectoTaxiDetector/dataset/positivos/originales/IMG_20260715_125018.jpg
IMG_20260705_175134.jpg,taxi_amarillo_train_0449.jpg,train,/home/irar/Escritorio/ProyectoTaxiDetector/dataset/positivos/originales/IMG_20260705_175134.jpg
IMG_20260701_112746.jpg,taxi_amarillo_train_0450.jpg,train,/home/irar/Escritorio/ProyectoTaxiDetector/dataset/positivos/originales/IMG_20260701_112746.jpg
IMG_20260618_154813.jpg,taxi_amarillo_train_0451.jpg,train,/home/irar/Escritorio/ProyectoTaxiDetector/dataset/positivos/originales/IMG_20260618_154813.jpg
IMG_20260705_174733.jpg,taxi_amarillo_train_0452.jpg,train,/home/irar/Escritorio/ProyectoTaxiDetector/dataset/positivos/originales/IMG_20260705_174733.jpg
IMG_20260711_080422.jpg,taxi_amarillo_train_0453.jpg,train,/home/irar/Escritorio/ProyectoTaxiDetector/dataset/positivos/originales/IMG_20260711_080422.jpg
IMG_20260619_150052.jpg,taxi_amarillo_train_0454.jpg,train,/home/irar/Escritorio/ProyectoTaxiDetector/dataset/positivos/originales/IMG_20260619_150052.jpg
IMG_20260701_085910.jpg,taxi_amarillo_train_0455.jpg,train,/home/irar/Escritorio/ProyectoTaxiDetector/dataset/positivos/originales/IMG_20260701_085910.jpg
IMG_20260618_155513.jpg,taxi_amarillo_train_0456.jpg,train,/home/irar/Escritorio/ProyectoTaxiDetector/dataset/positivos/originales/IMG_20260618_155513.jpg
IMG_20260623_171635.jpg,taxi_amarillo_train_0457.jpg,train,/home/irar/Escritorio/ProyectoTaxiDetector/dataset/positivos/originales/IMG_20260623_171635.jpg
IMG_20260619_145042.jpg,taxi_amarillo_train_0458.jpg,train,/home/irar/Escritorio/ProyectoTaxiDetector/dataset/positivos/originales/IMG_20260619_145042.jpg
IMG_20260715_123500.jpg,taxi_amarillo_train_0459.jpg,train,/home/irar/Escritorio/ProyectoTaxiDetector/dataset/positivos/originales/IMG_20260715_123500.jpg
IMG_20260703_155846.jpg,taxi_amarillo_train_0460.jpg,train,/home/irar/Escritorio/ProyectoTaxiDetector/dataset/positivos/originales/IMG_20260703_155846.jpg
IMG_20260618_155053.jpg,taxi_amarillo_train_0461.jpg,train,/home/irar/Escritorio/ProyectoTaxiDetector/dataset/positivos/originales/IMG_20260618_155053.jpg
IMG_20260701_112347.jpg,taxi_amarillo_train_0462.jpg,train,/home/irar/Escritorio/ProyectoTaxiDetector/dataset/positivos/originales/IMG_20260701_112347.jpg
IMG_20260618_155054.jpg,taxi_amarillo_train_0463.jpg,train,/home/irar/Escritorio/ProyectoTaxiDetector/dataset/positivos/originales/IMG_20260618_155054.jpg
IMG_20260715_132906.jpg,taxi_amarillo_train_0464.jpg,train,/home/irar/Escritorio/ProyectoTaxiDetector/dataset/positivos/originales/IMG_20260715_132906.jpg
IMG_20260705_171503.jpg,taxi_amarillo_train_0465.jpg,train,/home/irar/Escritorio/ProyectoTaxiDetector/dataset/positivos/originales/IMG_20260705_171503.jpg
IMG_20260618_155234.jpg,taxi_amarillo_train_0466.jpg,train,/home/irar/Escritorio/ProyectoTaxiDetector/dataset/positivos/originales/IMG_20260618_155234.jpg
IMG_20260701_082557.jpg,taxi_amarillo_train_0467.jpg,train,/home/irar/Escritorio/ProyectoTaxiDetector/dataset/positivos/originales/IMG_20260701_082557.jpg
IMG_20260711_080255.jpg,taxi_amarillo_train_0468.jpg,train,/home/irar/Escritorio/ProyectoTaxiDetector/dataset/positivos/originales/IMG_20260711_080255.jpg
IMG_20260715_123339.jpg,taxi_amarillo_train_0469.jpg,train,/home/irar/Escritorio/ProyectoTaxiDetector/dataset/positivos/originales/IMG_20260715_123339.jpg
IMG_20260715_123209.jpg,taxi_amarillo_train_0470.jpg,train,/home/irar/Escritorio/ProyectoTaxiDetector/dataset/positivos/originales/IMG_20260715_123209.jpg
IMG_20260705_171520.jpg,taxi_amarillo_train_0471.jpg,train,/home/irar/Escritorio/ProyectoTaxiDetector/dataset/positivos/originales/IMG_20260705_171520.jpg
IMG_20260715_130011.jpg,taxi_amarillo_train_0472.jpg,train,/home/irar/Escritorio/ProyectoTaxiDetector/dataset/positivos/originales/IMG_20260715_130011.jpg
IMG_20260715_123825.jpg,taxi_amarillo_train_0473.jpg,train,/home/irar/Escritorio/ProyectoTaxiDetector/dataset/positivos/originales/IMG_20260715_123825.jpg
IMG_20260630_154902.jpg,taxi_amarillo_train_0474.jpg,train,/home/irar/Escritorio/ProyectoTaxiDetector/dataset/positivos/originales/IMG_20260630_154902.jpg
IMG_20260701_112100.jpg,taxi_amarillo_train_0475.jpg,train,/home/irar/Escritorio/ProyectoTaxiDetector/dataset/positivos/originales/IMG_20260701_112100.jpg
IMG_20260718_144358.jpg,taxi_amarillo_train_0476.jpg,train,/home/irar/Escritorio/ProyectoTaxiDetector/dataset/positivos/originales/IMG_20260718_144358.jpg
IMG_20260711_080428.jpg,taxi_amarillo_train_0477.jpg,train,/home/irar/Escritorio/ProyectoTaxiDetector/dataset/positivos/originales/IMG_20260711_080428.jpg
IMG_20260619_153754.jpg,taxi_amarillo_train_0478.jpg,train,/home/irar/Escritorio/ProyectoTaxiDetector/dataset/positivos/originales/IMG_20260619_153754.jpg
IMG_20260715_123130.jpg,taxi_amarillo_train_0479.jpg,train,/home/irar/Escritorio/ProyectoTaxiDetector/dataset/positivos/originales/IMG_20260715_123130.jpg
IMG_20260618_155031.jpg,taxi_amarillo_train_0480.jpg,train,/home/irar/Escritorio/ProyectoTaxiDetector/dataset/positivos/originales/IMG_20260618_155031.jpg
IMG_20260701_085353.jpg,taxi_amarillo_train_0481.jpg,train,/home/irar/Escritorio/ProyectoTaxiDetector/dataset/positivos/originales/IMG_20260701_085353.jpg
IMG_20260703_182913.jpg,taxi_amarillo_train_0482.jpg,train,/home/irar/Escritorio/ProyectoTaxiDetector/dataset/positivos/originales/IMG_20260703_182913.jpg
IMG_20260715_125220.jpg,taxi_amarillo_train_0483.jpg,train,/home/irar/Escritorio/ProyectoTaxiDetector/dataset/positivos/originales/IMG_20260715_125220.jpg
IMG_20260618_154942.jpg,taxi_amarillo_train_0484.jpg,train,/home/irar/Escritorio/ProyectoTaxiDetector/dataset/positivos/originales/IMG_20260618_154942.jpg
IMG_20260715_082207.jpg,taxi_amarillo_train_0485.jpg,train,/home/irar/Escritorio/ProyectoTaxiDetector/dataset/positivos/originales/IMG_20260715_082207.jpg
IMG_20260619_152912.jpg,taxi_amarillo_train_0486.jpg,train,/home/irar/Escritorio/ProyectoTaxiDetector/dataset/positivos/originales/IMG_20260619_152912.jpg
IMG_20260618_161836.jpg,taxi_amarillo_train_0487.jpg,train,/home/irar/Escritorio/ProyectoTaxiDetector/dataset/positivos/originales/IMG_20260618_161836.jpg
IMG_20260618_160207.jpg,taxi_amarillo_train_0488.jpg,train,/home/irar/Escritorio/ProyectoTaxiDetector/dataset/positivos/originales/IMG_20260618_160207.jpg
IMG_20260630_155013.jpg,taxi_amarillo_train_0489.jpg,train,/home/irar/Escritorio/ProyectoTaxiDetector/dataset/positivos/originales/IMG_20260630_155013.jpg
IMG_20260715_130150.jpg,taxi_amarillo_train_0490.jpg,train,/home/irar/Escritorio/ProyectoTaxiDetector/dataset/positivos/originales/IMG_20260715_130150.jpg
IMG_20260715_132705.jpg,taxi_amarillo_train_0491.jpg,train,/home/irar/Escritorio/ProyectoTaxiDetector/dataset/positivos/originales/IMG_20260715_132705.jpg
IMG_20260715_125148.jpg,taxi_amarillo_train_0492.jpg,train,/home/irar/Escritorio/ProyectoTaxiDetector/dataset/positivos/originales/IMG_20260715_125148.jpg
IMG_20260711_082356.jpg,taxi_amarillo_train_0493.jpg,train,/home/irar/Escritorio/ProyectoTaxiDetector/dataset/positivos/originales/IMG_20260711_082356.jpg
IMG_20260703_182649.jpg,taxi_amarillo_train_0494.jpg,train,/home/irar/Escritorio/ProyectoTaxiDetector/dataset/positivos/originales/IMG_20260703_182649.jpg
IMG_20260711_080917.jpg,taxi_amarillo_train_0495.jpg,train,/home/irar/Escritorio/ProyectoTaxiDetector/dataset/positivos/originales/IMG_20260711_080917.jpg
IMG_20260703_160347.jpg,taxi_amarillo_train_0496.jpg,train,/home/irar/Escritorio/ProyectoTaxiDetector/dataset/positivos/originales/IMG_20260703_160347.jpg
IMG_20260715_123148.jpg,taxi_amarillo_train_0497.jpg,train,/home/irar/Escritorio/ProyectoTaxiDetector/dataset/positivos/originales/IMG_20260715_123148.jpg
IMG_20260715_124456.jpg,taxi_amarillo_train_0498.jpg,train,/home/irar/Escritorio/ProyectoTaxiDetector/dataset/positivos/originales/IMG_20260715_124456.jpg
IMG_20260630_154303.jpg,taxi_amarillo_train_0499.jpg,train,/home/irar/Escritorio/ProyectoTaxiDetector/dataset/positivos/originales/IMG_20260630_154303.jpg
IMG_20260715_154503.jpg,taxi_amarillo_train_0500.jpg,train,/home/irar/Escritorio/ProyectoTaxiDetector/dataset/positivos/originales/IMG_20260715_154503.jpg
IMG_20260705_170155.jpg,taxi_amarillo_train_0501.jpg,train,/home/irar/Escritorio/ProyectoTaxiDetector/dataset/positivos/originales/IMG_20260705_170155.jpg
IMG_20260709_143401.jpg,taxi_amarillo_train_0502.jpg,train,/home/irar/Escritorio/ProyectoTaxiDetector/dataset/positivos/originales/IMG_20260709_143401.jpg
IMG_20260715_124243.jpg,taxi_amarillo_train_0503.jpg,train,/home/irar/Escritorio/ProyectoTaxiDetector/dataset/positivos/originales/IMG_20260715_124243.jpg
IMG_20260619_161807.jpg,taxi_amarillo_train_0504.jpg,train,/home/irar/Escritorio/ProyectoTaxiDetector/dataset/positivos/originales/IMG_20260619_161807.jpg
IMG_20260618_135916.jpg,taxi_amarillo_train_0505.jpg,train,/home/irar/Escritorio/ProyectoTaxiDetector/dataset/positivos/originales/IMG_20260618_135916.jpg
IMG_20260715_082136.jpg,taxi_amarillo_train_0506.jpg,train,/home/irar/Escritorio/ProyectoTaxiDetector/dataset/positivos/originales/IMG_20260715_082136.jpg
IMG_20260618_160305.jpg,taxi_amarillo_train_0507.jpg,train,/home/irar/Escritorio/ProyectoTaxiDetector/dataset/positivos/originales/IMG_20260618_160305.jpg
IMG_20260718_144306.jpg,taxi_amarillo_train_0508.jpg,train,/home/irar/Escritorio/ProyectoTaxiDetector/dataset/positivos/originales/IMG_20260718_144306.jpg
IMG_20260715_124526.jpg,taxi_amarillo_train_0509.jpg,train,/home/irar/Escritorio/ProyectoTaxiDetector/dataset/positivos/originales/IMG_20260715_124526.jpg
IMG_20260715_123340.jpg,taxi_amarillo_train_0510.jpg,train,/home/irar/Escritorio/ProyectoTaxiDetector/dataset/positivos/originales/IMG_20260715_123340.jpg
IMG_20260705_173329.jpg,taxi_amarillo_train_0511.jpg,train,/home/irar/Escritorio/ProyectoTaxiDetector/dataset/positivos/originales/IMG_20260705_173329.jpg
IMG_20260629_101131.jpg,taxi_amarillo_train_0512.jpg,train,/home/irar/Escritorio/ProyectoTaxiDetector/dataset/positivos/originales/IMG_20260629_101131.jpg
IMG_20260711_081036.jpg,taxi_amarillo_train_0513.jpg,train,/home/irar/Escritorio/ProyectoTaxiDetector/dataset/positivos/originales/IMG_20260711_081036.jpg
IMG_20260715_082814.jpg,taxi_amarillo_train_0514.jpg,train,/home/irar/Escritorio/ProyectoTaxiDetector/dataset/positivos/originales/IMG_20260715_082814.jpg
IMG_20260715_082714.jpg,taxi_amarillo_train_0515.jpg,train,/home/irar/Escritorio/ProyectoTaxiDetector/dataset/positivos/originales/IMG_20260715_082714.jpg
IMG_20260619_160033.jpg,taxi_amarillo_train_0516.jpg,train,/home/irar/Escritorio/ProyectoTaxiDetector/dataset/positivos/originales/IMG_20260619_160033.jpg
IMG_20260630_154758.jpg,taxi_amarillo_train_0517.jpg,train,/home/irar/Escritorio/ProyectoTaxiDetector/dataset/positivos/originales/IMG_20260630_154758.jpg
IMG_20260718_132631.jpg,taxi_amarillo_train_0518.jpg,train,/home/irar/Escritorio/ProyectoTaxiDetector/dataset/positivos/originales/IMG_20260718_132631.jpg
IMG_20260618_154637.jpg,taxi_amarillo_train_0519.jpg,train,/home/irar/Escritorio/ProyectoTaxiDetector/dataset/positivos/originales/IMG_20260618_154637.jpg
IMG_20260618_155357.jpg,taxi_amarillo_train_0520.jpg,train,/home/irar/Escritorio/ProyectoTaxiDetector/dataset/positivos/originales/IMG_20260618_155357.jpg
IMG_20260715_082247.jpg,taxi_amarillo_train_0521.jpg,train,/home/irar/Escritorio/ProyectoTaxiDetector/dataset/positivos/originales/IMG_20260715_082247.jpg
IMG_20260705_174154.jpg,taxi_amarillo_train_0522.jpg,train,/home/irar/Escritorio/ProyectoTaxiDetector/dataset/positivos/originales/IMG_20260705_174154.jpg
IMG_20260618_160101.jpg,taxi_amarillo_train_0523.jpg,train,/home/irar/Escritorio/ProyectoTaxiDetector/dataset/positivos/originales/IMG_20260618_160101.jpg
IMG_20260701_082400.jpg,taxi_amarillo_train_0524.jpg,train,/home/irar/Escritorio/ProyectoTaxiDetector/dataset/positivos/originales/IMG_20260701_082400.jpg
IMG_20260715_124843.jpg,taxi_amarillo_train_0525.jpg,train,/home/irar/Escritorio/ProyectoTaxiDetector/dataset/positivos/originales/IMG_20260715_124843.jpg
IMG_20260715_082816.jpg,taxi_amarillo_train_0526.jpg,train,/home/irar/Escritorio/ProyectoTaxiDetector/dataset/positivos/originales/IMG_20260715_082816.jpg
IMG_20260619_161518.jpg,taxi_amarillo_train_0527.jpg,train,/home/irar/Escritorio/ProyectoTaxiDetector/dataset/positivos/originales/IMG_20260619_161518.jpg
IMG_20260715_123936.jpg,taxi_amarillo_train_0528.jpg,train,/home/irar/Escritorio/ProyectoTaxiDetector/dataset/positivos/originales/IMG_20260715_123936.jpg
IMG_20260619_152343.jpg,taxi_amarillo_train_0529.jpg,train,/home/irar/Escritorio/ProyectoTaxiDetector/dataset/positivos/originales/IMG_20260619_152343.jpg
IMG_20260715_132335.jpg,taxi_amarillo_train_0530.jpg,train,/home/irar/Escritorio/ProyectoTaxiDetector/dataset/positivos/originales/IMG_20260715_132335.jpg
IMG_20260715_124852.jpg,taxi_amarillo_train_0531.jpg,train,/home/irar/Escritorio/ProyectoTaxiDetector/dataset/positivos/originales/IMG_20260715_124852.jpg
IMG_20260715_125515.jpg,taxi_amarillo_train_0532.jpg,train,/home/irar/Escritorio/ProyectoTaxiDetector/dataset/positivos/originales/IMG_20260715_125515.jpg
IMG_20260701_082344.jpg,taxi_amarillo_train_0533.jpg,train,/home/irar/Escritorio/ProyectoTaxiDetector/dataset/positivos/originales/IMG_20260701_082344.jpg
IMG_20260618_162417.jpg,taxi_amarillo_train_0534.jpg,train,/home/irar/Escritorio/ProyectoTaxiDetector/dataset/positivos/originales/IMG_20260618_162417.jpg
IMG_20260703_160030.jpg,taxi_amarillo_train_0535.jpg,train,/home/irar/Escritorio/ProyectoTaxiDetector/dataset/positivos/originales/IMG_20260703_160030.jpg
IMG_20260705_170807.jpg,taxi_amarillo_train_0536.jpg,train,/home/irar/Escritorio/ProyectoTaxiDetector/dataset/positivos/originales/IMG_20260705_170807.jpg
IMG_20260618_155537.jpg,taxi_amarillo_train_0537.jpg,train,/home/irar/Escritorio/ProyectoTaxiDetector/dataset/positivos/originales/IMG_20260618_155537.jpg
IMG_20260618_161940.jpg,taxi_amarillo_train_0538.jpg,train,/home/irar/Escritorio/ProyectoTaxiDetector/dataset/positivos/originales/IMG_20260618_161940.jpg
IMG_20260618_155427.jpg,taxi_amarillo_train_0539.jpg,train,/home/irar/Escritorio/ProyectoTaxiDetector/dataset/positivos/originales/IMG_20260618_155427.jpg
IMG_20260711_080312.jpg,taxi_amarillo_train_0540.jpg,train,/home/irar/Escritorio/ProyectoTaxiDetector/dataset/positivos/originales/IMG_20260711_080312.jpg
IMG_20260705_171023.jpg,taxi_amarillo_train_0541.jpg,train,/home/irar/Escritorio/ProyectoTaxiDetector/dataset/positivos/originales/IMG_20260705_171023.jpg
IMG_20260715_123205.jpg,taxi_amarillo_train_0542.jpg,train,/home/irar/Escritorio/ProyectoTaxiDetector/dataset/positivos/originales/IMG_20260715_123205.jpg
IMG_20260703_160558.jpg,taxi_amarillo_train_0543.jpg,train,/home/irar/Escritorio/ProyectoTaxiDetector/dataset/positivos/originales/IMG_20260703_160558.jpg
IMG_20260705_171756.jpg,taxi_amarillo_validation_0001.jpg,validation,/home/irar/Escritorio/ProyectoTaxiDetector/dataset/positivos/originales/IMG_20260705_171756.jpg
IMG_20260715_130227.jpg,taxi_amarillo_validation_0002.jpg,validation,/home/irar/Escritorio/ProyectoTaxiDetector/dataset/positivos/originales/IMG_20260715_130227.jpg
IMG_20260618_161834.jpg,taxi_amarillo_validation_0003.jpg,validation,/home/irar/Escritorio/ProyectoTaxiDetector/dataset/positivos/originales/IMG_20260618_161834.jpg
IMG_20260619_161702.jpg,taxi_amarillo_validation_0004.jpg,validation,/home/irar/Escritorio/ProyectoTaxiDetector/dataset/positivos/originales/IMG_20260619_161702.jpg
IMG_20260705_170938.jpg,taxi_amarillo_validation_0005.jpg,validation,/home/irar/Escritorio/ProyectoTaxiDetector/dataset/positivos/originales/IMG_20260705_170938.jpg
IMG_20260715_082739.jpg,taxi_amarillo_validation_0006.jpg,validation,/home/irar/Escritorio/ProyectoTaxiDetector/dataset/positivos/originales/IMG_20260715_082739.jpg
IMG_20260630_154954.jpg,taxi_amarillo_validation_0007.jpg,validation,/home/irar/Escritorio/ProyectoTaxiDetector/dataset/positivos/originales/IMG_20260630_154954.jpg
IMG_20260711_080431.jpg,taxi_amarillo_validation_0008.jpg,validation,/home/irar/Escritorio/ProyectoTaxiDetector/dataset/positivos/originales/IMG_20260711_080431.jpg
IMG_20260619_151630.jpg,taxi_amarillo_validation_0009.jpg,validation,/home/irar/Escritorio/ProyectoTaxiDetector/dataset/positivos/originales/IMG_20260619_151630.jpg
IMG_20260629_101133.jpg,taxi_amarillo_validation_0010.jpg,validation,/home/irar/Escritorio/ProyectoTaxiDetector/dataset/positivos/originales/IMG_20260629_101133.jpg
IMG_20260715_123335.jpg,taxi_amarillo_validation_0011.jpg,validation,/home/irar/Escritorio/ProyectoTaxiDetector/dataset/positivos/originales/IMG_20260715_123335.jpg
IMG_20260701_085424.jpg,taxi_amarillo_validation_0012.jpg,validation,/home/irar/Escritorio/ProyectoTaxiDetector/dataset/positivos/originales/IMG_20260701_085424.jpg
IMG_20260630_154832.jpg,taxi_amarillo_validation_0013.jpg,validation,/home/irar/Escritorio/ProyectoTaxiDetector/dataset/positivos/originales/IMG_20260630_154832.jpg
IMG_20260715_082101.jpg,taxi_amarillo_validation_0014.jpg,validation,/home/irar/Escritorio/ProyectoTaxiDetector/dataset/positivos/originales/IMG_20260715_082101.jpg
IMG_20260715_083234.jpg,taxi_amarillo_validation_0015.jpg,validation,/home/irar/Escritorio/ProyectoTaxiDetector/dataset/positivos/originales/IMG_20260715_083234.jpg
IMG_20260703_142324.jpg,taxi_amarillo_validation_0016.jpg,validation,/home/irar/Escritorio/ProyectoTaxiDetector/dataset/positivos/originales/IMG_20260703_142324.jpg
IMG_20260715_124703.jpg,taxi_amarillo_validation_0017.jpg,validation,/home/irar/Escritorio/ProyectoTaxiDetector/dataset/positivos/originales/IMG_20260715_124703.jpg
IMG_20260618_155908.jpg,taxi_amarillo_validation_0018.jpg,validation,/home/irar/Escritorio/ProyectoTaxiDetector/dataset/positivos/originales/IMG_20260618_155908.jpg
IMG_20260715_124716.jpg,taxi_amarillo_validation_0019.jpg,validation,/home/irar/Escritorio/ProyectoTaxiDetector/dataset/positivos/originales/IMG_20260715_124716.jpg
IMG_20260618_155505.jpg,taxi_amarillo_validation_0020.jpg,validation,/home/irar/Escritorio/ProyectoTaxiDetector/dataset/positivos/originales/IMG_20260618_155505.jpg
IMG_20260618_160022.jpg,taxi_amarillo_validation_0021.jpg,validation,/home/irar/Escritorio/ProyectoTaxiDetector/dataset/positivos/originales/IMG_20260618_160022.jpg
IMG_20260618_154426.jpg,taxi_amarillo_validation_0022.jpg,validation,/home/irar/Escritorio/ProyectoTaxiDetector/dataset/positivos/originales/IMG_20260618_154426.jpg
IMG_20260715_132341.jpg,taxi_amarillo_validation_0023.jpg,validation,/home/irar/Escritorio/ProyectoTaxiDetector/dataset/positivos/originales/IMG_20260715_132341.jpg
IMG_20260630_154513.jpg,taxi_amarillo_validation_0024.jpg,validation,/home/irar/Escritorio/ProyectoTaxiDetector/dataset/positivos/originales/IMG_20260630_154513.jpg
IMG_20260715_122817.jpg,taxi_amarillo_validation_0025.jpg,validation,/home/irar/Escritorio/ProyectoTaxiDetector/dataset/positivos/originales/IMG_20260715_122817.jpg
IMG_20260618_154828.jpg,taxi_amarillo_validation_0026.jpg,validation,/home/irar/Escritorio/ProyectoTaxiDetector/dataset/positivos/originales/IMG_20260618_154828.jpg
IMG_20260703_155951.jpg,taxi_amarillo_validation_0027.jpg,validation,/home/irar/Escritorio/ProyectoTaxiDetector/dataset/positivos/originales/IMG_20260703_155951.jpg
IMG_20260715_123909.jpg,taxi_amarillo_validation_0028.jpg,validation,/home/irar/Escritorio/ProyectoTaxiDetector/dataset/positivos/originales/IMG_20260715_123909.jpg
IMG_20260630_154232.jpg,taxi_amarillo_validation_0029.jpg,validation,/home/irar/Escritorio/ProyectoTaxiDetector/dataset/positivos/originales/IMG_20260630_154232.jpg
IMG_20260701_082241.jpg,taxi_amarillo_validation_0030.jpg,validation,/home/irar/Escritorio/ProyectoTaxiDetector/dataset/positivos/originales/IMG_20260701_082241.jpg
IMG_20260619_145707.jpg,taxi_amarillo_validation_0031.jpg,validation,/home/irar/Escritorio/ProyectoTaxiDetector/dataset/positivos/originales/IMG_20260619_145707.jpg
IMG_20260705_174739.jpg,taxi_amarillo_validation_0032.jpg,validation,/home/irar/Escritorio/ProyectoTaxiDetector/dataset/positivos/originales/IMG_20260705_174739.jpg
IMG_20260715_082127.jpg,taxi_amarillo_validation_0033.jpg,validation,/home/irar/Escritorio/ProyectoTaxiDetector/dataset/positivos/originales/IMG_20260715_082127.jpg
IMG_20260705_173556.jpg,taxi_amarillo_validation_0034.jpg,validation,/home/irar/Escritorio/ProyectoTaxiDetector/dataset/positivos/originales/IMG_20260705_173556.jpg
IMG_20260715_123836.jpg,taxi_amarillo_validation_0035.jpg,validation,/home/irar/Escritorio/ProyectoTaxiDetector/dataset/positivos/originales/IMG_20260715_123836.jpg
IMG_20260715_124128.jpg,taxi_amarillo_validation_0036.jpg,validation,/home/irar/Escritorio/ProyectoTaxiDetector/dataset/positivos/originales/IMG_20260715_124128.jpg
IMG_20260701_112815.jpg,taxi_amarillo_validation_0037.jpg,validation,/home/irar/Escritorio/ProyectoTaxiDetector/dataset/positivos/originales/IMG_20260701_112815.jpg
IMG_20260623_171631.jpg,taxi_amarillo_validation_0038.jpg,validation,/home/irar/Escritorio/ProyectoTaxiDetector/dataset/positivos/originales/IMG_20260623_171631.jpg
IMG_20260715_123502.jpg,taxi_amarillo_validation_0039.jpg,validation,/home/irar/Escritorio/ProyectoTaxiDetector/dataset/positivos/originales/IMG_20260715_123502.jpg
IMG_20260715_124629.jpg,taxi_amarillo_validation_0040.jpg,validation,/home/irar/Escritorio/ProyectoTaxiDetector/dataset/positivos/originales/IMG_20260715_124629.jpg
IMG_20260705_171405.jpg,taxi_amarillo_validation_0041.jpg,validation,/home/irar/Escritorio/ProyectoTaxiDetector/dataset/positivos/originales/IMG_20260705_171405.jpg
IMG_20260715_082320.jpg,taxi_amarillo_validation_0042.jpg,validation,/home/irar/Escritorio/ProyectoTaxiDetector/dataset/positivos/originales/IMG_20260715_082320.jpg
IMG_20260715_124321.jpg,taxi_amarillo_validation_0043.jpg,validation,/home/irar/Escritorio/ProyectoTaxiDetector/dataset/positivos/originales/IMG_20260715_124321.jpg
IMG_20260619_160001.jpg,taxi_amarillo_validation_0044.jpg,validation,/home/irar/Escritorio/ProyectoTaxiDetector/dataset/positivos/originales/IMG_20260619_160001.jpg
IMG_20260715_083225.jpg,taxi_amarillo_validation_0045.jpg,validation,/home/irar/Escritorio/ProyectoTaxiDetector/dataset/positivos/originales/IMG_20260715_083225.jpg
IMG_20260711_080656.jpg,taxi_amarillo_validation_0046.jpg,validation,/home/irar/Escritorio/ProyectoTaxiDetector/dataset/positivos/originales/IMG_20260711_080656.jpg
IMG_20260619_150501.jpg,taxi_amarillo_validation_0047.jpg,validation,/home/irar/Escritorio/ProyectoTaxiDetector/dataset/positivos/originales/IMG_20260619_150501.jpg
IMG_20260619_150218.jpg,taxi_amarillo_validation_0048.jpg,validation,/home/irar/Escritorio/ProyectoTaxiDetector/dataset/positivos/originales/IMG_20260619_150218.jpg
IMG_20260715_082608.jpg,taxi_amarillo_validation_0049.jpg,validation,/home/irar/Escritorio/ProyectoTaxiDetector/dataset/positivos/originales/IMG_20260715_082608.jpg
IMG_20260618_160004.jpg,taxi_amarillo_validation_0050.jpg,validation,/home/irar/Escritorio/ProyectoTaxiDetector/dataset/positivos/originales/IMG_20260618_160004.jpg
IMG_20260711_081334.jpg,taxi_amarillo_validation_0051.jpg,validation,/home/irar/Escritorio/ProyectoTaxiDetector/dataset/positivos/originales/IMG_20260711_081334.jpg
IMG_20260618_160347.jpg,taxi_amarillo_validation_0052.jpg,validation,/home/irar/Escritorio/ProyectoTaxiDetector/dataset/positivos/originales/IMG_20260618_160347.jpg
IMG_20260715_125922.jpg,taxi_amarillo_validation_0053.jpg,validation,/home/irar/Escritorio/ProyectoTaxiDetector/dataset/positivos/originales/IMG_20260715_125922.jpg
IMG_20260715_124628.jpg,taxi_amarillo_validation_0054.jpg,validation,/home/irar/Escritorio/ProyectoTaxiDetector/dataset/positivos/originales/IMG_20260715_124628.jpg
IMG_20260630_154919.jpg,taxi_amarillo_validation_0055.jpg,validation,/home/irar/Escritorio/ProyectoTaxiDetector/dataset/positivos/originales/IMG_20260630_154919.jpg
IMG_20260618_155503.jpg,taxi_amarillo_validation_0056.jpg,validation,/home/irar/Escritorio/ProyectoTaxiDetector/dataset/positivos/originales/IMG_20260618_155503.jpg
IMG_20260630_154911.jpg,taxi_amarillo_validation_0057.jpg,validation,/home/irar/Escritorio/ProyectoTaxiDetector/dataset/positivos/originales/IMG_20260630_154911.jpg
IMG_20260701_112624.jpg,taxi_amarillo_validation_0058.jpg,validation,/home/irar/Escritorio/ProyectoTaxiDetector/dataset/positivos/originales/IMG_20260701_112624.jpg
IMG_20260703_161832.jpg,taxi_amarillo_validation_0059.jpg,validation,/home/irar/Escritorio/ProyectoTaxiDetector/dataset/positivos/originales/IMG_20260703_161832.jpg
IMG_20260715_123746.jpg,taxi_amarillo_validation_0060.jpg,validation,/home/irar/Escritorio/ProyectoTaxiDetector/dataset/positivos/originales/IMG_20260715_123746.jpg
IMG_20260618_154809.jpg,taxi_amarillo_validation_0061.jpg,validation,/home/irar/Escritorio/ProyectoTaxiDetector/dataset/positivos/originales/IMG_20260618_154809.jpg
IMG_20260711_082417.jpg,taxi_amarillo_validation_0062.jpg,validation,/home/irar/Escritorio/ProyectoTaxiDetector/dataset/positivos/originales/IMG_20260711_082417.jpg
IMG_20260701_171538.jpg,taxi_amarillo_validation_0063.jpg,validation,/home/irar/Escritorio/ProyectoTaxiDetector/dataset/positivos/originales/IMG_20260701_171538.jpg
IMG_20260618_135848.jpg,taxi_amarillo_validation_0064.jpg,validation,/home/irar/Escritorio/ProyectoTaxiDetector/dataset/positivos/originales/IMG_20260618_135848.jpg
IMG_20260715_082556.jpg,taxi_amarillo_validation_0065.jpg,validation,/home/irar/Escritorio/ProyectoTaxiDetector/dataset/positivos/originales/IMG_20260715_082556.jpg
IMG_20260715_082811.jpg,taxi_amarillo_validation_0066.jpg,validation,/home/irar/Escritorio/ProyectoTaxiDetector/dataset/positivos/originales/IMG_20260715_082811.jpg
IMG_20260619_154308.jpg,taxi_amarillo_validation_0067.jpg,validation,/home/irar/Escritorio/ProyectoTaxiDetector/dataset/positivos/originales/IMG_20260619_154308.jpg
IMG_20260703_183653.jpg,taxi_amarillo_validation_0068.jpg,validation,/home/irar/Escritorio/ProyectoTaxiDetector/dataset/positivos/originales/IMG_20260703_183653.jpg
IMG_20260715_125530.jpg,taxi_amarillo_validation_0069.jpg,validation,/home/irar/Escritorio/ProyectoTaxiDetector/dataset/positivos/originales/IMG_20260715_125530.jpg
IMG_20260715_132800.jpg,taxi_amarillo_validation_0070.jpg,validation,/home/irar/Escritorio/ProyectoTaxiDetector/dataset/positivos/originales/IMG_20260715_132800.jpg
IMG_20260718_143736.jpg,taxi_amarillo_validation_0071.jpg,validation,/home/irar/Escritorio/ProyectoTaxiDetector/dataset/positivos/originales/IMG_20260718_143736.jpg
IMG_20260701_112412.jpg,taxi_amarillo_validation_0072.jpg,validation,/home/irar/Escritorio/ProyectoTaxiDetector/dataset/positivos/originales/IMG_20260701_112412.jpg
IMG_20260618_162207.jpg,taxi_amarillo_validation_0073.jpg,validation,/home/irar/Escritorio/ProyectoTaxiDetector/dataset/positivos/originales/IMG_20260618_162207.jpg
IMG_20260714_204856.jpg,taxi_amarillo_validation_0074.jpg,validation,/home/irar/Escritorio/ProyectoTaxiDetector/dataset/positivos/originales/IMG_20260714_204856.jpg
IMG_20260619_161347.jpg,taxi_amarillo_validation_0075.jpg,validation,/home/irar/Escritorio/ProyectoTaxiDetector/dataset/positivos/originales/IMG_20260619_161347.jpg
IMG_20260711_084850.jpg,taxi_amarillo_validation_0076.jpg,validation,/home/irar/Escritorio/ProyectoTaxiDetector/dataset/positivos/originales/IMG_20260711_084850.jpg
IMG_20260715_124231.jpg,taxi_amarillo_validation_0077.jpg,validation,/home/irar/Escritorio/ProyectoTaxiDetector/dataset/positivos/originales/IMG_20260715_124231.jpg
IMG_20260618_154225.jpg,taxi_amarillo_validation_0078.jpg,validation,/home/irar/Escritorio/ProyectoTaxiDetector/dataset/positivos/originales/IMG_20260618_154225.jpg
IMG_20260715_125140.jpg,taxi_amarillo_validation_0079.jpg,validation,/home/irar/Escritorio/ProyectoTaxiDetector/dataset/positivos/originales/IMG_20260715_125140.jpg
IMG_20260619_153810.jpg,taxi_amarillo_validation_0080.jpg,validation,/home/irar/Escritorio/ProyectoTaxiDetector/dataset/positivos/originales/IMG_20260619_153810.jpg
IMG_20260705_173526.jpg,taxi_amarillo_validation_0081.jpg,validation,/home/irar/Escritorio/ProyectoTaxiDetector/dataset/positivos/originales/IMG_20260705_173526.jpg
IMG_20260715_125533.jpg,taxi_amarillo_validation_0082.jpg,validation,/home/irar/Escritorio/ProyectoTaxiDetector/dataset/positivos/originales/IMG_20260715_125533.jpg
IMG_20260718_144359.jpg,taxi_amarillo_validation_0083.jpg,validation,/home/irar/Escritorio/ProyectoTaxiDetector/dataset/positivos/originales/IMG_20260718_144359.jpg
IMG_20260715_131611.jpg,taxi_amarillo_validation_0084.jpg,validation,/home/irar/Escritorio/ProyectoTaxiDetector/dataset/positivos/originales/IMG_20260715_131611.jpg
IMG_20260715_124952.jpg,taxi_amarillo_validation_0085.jpg,validation,/home/irar/Escritorio/ProyectoTaxiDetector/dataset/positivos/originales/IMG_20260715_124952.jpg
IMG_20260715_125945.jpg,taxi_amarillo_validation_0086.jpg,validation,/home/irar/Escritorio/ProyectoTaxiDetector/dataset/positivos/originales/IMG_20260715_125945.jpg
IMG_20260619_144358.jpg,taxi_amarillo_validation_0087.jpg,validation,/home/irar/Escritorio/ProyectoTaxiDetector/dataset/positivos/originales/IMG_20260619_144358.jpg
IMG_20260618_154459.jpg,taxi_amarillo_validation_0088.jpg,validation,/home/irar/Escritorio/ProyectoTaxiDetector/dataset/positivos/originales/IMG_20260618_154459.jpg
IMG_20260715_083311.jpg,taxi_amarillo_validation_0089.jpg,validation,/home/irar/Escritorio/ProyectoTaxiDetector/dataset/positivos/originales/IMG_20260715_083311.jpg
IMG_20260701_082420.jpg,taxi_amarillo_validation_0090.jpg,validation,/home/irar/Escritorio/ProyectoTaxiDetector/dataset/positivos/originales/IMG_20260701_082420.jpg
IMG_20260715_082328.jpg,taxi_amarillo_validation_0091.jpg,validation,/home/irar/Escritorio/ProyectoTaxiDetector/dataset/positivos/originales/IMG_20260715_082328.jpg
IMG_20260711_080337.jpg,taxi_amarillo_validation_0092.jpg,validation,/home/irar/Escritorio/ProyectoTaxiDetector/dataset/positivos/originales/IMG_20260711_080337.jpg
IMG_20260715_123932.jpg,taxi_amarillo_validation_0093.jpg,validation,/home/irar/Escritorio/ProyectoTaxiDetector/dataset/positivos/originales/IMG_20260715_123932.jpg
IMG_20260705_165546.jpg,taxi_amarillo_validation_0094.jpg,validation,/home/irar/Escritorio/ProyectoTaxiDetector/dataset/positivos/originales/IMG_20260705_165546.jpg
IMG_20260705_165629.jpg,taxi_amarillo_validation_0095.jpg,validation,/home/irar/Escritorio/ProyectoTaxiDetector/dataset/positivos/originales/IMG_20260705_165629.jpg
IMG_20260618_155618.jpg,taxi_amarillo_validation_0096.jpg,validation,/home/irar/Escritorio/ProyectoTaxiDetector/dataset/positivos/originales/IMG_20260618_155618.jpg
IMG_20260715_123549.jpg,taxi_amarillo_validation_0097.jpg,validation,/home/irar/Escritorio/ProyectoTaxiDetector/dataset/positivos/originales/IMG_20260715_123549.jpg
IMG_20260715_131844.jpg,taxi_amarillo_validation_0098.jpg,validation,/home/irar/Escritorio/ProyectoTaxiDetector/dataset/positivos/originales/IMG_20260715_131844.jpg
IMG_20260715_131943.jpg,taxi_amarillo_validation_0099.jpg,validation,/home/irar/Escritorio/ProyectoTaxiDetector/dataset/positivos/originales/IMG_20260715_131943.jpg
IMG_20260715_123939.jpg,taxi_amarillo_validation_0100.jpg,validation,/home/irar/Escritorio/ProyectoTaxiDetector/dataset/positivos/originales/IMG_20260715_123939.jpg
IMG_20260619_153301.jpg,taxi_amarillo_validation_0101.jpg,validation,/home/irar/Escritorio/ProyectoTaxiDetector/dataset/positivos/originales/IMG_20260619_153301.jpg
IMG_20260618_175029.jpg,taxi_amarillo_validation_0102.jpg,validation,/home/irar/Escritorio/ProyectoTaxiDetector/dataset/positivos/originales/IMG_20260618_175029.jpg
IMG_20260618_155350.jpg,taxi_amarillo_validation_0103.jpg,validation,/home/irar/Escritorio/ProyectoTaxiDetector/dataset/positivos/originales/IMG_20260618_155350.jpg
IMG_20260618_160548.jpg,taxi_amarillo_validation_0104.jpg,validation,/home/irar/Escritorio/ProyectoTaxiDetector/dataset/positivos/originales/IMG_20260618_160548.jpg
IMG_20260711_083503.jpg,taxi_amarillo_validation_0105.jpg,validation,/home/irar/Escritorio/ProyectoTaxiDetector/dataset/positivos/originales/IMG_20260711_083503.jpg
IMG_20260714_204958.jpg,taxi_amarillo_validation_0106.jpg,validation,/home/irar/Escritorio/ProyectoTaxiDetector/dataset/positivos/originales/IMG_20260714_204958.jpg
IMG_20260619_152324.jpg,taxi_amarillo_validation_0107.jpg,validation,/home/irar/Escritorio/ProyectoTaxiDetector/dataset/positivos/originales/IMG_20260619_152324.jpg
IMG_20260715_124746.jpg,taxi_amarillo_validation_0108.jpg,validation,/home/irar/Escritorio/ProyectoTaxiDetector/dataset/positivos/originales/IMG_20260715_124746.jpg
IMG_20260715_131915.jpg,taxi_amarillo_validation_0109.jpg,validation,/home/irar/Escritorio/ProyectoTaxiDetector/dataset/positivos/originales/IMG_20260715_131915.jpg
IMG_20260705_170557.jpg,taxi_amarillo_validation_0110.jpg,validation,/home/irar/Escritorio/ProyectoTaxiDetector/dataset/positivos/originales/IMG_20260705_170557.jpg
IMG_20260715_123343.jpg,taxi_amarillo_validation_0111.jpg,validation,/home/irar/Escritorio/ProyectoTaxiDetector/dataset/positivos/originales/IMG_20260715_123343.jpg
IMG_20260705_171610.jpg,taxi_amarillo_validation_0112.jpg,validation,/home/irar/Escritorio/ProyectoTaxiDetector/dataset/positivos/originales/IMG_20260705_171610.jpg
IMG_20260715_123346.jpg,taxi_amarillo_validation_0113.jpg,validation,/home/irar/Escritorio/ProyectoTaxiDetector/dataset/positivos/originales/IMG_20260715_123346.jpg
IMG_20260701_085132.jpg,taxi_amarillo_validation_0114.jpg,validation,/home/irar/Escritorio/ProyectoTaxiDetector/dataset/positivos/originales/IMG_20260701_085132.jpg
IMG_20260715_082750.jpg,taxi_amarillo_validation_0115.jpg,validation,/home/irar/Escritorio/ProyectoTaxiDetector/dataset/positivos/originales/IMG_20260715_082750.jpg
IMG_20260715_132802.jpg,taxi_amarillo_validation_0116.jpg,validation,/home/irar/Escritorio/ProyectoTaxiDetector/dataset/positivos/originales/IMG_20260715_132802.jpg
IMG_20260701_082225.jpg,taxi_amarillo_validation_0117.jpg,validation,/home/irar/Escritorio/ProyectoTaxiDetector/dataset/positivos/originales/IMG_20260701_082225.jpg
IMG_20260718_143745.jpg,taxi_amarillo_test_0001.jpg,test,/home/irar/Escritorio/ProyectoTaxiDetector/dataset/positivos/originales/IMG_20260718_143745.jpg
IMG_20260701_085148.jpg,taxi_amarillo_test_0002.jpg,test,/home/irar/Escritorio/ProyectoTaxiDetector/dataset/positivos/originales/IMG_20260701_085148.jpg
IMG_20260619_152447_1.jpg,taxi_amarillo_test_0003.jpg,test,/home/irar/Escritorio/ProyectoTaxiDetector/dataset/positivos/originales/IMG_20260619_152447_1.jpg
IMG_20260705_175858.jpg,taxi_amarillo_test_0004.jpg,test,/home/irar/Escritorio/ProyectoTaxiDetector/dataset/positivos/originales/IMG_20260705_175858.jpg
IMG_20260715_124253.jpg,taxi_amarillo_test_0005.jpg,test,/home/irar/Escritorio/ProyectoTaxiDetector/dataset/positivos/originales/IMG_20260715_124253.jpg
IMG_20260705_170511.jpg,taxi_amarillo_test_0006.jpg,test,/home/irar/Escritorio/ProyectoTaxiDetector/dataset/positivos/originales/IMG_20260705_170511.jpg
IMG_20260711_084848.jpg,taxi_amarillo_test_0007.jpg,test,/home/irar/Escritorio/ProyectoTaxiDetector/dataset/positivos/originales/IMG_20260711_084848.jpg
IMG_20260629_101122.jpg,taxi_amarillo_test_0008.jpg,test,/home/irar/Escritorio/ProyectoTaxiDetector/dataset/positivos/originales/IMG_20260629_101122.jpg
IMG_20260701_112846.jpg,taxi_amarillo_test_0009.jpg,test,/home/irar/Escritorio/ProyectoTaxiDetector/dataset/positivos/originales/IMG_20260701_112846.jpg
IMG_20260715_123143.jpg,taxi_amarillo_test_0010.jpg,test,/home/irar/Escritorio/ProyectoTaxiDetector/dataset/positivos/originales/IMG_20260715_123143.jpg
IMG_20260629_101106.jpg,taxi_amarillo_test_0011.jpg,test,/home/irar/Escritorio/ProyectoTaxiDetector/dataset/positivos/originales/IMG_20260629_101106.jpg
IMG_20260618_155624.jpg,taxi_amarillo_test_0012.jpg,test,/home/irar/Escritorio/ProyectoTaxiDetector/dataset/positivos/originales/IMG_20260618_155624.jpg
IMG_20260701_085312.jpg,taxi_amarillo_test_0013.jpg,test,/home/irar/Escritorio/ProyectoTaxiDetector/dataset/positivos/originales/IMG_20260701_085312.jpg
IMG_20260705_170619.jpg,taxi_amarillo_test_0014.jpg,test,/home/irar/Escritorio/ProyectoTaxiDetector/dataset/positivos/originales/IMG_20260705_170619.jpg
IMG_20260701_112923.jpg,taxi_amarillo_test_0015.jpg,test,/home/irar/Escritorio/ProyectoTaxiDetector/dataset/positivos/originales/IMG_20260701_112923.jpg
IMG_20260715_154351.jpg,taxi_amarillo_test_0016.jpg,test,/home/irar/Escritorio/ProyectoTaxiDetector/dataset/positivos/originales/IMG_20260715_154351.jpg
IMG_20260630_154454.jpg,taxi_amarillo_test_0017.jpg,test,/home/irar/Escritorio/ProyectoTaxiDetector/dataset/positivos/originales/IMG_20260630_154454.jpg
IMG_20260618_155429.jpg,taxi_amarillo_test_0018.jpg,test,/home/irar/Escritorio/ProyectoTaxiDetector/dataset/positivos/originales/IMG_20260618_155429.jpg
IMG_20260701_171550.jpg,taxi_amarillo_test_0019.jpg,test,/home/irar/Escritorio/ProyectoTaxiDetector/dataset/positivos/originales/IMG_20260701_171550.jpg
IMG_20260630_153729.jpg,taxi_amarillo_test_0020.jpg,test,/home/irar/Escritorio/ProyectoTaxiDetector/dataset/positivos/originales/IMG_20260630_153729.jpg
IMG_20260715_122910.jpg,taxi_amarillo_test_0021.jpg,test,/home/irar/Escritorio/ProyectoTaxiDetector/dataset/positivos/originales/IMG_20260715_122910.jpg
IMG_20260715_124228.jpg,taxi_amarillo_test_0022.jpg,test,/home/irar/Escritorio/ProyectoTaxiDetector/dataset/positivos/originales/IMG_20260715_124228.jpg
IMG_20260701_085333_1.jpg,taxi_amarillo_test_0023.jpg,test,/home/irar/Escritorio/ProyectoTaxiDetector/dataset/positivos/originales/IMG_20260701_085333_1.jpg
IMG_20260705_165541.jpg,taxi_amarillo_test_0024.jpg,test,/home/irar/Escritorio/ProyectoTaxiDetector/dataset/positivos/originales/IMG_20260705_165541.jpg
IMG_20260709_143300.jpg,taxi_amarillo_test_0025.jpg,test,/home/irar/Escritorio/ProyectoTaxiDetector/dataset/positivos/originales/IMG_20260709_143300.jpg
IMG_20260619_154725.jpg,taxi_amarillo_test_0026.jpg,test,/home/irar/Escritorio/ProyectoTaxiDetector/dataset/positivos/originales/IMG_20260619_154725.jpg
IMG_20260718_144252.jpg,taxi_amarillo_test_0027.jpg,test,/home/irar/Escritorio/ProyectoTaxiDetector/dataset/positivos/originales/IMG_20260718_144252.jpg
IMG_20260715_082616.jpg,taxi_amarillo_test_0028.jpg,test,/home/irar/Escritorio/ProyectoTaxiDetector/dataset/positivos/originales/IMG_20260715_082616.jpg
IMG_20260619_160801.jpg,taxi_amarillo_test_0029.jpg,test,/home/irar/Escritorio/ProyectoTaxiDetector/dataset/positivos/originales/IMG_20260619_160801.jpg
IMG_20260715_125058.jpg,taxi_amarillo_test_0030.jpg,test,/home/irar/Escritorio/ProyectoTaxiDetector/dataset/positivos/originales/IMG_20260715_125058.jpg
IMG_20260715_123731.jpg,taxi_amarillo_test_0031.jpg,test,/home/irar/Escritorio/ProyectoTaxiDetector/dataset/positivos/originales/IMG_20260715_123731.jpg
IMG_20260618_160026.jpg,taxi_amarillo_test_0032.jpg,test,/home/irar/Escritorio/ProyectoTaxiDetector/dataset/positivos/originales/IMG_20260618_160026.jpg
IMG_20260715_124510.jpg,taxi_amarillo_test_0033.jpg,test,/home/irar/Escritorio/ProyectoTaxiDetector/dataset/positivos/originales/IMG_20260715_124510.jpg
IMG_20260701_085215.jpg,taxi_amarillo_test_0034.jpg,test,/home/irar/Escritorio/ProyectoTaxiDetector/dataset/positivos/originales/IMG_20260701_085215.jpg
IMG_20260715_124849.jpg,taxi_amarillo_test_0035.jpg,test,/home/irar/Escritorio/ProyectoTaxiDetector/dataset/positivos/originales/IMG_20260715_124849.jpg
IMG_20260629_101018.jpg,taxi_amarillo_test_0036.jpg,test,/home/irar/Escritorio/ProyectoTaxiDetector/dataset/positivos/originales/IMG_20260629_101018.jpg
IMG_20260703_160654.jpg,taxi_amarillo_test_0037.jpg,test,/home/irar/Escritorio/ProyectoTaxiDetector/dataset/positivos/originales/IMG_20260703_160654.jpg
IMG_20260703_183239.jpg,taxi_amarillo_test_0038.jpg,test,/home/irar/Escritorio/ProyectoTaxiDetector/dataset/positivos/originales/IMG_20260703_183239.jpg
IMG_20260619_154658.jpg,taxi_amarillo_test_0039.jpg,test,/home/irar/Escritorio/ProyectoTaxiDetector/dataset/positivos/originales/IMG_20260619_154658.jpg
IMG_20260703_182540.jpg,taxi_amarillo_test_0040.jpg,test,/home/irar/Escritorio/ProyectoTaxiDetector/dataset/positivos/originales/IMG_20260703_182540.jpg
IMG_20260715_124108.jpg,taxi_amarillo_test_0041.jpg,test,/home/irar/Escritorio/ProyectoTaxiDetector/dataset/positivos/originales/IMG_20260715_124108.jpg
IMG_20260705_175022.jpg,taxi_amarillo_test_0042.jpg,test,/home/irar/Escritorio/ProyectoTaxiDetector/dataset/positivos/originales/IMG_20260705_175022.jpg
IMG_20260715_131605.jpg,taxi_amarillo_test_0043.jpg,test,/home/irar/Escritorio/ProyectoTaxiDetector/dataset/positivos/originales/IMG_20260715_131605.jpg
IMG_20260715_130316.jpg,taxi_amarillo_test_0044.jpg,test,/home/irar/Escritorio/ProyectoTaxiDetector/dataset/positivos/originales/IMG_20260715_130316.jpg
IMG_20260618_162103.jpg,taxi_amarillo_test_0045.jpg,test,/home/irar/Escritorio/ProyectoTaxiDetector/dataset/positivos/originales/IMG_20260618_162103.jpg
IMG_20260715_132926.jpg,taxi_amarillo_test_0046.jpg,test,/home/irar/Escritorio/ProyectoTaxiDetector/dataset/positivos/originales/IMG_20260715_132926.jpg
IMG_20260618_160216.jpg,taxi_amarillo_test_0047.jpg,test,/home/irar/Escritorio/ProyectoTaxiDetector/dataset/positivos/originales/IMG_20260618_160216.jpg
IMG_20260701_112001.jpg,taxi_amarillo_test_0048.jpg,test,/home/irar/Escritorio/ProyectoTaxiDetector/dataset/positivos/originales/IMG_20260701_112001.jpg
IMG_20260630_154344.jpg,taxi_amarillo_test_0049.jpg,test,/home/irar/Escritorio/ProyectoTaxiDetector/dataset/positivos/originales/IMG_20260630_154344.jpg
IMG_20260715_124741.jpg,taxi_amarillo_test_0050.jpg,test,/home/irar/Escritorio/ProyectoTaxiDetector/dataset/positivos/originales/IMG_20260715_124741.jpg
IMG_20260618_155300.jpg,taxi_amarillo_test_0051.jpg,test,/home/irar/Escritorio/ProyectoTaxiDetector/dataset/positivos/originales/IMG_20260618_155300.jpg
IMG_20260618_160021.jpg,taxi_amarillo_test_0052.jpg,test,/home/irar/Escritorio/ProyectoTaxiDetector/dataset/positivos/originales/IMG_20260618_160021.jpg
IMG_20260619_161724.jpg,taxi_amarillo_test_0053.jpg,test,/home/irar/Escritorio/ProyectoTaxiDetector/dataset/positivos/originales/IMG_20260619_161724.jpg
IMG_20260715_123243.jpg,taxi_amarillo_test_0054.jpg,test,/home/irar/Escritorio/ProyectoTaxiDetector/dataset/positivos/originales/IMG_20260715_123243.jpg
IMG_20260703_161827.jpg,taxi_amarillo_test_0055.jpg,test,/home/irar/Escritorio/ProyectoTaxiDetector/dataset/positivos/originales/IMG_20260703_161827.jpg
IMG_20260715_123830.jpg,taxi_amarillo_test_0056.jpg,test,/home/irar/Escritorio/ProyectoTaxiDetector/dataset/positivos/originales/IMG_20260715_123830.jpg
IMG_20260715_123945.jpg,taxi_amarillo_test_0057.jpg,test,/home/irar/Escritorio/ProyectoTaxiDetector/dataset/positivos/originales/IMG_20260715_123945.jpg
IMG_20260701_112111.jpg,taxi_amarillo_test_0058.jpg,test,/home/irar/Escritorio/ProyectoTaxiDetector/dataset/positivos/originales/IMG_20260701_112111.jpg
IMG_20260715_083254.jpg,taxi_amarillo_test_0059.jpg,test,/home/irar/Escritorio/ProyectoTaxiDetector/dataset/positivos/originales/IMG_20260715_083254.jpg
IMG_20260618_160208.jpg,taxi_amarillo_test_0060.jpg,test,/home/irar/Escritorio/ProyectoTaxiDetector/dataset/positivos/originales/IMG_20260618_160208.jpg
IMG_20260705_165535.jpg,taxi_amarillo_test_0061.jpg,test,/home/irar/Escritorio/ProyectoTaxiDetector/dataset/positivos/originales/IMG_20260705_165535.jpg
IMG_20260619_150216.jpg,taxi_amarillo_test_0062.jpg,test,/home/irar/Escritorio/ProyectoTaxiDetector/dataset/positivos/originales/IMG_20260619_150216.jpg
IMG_20260715_082726.jpg,taxi_amarillo_test_0063.jpg,test,/home/irar/Escritorio/ProyectoTaxiDetector/dataset/positivos/originales/IMG_20260715_082726.jpg
IMG_20260705_175908.jpg,taxi_amarillo_test_0064.jpg,test,/home/irar/Escritorio/ProyectoTaxiDetector/dataset/positivos/originales/IMG_20260705_175908.jpg
IMG_20260618_155251.jpg,taxi_amarillo_test_0065.jpg,test,/home/irar/Escritorio/ProyectoTaxiDetector/dataset/positivos/originales/IMG_20260618_155251.jpg
IMG_20260701_085144.jpg,taxi_amarillo_test_0066.jpg,test,/home/irar/Escritorio/ProyectoTaxiDetector/dataset/positivos/originales/IMG_20260701_085144.jpg
IMG_20260715_123641.jpg,taxi_amarillo_test_0067.jpg,test,/home/irar/Escritorio/ProyectoTaxiDetector/dataset/positivos/originales/IMG_20260715_123641.jpg
IMG_20260703_160256.jpg,taxi_amarillo_test_0068.jpg,test,/home/irar/Escritorio/ProyectoTaxiDetector/dataset/positivos/originales/IMG_20260703_160256.jpg
IMG_20260703_161052.jpg,taxi_amarillo_test_0069.jpg,test,/home/irar/Escritorio/ProyectoTaxiDetector/dataset/positivos/originales/IMG_20260703_161052.jpg
IMG_20260618_161925.jpg,taxi_amarillo_test_0070.jpg,test,/home/irar/Escritorio/ProyectoTaxiDetector/dataset/positivos/originales/IMG_20260618_161925.jpg
IMG_20260705_165543.jpg,taxi_amarillo_test_0071.jpg,test,/home/irar/Escritorio/ProyectoTaxiDetector/dataset/positivos/originales/IMG_20260705_165543.jpg
IMG_20260618_160640.jpg,taxi_amarillo_test_0072.jpg,test,/home/irar/Escritorio/ProyectoTaxiDetector/dataset/positivos/originales/IMG_20260618_160640.jpg
IMG_20260718_143711.jpg,taxi_amarillo_test_0073.jpg,test,/home/irar/Escritorio/ProyectoTaxiDetector/dataset/positivos/originales/IMG_20260718_143711.jpg
IMG_20260703_154628.jpg,taxi_amarillo_test_0074.jpg,test,/home/irar/Escritorio/ProyectoTaxiDetector/dataset/positivos/originales/IMG_20260703_154628.jpg
IMG_20260629_101149.jpg,taxi_amarillo_test_0075.jpg,test,/home/irar/Escritorio/ProyectoTaxiDetector/dataset/positivos/originales/IMG_20260629_101149.jpg
IMG_20260619_153737.jpg,taxi_amarillo_test_0076.jpg,test,/home/irar/Escritorio/ProyectoTaxiDetector/dataset/positivos/originales/IMG_20260619_153737.jpg
IMG_20260715_132200.jpg,taxi_amarillo_test_0077.jpg,test,/home/irar/Escritorio/ProyectoTaxiDetector/dataset/positivos/originales/IMG_20260715_132200.jpg
IMG_20260703_160213.jpg,taxi_amarillo_test_0078.jpg,test,/home/irar/Escritorio/ProyectoTaxiDetector/dataset/positivos/originales/IMG_20260703_160213.jpg
IMG_20260715_154431.jpg,taxi_amarillo_test_0079.jpg,test,/home/irar/Escritorio/ProyectoTaxiDetector/dataset/positivos/originales/IMG_20260715_154431.jpg
IMG_20260715_125525.jpg,taxi_amarillo_test_0080.jpg,test,/home/irar/Escritorio/ProyectoTaxiDetector/dataset/positivos/originales/IMG_20260715_125525.jpg
IMG_20260619_154011.jpg,taxi_amarillo_test_0081.jpg,test,/home/irar/Escritorio/ProyectoTaxiDetector/dataset/positivos/originales/IMG_20260619_154011.jpg
IMG_20260618_154406.jpg,taxi_amarillo_test_0082.jpg,test,/home/irar/Escritorio/ProyectoTaxiDetector/dataset/positivos/originales/IMG_20260618_154406.jpg
IMG_20260701_085413_1.jpg,taxi_amarillo_test_0083.jpg,test,/home/irar/Escritorio/ProyectoTaxiDetector/dataset/positivos/originales/IMG_20260701_085413_1.jpg
IMG_20260715_123416.jpg,taxi_amarillo_test_0084.jpg,test,/home/irar/Escritorio/ProyectoTaxiDetector/dataset/positivos/originales/IMG_20260715_123416.jpg
IMG_20260705_174616.jpg,taxi_amarillo_test_0085.jpg,test,/home/irar/Escritorio/ProyectoTaxiDetector/dataset/positivos/originales/IMG_20260705_174616.jpg
IMG_20260630_153813.jpg,taxi_amarillo_test_0086.jpg,test,/home/irar/Escritorio/ProyectoTaxiDetector/dataset/positivos/originales/IMG_20260630_153813.jpg
IMG_20260705_171232.jpg,taxi_amarillo_test_0087.jpg,test,/home/irar/Escritorio/ProyectoTaxiDetector/dataset/positivos/originales/IMG_20260705_171232.jpg
IMG_20260718_124527.jpg,taxi_amarillo_test_0088.jpg,test,/home/irar/Escritorio/ProyectoTaxiDetector/dataset/positivos/originales/IMG_20260718_124527.jpg
IMG_20260715_125652.jpg,taxi_amarillo_test_0089.jpg,test,/home/irar/Escritorio/ProyectoTaxiDetector/dataset/positivos/originales/IMG_20260715_125652.jpg
IMG_20260715_124544.jpg,taxi_amarillo_test_0090.jpg,test,/home/irar/Escritorio/ProyectoTaxiDetector/dataset/positivos/originales/IMG_20260715_124544.jpg
IMG_20260715_131259.jpg,taxi_amarillo_test_0091.jpg,test,/home/irar/Escritorio/ProyectoTaxiDetector/dataset/positivos/originales/IMG_20260715_131259.jpg
IMG_20260623_171548.jpg,taxi_amarillo_test_0092.jpg,test,/home/irar/Escritorio/ProyectoTaxiDetector/dataset/positivos/originales/IMG_20260623_171548.jpg
IMG_20260715_123113.jpg,taxi_amarillo_test_0093.jpg,test,/home/irar/Escritorio/ProyectoTaxiDetector/dataset/positivos/originales/IMG_20260715_123113.jpg
IMG_20260618_154927.jpg,taxi_amarillo_test_0094.jpg,test,/home/irar/Escritorio/ProyectoTaxiDetector/dataset/positivos/originales/IMG_20260618_154927.jpg
IMG_20260715_123633.jpg,taxi_amarillo_test_0095.jpg,test,/home/irar/Escritorio/ProyectoTaxiDetector/dataset/positivos/originales/IMG_20260715_123633.jpg
IMG_20260712_152728.jpg,taxi_amarillo_test_0096.jpg,test,/home/irar/Escritorio/ProyectoTaxiDetector/dataset/positivos/originales/IMG_20260712_152728.jpg
IMG_20260630_154611.jpg,taxi_amarillo_test_0097.jpg,test,/home/irar/Escritorio/ProyectoTaxiDetector/dataset/positivos/originales/IMG_20260630_154611.jpg
IMG_20260629_155351.jpg,taxi_amarillo_test_0098.jpg,test,/home/irar/Escritorio/ProyectoTaxiDetector/dataset/positivos/originales/IMG_20260629_155351.jpg
IMG_20260618_160645.jpg,taxi_amarillo_test_0099.jpg,test,/home/irar/Escritorio/ProyectoTaxiDetector/dataset/positivos/originales/IMG_20260618_160645.jpg
IMG_20260618_155029.jpg,taxi_amarillo_test_0100.jpg,test,/home/irar/Escritorio/ProyectoTaxiDetector/dataset/positivos/originales/IMG_20260618_155029.jpg
IMG_20260618_155038.jpg,taxi_amarillo_test_0101.jpg,test,/home/irar/Escritorio/ProyectoTaxiDetector/dataset/positivos/originales/IMG_20260618_155038.jpg
IMG_20260705_171359.jpg,taxi_amarillo_test_0102.jpg,test,/home/irar/Escritorio/ProyectoTaxiDetector/dataset/positivos/originales/IMG_20260705_171359.jpg
IMG_20260715_123426.jpg,taxi_amarillo_test_0103.jpg,test,/home/irar/Escritorio/ProyectoTaxiDetector/dataset/positivos/originales/IMG_20260715_123426.jpg
IMG_20260618_160528.jpg,taxi_amarillo_test_0104.jpg,test,/home/irar/Escritorio/ProyectoTaxiDetector/dataset/positivos/originales/IMG_20260618_160528.jpg
IMG_20260715_083113.jpg,taxi_amarillo_test_0105.jpg,test,/home/irar/Escritorio/ProyectoTaxiDetector/dataset/positivos/originales/IMG_20260715_083113.jpg
IMG_20260715_153817.jpg,taxi_amarillo_test_0106.jpg,test,/home/irar/Escritorio/ProyectoTaxiDetector/dataset/positivos/originales/IMG_20260715_153817.jpg
IMG_20260715_124940.jpg,taxi_amarillo_test_0107.jpg,test,/home/irar/Escritorio/ProyectoTaxiDetector/dataset/positivos/originales/IMG_20260715_124940.jpg
IMG_20260618_162118.jpg,taxi_amarillo_test_0108.jpg,test,/home/irar/Escritorio/ProyectoTaxiDetector/dataset/positivos/originales/IMG_20260618_162118.jpg
IMG_20260715_132845.jpg,taxi_amarillo_test_0109.jpg,test,/home/irar/Escritorio/ProyectoTaxiDetector/dataset/positivos/originales/IMG_20260715_132845.jpg
IMG_20260619_152327.jpg,taxi_amarillo_test_0110.jpg,test,/home/irar/Escritorio/ProyectoTaxiDetector/dataset/positivos/originales/IMG_20260619_152327.jpg
IMG_20260630_154115.jpg,taxi_amarillo_test_0111.jpg,test,/home/irar/Escritorio/ProyectoTaxiDetector/dataset/positivos/originales/IMG_20260630_154115.jpg
IMG_20260630_155022.jpg,taxi_amarillo_test_0112.jpg,test,/home/irar/Escritorio/ProyectoTaxiDetector/dataset/positivos/originales/IMG_20260630_155022.jpg
IMG_20260701_085403.jpg,taxi_amarillo_test_0113.jpg,test,/home/irar/Escritorio/ProyectoTaxiDetector/dataset/positivos/originales/IMG_20260701_085403.jpg
IMG_20260715_154342.jpg,taxi_amarillo_test_0114.jpg,test,/home/irar/Escritorio/ProyectoTaxiDetector/dataset/positivos/originales/IMG_20260715_154342.jpg
IMG_20260618_154912.jpg,taxi_amarillo_test_0115.jpg,test,/home/irar/Escritorio/ProyectoTaxiDetector/dataset/positivos/originales/IMG_20260618_154912.jpg
IMG_20260618_175305.jpg,taxi_amarillo_test_0116.jpg,test,/home/irar/Escritorio/ProyectoTaxiDetector/dataset/positivos/originales/IMG_20260618_175305.jpg
IMG_20260715_124218.jpg,taxi_amarillo_test_0117.jpg,test,/home/irar/Escritorio/ProyectoTaxiDetector/dataset/positivos/originales/IMG_20260715_124218.jpg
